paipaiworld_config,Unnamed: 1,Unnamed: 2,Unnamed: 3,Unnamed: 4,Unnamed: 5,Unnamed: 6,Unnamed: 7,Unnamed: 8,Unnamed: 9,Unnamed: 10,Unnamed: 11,Unnamed: 12,Unnamed: 13,Unnamed: 14,Unnamed: 15,Unnamed: 16,Unnamed: 17,Unnamed: 18,Unnamed: 19,Unnamed: 20,Unnamed: 21,Unnamed: 22,Unnamed: 23,Unnamed: 24,Unnamed: 25,Unnamed: 26,Unnamed: 27
INT_K,STRING_C,INT_C,STRING_C,INT_C,INT_C,STRING_C,STRING_C,INT_C,STRING_C,STRING_C,STRING_C,STRING_C,INT_C,INT_C,STRING_C,INT_C,INT_C,INT_C,INT_C,INT_C,INT_C,STRING_C,STRING_C,STRING_C,INT_C,STRING_C,INT_C
order,version,uid,position,show_type,sub_type,rotation,ob_range,obstruction,scale,prefab,need_id,target_id,level,index,respond_range,fog_id,fog_area_id,box_id,monster_id,question_mark,water_pipe_rotation,monster_area,trigger_area,extern_value,define_status,event_list_config,camera_type
序号,版本号,格子id,格子的坐标xyz,道具大类型（比如门）,分类小类型（比如红门、黄门等）,旋转,范围,是否是障碍,缩放比例,预制路径,关联id(可以是多个，逗号分割),关联id(可以是多个，逗号分割),关卡,水管序列编号,响应范围,迷雾id,迷雾区域id,宝箱id,怪物id,是否是问号怪,水管方向,区域id_战区,怪物区域触发（10001_0）,"通用字段,可以带任何东西",机关默认状态,事件列表(支持多组事件),相机移动类型
0,101,15051,"10,50.00308,30",12,0,"0,0,0",,0,"1,1,1",Prefab/PuzzleMap/Prop/Empty.prefab,,,1,0,,0,0,0,0,0,0,,,,0,,0
1,101,15053,"30.0455112457275,50.00308,51.9998359680176",14,0,"0,0,0",,0,"1,1,1",Prefab/PuzzleMap/Prop/P_ChuanSongZhen.prefab,,,1,0,,0,0,0,0,0,0,,,,0,,0
2,101,15055,"24,50.00308,35",44,0,"0,0,0","22.5,50.00308,30.5_21.5,50.00308,30.5_21.5,50.00308,29.5_22.5,50.00308,29.5",0,"1,1,1",Prefab/PuzzleMap/Prop/P_huoba_1.prefab,,,1,0,,0,0,0,0,0,0,,,,0,,0
3,101,15056,"17,50.00308,39",43,0,"0,270,0","15,50.00307,44_15,50.00307,38_19,50.00307,38_19,50.00307,44",1,"1,1,1",Prefab/PuzzleMap/Prop/P_Diaoqiao_01.prefab,15055,,1,0,,0,0,0,0,0,0,,,,0,"0,15059,0,15065",0
4,101,15078,"28,50.00308,54",71,1,"0,0,0","28,4.999971,55.5_26,4.999971,55.5_26,4.999971,54.5_28,4.999971,54.5",0,"1,1,1",,,,1,0,,0,0,10011,0,0,0,,,,0,,0
5,101,15079,"26,50.00308,52",5,1,"0,270,0","25.5,50.00307,54_25.5,50.00307,50_26.5,50.00307,50_26.5,50.00307,54",1,"1,1,1",Prefab/Role/Monster/m_general_01_lv1_co01.prefab,,,1,0,,0,0,0,90000102,0,0,,,,0,,0
6,101,15080,"17,50.00308,45",62,7,"0,0,0",,0,"1,1,1",Prefab/PuzzleMap/Prop/Empty.prefab,,,1,0,,0,0,0,0,0,0,,10001_0,15081,0,,1
7,101,15081,"19,50.00308,50",62,0,"0,0,0",,0,"1,1,1",Prefab/PuzzleMap/Prop/Empty.prefab,,,1,0,,0,0,0,0,0,0,,,,0,,0
8,101,15082,"12.2505483627319,50.00308,55.7631225585938",2,1,"0,0,0",,0,"1,1,1",,,,1,,"12.00,0.00,56.00,26.00,0.00,56.00,26.00,0.00,44.00,12.00,0.00,44.00",,,,,,,10001_0,,,,"0,15085",
9,101,15083,"13.8884840011597,50.00308,46.1572380065918",2,6,"0,0,0",,0,"1,1,1",,,,1,,"13.89,0.00,46.16,20.00,0.00,46.16,20.00,0.00,44.06,13.89,0.00,44.06",,,,,,,10001_0,,,,"0,15080",
10,101,15084,"20,50.00308,36",5,2,"0,270,0","19.5,50.00307,38_19.5,50.00307,34_20.5,50.00307,34_20.5,50.00307,38",1,"1,1,1",Prefab/Role/Monster/m_general_01_lv2_co01.prefab,,,1,0,,0,0,0,90000101,0,0,,,,0,,0
11,101,15085,"28,41.97823,47",62,13,"0,0,0",,0,"1,1,1",Prefab/PuzzleMap/Prop/Empty.prefab,,,1,0,,0,0,0,0,0,0,,,8,0,,0
12,101,30813,"23,50.0031,14",12,0,"0,0,0",,0,"1,1,1",Prefab/PuzzleMap/Prop/Empty.prefab,,,2,0,,0,0,0,0,0,0,,,,0,,0
13,101,30819,"28,50.0031,35",17,0,"0,0,0","30,50.0031,35.75_26,50.0031,35.75_26,50.0031,34.25_30,50.0031,34.25",1,"1,1,1",Prefab/PuzzleMap/Prop/P_Tengti_01.prefab,30969,,2,0,,0,0,0,0,0,0,,,,0,,0
14,101,30822,"28.0455112457275,54.00304,39.9998359680176",14,0,"0,0,0",,0,"1,1,1",Prefab/PuzzleMap/Prop/P_ChuanSongZhen.prefab,,,2,0,,0,0,0,0,0,0,,,,0,,0
15,101,30927,"29,50.0031,16",5,1,"0,180,0","26,50.0031,15.5_32,50.0031,15.5_32,50.0031,16.5_26,50.0031,16.5",1,"1,1,1",Prefab/Role/Monster/m_general_01_lv1_co01.prefab,,,2,0,,0,0,0,90000201,0,0,,,,0,,0
16,101,30930,"16,50.0031,32.1596221923828",6,0,"0,0,0","35,50.0031,22.5_35,50.0031,20.5_37,50.0031,20.5_37,50.0031,22.5",0,"1,1,1",Prefab/PuzzleMap/Prop/P_Jiguan_01.prefab,,"30947,34800",2,0,,0,0,0,0,0,0,,,,0,,0
17,101,30947,"35,50.0031,28.915943145752",7,0,"0,90,0","36,50.0031,27.41594_36,50.0031,30.41594_34,50.0031,30.41594_34,50.0031,27.41594",1,"1,1,1",Prefab/PuzzleMap/Prop/P_Fuqiao_01.prefab,30930,,2,0,,0,2,0,0,0,0,,,,0,,0
18,101,34800,"33,50.0031,28.915943145752",7,0,"0,90,0","34,50.0031,27.41594_34,50.0031,30.41594_32,50.0031,30.41594_32,50.0031,27.41594",1,"1,1,1",Prefab/PuzzleMap/Prop/P_Fuqiao_01.prefab,30930,,2,0,,0,2,0,0,0,0,,,,0,,0
19,101,30969,"37.8342475891113,50.0031,29.0351829528809",18,0,"0,180,0","42.58425,50.0031,28.75_44.08425,50.0031,28.75_44.08425,50.0031,30.25_42.58425,50.0031,30.25",0,"1,1,1",Prefab/PuzzleMap/Prop/P_ShuiHu.prefab,,,2,0,,0,0,0,0,0,0,,,,0,,0
20,101,24891,"23,50.0031,22",16,5,"0,0,0","26,50.0031,22.5_20,50.0031,22.5_20,50.0031,21.5_26,50.0031,21.5",1,"1,1,1",Prefab/PuzzleMap/Prop/P_Door_01_Blue.prefab,24892,,2,0,,0,0,0,0,0,0,,,,0,,0
21,101,24892,"29,50.0031,19",3,5,"0,0,0","27.5,50.0031,17.5_26.5,50.0031,17.5_26.5,50.0031,16.5_27.5,50.0031,16.5",0,"1,1,1",Prefab/PuzzleMap/Prop/Key_Blue.prefab,,,2,0,,0,0,0,0,0,0,,,,0,,0
22,101,24893,"18,50.0031,32",5,2,"0,90,0","18.5,50.0031,30_18.5,50.0031,34_17.5,50.0031,34_17.5,50.0031,30",1,"1,1,1",Prefab/Role/Monster/m_general_01_lv2_co01.prefab,,,2,0,,0,0,0,90000202,0,0,,,,0,,0
23,101,24895,"18.256050825119,41.97322,17.7445430755615",2,1,"0,0,0",,0,"1,1,1",,,,2,,"18.00,0.00,23.00,32.00,0.00,23.00,32.00,0.00,36.00,30.00,0.00,36.00,30.00,0.00,34.00,25.00,0.00,34.00,25.00,0.00,36.00,18.00,0.00,36.00",,,,,,,20001_0,,,,"0,24900",
24,101,24896,"15,48.39752,30",62,7,"0,0,0",,0,"1,1,1",Prefab/PuzzleMap/Prop/Empty.prefab,,,2,0,,0,0,0,0,0,0,,20001_0,24897,0,,1
25,101,24897,"26,50.0031,29",62,0,"0,0,0",,0,"1,1,1",Prefab/PuzzleMap/Prop/Empty.prefab,,,2,0,,0,0,0,0,0,0,,,,0,,0
26,101,24899,"18.0387592315674,50.0031,25.7094440460205",2,6,"0,0,0",,0,"1,1,1",,,,2,,"18.04,0.00,25.71,24.00,0.00,25.71,24.00,0.00,22.29,18.04,0.00,22.29",,,,,,,20001_0,,,,"0,24896",
27,101,24900,"34.0765800476074,41.97322,36.755199432373",62,13,"0,0,0",,0,"1,1,1",Prefab/PuzzleMap/Prop/Empty.prefab,,,2,0,,0,0,0,0,0,0,,,10,0,,0
28,101,33236,"35,50.00319,30",12,0,"0,0,0",,0,"1,1,1",Prefab/PuzzleMap/Prop/Empty.prefab,,,3,0,,0,0,0,0,0,0,,,,0,,0
29,101,33240,"40,50.00426,36",5,4,"0,270,0","39.5,50.00426,38_39.5,50.00426,34_40.5,50.00426,34_40.5,50.00426,38",1,"1,1,1",Prefab/Role/Monster/m_general_01_lv4_co01.prefab,,,3,0,,0,0,0,90000301,0,0,,,,0,,0
30,101,33249,"35,50.00319,42",28,0,"0,0,0","36,50.00319,44_34,50.00319,44_34,50.00319,40_36,50.00319,40",1,"1,1,1",Prefab/PuzzleMap/Prop/Empty.prefab,33339,,3,0,,0,0,0,0,0,0,,,,0,,0
31,101,33339,"40,52.00307,42",29,0,"0,0,0","40.75,52.00307,43.25_39.25,52.00307,43.25_39.25,52.00307,40.75_40.75,52.00307,40.75",1,"1,1,1",Prefab/PuzzleMap/Prop/P_ShuZhuang_1.prefab,,33249,3,0,,0,0,0,0,0,0,,,,0,,0
32,101,33390,"48.0455093383789,50.00319,59.9998359680176",14,0,"0,0,0",,0,"1,1,1",Prefab/PuzzleMap/Prop/P_ChuanSongZhen.prefab,,,3,0,,0,0,0,0,0,0,,,,0,,0
33,101,34816,"36,50.00319,64",3,5,"0,0,0","93.51653,50.00319,86.68905_92.51653,50.00319,86.68905_92.51653,50.00319,85.68905_93.51653,50.00319,85.68905",0,"1,1,1",Prefab/PuzzleMap/Prop/Key_Blue.prefab,,,3,0,,0,0,0,0,0,0,,,,0,,0
34,101,34817,"45,50.00319,60",16,5,"0,90,0","45.5,50.00319,58_45.5,50.00319,62_44.5,50.00319,62_44.5,50.00319,58",1,"1,1,1",Prefab/PuzzleMap/Prop/P_Door_01_Blue.prefab,34816,,3,0,,0,0,0,0,0,0,,,,0,,0
35,101,34890,"35,50.00319,49",62,7,"0,0,0",,0,"1,1,1",Prefab/PuzzleMap/Prop/Empty.prefab,,,3,0,,0,0,0,0,0,0,,30001_0,34891,0,,1
36,101,34891,"39,50.00319,55",62,0,"0,0,0",,0,"1,1,1",Prefab/PuzzleMap/Prop/Empty.prefab,,,3,0,,0,0,0,0,0,0,,,,0,,0
37,101,34892,"30.0273666381836,41.97822,63.781135559082",2,1,"0,0,0",,0,"1,1,1",,,,3,,"30.00,0.00,62.00,44.00,0.00,62.00,44.00,0.00,48.00,30.00,0.00,48.00",,,,,,,30001_0,,,,"2,34899",
38,101,34893,"36,50.00319,62",5,2,"0,180,0","34,50.00319,61.5_38,50.00319,61.5_38,50.00319,62.5_34,50.00319,62.5",1,"1,1,1",Prefab/Role/Monster/m_general_01_lv2_co01.prefab,,,3,0,,0,0,0,90000302,0,0,,,,0,,0
39,101,34894,"32.0988998413086,50.00319,50.005313873291",2,6,"0,0,0",,0,"1,1,1",,,,3,,"32.10,0.00,50.01,37.97,0.00,50.01,37.97,0.00,47.97,32.10,0.00,47.97",,,,,,,30001_0,,,,"0,34890",
40,101,34895,"33.8600635528564,41.97822,47.9164237976074",2,9,"0,0,0",,0,"1,1,1",,,,3,1,"33.86,0.00,47.92,36.14,0.00,47.92,36.14,0.00,46.08,33.86,0.00,46.08",,,,,,,,,,,"0,34897",
41,101,34896,"35,50.00319,44.4263191223145",16,9,"0,0,0","37,50.00319,44.92632_33,50.00319,44.92632_33,50.00319,43.92632_37,50.00319,43.92632",1,"1,1,1",Prefab/PuzzleMap/Prop/P_ZhaMen_01.prefab,0,,3,0,,0,0,0,0,0,0,,,,1,,0
42,101,34897,"30,41.97822,47",62,2,"0,0,0",,0,"1,1,1",Prefab/PuzzleMap/Prop/Empty.prefab,,,3,0,,0,0,0,0,0,0,,,34896,0,"0,34898",0
43,101,34898,"26,0,47",62,12,"0,0,0",,0,"1,1,1",Prefab/PuzzleMap/Prop/Empty.prefab,,,3,0,,0,0,0,0,0,0,,,30001,0,,0
44,101,34899,"48,41.97822,53",62,13,"0,0,0",,0,"1,1,1",Prefab/PuzzleMap/Prop/Empty.prefab,,,3,0,,0,0,0,0,0,0,,,12,0,,0
45,101,34900,"35,50.00319,46",59,0,"0,0,0",,0,"1,1,1",Prefab/PuzzleMap/Prop/Empty.prefab,,,3,1,,0,0,0,0,0,0,,,,0,,0
46,101,44810,"53.5999984741211,50.00311,13.1999998092651",12,0,"0,0,0",,0,"1,1,1",Prefab/PuzzleMap/Prop/Empty.prefab,,,4,0,,0,0,0,0,0,0,,,,0,,0
47,101,44815,"45,50.00311,28",6,0,"0,90,0","82.29539,7.99986,26.15_80.29539,7.99986,26.15_80.29539,7.99986,24.15_82.29539,7.99986,24.15",0,"1,1,1",Prefab/PuzzleMap/Prop/P_Jiguan_01.prefab,,"44816,44817,44818",4,0,,0,0,0,0,0,0,,,,0,,0
48,101,44816,"53.0099983215332,50.00311,20.0699996948242",7,0,"0,180,0","51.51,50.00311,19.07_54.51,50.00311,19.07_54.51,50.00311,21.07_51.51,50.00311,21.07",1,"1,1,1",Prefab/PuzzleMap/Prop/P_Fuqiao_01.prefab,44815,,4,0,,0,0,0,0,0,0,,,,0,,0
49,101,44817,"53.0099983215332,50.00311,22.0699996948242",7,0,"0,180,0","51.51,50.00311,21.07_54.51,50.00311,21.07_54.51,50.00311,23.07_51.51,50.00311,23.07",1,"1,1,1",Prefab/PuzzleMap/Prop/P_Fuqiao_01.prefab,44815,,4,0,,0,0,0,0,0,0,,,,0,,0
50,101,44818,"53.0099983215332,50.00311,24.0699996948242",7,0,"0,180,0","51.51,50.00311,23.07_54.51,50.00311,23.07_54.51,50.00311,25.07_51.51,50.00311,25.07",1,"1,1,1",Prefab/PuzzleMap/Prop/P_Fuqiao_01.prefab,44815,,4,0,,0,0,0,0,0,0,,,,0,,0
51,101,44819,"48,50.00311,33",5,1,"0,90,0","48.5,50.00311,30.5_48.5,50.00311,35.5_47.5,50.00311,35.5_47.5,50.00311,30.5",1,"1,1,1",Prefab/Role/Monster/m_general_01_lv1_co01.prefab,,,4,0,,0,0,0,90000402,0,0,,,,0,,0
52,101,44820,"60,50.00311,25",5,3,"0,0,0","62,50.00311,25.5_58,50.00311,25.5_58,50.00311,24.5_62,50.00311,24.5",1,"1,1,1",Prefab/Role/Monster/m_general_01_lv3_co01.prefab,,,4,0,,0,0,0,90000401,0,0,,,,0,,0
53,101,44823,"48,50.00311,39",16,2,"0,270,0","47.5,50.00311,41_47.5,50.00311,37_48.5,50.00311,37_48.5,50.00311,41",1,"1,1,1",Prefab/PuzzleMap/Prop/P_Door_01_yellow.prefab,44824,,4,0,,0,0,0,0,0,0,,,,0,,0
54,101,44824,"60,50.00311,23",3,2,"0,0,0","107.7954,7.99986,43.65_106.7954,7.99986,43.65_106.7954,7.99986,42.65_107.7954,7.99986,42.65",0,"1,1,1",Prefab/PuzzleMap/Prop/Key_Yellow.prefab,,,4,0,,0,0,0,0,0,0,,,,0,,0
55,101,44827,"64,50.00311,38.0080261230469",20,1,"0,0,0","103.2954,7.99986,61.15_101.2954,7.99986,61.15_101.2954,7.99986,59.15_103.2954,7.99986,59.15",0,"1,1,1",Prefab/PuzzleMap/Prop/P_Jiguan_02.prefab,44828,44829,4,0,,0,0,0,0,0,0,,,,0,,0
56,101,44828,"44,50.00311,39",19,1,"0,0,0","87.04539,7.99986,60.9_85.54539,7.99986,60.9_85.54539,7.99986,59.4_87.04539,7.99986,59.4",0,"1,1,1",Prefab/PuzzleMap/Prop/P_StoneBall_01.prefab,,,4,0,,0,0,0,0,0,0,,,,0,,0
57,101,44829,"58,50.00311,43",16,9,"0,0,0","60,50.00311,43.5_56,50.00311,43.5_56,50.00311,42.5_60,50.00311,42.5",1,"1,1,1",Prefab/PuzzleMap/Prop/P_ZhaMen_01.prefab,44827,,4,0,,0,0,0,0,0,0,,,,0,,0
58,101,44831,"58,50.00311,46",14,0,"0,0,0",,0,"1,1,1",Prefab/PuzzleMap/Prop/P_ChuanSongZhen.prefab,,,4,0,,0,0,0,0,0,0,,,,0,,0
59,101,44838,"44.7900009155273,50.00311,32.5",72,0,"0,0,0",,0,"1,1,1",Prefab/humanRot/LockGreen.prefab,,,4,0,,0,0,40001,0,0,0,,,,0,"0,44839",0
60,101,44839,"53,50.00311,27.1499996185303",62,7,"0,0,0",,0,"1,1,1",Prefab/PuzzleMap/Prop/Empty.prefab,,,4,0,,0,0,0,0,0,0,,40001_0,44840,0,,1
61,101,44840,"55.8699989318848,50.00311,35.1500015258789",62,0,"0,0,0",,0,"1,1,1",Prefab/PuzzleMap/Prop/Empty.prefab,,,4,0,,0,0,0,0,0,0,,,,0,,0
62,101,44841,"44.9339113235474,41.97323,44.1235566139221",2,1,"0,0,0",,0,"1,1,1",,,,4,,"49.00,0.00,42.00,49.00,0.00,26.00,62.00,0.00,26.00,62.00,0.00,40.00,60.00,0.00,40.00,60.00,0.00,42.00",,,,,,,40001_0,,,,"2,44843",
63,101,44842,"50.0634088516235,50.00311,29.3410096168518",2,6,"0,0,0",,0,"1,1,1",,,,4,,"50.06,0.00,29.34,57.94,0.00,29.34,57.94,0.00,26.22,50.06,0.00,26.22",,,,,,,40001_0,,,,"0,44839",
64,101,44843,"53,41.97323,43",62,13,"0,0,0",,0,"1,1,1",Prefab/PuzzleMap/Prop/Empty.prefab,,,4,0,,0,0,0,0,0,0,,,15,0,,0
65,101,44846,"45,50.00311,26.1008319854736",5,1,"0,180,0","42,50.00311,25.60083_48,50.00311,25.60083_48,50.00311,26.60083_42,50.00311,26.60083",1,"1,1,1",Prefab/Role/Monster/m_general_01_lv1_co01.prefab,,,4,0,,0,0,0,90000400,0,0,,,,0,,0
66,101,34107,"21,50.00319,24",12,0,"0,0,0",,0,"1,1,1",Prefab/PuzzleMap/Prop/Empty.prefab,,,5,0,,0,0,0,0,0,0,,,,0,,0
67,101,34337,"36.0455093383789,50.00319,69.9998321533203",14,0,"0,0,0",,0,"1,1,1",Prefab/PuzzleMap/Prop/P_ChuanSongZhen.prefab,,,5,0,,0,0,0,0,0,0,,,,0,,0
68,101,34027,"20,50.00319,58",3,1,"0,0,0",,0,"1,1,1",Prefab/PuzzleMap/Prop/Key_Red.prefab,,,5,0,,0,0,0,0,0,0,,,,0,,0
69,101,34057,"20,50.00319,56",5,1,"0,180,0","18,50.00319,55.5_22,50.00319,55.5_22,50.00319,56.5_18,50.00319,56.5",1,"1,1,1",Prefab/Role/Monster/m_general_01_lv1_co01.prefab,,,5,0,,0,0,0,90000503,0,0,,,,0,,0
70,101,34063,"30,50.00319,54",16,1,"0,90,0","30.5,50.00319,52_30.5,50.00319,56_29.5,50.00319,56_29.5,50.00319,52",1,"1,1,1",Prefab/PuzzleMap/Prop/P_Door_01_red.prefab,34027,,5,0,,0,0,0,0,0,0,,,,0,,0
71,101,34115,"21,50.00319,38",28,0,"0,0,0","22,50.00319,40_20,50.00319,40_20,50.00319,36_22,50.00319,36",1,"1,1,1",Prefab/PuzzleMap/Prop/Empty.prefab,34205,,5,0,,0,0,0,0,0,0,,,,0,,0
72,101,34198,"34,50.00319,26",19,1,"0,0,0",,0,"1,1,1",Prefab/PuzzleMap/Prop/P_StoneBall_01.prefab,,,5,0,,0,0,0,0,0,0,,,,0,,0
73,101,34199,"34,50.00319,28",5,1,"0,0,0","36,50.00319,28.5_32,50.00319,28.5_32,50.00319,27.5_36,50.00319,27.5",1,"1,1,1",Prefab/Role/Monster/m_general_01_lv1_co01.prefab,,,5,0,,0,0,0,90000502,0,0,,,,0,,0
74,101,34202,"28,52.00126,36",16,9,"0,0,0","30,52.00126,36.5_26,52.00126,36.5_26,52.00126,35.5_30,52.00126,35.5",1,"1,1,1",Prefab/PuzzleMap/Prop/P_ZhaMen_01.prefab,34291,,5,0,,0,0,0,0,0,0,,,,0,,0
75,101,34205,"25.5,52.00307,38",29,0,"0,0,0","26.25,52.00307,39.25_24.75,52.00307,39.25_24.75,52.00307,36.75_26.25,52.00307,36.75",1,"1,1,1",Prefab/PuzzleMap/Prop/P_ShuZhuang_1.prefab,,34115,5,0,,0,0,0,0,0,0,,,,0,,0
76,101,34214,"31,50.00319,63",52,4,"0,0,0",,0,"1,1,1",Prefab/PuzzleMap/Prop/P_Box_DiKuai_Ice.prefab,34301,34275,5,0,,0,0,0,0,0,0,,,,0,,0
77,101,34240,"33,50.00319,63",51,2,"0,0,0","34,50.00319,64_32,50.00319,64_32,50.00319,62_34,50.00319,62",1,"1,1,1",Prefab/PuzzleMap/Prop/P_PushBox_3.prefab,,,5,0,,0,0,0,0,0,0,,,,0,,0
78,101,34275,"35.9615592956543,50.00319,67",16,8,"0,0,0","37.96156,50.00319,67.5_33.96156,50.00319,67.5_33.96156,50.00319,66.5_37.96156,50.00319,66.5",1,"1,1,1",Prefab/PuzzleMap/Prop/P_ZhaMen_01.prefab,"34214,34334",,5,0,,0,0,0,0,0,0,,,,0,,0
79,101,34291,"34,50.00319,34",20,1,"0,0,0",,0,"1,1,1",Prefab/PuzzleMap/Prop/P_Jiguan_02.prefab,34198,34202,5,0,,0,0,0,0,0,0,,,,0,,0
80,101,34301,"37,50.00319,59",51,4,"0,0,0","38,50.00319,60_36,50.00319,60_36,50.00319,58_38,50.00319,58",1,"1,1,1",Prefab/PuzzleMap/Prop/P_PushBox_2.prefab,,,5,0,,0,0,0,0,0,0,,,,0,,0
81,101,34334,"39,50.00319,59",52,2,"0,0,0",,0,"1,1,1",Prefab/PuzzleMap/Prop/P_Box_DiKuai_Fire.prefab,34240,34275,5,0,,0,0,0,0,0,0,,,,0,,0
82,101,34699,"31,50.00319,57",56,0,"0,0,0",,0,"1,1,1",Prefab/PuzzleMap/Prop/P_DiKuai_Jia.prefab,,,5,0,,0,0,0,0,0,0,,,,0,,0
83,101,34701,"33,50.00319,57",56,0,"0,0,0",,0,"1,1,1",Prefab/PuzzleMap/Prop/P_DiKuai_Jia.prefab,,,5,0,,0,0,0,0,0,0,,,,0,,0
84,101,34700,"39,50.00319,65",56,0,"0,0,0",,0,"1,1,1",Prefab/PuzzleMap/Prop/P_DiKuai_Jia.prefab,,,5,0,,0,0,0,0,0,0,,,,0,,0
85,101,34697,"37,50.00319,57",56,0,"0,0,0",,0,"1,1,1",Prefab/PuzzleMap/Prop/P_DiKuai_Jia.prefab,,,5,0,,0,0,0,0,0,0,,,,0,,0
86,101,34698,"39,50.00319,57",56,0,"0,0,0",,0,"1,1,1",Prefab/PuzzleMap/Prop/P_DiKuai_Jia.prefab,,,5,0,,0,0,0,0,0,0,,,,0,,0
87,101,34713,"35,50.00319,57",56,0,"0,0,0",,0,"1,1,1",Prefab/PuzzleMap/Prop/P_DiKuai_Jia.prefab,,,5,0,,0,0,0,0,0,0,,,,0,,0
88,101,34703,"34.9199981689453,50.00319,61.0800018310547",56,1,"0,90,0",,0,"1,1,1",Prefab/PuzzleMap/Prop/P_Zhangai_b.prefab,,,5,0,,0,0,0,0,0,0,,,,0,,0
89,101,34704,"39,50.00319,61",56,0,"0,0,0",,0,"1,1,1",Prefab/PuzzleMap/Prop/P_DiKuai_Jia.prefab,,,5,0,,0,0,0,0,0,0,,,,0,,0
90,101,34705,"39,50.00319,63",56,0,"0,0,0",,0,"1,1,1",Prefab/PuzzleMap/Prop/P_DiKuai_Jia.prefab,,,5,0,,0,0,0,0,0,0,,,,0,,0
91,101,34708,"31,50.00319,59",56,0,"0,0,0",,0,"1,1,1",Prefab/PuzzleMap/Prop/P_DiKuai_Jia.prefab,,,5,0,,0,0,0,0,0,0,,,,0,,0
92,101,34709,"31,50.00319,61",56,0,"0,0,0",,0,"1,1,1",Prefab/PuzzleMap/Prop/P_DiKuai_Jia.prefab,,,5,0,,0,0,0,0,0,0,,,,0,,0
93,101,34710,"33,50.00319,63",56,0,"0,0,0",,0,"1,1,1",Prefab/PuzzleMap/Prop/P_DiKuai_Jia.prefab,,,5,0,,0,0,0,0,0,0,,,,0,,0
94,101,34711,"31,50.00319,65",56,0,"0,0,0",,0,"1,1,1",Prefab/PuzzleMap/Prop/P_DiKuai_Jia.prefab,,,5,0,,0,0,0,0,0,0,,,,0,,0
95,101,34712,"35,50.00319,65",56,0,"0,0,0",,0,"1,1,1",Prefab/PuzzleMap/Prop/P_DiKuai_Jia.prefab,,,5,0,,0,0,0,0,0,0,,,,0,,0
96,101,34715,"33,50.00319,65",56,0,"0,0,0",,0,"1,1,1",Prefab/PuzzleMap/Prop/P_DiKuai_Jia.prefab,,,5,0,,0,0,0,0,0,0,,,,0,,0
97,101,34716,"37,50.00319,65",56,0,"0,0,0",,0,"1,1,1",Prefab/PuzzleMap/Prop/P_DiKuai_Jia.prefab,,,5,0,,0,0,0,0,0,0,,,,0,,0
98,101,54819,"37,50.00319,47",72,0,"0,0,0",,0,"1,1,1",Prefab/humanRot/LockGreen.prefab,,,5,0,,0,0,50001,0,0,0,,,,0,,0
99,101,54820,"13.3800001144409,50.00319,50",6,0,"0,180,0",,0,"1,1,1",Prefab/PuzzleMap/Prop/P_Jiguan_01.prefab,,"54822,54823",5,0,,0,0,0,0,0,0,,,,0,,0
100,101,54822,"31,50.00319,47",7,0,"0,90,0","32,50.00319,45.5_32,50.00319,48.5_30,50.00319,48.5_30,50.00319,45.5",1,"1,1,1",Prefab/PuzzleMap/Prop/P_Fuqiao_01.prefab,54820,,5,0,,0,0,0,0,0,0,,,,0,,0
101,101,54823,"33,50.00319,47",7,0,"0,90,0","34,50.00319,45.5_34,50.00319,48.5_32,50.00319,48.5_32,50.00319,45.5",1,"1,1,1",Prefab/PuzzleMap/Prop/P_Fuqiao_01.prefab,54820,,5,0,,0,0,0,0,0,0,,,,0,,0
102,101,54824,"16,50.00319,50",5,3,"0,90,0","16.5,50.00319,48_16.5,50.00319,52_15.5,50.00319,52_15.5,50.00319,48",1,"1,1,1",Prefab/Role/Monster/m_general_01_lv3_co01.prefab,,,5,0,,0,0,0,90000504,0,0,,,,0,,0
103,101,54826,"16.3704204559326,41.97822,57.5953483581543",2,1,"0,0,0",,0,"1,1,1",,,,5,,"16.00,0.00,56.00,30.00,0.00,56.00,30.00,0.00,42.00,16.00,0.00,42.00",,,,,,,50001_0,,,,"2,54827",
104,101,54827,"27,50.00319,43",62,13,"0,0,0",,0,"1,1,1",Prefab/PuzzleMap/Prop/Empty.prefab,,,5,0,,0,0,0,0,0,0,,,20,0,,0
105,101,54828,"17.978551864624,50.00319,43.97119140625",2,6,"0,0,0",,0,"1,1,1",,,,5,,"17.98,0.00,43.97,23.98,0.00,43.97,23.98,0.00,42.04,17.98,0.00,42.04",,,,,,,50001_0,,,,"0,54829",
106,101,54829,"20.9748821258545,50.00319,42.9260711669922",62,7,"0,0,0",,0,"1,1,1",Prefab/PuzzleMap/Prop/Empty.prefab,,,5,0,,0,0,0,0,0,0,,50001_0,54830,0,,1
107,101,54830,"23,50.00319,49",62,0,"0,0,0",,0,"1,1,1",Prefab/PuzzleMap/Prop/Empty.prefab,,,5,0,,0,0,0,0,0,0,,,,0,,0
108,101,34593,"54,50.0031,10",12,0,"0,0,0",,0,"1,1,1",Prefab/PuzzleMap/Prop/Empty.prefab,,,6,0,,0,0,0,0,0,0,,,,0,,0
109,101,34693,"76,54.00304,76",14,0,"0,0,0",,0,"1,1,1",Prefab/PuzzleMap/Prop/P_ChuanSongZhen.prefab,,,6,0,,0,0,0,0,0,0,,,,0,,0
110,101,34594,"60,50.0031,22.5",49,0,"0,0,0","62,50.0031,23.5_58,50.0031,23.5_58,50.0031,21.5_62,50.0031,21.5",1,"1,1,1",Prefab/PuzzleMap/Prop/P_ShiKuai_A.prefab,34595,,6,0,,0,0,0,0,0,0,,,,0,,0
111,101,34595,"55.9461402893066,50.0031,17.9461364746094",48,0,"0,44.9999961853027,0",,0,"1,1,1",Prefab/PuzzleMap/Prop/P_DaPao_1.prefab,34596,34594,6,0,,0,0,0,0,0,0,,,,0,,0
112,101,34596,"72.5,50.0031,14",50,0,"0,0,0",,0,"1,1,1",Prefab/PuzzleMap/Prop/P_PaoDan_1.prefab,,,6,0,,0,0,0,0,0,0,,,,0,,0
113,101,34612,"72,50.0031,12",5,3,"0,180,0","70,50.0031,11.5_74,50.0031,11.5_74,50.0031,12.5_70,50.0031,12.5",1,"1,1,1",Prefab/Role/Monster/m_general_01_lv3_co01.prefab,,,6,0,,0,0,0,90000602,0,0,,,,0,,0
114,101,34613,"66,50.0031,10",5,1,"0,90,0","66.5,50.0031,8_66.5,50.0031,12_65.5,50.0031,12_65.5,50.0031,8",1,"1,1,1",Prefab/Role/Monster/m_general_01_lv1_co01.prefab,,,6,0,,0,0,0,90000601,0,0,,,,0,,0
115,101,34615,"38,50.0031,38.5",44,0,"0,0,0",,0,"1,1,1",Prefab/PuzzleMap/Prop/P_huoba_1.prefab,,,6,0,,0,0,0,0,0,0,,,,0,,0
116,101,34616,"38,50.0031,36.5",5,3,"0,180,0","36,50.0031,36_40,50.0031,36_40,50.0031,37_36,50.0031,37",1,"1,1,1",Prefab/Role/Monster/m_general_01_lv3_co01.prefab,,,6,0,,0,0,0,90000604,0,0,,,,0,,0
117,101,34618,"39.5,50.0031,28",16,9,"0,90,0","40,50.0031,26_40,50.0031,30_39,50.0031,30_39,50.0031,26",1,"1,1,1",Prefab/PuzzleMap/Prop/P_ZhaMen_01.prefab,34619,,6,0,,0,0,0,0,0,0,,,,0,,0
118,101,34619,"42,50.0031,23.5",20,1,"0,0,0",,0,"1,1,1",Prefab/PuzzleMap/Prop/P_Jiguan_02.prefab,34631,34618,6,0,,0,0,0,0,0,0,,,,0,,0
119,101,34630,"68,50.0031,30",5,1,"0,270,0","67.5,50.0031,32_67.5,50.0031,28_68.5,50.0031,28_68.5,50.0031,32",1,"1,1,1",Prefab/Role/Monster/m_general_01_lv1_co01.prefab,,,6,0,,0,0,0,90000603,0,0,,,,0,,0
120,101,34631,"70.5,50.0031,26",19,1,"0,0,0",,0,"1,1,1",Prefab/PuzzleMap/Prop/P_StoneBall_01.prefab,,,6,0,,0,0,0,0,0,0,,,,0,,0
121,101,34633,"64,50.0031,39",43,0,"0,270,0","62,50.0031,44_62,50.0031,38_66,50.0031,38_66,50.0031,44",1,"1,1,1",Prefab/PuzzleMap/Prop/P_Diaoqiao_01.prefab,34615,,6,0,,0,0,0,0,0,0,,,,0,,0
122,101,34640,"40,50.0031,34",16,2,"0,270,0","39.5,50.0031,36_39.5,50.0031,32_40.5,50.0031,32_40.5,50.0031,36",1,"1,1,1",Prefab/PuzzleMap/Prop/P_Door_01_yellow.prefab,34641,,6,0,,0,0,0,0,0,0,,,,0,,0
123,101,34641,"37.5,50.0031,28",3,2,"0,0,0",,0,"1,1,1",Prefab/PuzzleMap/Prop/Key_Yellow.prefab,,,6,0,,0,0,0,0,0,0,,,,0,,0
124,101,34644,"72.5,50.0031,54",5,2,"0,270,0","72,50.0031,56_72,50.0031,52_73,50.0031,52_73,50.0031,56",1,"1,1,1",Prefab/Role/Monster/m_general_01_lv2_co01.prefab,,,6,0,,0,0,0,90000606,0,0,,,,0,,0
125,101,34645,"74.5,50.0031,54.5",3,1,"0,0,0",,0,"1,1,1",Prefab/PuzzleMap/Prop/Key_Red.prefab,,,6,0,,0,0,0,0,0,0,,,,0,,0
126,101,34649,"57.5,50.0031,56",5,2,"0,90,0","58,50.0031,54_58,50.0031,58_57,50.0031,58_57,50.0031,54",1,"1,1,1",Prefab/Role/Monster/m_general_01_lv2_co01.prefab,,,6,0,,0,0,0,90000608,0,0,,,,0,,0
127,101,34676,"57.5,50.0031,51.5",16,1,"0,270,0","57,50.0031,53.5_57,50.0031,49.5_58,50.0031,49.5_58,50.0031,53.5",1,"1,1,1",Prefab/PuzzleMap/Prop/P_Door_01_red.prefab,34645,,6,0,,0,0,0,0,0,0,,,,0,,0
128,101,34686,"75,50.0031,45.5",18,0,"0,0,0",,0,"1,1,1",Prefab/PuzzleMap/Prop/P_ShuiHu.prefab,,,6,0,,0,0,0,0,0,0,,,,0,,0
129,101,34691,"74,50.0031,48",5,5,"0,0,0","76,50.0031,48.5_72,50.0031,48.5_72,50.0031,47.5_76,50.0031,47.5",1,"1,1,1",Prefab/Role/Monster/m_general_01_lv5_co01.prefab,,,6,0,,0,0,0,90000607,0,0,,,,0,,0
130,101,34694,"70,50.0031,59",17,0,"0,0,0","72,50.0031,59.75_68,50.0031,59.75_68,50.0031,58.25_72,50.0031,58.25",1,"1,1,1",Prefab/PuzzleMap/Prop/P_Tengti_01.prefab,34686,,6,0,,0,0,0,0,0,0,,,,0,,0
131,101,64791,"64.5,50.0031,10",72,0,"0,0,0",,0,"1,1,1",Prefab/humanRot/LockGreen.prefab,,,6,0,,0,0,60001,0,0,0,,,,0,,0
132,101,64792,"63.9027366638184,50.0031,24.1023292541504",2,1,"0,0,0",,0,"1,1,1",,,,6,,"68.00,0.00,24.00,54.00,0.00,24.00,54.00,0.00,25.98,55.00,0.00,26.00,55.00,0.00,30.50,54.00,0.00,30.50,54.00,0.00,38.00,68.00,0.00,38.00",,,,,,,60001_0,,,,"2,64796",
133,101,64793,"57.8005905151367,50.0031,26.5031452178955",2,6,"0,0,0",,0,"1,1,1",,,,6,,"57.80,0.00,26.50,62.20,0.00,26.50,62.20,0.00,24.50,57.80,0.00,24.50",,,,,,,60001_0,,,,"0,64794",
134,101,64794,"60,50.0031,25",62,7,"0,0,0",,0,"1,1,1",Prefab/PuzzleMap/Prop/Empty.prefab,,,6,0,,0,0,0,0,0,0,,,64795,0,,1
135,101,64795,"62,50.0031,31",62,0,"0,0,0",,0,"1,1,1",Prefab/PuzzleMap/Prop/Empty.prefab,,,6,0,,0,0,0,0,0,0,,,,0,,0
136,101,64796,"65,50.0031,25",62,13,"0,0,0",,0,"1,1,1",Prefab/PuzzleMap/Prop/Empty.prefab,,,6,0,,0,0,0,0,0,0,,,20,0,,0
137,101,64797,"42.0159111022949,50.0031,26",5,2,"0,0,0","44.01591,50.0031,26.5_40.01591,50.0031,26.5_40.01591,50.0031,25.5_44.01591,50.0031,25.5",1,"1,1,1",Prefab/Role/Monster/m_general_01_lv2_co01.prefab,,,6,0,,0,0,0,90000604,0,0,,,,0,,0
138,101,64798,"52,50.0031,28",72,5,"0,0,0",,0,"1,1,1",Prefab/humanRot/LockGreen.prefab,,,6,0,,0,0,60002,0,0,0,,,,0,,0
139,101,64799,"49,50.0031,27.5",54,0,"0,270,0","48.25,50.0031,29.5_48.25,50.0031,25.5_49.75,50.0031,25.5_49.75,50.0031,29.5",1,"1,1,1",Prefab/PuzzleMap/Prop/P_SoilWall_1.prefab,,,6,0,,0,0,0,0,0,0,,,,0,,0
140,101,64800,"55.5,50.0031,56.5",72,0,"0,0,0",,0,"1,1,1",Prefab/humanRot/LockGreen.prefab,,,6,0,,0,0,60005,0,0,0,,,,0,,0
141,101,64801,"69,50.0031,45",71,0,"0,0,0",,0,"1,1,1",Prefab/RoleShow/SkinShow/Weapon/humanRot/jm_dao_01.prefab,,,6,0,,0,0,60003,0,0,0,,,,0,,0
142,101,64802,"56,50.0031,48",72,5,"0,0,0",,0,"1,1,1",Prefab/humanRot/LockGreen.prefab,,,6,0,,0,0,60004,0,0,0,,,,0,,0
143,101,64803,"56.9616165161133,43.83072,58.0037231445313",2,1,"0,0,0",,0,"1,1,1",,,,6,,"58.00,0.00,58.00,72.00,0.00,58.00,72.00,0.00,48.00,71.50,0.00,48.00,71.50,0.00,44.00,58.00,0.00,44.00",,,,,,,60002_0,,,,"0,64806",
144,101,64804,"64,50.0031,45",62,7,"0,0,0",,0,"1,1,1",Prefab/PuzzleMap/Prop/Empty.prefab,,,6,0,,0,0,0,0,0,0,,,64805,0,,1
145,101,64805,"65,50.0031,51",62,0,"0,0,0",,0,"1,1,1",Prefab/PuzzleMap/Prop/Empty.prefab,,,6,0,,0,0,0,0,0,0,,,,0,,0
146,101,64806,"59.5,50.0031,45",62,13,"0,0,0",,0,"1,1,1",Prefab/PuzzleMap/Prop/Empty.prefab,,,6,0,,0,0,0,0,0,0,,,80,0,,0
147,101,64807,"61.9767189025879,50.0031,45.9021148681641",2,6,"0,0,0",,0,"1,1,1",,,,6,,"61.98,0.00,45.90,66.02,0.00,45.90,66.02,0.00,44.10,61.98,0.00,44.10",,,,,,,60002_0,,,,"0,64804",
148,101,64808,"76,54.00304,72.5",30,0,"0,0,0","78,54.00304,73_74,54.00304,73_74,54.00304,72_78,54.00304,72",1,"1,1,1",Prefab/PuzzleMap/Prop/P_HuoMen.prefab,"64809,64811",,6,0,,0,0,0,0,0,0,,,,0,,0
149,101,64809,"66,54.00304,65.5",57,1,"0,90,0",,0,"1,1,1",Prefab/PuzzleMap/Prop/P_Pipe_a_Empty.prefab,64810,64808,6,3,,0,0,0,0,0,0,,,,0,,0
150,101,64810,"71,54.00304,65.5",32,1,"0,90,0","72,54.00304,63.3_72,54.00304,67.7_70,54.00304,67.7_70,54.00304,63.3",1,"1,1,1",Prefab/PuzzleMap/Prop/P_Pipe_a.prefab,,,6,3,,0,0,0,0,0,0,,,,0,,0
151,101,64811,"71,54.00304,62.5",57,1,"0,0,0",,0,"1,1,1",Prefab/PuzzleMap/Prop/P_Pipe_a_Empty.prefab,64812,64808,6,6,,0,0,0,0,0,0,,,,0,,0
152,101,64812,"71,54.00304,69",32,1,"0,0,0","73.2,54.00304,70_68.8,54.00304,70_68.8,54.00304,68_73.2,54.00304,68",1,"1,1,1",Prefab/PuzzleMap/Prop/P_Pipe_a.prefab,,,6,6,,0,0,0,0,0,0,,,,0,,0
153,101,64813,"76,54.00304,65.5",31,1,"0,90,0","77,54.00304,63.3_77,54.00304,67.7_75,54.00304,67.7_75,54.00304,63.3",1,"1,1,1",Prefab/PuzzleMap/Prop/P_Pipe_b.prefab,,,6,9,,0,0,0,0,0,0,,,,0,,0
154,101,64814,"66,54.00304,68.5",31,2,"0,90,0","67,54.00304,67.4_67,54.00304,69.6_65,54.00304,69.6_65,54.00304,67.4",1,"1,1,1",Prefab/PuzzleMap/Prop/P_Pipe_c.prefab,,,6,2,,0,0,0,0,0,2,,,,0,,0
155,101,64815,"66,54.00304,62.5",31,3,"0,90,0","67,54.00304,61.4_67,54.00304,63.6_65,54.00304,63.6_65,54.00304,61.4",1,"1,1,1",Prefab/PuzzleMap/Prop/P_Pipe_d.prefab,,,6,4,,0,0,0,0,0,0,,,,0,,0
156,101,64816,"66,54.00304,70.5",31,4,"0,90,0","67,54.00304,69.4_67,54.00304,71.6_65,54.00304,71.6_65,54.00304,69.4",1,"1,1,1",Prefab/PuzzleMap/Prop/P_Pipe_e.prefab,,,6,1,,0,0,0,0,0,0,,,,0,,0
157,101,64817,"76,54.00304,68.5",31,5,"0,90,0","77,54.00304,67.4_77,54.00304,69.6_75,54.00304,69.6_75,54.00304,67.4",1,"1,1,1",Prefab/PuzzleMap/Prop/P_Pipe_f.prefab,,,6,10,,0,0,0,0,0,0,,,,0,,0
158,101,64818,"70,54.00304,71",15,0,"0,0,0","71,54.00304,72_69,54.00304,72_69,54.00304,70_71,54.00304,70",1,"1,1,1",Prefab/PuzzleMap/Prop/P_Zhangai_03.prefab,,,6,0,,0,0,0,0,0,0,,,,0,,0
159,101,64819,"74,54.00304,64.5",15,0,"0,0,0","75,54.00304,65.5_73,54.00304,65.5_73,54.00304,63.5_75,54.00304,63.5",1,"1,1,1",Prefab/PuzzleMap/Prop/P_Zhangai_03.prefab,,,6,0,,0,0,0,0,0,0,,,,0,,0
160,101,64820,"68,54.00304,62.5",31,2,"0,0,0","69.1,54.00304,63.5_66.9,54.00304,63.5_66.9,54.00304,61.5_69.1,54.00304,61.5",1,"1,1,1",Prefab/PuzzleMap/Prop/P_Pipe_c.prefab,,,6,5,,0,0,0,0,0,2,,,,0,,0
161,101,64821,"76,54.00304,62.5",31,3,"0,0,0","77.1,54.00304,63.5_74.9,54.00304,63.5_74.9,54.00304,61.5_77.1,54.00304,61.5",1,"1,1,1",Prefab/PuzzleMap/Prop/P_Pipe_d.prefab,,,6,8,,0,0,0,0,0,0,,,,0,,0
162,101,64822,"74,54.00304,62.5",31,2,"0,0,0","75.1,54.00304,63.5_72.9,54.00304,63.5_72.9,54.00304,61.5_75.1,54.00304,61.5",1,"1,1,1",Prefab/PuzzleMap/Prop/P_Pipe_c.prefab,,,6,7,,0,0,0,0,0,0,,,,0,,0
163,101,74852,"42,60.00311,12",12,0,"0,0,0",,0,"1,1,1",Prefab/PuzzleMap/Prop/Empty.prefab,,,7,0,,0,0,0,0,0,0,,,,0,,0
164,101,74854,"126.243621826172,0,48",5,1,"0,0,0","128.2436,47.95322,48.5_124.2436,47.95322,48.5_124.2436,47.95322,47.5_128.2436,47.95322,47.5",1,"1,1,1",Prefab/Role/Monster/m_general_01_lv1_co01.prefab,,,7,0,,0,0,0,70201,0,0,,,,0,,0
165,101,74857,"126,0,43",6,0,"0,270,0","124,7.999976,44.5_124,7.999976,41.5_128,7.999976,41.5_128,7.999976,44.5",0,"1,1,1",Prefab/PuzzleMap/Prop/P_Jiguan_01.prefab,,"74858,74859,74860",7,0,,0,0,0,0,0,0,,,,0,,0
166,101,74858,"115,0,66",7,0,"0,90,0","116,47.95322,64.5_116,47.95322,67.5_114,47.95322,67.5_114,47.95322,64.5",1,"1,1,1",Prefab/PuzzleMap/Prop/P_Fuqiao_01.prefab,74857,,7,0,,0,0,0,0,0,0,,,,0,,0
167,101,74859,"117,0,66",7,0,"0,90,0","118,47.95322,64.5_118,47.95322,67.5_116,47.95322,67.5_116,47.95322,64.5",1,"1,1,1",Prefab/PuzzleMap/Prop/P_Fuqiao_01.prefab,74857,,7,0,,0,0,0,0,0,0,,,,0,,0
168,101,74860,"119,0,66",7,0,"0,90,0","120,47.95322,64.5_120,47.95322,67.5_118,47.95322,67.5_118,47.95322,64.5",1,"1,1,1",Prefab/PuzzleMap/Prop/P_Fuqiao_01.prefab,74857,,7,0,,0,0,0,0,0,0,,,,0,,0
169,101,75069,"126,0,44.3400001525879",62,5,"0,0,0",,0,"1,1,1",Prefab/PuzzleMap/Prop/Empty.prefab,,,7,0,,0,0,0,0,0,0,,,75072,0,"0,75097",0
170,101,75097,"126,0,45.0499992370605",62,8,"0,0,0",,0,"1,1,1",Prefab/PuzzleMap/Prop/Empty.prefab,,,7,0,,0,0,0,0,0,0,,,,0,"0,75071",0
171,101,75071,"125.919998168945,0,45.7700004577637",62,7,"0,0,0",,0,"1,1,1",Prefab/PuzzleMap/Prop/Empty.prefab,,,7,0,,0,0,0,0,0,0,,70001_0,75072,0,,0
172,101,75072,"125,0,52",62,0,"0,0,0",,0,"1,1,1",Prefab/PuzzleMap/Prop/Empty.prefab,,,7,0,,0,0,0,0,0,0,,,,0,,0
173,101,74863,"101,0,65",20,1,"0,0,0","102.5,7.999976,66.5_99.5,7.999976,66.5_99.5,7.999976,63.5_102.5,7.999976,63.5",0,"1,1,1",Prefab/PuzzleMap/Prop/P_Jiguan_02.prefab,74864,74865,7,0,,0,0,0,0,0,0,,,,0,,0
174,101,74864,"124,0,66",19,1,"0,0,0","125.5,7.999017,67.5_122.5,7.999017,67.5_122.5,7.999017,64.5_125.5,7.999017,64.5",0,"1,1,1",Prefab/PuzzleMap/Prop/P_StoneBall_01.prefab,,,7,0,,0,0,0,0,0,0,,,,0,,0
175,101,74865,"109.961555480957,0,71",16,9,"0,0,0","111.9616,47.95322,71.5_107.9616,47.95322,71.5_107.9616,47.95322,70.5_111.9616,47.95322,70.5",1,"1,1,1",Prefab/PuzzleMap/Prop/P_ZhaMen_01.prefab,74863,,7,0,,0,0,0,0,0,0,,,,0,,0
176,101,75084,"60.3032035827637,47.95323,95.6493453979492",2,1,"0,0,0",,0,"1,1,1",,,,7,,"60.30,0.00,95.65,113.72,0.00,95.65,113.72,0.00,72.04,60.30,0.00,72.04",,,,,,,70001_1,,,,,
177,101,75093,"53.6012649536133,64.00317,95.6493453979492",2,6,"0,0,0",,0,"1,1,1",,,,7,,"99.30,0.00,80.00,107.02,0.00,80.00,107.02,0.00,72.04,99.30,0.00,72.04",,,,,,,70001_1,,,,,
178,101,75065,"106.175491333008,0,75",62,8,"0,0,0",,0,"1,1,1",Prefab/PuzzleMap/Prop/Empty.prefab,,,7,0,,0,0,0,0,0,0,,,,0,"0,75066",0
179,101,75066,"106,0,76",62,7,"0,0,0",,0,"1,1,1",Prefab/PuzzleMap/Prop/Empty.prefab,,,7,0,,0,0,0,0,0,0,,70001_1,75067,0,,0
180,101,75067,"100,0,77",62,0,"0,0,0",,0,"1,1,1",Prefab/PuzzleMap/Prop/Empty.prefab,,,7,0,,0,0,0,0,0,0,,,,0,,0
181,101,74866,"86,47.95323,76",4,1,"0,90,0","87.5,7.999976,74_87.5,7.999976,78_84.5,7.999976,78_84.5,7.999976,74",0,"1,1,1",Prefab/PuzzleMap/Prop/P_Chest_01.prefab,,,7,0,,0,0,70002,0,0,0,,,,0,,0
182,101,74868,"66,52.23315,87",5,4,"0,0,0","68,64.00317,87.5_64,64.00317,87.5_64,64.00317,86.5_68,64.00317,86.5",1,"1,1,1",Prefab/Role/Monster/m_general_01_lv4_co01.prefab,,,7,0,,0,0,0,70308,1,0,,,,0,,0
183,101,74869,"65,60.00311,81",4,2,"0,0,0","67,7.999976,82.5_63,7.999976,82.5_63,7.999976,79.5_67,7.999976,79.5",0,"1,1,1",Prefab/PuzzleMap/Prop/P_Chest_02.prefab,,,7,0,,0,0,70004,0,0,0,,,,0,,0
184,101,74870,"71,47.95323,70",16,6,"0,270,0","70.5,47.95322,72_70.5,47.95322,68_71.5,47.95322,68_71.5,47.95322,72",1,"1,1,1",Prefab/PuzzleMap/Prop/P_Door_01_orange.prefab,74871,,7,0,,0,0,0,0,0,0,,,,0,,0
185,101,74871,"100,0,54",3,6,"0,0,0","101,7.999976,55_99,7.999976,55_99,7.999976,53_101,7.999976,53",0,"1,1,1",Prefab/PuzzleMap/Prop/Key_Orange.prefab,,,7,0,,0,0,0,0,0,0,,,,0,,0
186,101,74872,"93,47.95323,54",5,2,"0,270,0","92.5,47.95322,56_92.5,47.95322,52_93.5,47.95322,52_93.5,47.95322,56",1,"1,1,1",Prefab/Role/Monster/m_general_01_lv2_co01.prefab,74876,,7,0,,0,0,0,70301,0,0,,,,0,,0
187,101,74873,"66,47.95323,62.3800010681152",5,3,"0,0,0","68,47.95322,62.88_64,47.95322,62.88_64,47.95322,61.88_68,47.95322,61.88",1,"1,1,1",Prefab/Role/Monster/m_general_01_lv3_co01.prefab,,,7,0,,0,0,0,70302,0,0,,,,0,,0
188,101,74874,"107.408554077148,0,88",43,0,"0,0,0","112.4086,47.95322,90_106.4086,47.95322,90_106.4086,47.95322,86_112.4086,47.95322,86",1,"1,1,1",Prefab/PuzzleMap/Prop/P_Diaoqiao_01.prefab,74875,,7,0,,0,0,0,0,0,0,,,,0,,0
189,101,74875,"66,47.95323,57",44,0,"0,0,0","67,7.999976,58_65,7.999976,58_65,7.999976,56_67,7.999976,56",0,"1,1,1",Prefab/PuzzleMap/Prop/P_huoba_1.prefab,,,7,0,,0,0,0,0,0,0,,,,0,,0
190,101,74876,"65,47.95323,45",4,3,"0,90,0","66.5,7.999976,43_66.5,7.999976,47_63.5,7.999976,47_63.5,7.999976,43",0,"1,1,1",Prefab/PuzzleMap/Prop/P_Chest_03.prefab,,,7,0,,0,0,70003,0,0,0,,,,0,,0
191,101,74877,"106,0,103.983901977539",55,0,"0,270,0","105,47.95322,105.9839_105,47.95322,101.9839_107,47.95322,101.9839_107,47.95322,105.9839",1,"1,1,1",Prefab/PuzzleMap/Prop/P_StoneWall_1.prefab,74878,,7,0,,1,0,0,0,0,0,,,,0,,0
192,101,74878,"134,0,86",53,0,"0,0,0","135,7.999976,87_133,7.999976,87_133,7.999976,85_135,7.999976,85",0,"1,1,1",Prefab/PuzzleMap/Prop/P_Gaotou_1.prefab,,,7,0,,0,0,0,0,0,0,,,,0,,0
193,101,74880,"102,0,97",16,4,"0,0,0","104,47.95322,97.5_100,47.95322,97.5_100,47.95322,96.5_104,47.95322,96.5",1,"1,1,1",Prefab/PuzzleMap/Prop/P_Door_01_purple.prefab,74881,,7,0,,0,0,0,0,0,0,,,,0,,0
194,101,74994,"102,0,98",59,0,"0,0,0",,0,"1,1,1",Prefab/PuzzleMap/Prop/Empty.prefab,,0,7,0,,0,0,0,0,0,0,,,,0,"0,74995",0
195,101,74995,"102,0,99",62,2,"0,0,0",,0,"1,1,1",Prefab/PuzzleMap/Prop/Empty.prefab,,,7,0,,0,0,0,0,0,0,,,74880,0,,0
196,101,74881,"116,0,88",3,4,"0,0,0","117,7.999976,89_115,7.999976,89_115,7.999976,87_117,7.999976,87",0,"1,1,1",Prefab/PuzzleMap/Prop/Key_Purple.prefab,,,7,0,,0,0,0,0,0,0,,,,0,,0
197,101,74882,"112,0,104",4,1,"0,270,0","110.5,8.003197,106_110.5,8.003197,102_113.5,8.003197,102_113.5,8.003197,106",0,"1,1,1",Prefab/PuzzleMap/Prop/P_Chest_01.prefab,,,7,0,,0,0,70005,0,0,0,,,,0,,0
198,101,75074,"104,0,103.5",62,8,"0,0,0",,0,"1,1,1",Prefab/PuzzleMap/Prop/Empty.prefab,,,7,0,,0,0,0,0,0,0,,,,0,"0,75075",0
199,101,75075,"104,0,104.5",62,7,"0,0,0",,0,"1,1,1",Prefab/PuzzleMap/Prop/Empty.prefab,,,7,0,,0,0,0,0,0,0,,70001_0,75076,0,,0
200,101,75076,"102,0,110",62,0,"0,0,0",,0,"1,1,1",Prefab/PuzzleMap/Prop/Empty.prefab,,,7,0,,0,0,0,0,0,0,,,,0,,0
201,101,74884,"129,0,104",5,2,"0,90,0","129.5,47.95322,102_129.5,47.95322,106_128.5,47.95322,106_128.5,47.95322,102",1,"1,1,1",Prefab/Role/Monster/m_general_01_lv2_co01.prefab,,,7,0,,0,0,0,70303,0,0,,,,0,,0
202,101,74885,"125.407104492188,0,126",48,0,"0,78.9400024414063,0","127.6577,8.003197,124.9115_127.0822,8.003197,127.8558_123.1565,8.003197,127.0885_123.732,8.003197,124.1442",0,"1,1,1",Prefab/PuzzleMap/Prop/P_DaPao_1.prefab,74887,74886,7,0,,0,0,0,0,0,0,,,,0,,0
203,101,74886,"134,0,128",49,0,"0,0,0","136,7.999976,129_132,7.999976,129_132,7.999976,127_136,7.999976,127",1,"1,1,1",Prefab/PuzzleMap/Prop/P_ShiKuai_A.prefab,74885,,7,0,,0,0,0,0,0,0,,,,0,,0
204,101,74887,"124,0,104",50,0,"0,0,0","125,8.003197,105_123,8.003197,105_123,8.003197,103_125,8.003197,103",0,"1,1,1",Prefab/PuzzleMap/Prop/P_PaoDan_1.prefab,,,7,0,,0,0,0,0,0,0,,,,0,,0
205,101,74888,"123,0,143",29,0,"0,0,0","123.75,9.999771,144.25_122.25,9.999771,144.25_122.25,9.999771,141.75_123.75,9.999771,141.75",1,"1,1,1",Prefab/PuzzleMap/Prop/P_ShuZhuang_1.prefab,,74889,7,0,,0,0,0,0,0,0,,,,0,,0
206,101,74889,"116,0,143",28,0,"0,0,0","118,8.003197,146_114,8.003197,146_114,8.003197,140_118,8.003197,140",1,"1,1,1",Prefab/PuzzleMap/Prop/Empty.prefab,74888,,7,0,,0,0,0,0,0,0,,,,0,,0
207,101,74997,"116,0,146",59,0,"0,0,0",,0,"1,1,1",Prefab/PuzzleMap/Prop/Empty.prefab,,0,7,0,,0,0,0,0,0,0,,,,0,"0,74998",0
208,101,74998,"116,0,147",62,2,"0,0,0",,0,"1,1,1",Prefab/PuzzleMap/Prop/Empty.prefab,,,7,0,,0,0,0,0,0,0,,,74889,0,,0
209,101,75095,"97.8944320678711,47.95323,106.540252685547",2,6,"0,0,0",,0,"1,1,1",,74882,,7,,"97.89,0.00,106.54,106.11,0.00,106.54,106.11,0.00,101.46,97.89,0.00,101.46",,,,,,,70001_0,,,,"0,75074",
210,101,74890,"106,0,139",4,2,"0,0,0","108,7.999976,140.5_104,7.999976,140.5_104,7.999976,137.5_108,7.999976,137.5",0,"1,1,1",Prefab/PuzzleMap/Prop/P_Chest_02.prefab,,,7,0,,0,0,70006,0,0,0,,,,0,,0
211,101,74891,"106,0,144",5,1,"0,0,0","108,8.001159,144.5_104,8.001159,144.5_104,8.001159,143.5_108,8.001159,143.5",1,"1,1,1",Prefab/Role/Monster/m_general_01_lv1_co01.prefab,,,7,0,,0,0,0,70309,1,0,,,,0,,0
212,101,74892,"76,0,162",5,4,"0,90,0","76.5,7.999976,160_76.5,7.999976,164_75.5,7.999976,164_75.5,7.999976,160",1,"1,1,1",Prefab/Role/Monster/m_general_01_lv4_co01.prefab,,,7,0,,0,0,0,70304,0,0,,,,0,,0
213,101,74893,"119,0,156",16,3,"0,90,0","119.5,7.999976,154_119.5,7.999976,158_118.5,7.999976,158_118.5,7.999976,154",1,"1,1,1",Prefab/PuzzleMap/Prop/P_Door_01_green.prefab,74894,,7,0,,0,0,0,0,0,0,,,,0,,0
214,101,74894,"71,0,161",3,3,"0,0,0","72,7.999976,162_70,7.999976,162_70,7.999976,160_72,7.999976,160",0,"1,1,1",Prefab/PuzzleMap/Prop/Key_Green.prefab,,,7,0,,0,0,0,0,0,0,,,,0,,0
215,101,74895,"124.75,0,157.059677124023",4,3,"0,270,0","123.25,7.999976,159.0597_123.25,7.999976,155.0597_126.25,7.999976,155.0597_126.25,7.999976,159.0597",0,"1,1,1",Prefab/PuzzleMap/Prop/P_Chest_03.prefab,,,7,0,,0,0,70007,0,0,0,,,,0,"0,75098",0
216,101,75099,"118,0,157",62,8,"0,0,0",,0,"1,1,1",Prefab/PuzzleMap/Prop/Empty.prefab,,,7,0,,0,0,0,0,0,0,,,,0,"0,75100",0
217,101,75100,"118,0,156",62,7,"0,0,0",,0,"1,1,1",Prefab/PuzzleMap/Prop/Empty.prefab,,,7,0,,0,0,0,0,0,0,,70001_3,75101,0,,0
218,101,75101,"100,0,155",62,0,"0,0,0",,0,"1,1,1",Prefab/PuzzleMap/Prop/Empty.prefab,,,7,0,,0,0,0,0,0,0,,,,0,,0
219,101,74897,"122,0,190",6,0,"0,180,0","120.5,7.999976,188_123.5,7.999976,188_123.5,7.999976,192_120.5,7.999976,192",0,"1,1,1",Prefab/PuzzleMap/Prop/P_Jiguan_01.prefab,,"74898,74899,74900",7,0,,0,0,0,0,0,0,,,,0,,0
220,101,74898,"111,0,176",7,0,"0,90,0","112,8.003197,174.5_112,8.003197,177.5_110,8.003197,177.5_110,8.003197,174.5",1,"1,1,1",Prefab/PuzzleMap/Prop/P_Fuqiao_01.prefab,74897,,7,0,,0,0,0,0,0,0,,,,0,,0
221,101,74899,"113,0,176",7,0,"0,90,0","114,8.003197,174.5_114,8.003197,177.5_112,8.003197,177.5_112,8.003197,174.5",1,"1,1,1",Prefab/PuzzleMap/Prop/P_Fuqiao_01.prefab,74897,,7,0,,0,0,0,0,0,0,,,,0,,0
222,101,74900,"115,0,176",7,0,"0,90,0","116,8.003197,174.5_116,8.003197,177.5_114,8.003197,177.5_114,8.003197,174.5",1,"1,1,1",Prefab/PuzzleMap/Prop/P_Fuqiao_01.prefab,74897,,7,0,,0,0,0,0,0,0,,,,0,,0
223,101,74901,"121,0,175",5,2,"0,270,0","120.5,7.999976,177_120.5,7.999976,173_121.5,7.999976,173_121.5,7.999976,177",1,"1,1,1",Prefab/Role/Monster/m_general_01_lv2_co01.prefab,,,7,0,,0,0,0,70306,0,0,,,,0,,0
224,101,74906,"108.976036071777,0,187",13,1,"0,270,0",,0,"1,1,1",Prefab/PuzzleMap/Prop/P_TanHuangBan.prefab,,74907,7,0,,0,0,0,0,0,0,,,,0,,0
225,101,74907,"115,0,187",13,2,"0,0,0",,0,"1,1,1",Prefab/PuzzleMap/Prop/Empty.prefab,,,7,0,,0,0,0,0,0,0,,,,0,,0
226,101,74908,"114.800003051758,0,191",13,1,"0,90,0",,0,"1,1,1",Prefab/PuzzleMap/Prop/P_TanHuangBan.prefab,,74909,7,0,,0,0,0,0,0,0,,,,0,,0
227,101,74909,"109,0,191",13,2,"0,0,0",,0,"1,1,1",Prefab/PuzzleMap/Prop/Empty.prefab,,,7,0,,0,0,0,0,0,0,,,,0,,0
228,101,74999,"106,0,183",5,2,"0,180,0","104,7.999976,182.5_108,7.999976,182.5_108,7.999976,183.5_104,7.999976,183.5",1,"1,1,1",Prefab/Role/Monster/m_general_01_lv2_co01.prefab,,,7,0,,0,0,0,70305,0,0,,,,0,,0
229,101,74979,"72,0,172",45,0,"0,90,0","73.75,13.9999,170.5_73.75,13.9999,173.5_69.75,13.9999,173.5_69.75,13.9999,170.5",0,"1,1,1",Prefab/PuzzleMap/Prop/P_JGfasheqi.prefab,,,7,0,,0,0,0,0,0,0,,,,0,,0
230,101,74982,"84,0,172",46,0,"0,0,0","85.5,13.9999,173.5_82.5,13.9999,173.5_82.5,13.9999,170.5_85.5,13.9999,170.5",0,"1,1,1",Prefab/PuzzleMap/Prop/P_JGjingzi.prefab,,,7,0,,0,0,0,0,0,0,,,,0,,0
231,101,74984,"84,0,180",46,0,"0,0,0","85.5,13.9999,181.5_82.5,13.9999,181.5_82.5,13.9999,178.5_85.5,13.9999,178.5",0,"1,1,1",Prefab/PuzzleMap/Prop/P_JGjingzi.prefab,,,7,0,,0,0,0,0,0,0,,,,0,,0
232,101,74981,"75,0,184.25",47,0,"0,180,0","73.5,13.9999,182_76.5,13.9999,182_76.5,13.9999,186_73.5,13.9999,186",0,"1,1,1",Prefab/PuzzleMap/Prop/P_JGJieshouqi.prefab,,74983,7,0,,0,0,0,0,0,0,,,,0,,0
233,101,74983,"77.961555480957,0,187",16,7,"0,0,0","79.96156,13.9999,187.5_75.96156,13.9999,187.5_75.96156,13.9999,186.5_79.96156,13.9999,186.5",1,"1,1,1",Prefab/PuzzleMap/Prop/P_ZhaMen_01.prefab,74981,,7,0,,0,0,0,0,0,0,,,,0,,0
234,101,74985,"75,0,180",46,0,"0,0,0","76.5,13.9999,181.5_73.5,13.9999,181.5_73.5,13.9999,178.5_76.5,13.9999,178.5",0,"1,1,1",Prefab/PuzzleMap/Prop/P_JGjingzi.prefab,,,7,0,,0,0,0,0,0,0,,,,0,,0
235,101,74991,"128,0,176",18,0,"0,180,0","127,7.999976,175_129,7.999976,175_129,7.999976,177_127,7.999976,177",0,"1,1,1",Prefab/PuzzleMap/Prop/P_ShuiHu.prefab,,,7,0,,0,0,0,0,0,0,,,,0,,0
236,101,74990,"85.9580841064453,0,165.010009765625",17,0,"0,0,0","87.95808,7.999976,165.76_83.95808,7.999976,165.76_83.95808,7.999976,164.26_87.95808,7.999976,164.26",1,"1,1,1",Prefab/PuzzleMap/Prop/P_Tengti_01.prefab,74991,,7,0,,0,0,0,0,0,0,,,,0,,0
237,101,74989,"61,60.00311,89",14,0,"0,0,0",,0,"1,1,1",Prefab/PuzzleMap/Prop/P_ChuanSongZhen.prefab,,,7,0,,0,0,0,0,0,0,,,,0,,0
238,101,75000,"86,0,169",5,3,"0,180,0","84,13.9999,168.5_88,13.9999,168.5_88,13.9999,169.5_84,13.9999,169.5",1,"1,1,1",Prefab/Role/Monster/m_general_01_lv3_co01.prefab,,,7,0,,0,0,0,70307,0,0,,,,0,,0
239,101,75083,"93.9469375610352,47.95323,69.7588882446289",2,1,"0,0,0",,0,"1,1,1",,,,7,,"93.95,0.00,69.76,130.05,0.00,69.76,130.05,0.00,40.21,93.95,0.00,40.21",,,,,,,70001_2,,,,,
240,101,75086,"97.9524765014648,0,123.708831787109",2,1,"0,0,0",,0,"1,1,1",,,,7,,"97.95,0.00,123.71,137.84,0.00,123.71,137.84,0.00,97.91,97.95,0.00,97.91",,,,,,,70001_0,,,,,
241,101,75087,"117.76505279541,0,146.182159423828",2,1,"0,0,0",,0,"1,1,1",,,,7,,"117.77,0.00,146.18,76.12,0.00,146.18,76.12,0.00,194.20,117.77,0.00,194.20",,,,,,,70001_3,,,,,
242,101,75088,"71,47.95323,46",54,0,"0,90,0","72,47.95322,44_72,47.95322,48_70,47.95322,48_70,47.95322,44",1,"1,1,1",Prefab/PuzzleMap/Prop/P_SoilWall_1.prefab,,,7,0,,0,0,0,0,0,0,,,,0,,0
243,101,75089,"92,0,118",4,1,"0,90,0","93.5,7.999976,116_93.5,7.999976,120_90.5,7.999976,120_90.5,7.999976,116",0,"1,1,1",Prefab/PuzzleMap/Prop/P_Chest_01.prefab,,,7,0,,0,2,70008,0,0,0,,,,0,,0
244,101,75090,"66.2183685302734,0,189.748382568359",2,4,"0,0,0",,0,"1,1,1",,,,7,,"66.22,0.00,186.00,90.00,0.00,186.00,90.00,0.00,165.97,66.22,0.00,165.97",,,,,,,,,,,,
245,101,75094,"97,0,118",54,0,"0,90,0","98,8.003197,116_98,8.003197,120_96,8.003197,120_96,8.003197,116",1,"1,1,1",Prefab/PuzzleMap/Prop/P_SoilWall_1.prefab,,,7,0,,2,0,0,0,0,0,,,,0,,0
246,101,75096,"110.049942016602,0,161.85400390625",2,6,"0,0,0",,0,"1,1,1",,74895,,7,,"110.05,0.00,161.85,117.95,0.00,161.85,117.95,0.00,152.00,110.05,0.00,152.00",,,,,,,70001_3,,,,,
247,101,84928,"42,60.00311,12",12,0,"0,0,0",,0,"1,1,1",Prefab/PuzzleMap/Prop/Empty.prefab,,,8,0,,0,0,0,0,0,0,,,,0,,0
248,101,84929,"113.394546508789,0,155.640563964844",30,0,"0,270,0","112.8945,-0.0002121997,157.6406_112.8945,-0.0002121997,153.6406_113.8945,-0.0002121997,153.6406_113.8945,-0.0002121997,157.6406",1,"1,1,1",Prefab/PuzzleMap/Prop/P_HuoMen.prefab,"84930,84932",,8,0,,0,0,0,0,0,0,,,,0,,0
249,101,84930,"126.394546508789,0,162.640563964844",57,1,"0,90,0",,0,"1,1,1",Prefab/PuzzleMap/Prop/P_Pipe_a_Empty.prefab,84931,84929,8,0,,0,0,0,0,0,0,,,,0,,0
250,101,84931,"120.394546508789,0,162.640563964844",32,1,"0,90,0","121.3945,-0.0002121997,160.4406_121.3945,-0.0002121997,164.8406_119.3945,-0.0002121997,164.8406_119.3945,-0.0002121997,160.4406",1,"1,1,1",Prefab/PuzzleMap/Prop/P_Pipe_a.prefab,,,8,0,,0,0,0,0,0,0,,,,0,,0
251,101,84932,"123.394546508789,0,155.640563964844",57,1,"0,0,0",,0,"1,1,1",Prefab/PuzzleMap/Prop/P_Pipe_a_Empty.prefab,84933,84929,8,0,,0,0,0,0,0,0,,,,0,,0
252,101,84933,"123.394546508789,0,163.640563964844",32,1,"0,0,0","125.5945,-0.0002121997,164.6406_121.1945,-0.0002121997,164.6406_121.1945,-0.0002121997,162.6406_125.5945,-0.0002121997,162.6406",1,"1,1,1",Prefab/PuzzleMap/Prop/P_Pipe_a.prefab,,,8,0,,0,0,0,0,0,0,,,,0,,0
253,101,84934,"126.394546508789,0,158.640563964844",31,1,"0,90,0","127.3945,-0.0002121997,156.4406_127.3945,-0.0002121997,160.8406_125.3945,-0.0002121997,160.8406_125.3945,-0.0002121997,156.4406",1,"1,1,1",Prefab/PuzzleMap/Prop/P_Pipe_b.prefab,,,8,0,,0,0,0,0,0,0,,,,0,,0
254,101,84935,"120.394546508789,0,155.640563964844",31,2,"0,0,0","121.4945,-0.0002121997,156.6406_119.2945,-0.0002121997,156.6406_119.2945,-0.0002121997,154.6406_121.4945,-0.0002121997,154.6406",1,"1,1,1",Prefab/PuzzleMap/Prop/P_Pipe_c.prefab,,,8,0,,0,0,0,0,0,0,,,,0,,0
255,101,84936,"126.394546508789,0,155.640563964844",31,3,"0,0,0","127.4945,-0.0002121997,156.6406_125.2945,-0.0002121997,156.6406_125.2945,-0.0002121997,154.6406_127.4945,-0.0002121997,154.6406",1,"1,1,1",Prefab/PuzzleMap/Prop/P_Pipe_d.prefab,,,8,0,,0,0,0,0,0,1,,,,0,,0
256,101,84937,"126.394546508789,0,165.640563964844",31,4,"0,90,0","127.3945,-0.0002121997,164.5406_127.3945,-0.0002121997,166.7406_125.3945,-0.0002121997,166.7406_125.3945,-0.0002121997,164.5406",1,"1,1,1",Prefab/PuzzleMap/Prop/P_Pipe_e.prefab,,,8,0,,0,0,0,0,0,1,,,,0,,0
257,101,84938,"118.394546508789,0,155.640563964844",31,5,"0,0,0","119.4945,-0.0002121997,156.6406_117.2945,-0.0002121997,156.6406_117.2945,-0.0002121997,154.6406_119.4945,-0.0002121997,154.6406",1,"1,1,1",Prefab/PuzzleMap/Prop/P_Pipe_f.prefab,,,8,0,,0,0,0,0,0,0,,,,0,,0
258,101,84939,"122.394546508789,0,165.640563964844",15,0,"0,0,0","123.3945,-0.0002121997,166.6406_121.3945,-0.0002121997,166.6406_121.3945,-0.0002121997,164.6406_123.3945,-0.0002121997,164.6406",1,"1,1,1",Prefab/PuzzleMap/Prop/P_Zhangai_03.prefab,,,8,0,,0,0,0,0,0,0,,,,0,,0
259,101,84940,"118.394546508789,0,161.640563964844",15,0,"0,0,0","119.3945,-0.0002121997,162.6406_117.3945,-0.0002121997,162.6406_117.3945,-0.0002121997,160.6406_119.3945,-0.0002121997,160.6406",1,"1,1,1",Prefab/PuzzleMap/Prop/P_Zhangai_03.prefab,,,8,0,,0,0,0,0,0,0,,,,0,,0
260,101,84941,"121.394546508789,0,149.640563964844",16,8,"0,0,0","123.3945,-0.0002121997,150.1406_119.3945,-0.0002121997,150.1406_119.3945,-0.0002121997,149.1406_123.3945,-0.0002121997,149.1406",1,"1,1,1",Prefab/PuzzleMap/Prop/P_ZhaMen_01.prefab,"84942,84944",,8,0,,0,0,0,0,0,0,,,,0,,0
261,101,84942,"127.394546508789,0,145.640563964844",52,2,"0,0,0",,0,"1,1,1",Prefab/PuzzleMap/Prop/P_Box_DiKuai_Fire.prefab,84943,84941,8,0,,0,0,0,0,0,0,,,,0,,0
262,101,84943,"119.394546508789,0,139.640563964844",51,2,"0,0,0","120.3945,-0.0002121997,140.6406_118.3945,-0.0002121997,140.6406_118.3945,-0.0002121997,138.6406_120.3945,-0.0002121997,138.6406",1,"1,1,1",Prefab/PuzzleMap/Prop/P_PushBox_3.prefab,,,8,0,,0,0,0,0,0,0,,,,0,,0
263,101,84944,"115.394546508789,0,137.640563964844",52,4,"0,0,0",,0,"1,1,1",Prefab/PuzzleMap/Prop/P_Box_DiKuai_Ice.prefab,84945,84941,8,0,,0,0,0,0,0,0,,,,0,,0
264,101,84945,"123.394546508789,0,143.640563964844",51,4,"0,0,0","124.3945,-0.0002121997,144.6406_122.3945,-0.0002121997,144.6406_122.3945,-0.0002121997,142.6406_124.3945,-0.0002121997,142.6406",1,"1,1,1",Prefab/PuzzleMap/Prop/P_PushBox_2.prefab,,,8,0,,0,0,0,0,0,0,,,,0,,0
265,101,84946,"121.394546508789,0,141.640563964844",56,1,"0,0,0",,0,"1,1,1",Prefab/PuzzleMap/Prop/P_Zhangai_b.prefab,,,8,0,,0,0,0,0,0,0,,,,0,,0
266,101,84947,"115.394546508789,0,135.640563964844",56,0,"0,0,0",,0,"1,1,1",Prefab/PuzzleMap/Prop/P_DiKuai_Jia.prefab,,,8,0,,0,0,0,0,0,0,,,,0,,0
267,101,84948,"117.394546508789,0,135.640563964844",56,0,"0,0,0",,0,"1,1,1",Prefab/PuzzleMap/Prop/P_DiKuai_Jia.prefab,,,8,0,,0,0,0,0,0,0,,,,0,,0
268,101,84949,"119.394546508789,0,135.640563964844",56,0,"0,0,0",,0,"1,1,1",Prefab/PuzzleMap/Prop/P_DiKuai_Jia.prefab,,,8,0,,0,0,0,0,0,0,,,,0,,0
269,101,84950,"121.394546508789,0,135.640563964844",56,0,"0,0,0",,0,"1,1,1",Prefab/PuzzleMap/Prop/P_DiKuai_Jia.prefab,,,8,0,,0,0,0,0,0,0,,,,0,,0
270,101,84951,"123.394546508789,0,135.640563964844",56,0,"0,0,0",,0,"1,1,1",Prefab/PuzzleMap/Prop/P_DiKuai_Jia.prefab,,,8,0,,0,0,0,0,0,0,,,,0,,0
271,101,84952,"125.394546508789,0,135.640563964844",56,0,"0,0,0",,0,"1,1,1",Prefab/PuzzleMap/Prop/P_DiKuai_Jia.prefab,,,8,0,,0,0,0,0,0,0,,,,0,,0
272,101,84953,"127.394546508789,0,135.640563964844",56,0,"0,0,0",,0,"1,1,1",Prefab/PuzzleMap/Prop/P_DiKuai_Jia.prefab,,,8,0,,0,0,0,0,0,0,,,,0,,0
273,101,84954,"127.394546508789,0,137.640563964844",56,0,"0,0,0",,0,"1,1,1",Prefab/PuzzleMap/Prop/P_DiKuai_Jia.prefab,,,8,0,,0,0,0,0,0,0,,,,0,,0
274,101,84955,"127.394546508789,0,139.640563964844",56,0,"0,0,0",,0,"1,1,1",Prefab/PuzzleMap/Prop/P_DiKuai_Jia.prefab,,,8,0,,0,0,0,0,0,0,,,,0,,0
275,101,84956,"127.394546508789,0,141.640563964844",56,0,"0,0,0",,0,"1,1,1",Prefab/PuzzleMap/Prop/P_DiKuai_Jia.prefab,,,8,0,,0,0,0,0,0,0,,,,0,,0
276,101,84957,"127.394546508789,0,143.640563964844",56,0,"0,0,0",,0,"1,1,1",Prefab/PuzzleMap/Prop/P_DiKuai_Jia.prefab,,,8,0,,0,0,0,0,0,0,,,,0,,0
277,101,84958,"115.394546508789,0,139.640563964844",56,0,"0,0,0",,0,"1,1,1",Prefab/PuzzleMap/Prop/P_DiKuai_Jia.prefab,,,8,0,,0,0,0,0,0,0,,,,0,,0
278,101,84959,"127.394546508789,0,147.640563964844",56,0,"0,0,0",,0,"1,1,1",Prefab/PuzzleMap/Prop/P_DiKuai_Jia.prefab,,,8,0,,0,0,0,0,0,0,,,,0,,0
279,101,84960,"125.394546508789,0,147.640563964844",56,0,"0,0,0",,0,"1,1,1",Prefab/PuzzleMap/Prop/P_DiKuai_Jia.prefab,,,8,0,,0,0,0,0,0,0,,,,0,,0
280,101,84961,"123.394546508789,0,147.640563964844",56,0,"0,0,0",,0,"1,1,1",Prefab/PuzzleMap/Prop/P_DiKuai_Jia.prefab,,,8,0,,0,0,0,0,0,0,,,,0,,0
281,101,84962,"121.394546508789,0,147.640563964844",56,0,"0,0,0",,0,"1,1,1",Prefab/PuzzleMap/Prop/P_DiKuai_Jia.prefab,,,8,0,,0,0,0,0,0,0,,,,0,,0
282,101,84963,"119.394546508789,0,147.640563964844",56,0,"0,0,0",,0,"1,1,1",Prefab/PuzzleMap/Prop/P_DiKuai_Jia.prefab,,,8,0,,0,0,0,0,0,0,,,,0,,0
283,101,84964,"117.394546508789,0,147.640563964844",56,0,"0,0,0",,0,"1,1,1",Prefab/PuzzleMap/Prop/P_DiKuai_Jia.prefab,,,8,0,,0,0,0,0,0,0,,,,0,,0
284,101,84965,"115.394546508789,0,147.640563964844",56,0,"0,0,0",,0,"1,1,1",Prefab/PuzzleMap/Prop/P_DiKuai_Jia.prefab,,,8,0,,0,0,0,0,0,0,,,,0,,0
285,101,84966,"115.394546508789,0,145.640563964844",56,0,"0,0,0",,0,"1,1,1",Prefab/PuzzleMap/Prop/P_DiKuai_Jia.prefab,,,8,0,,0,0,0,0,0,0,,,,0,,0
286,101,84967,"115.394546508789,0,143.640563964844",56,0,"0,0,0",,0,"1,1,1",Prefab/PuzzleMap/Prop/P_DiKuai_Jia.prefab,,,8,0,,0,0,0,0,0,0,,,,0,,0
287,101,84968,"115.394546508789,0,141.640563964844",56,0,"0,0,0",,0,"1,1,1",Prefab/PuzzleMap/Prop/P_DiKuai_Jia.prefab,,,8,0,,0,0,0,0,0,0,,,,0,,0
288,101,84969,"151.394546508789,0,146.640563964844",45,0,"0,270,0","66.25,-0.0002121997,46.5_66.25,-0.0002121997,43.5_70.25,-0.0002121997,43.5_70.25,-0.0002121997,46.5",0,"1,1,1",Prefab/PuzzleMap/Prop/P_JGfasheqi.prefab,,,8,0,,0,0,0,0,0,0,,,,0,,0
289,101,84970,"143.394546508789,0,146.640563964844",46,0,"0,224.999984741211,0","57.87868,-0.0002121997,45_60,-0.0002121997,42.87868_62.12132,-0.0002121997,45_60,-0.0002121997,47.12132",0,"1,1,1",Prefab/PuzzleMap/Prop/P_JGjingzi.prefab,,,8,0,,0,0,0,0,0,0,,,,0,,0
290,101,84971,"158.394546508789,0,150.640563964844",47,0,"0,180,0","73.5,-0.0002121997,46.75_76.5,-0.0002121997,46.75_76.5,-0.0002121997,50.75_73.5,-0.0002121997,50.75",0,"1,1,1",Prefab/PuzzleMap/Prop/P_JGJieshouqi.prefab,,84973,8,0,,0,0,0,0,0,0,,,,0,,0
291,101,84972,"158.394546508789,0,134.640563964844",46,0,"0,135,0","75,-0.0002121997,30.87868_77.12132,-0.0002121997,33_75,-0.0002121997,35.12132_72.87868,-0.0002121997,33",0,"1,1,1",Prefab/PuzzleMap/Prop/P_JGjingzi.prefab,,,8,0,,0,0,0,0,0,0,,,,0,,0
292,101,84973,"155.394546508789,0,149.640563964844",16,7,"0,0,0","157.3945,-0.0002121997,150.1406_153.3945,-0.0002121997,150.1406_153.3945,-0.0002121997,149.1406_157.3945,-0.0002121997,149.1406",1,"1,1,1",Prefab/PuzzleMap/Prop/P_ZhaMen_01.prefab,84971,,8,0,,0,0,0,0,0,0,,,,0,,0
293,101,84974,"143.394546508789,0,134.640563964844",46,0,"0,0,0","61.5,-0.0002121997,34.5_58.5,-0.0002121997,34.5_58.5,-0.0002121997,31.5_61.5,-0.0002121997,31.5",0,"1,1,1",Prefab/PuzzleMap/Prop/P_JGjingzi.prefab,,,8,0,,0,0,0,0,0,0,,,,0,,0
294,101,84976,"113.467473983765,0,148.543453216553",2,2,"0,0,0",,0,"1,1,1",,,,8,,"113.47,0.00,148.54,129.45,0.00,148.54,129.45,0.00,132.71,113.47,0.00,132.71",,,,,,,,,,,,
295,101,84977,"113.417406082153,0,168.599220275879",2,3,"0,0,0",,0,"1,1,1",,,,8,,"113.42,0.00,168.60,129.35,0.00,168.60,129.35,0.00,152.67,113.42,0.00,152.67",,,,,,,,,,,,
296,101,84978,"141.487613677979,0,148.572067260742",2,4,"0,0,0",,0,"1,1,1",,,,8,,"141.49,0.00,152.82,161.37,0.00,152.82,161.37,0.00,132.68,141.49,0.00,132.68",,,,,,,,,,,,
297,101,84979,"152.394546508789,0,140.695816040039",48,0,"0,270,0","67,-0.0002121997,40.55525_67,-0.0002121997,37.55525_71,-0.0002121997,37.55525_71,-0.0002121997,40.55525",0,"1,1,1",Prefab/PuzzleMap/Prop/P_DaPao_1.prefab,84981,84980,8,0,,0,0,0,0,0,0,,,,0,,0
298,101,84980,"143.394546508789,0,140.618423461914",49,0,"0,0,0","145.3945,-0.0002121997,141.6184_141.3945,-0.0002121997,141.6184_141.3945,-0.0002121997,139.6184_145.3945,-0.0002121997,139.6184",1,"1,1,1",Prefab/PuzzleMap/Prop/P_ShiKuai_A.prefab,84979,,8,0,,0,0,0,0,0,0,,,,0,,0
299,101,84981,"152.394546508789,0,137.640563964844",50,0,"0,0,0","70,-0.0002121997,37_68,-0.0002121997,37_68,-0.0002121997,35_70,-0.0002121997,35",0,"1,1,1",Prefab/PuzzleMap/Prop/P_PaoDan_1.prefab,,,8,0,,0,0,0,0,0,0,,,,0,,0
300,101,84982,"144.394546508789,0,162.640563964844",23,0,"0,0,0",,0,"1,1,1",Prefab/PuzzleMap/Prop/P_CSshiban_1.prefab,,84983,8,0,,0,0,0,0,0,0,,,,0,,0
301,101,84983,"144.394546508789,0,162.640563964844",24,0,"0,0,0","145.8945,0.003161519,164.1406_142.8945,0.003161519,164.1406_142.8945,0.003161519,161.1406_145.8945,0.003161519,161.1406",1,"1,1,1",Prefab/PuzzleMap/Prop/P_CSzhangai_1.prefab,,,8,0,,0,0,0,0,0,0,,,,0,,0
302,101,84984,"135.394546508789,0,166.640563964844",25,0,"0,0,0","136.8945,-0.0002121997,168.1406_133.8945,-0.0002121997,168.1406_133.8945,-0.0002121997,165.1406_136.8945,-0.0002121997,165.1406",1,"1,1,1",Prefab/PuzzleMap/Prop/P_DianJu.prefab,,,8,0,,0,0,0,0,0,0,,,,0,,0
303,101,84985,"225.394546508789,0,160.640563964844",4,0,"0,180,0","140,-0.0002121997,57.5_144,-0.0002121997,57.5_144,-0.0002121997,60.5_140,-0.0002121997,60.5",0,"1,1,1",Prefab/PuzzleMap/Prop/P_Chest_03.prefab,,,8,0,,0,0,0,0,0,0,,,,0,,0
304,101,84986,"235.394546508789,0,112.640563964844",4,1,"0,270,0","150.5,-0.0002121997,13_150.5,-0.0002121997,9_153.5,-0.0002121997,9_153.5,-0.0002121997,13",0,"1,1,1",Prefab/PuzzleMap/Prop/P_Chest_01.prefab,,,8,0,,0,0,0,0,0,0,,,,0,,0
305,101,84987,"191.394546508789,0,148.640563964844",4,2,"0,90,0","109.5,-0.0002121997,45_109.5,-0.0002121997,49_106.5,-0.0002121997,49_106.5,-0.0002121997,45",0,"1,1,1",Prefab/PuzzleMap/Prop/P_Chest_02.prefab,,,8,0,,0,0,0,0,0,0,,,,0,,0
306,101,84988,"245.394546508789,0,120.640563964844",4,3,"0,270,0","160.5,7.99967,21_160.5,7.99967,17_163.5,7.99967,17_163.5,7.99967,21",0,"1,1,1",Prefab/PuzzleMap/Prop/P_Chest_03.prefab,,,8,0,,0,0,0,0,0,0,,,,0,,0
307,101,84989,"203.394546508789,0,126.640563964844",4,4,"0,90,0","121.5,-6.000125,23_121.5,-6.000125,27_118.5,-6.000125,27_118.5,-6.000125,23",0,"1,1,1",,,,8,0,,0,0,123,0,0,0,,,2,0,,0
308,101,84990,"208.394546508789,0,127.640563964844",27,0,"0,90,0","209.3945,-6.000125,126.6406_209.3945,-6.000125,128.6406_207.3945,-6.000125,128.6406_207.3945,-6.000125,126.6406",1,"1,1,1",Prefab/PuzzleMap/Prop/P_Rope_2.prefab,84991,,8,0,,0,0,0,0,0,0,,,,0,,0
309,101,84991,"203.394546508789,0,130.640563964844",26,0,"0,0,0","121,-0.0002121997,30_119,-0.0002121997,30_119,-0.0002121997,28_121,-0.0002121997,28",0,"1,1,1",Prefab/PuzzleMap/Prop/P_Rope_1.prefab,,,8,0,,0,0,0,0,0,0,,,,0,,0
310,101,84992,"188.394546508789,0,162.640563964844",16,10,"0,90,0","188.8945,-0.0002121997,160.6406_188.8945,-0.0002121997,164.6406_187.8945,-0.0002121997,164.6406_187.8945,-0.0002121997,160.6406",1,"1,1,1",Prefab/PuzzleMap/Prop/P_Door_01.prefab,0,,8,0,,0,0,0,0,0,0,,,521,0,,0
311,101,84995,"227.394546508789,0,126.640563964844",13,0,"0,0,0",,0,"1,1,1",Prefab/PuzzleMap/Prop/P_ChuanSongZhen.prefab,,84996,8,0,,0,0,0,0,0,0,,,,0,,0
312,101,84996,"227.394546508789,0,114.640563964844",13,0,"0,0,0",,0,"1,1,1",Prefab/PuzzleMap/Prop/P_ChuanSongZhen.prefab,,84995,8,0,,0,0,0,0,0,0,,,,0,,0
313,101,84997,"213.964553833008,0,158.640563964844",35,0,"0,90,0","214.9646,2.999743,157.6406_214.9646,2.999743,159.6406_212.9646,2.999743,159.6406_212.9646,2.999743,157.6406",1,"1,1,1",Prefab/PuzzleMap/Prop/P_TianPing.prefab,84998,"84999,85000,85001",8,0,,0,0,0,0,0,0,,,,0,,0
314,101,84998,"220.394546508789,0,158.640563964844",36,0,"0,0,0","138,2.999743,58_136,2.999743,58_136,2.999743,56_138,2.999743,56",0,"1,1,1",Prefab/PuzzleMap/Prop/P_IronBox_1.prefab,,,8,0,,0,0,0,0,0,0,,,,0,,0
315,101,84999,"220.394546508789,0,155.640563964844",37,0,"0,0,0","138,2.999743,55_136,2.999743,55_136,2.999743,53_138,2.999743,53",0,"1,1,1",Prefab/PuzzleMap/Prop/P_StoneBox_1.prefab,,,8,0,,0,0,0,0,0,0,,,,0,,0
316,101,85000,"220.394546508789,0,161.640563964844",38,0,"0,0,0","138,2.999743,61_136,2.999743,61_136,2.999743,59_138,2.999743,59",0,"1,1,1",Prefab/PuzzleMap/Prop/P_WoodBox_1.prefab,,,8,0,,0,0,0,0,0,0,,,,0,,0
317,101,85001,"207.394546508789,0,154.640563964844",19,1,"0,0,0","125.5,-0.0002121997,54.5_122.5,-0.0002121997,54.5_122.5,-0.0002121997,51.5_125.5,-0.0002121997,51.5",0,"1,1,1",Prefab/PuzzleMap/Prop/P_StoneBall_01.prefab,84997,,8,0,,0,0,0,0,0,0,,,,1,,0
318,101,85002,"207.394546508789,0,146.640563964844",20,1,"0,0,0","125.5,-0.0002121997,46.5_122.5,-0.0002121997,46.5_122.5,-0.0002121997,43.5_125.5,-0.0002121997,43.5",0,"1,1,1",Prefab/PuzzleMap/Prop/P_Jiguan_02.prefab,85001,85004,8,0,,0,0,0,0,0,0,,,,0,,0
319,101,85004,"203.394546508789,0,139.640563964844",16,9,"0,0,0","205.3945,-0.0002121997,140.1406_201.3945,-0.0002121997,140.1406_201.3945,-0.0002121997,139.1406_205.3945,-0.0002121997,139.1406",1,"1,1,1",Prefab/PuzzleMap/Prop/P_ZhaMen_01.prefab,85002,,8,0,,0,0,0,0,0,0,,,,0,,0
320,101,85005,"244.394546508789,0,117.640563964844",22,0,"0,0,0","245.3945,7.99967,118.6406_243.3945,7.99967,118.6406_243.3945,7.99967,116.6406_245.3945,7.99967,116.6406",1,"1,1,1",Prefab/PuzzleMap/Prop/YanJiang_1.prefab,,,8,0,,0,0,0,0,0,0,,,,0,,0
321,101,85006,"252.394546508789,0,126.640563964844",21,0,"0,0,0","170.5,7.99967,26.5_167.5,7.99967,26.5_167.5,7.99967,23.5_170.5,7.99967,23.5",0,"1,1,1",Prefab/PuzzleMap/Prop/P_HugeRock_1_YJ.prefab,,85005,8,0,,0,0,0,0,0,0,,,,0,,0
322,101,85008,"240.394546508789,0,130.640563964844",9,2,"0,90,0","241.1445,-0.0002121997,128.6406_241.1445,-0.0002121997,132.6406_239.6445,-0.0002121997,132.6406_239.6445,-0.0002121997,128.6406",1,"1,1,1",Prefab/PuzzleMap/Prop/P_Tizi_2.prefab,85009,,8,0,,0,0,0,0,0,0,,,,0,,0
323,101,85009,"229.090347290039,0,130.640563964844",8,0,"0,0,0","146.6958,-0.0002121997,30_144.6958,-0.0002121997,30_144.6958,-0.0002121997,28_146.6958,-0.0002121997,28",0,"1,1,1",Prefab/PuzzleMap/Prop/P_Tizi_1.prefab,,,8,0,,0,0,0,0,0,0,,,,0,,0
324,101,85010,"169.394546508789,0,162.640563964844",10,0,"0,0,0","171.3945,-0.0002121997,163.2406_167.3945,-0.0002121997,163.2406_167.3945,-0.0002121997,162.0406_171.3945,-0.0002121997,162.0406",1,"1,1,1",Prefab/PuzzleMap/Prop/P_ZhaYao_1.prefab,85011,,8,0,,0,0,0,0,0,0,,,,0,,0
325,101,85011,"167.394546508789,0,156.640563964844",11,0,"0,0,0","86,-0.0002121997,57_82,-0.0002121997,57_82,-0.0002121997,53_86,-0.0002121997,53",0,"1,1,1",Prefab/PuzzleMap/Prop/P_HuDun_1.prefab,,,8,0,,0,0,0,0,0,0,,,,0,,0
326,101,85012,"199.394546508789,0,146.640563964844",41,0,"0,0,0","201.3945,-0.0002121997,148.6406_197.3945,-0.0002121997,148.6406_197.3945,-0.0002121997,144.6406_201.3945,-0.0002121997,144.6406",1,"1,1,1",Prefab/PuzzleMap/Prop/Empty.prefab,85013,,8,0,,0,0,0,0,0,0,,,,0,,0
327,101,85013,"211.394546508789,0,146.640563964844",42,0,"0,0,0","212.4946,1.999758,147.7406_210.2945,1.999758,147.7406_210.2945,1.999758,145.5406_212.4946,1.999758,145.5406",1,"1,1,1",Prefab/PuzzleMap/Prop/P_HugeRock_2_Keng.prefab,,85012,8,0,,0,0,0,0,0,0,,,,0,,0
328,101,85025,"254.394546508789,0,160.640563964844",33,0,"0,0,0","257.8945,-0.0002121997,161.6406_250.8945,-0.0002121997,161.6406_250.8945,-0.0002121997,159.6406_257.8945,-0.0002121997,159.6406",1,"1,1,1",Prefab/PuzzleMap/Prop/P_Shizhu_1.prefab,,,8,0,,0,0,0,0,0,0,,,,0,,0
329,101,85026,"254.394546508789,0,164.640563964844",34,0,"0,0,0",,0,"1,1,1",Prefab/PuzzleMap/Prop/Empty.prefab,85025,,8,0,,0,0,0,0,0,0,,,,0,,0
330,101,85027,"250.894546508789,0,149.640563964844",33,0,"0,90,0","251.8945,-0.0002121997,146.1406_251.8945,-0.0002121997,153.1406_249.8945,-0.0002121997,153.1406_249.8945,-0.0002121997,146.1406",1,"1,1,1",Prefab/PuzzleMap/Prop/P_Shizhu_1.prefab,,,8,0,,0,0,0,0,0,0,,,,0,,0
331,101,85028,"257.39453125,0,149.640563964844",34,0,"0,0,0",,0,"1,1,1",Prefab/PuzzleMap/Prop/Empty.prefab,85027,85031,8,0,,0,0,0,0,0,0,,,,0,,0
332,101,85029,"245.643157958984,0,168.334579467773",2,5,"0,0,0",,0,"1,1,1",,,,8,,"245.64,0.00,168.33,261.14,0.00,168.33,261.14,0.00,145.15,245.64,0.00,145.15",,,,,,,,,,,,
333,101,85030,"201.610229492188,0,168.354248046875",2,7,"0,0,0",,0,"1,1,1",,,,8,,"201.61,0.00,168.35,221.35,0.00,168.35,221.35,0.00,150.62,201.61,0.00,150.62",,,,,,,,,,,,
334,101,85032,"243.394546508789,0,158.640563964844",39,0,"0,0,0","245.3945,-0.0002121997,160.6406_241.3945,-0.0002121997,160.6406_241.3945,-0.0002121997,156.6406_245.3945,-0.0002121997,156.6406",1,"1,1,1",Prefab/PuzzleMap/Prop/P_BingZhu_01.prefab,85033,,8,0,,0,0,0,0,0,0,,,,0,,0
335,101,85033,"239.394546508789,0,158.640563964844",40,0,"0,90,0","241.3945,-0.0002121997,156.6406_241.3945,-0.0002121997,160.6406_237.3945,-0.0002121997,160.6406_237.3945,-0.0002121997,156.6406",1,"1,1,1",Prefab/PuzzleMap/Prop/P_HuoPen.prefab,,85032,8,0,,0,0,0,0,0,0,,,,0,,0
336,101,85034,"247.726333618164,0,148.915390014648",15,0,"0,0,0","248.7263,-0.0002121997,149.9154_246.7263,-0.0002121997,149.9154_246.7263,-0.0002121997,147.9154_248.7263,-0.0002121997,147.9154",1,"1,1,1",Prefab/PuzzleMap/Prop/P_Zhangai_03.prefab,,,8,0,,0,0,0,0,0,0,,,,0,,0
337,101,85035,"259.39453125,0,149.640563964844",15,0,"0,0,0","260.3945,-0.0002121997,150.6406_258.3945,-0.0002121997,150.6406_258.3945,-0.0002121997,148.6406_260.3945,-0.0002121997,148.6406",1,"1,1,1",Prefab/PuzzleMap/Prop/P_Zhangai_03.prefab,,,8,0,,0,0,0,0,0,0,,,,0,,0
338,101,85036,"253.394546508789,0,166.640563964844",15,0,"0,0,0","254.3945,-0.0002121997,167.6406_252.3945,-0.0002121997,167.6406_252.3945,-0.0002121997,165.6406_254.3945,-0.0002121997,165.6406",1,"1,1,1",Prefab/PuzzleMap/Prop/P_Zhangai_03.prefab,,,8,0,,0,0,0,0,0,0,,,,0,,0
339,101,85037,"252,0,156",15,0,"0,0,0","253,-0.0002121997,157_251,-0.0002121997,157_251,-0.0002121997,155_253,-0.0002121997,155",1,"1,1,1",Prefab/PuzzleMap/Prop/P_Zhangai_03.prefab,,,8,0,,0,0,0,0,0,0,,,,0,,0
340,101,85038,"57.9393196105957,60.00311,87.3631134033203",14,0,"0,0,0",,0,"1,1,1",Prefab/PuzzleMap/Prop/P_ChuanSongZhen.prefab,0,,8,0,,0,0,0,0,0,0,,,,0,,0
341,101,94906,"42,60.00311,12",12,0,"0,0,0",,0,"1,1,1",Prefab/PuzzleMap/Prop/Empty.prefab,,,9,0,,0,0,0,0,0,0,,,,0,,0
342,101,94916,"56.9790802001953,60.00311,86.9196548461914",14,0,"0,0,0",,0,"1,1,1",Prefab/PuzzleMap/Prop/P_ChuanSongZhen.prefab,0,,9,0,,0,0,0,0,0,0,,,,0,,0
343,101,104863,"71.749885559082,0,-3.74992942810059",4,1,"0,0,0","43.25017,17.00316,7.500025_39.25017,17.00316,7.500025_39.25017,17.00316,4.500025_43.25017,17.00316,4.500025",0,"1,1,1",Prefab/PuzzleMap/Prop/P_Chest_01.prefab,,,10,0,,0,0,100001,0,0,0,,,,0,,0
344,101,104864,"184.250335693359,0,25.250186920166",4,2,"0,270,0","152.2506,18.25325,37.00014_152.2506,18.25325,33.00014_155.2506,18.25325,33.00014_155.2506,18.25325,37.00014",0,"1,1,1",Prefab/PuzzleMap/Prop/P_Chest_02.prefab,,,10,0,,0,0,100006,0,0,0,,,,0,,0
345,101,104865,"101,0,-21",4,3,"0,90,0","72.00028,18.25313,-13.25005_72.00028,18.25313,-9.250046_69.00028,18.25313,-9.250046_69.00028,18.25313,-13.25005",0,"1,1,1",Prefab/PuzzleMap/Prop/P_Chest_03.prefab,,,10,0,,0,0,100003,0,0,0,,,,0,,0
346,101,104866,"42,60.00311,12",12,0,"0,0,0",,0,"1,1,1",Prefab/PuzzleMap/Prop/Empty.prefab,,,10,0,,0,0,0,0,0,0,,,,0,,0
347,101,104867,"265.249755859375,0,57.7495193481445",16,3,"0,90,0","265.7498,18.25325,55.74952_265.7498,18.25325,59.74952_264.7498,18.25325,59.74952_264.7498,18.25325,55.74952",1,"1,1,1",Prefab/PuzzleMap/Prop/P_Door_01_green.prefab,104868,,10,0,,0,0,0,0,0,0,,,,0,,0
348,101,104868,"210.249755859375,0,98.7495193481445",3,3,"0,0,0","31,18.25308,111.5_29,18.25308,111.5_29,18.25308,109.5_31,18.25308,109.5",0,"1,1,1",Prefab/PuzzleMap/Prop/Key_Green.prefab,,,10,0,,0,0,0,0,0,0,,,,0,,0
349,101,104869,"219.749755859375,0,92.7495193481445",55,0,"0,90,0","220.7498,18.25308,90.74952_220.7498,18.25308,94.74952_218.7498,18.25308,94.74952_218.7498,18.25308,90.74952",1,"1,1,1",Prefab/PuzzleMap/Prop/P_StoneWall_1.prefab,104870,0,10,0,,0,0,0,0,0,0,,,,0,,0
350,101,104870,"269.749755859375,0,72.7495193481445",53,0,"0,0,0","90.5,19.75319,85.5_88.5,19.75319,85.5_88.5,19.75319,83.5_90.5,19.75319,83.5",0,"1,1,1",Prefab/PuzzleMap/Prop/P_Gaotou_1.prefab,,,10,0,,0,0,0,0,0,0,,,,0,,0
351,101,104871,"146.499618530273,0,53.9997863769531",4,3,"0,180,0","-35.75014,18.25308,64.25027_-31.75014,18.25308,64.25027_-31.75014,18.25308,67.25027_-35.75014,18.25308,67.25027",0,"1,1,1",Prefab/PuzzleMap/Prop/P_Chest_03.prefab,,,10,0,,0,0,100004,0,0,0,,,,0,,0
352,101,104872,"337.250396728516,0,31.2496948242188",4,4,"0,270,0","155.5006,18.24997,45.00018_155.5006,18.24997,41.00018_158.5006,18.24997,41.00018_158.5006,18.24997,45.00018",0,"1,1,1",,,,10,0,,0,0,100005,0,0,0,,,,0,,0
353,101,104873,"230.249954223633,0,50.7497711181641",54,0,"0,180,0","228.25,17.00316,49.74977_232.25,17.00316,49.74977_232.25,17.00316,51.74977_228.25,17.00316,51.74977",1,"1,1,1",Prefab/PuzzleMap/Prop/P_SoilWall_1.prefab,,,10,0,,0,0,0,0,0,0,,,,0,,0
354,101,104874,"222.749755859375,0,32.749698638916",5,1,"0,90,0","223.2498,17.00316,30.7497_223.2498,17.00316,34.7497_222.2498,17.00316,34.7497_222.2498,17.00316,30.7497",1,"1,1,1",Prefab/Role/Monster/m_general_01_lv1_co01.prefab,,,10,0,,0,0,0,100201,0,0,,,,0,,0
355,101,104875,"229.249755859375,0,68.2495193481445",5,2,"0,90,0","229.7498,19.75319,66.24952_229.7498,19.75319,70.24952_228.7498,19.75319,70.24952_228.7498,19.75319,66.24952",1,"1,1,1",Prefab/Role/Monster/m_general_01_lv2_co01.prefab,,,10,0,,0,0,0,100302,0,0,,,,0,,0
356,101,104876,"215.249755859375,0,32.9997024536133",6,0,"0,0,0","36.5,16.99988,46.75018_33.5,16.99988,46.75018_33.5,16.99988,42.75018_36.5,16.99988,42.75018",0,"1,1,1",Prefab/PuzzleMap/Prop/P_Jiguan_01.prefab,,"104877,104878,104879",10,0,,0,0,0,0,0,0,,,,0,,0
357,101,104877,"247.749755859375,0,49.2495193481445",7,0,"0,0,0","249.2498,18.25308,50.24952_246.2498,18.25308,50.24952_246.2498,18.25308,48.24952_249.2498,18.25308,48.24952",1,"1,1,1",Prefab/PuzzleMap/Prop/P_Fuqiao_01.prefab,104876,,10,0,,0,0,0,0,0,0,,,,0,,0
358,101,104878,"247.749755859375,0,47.2495193481445",7,0,"0,0,0","249.2498,18.25308,48.24952_246.2498,18.25308,48.24952_246.2498,18.25308,46.24952_249.2498,18.25308,46.24952",1,"1,1,1",Prefab/PuzzleMap/Prop/P_Fuqiao_01.prefab,104876,,10,0,,0,0,0,0,0,0,,,,0,,0
359,101,104879,"247.749755859375,0,45.2495193481445",7,0,"0,0,0","249.2498,18.25308,46.24952_246.2498,18.25308,46.24952_246.2498,18.25308,44.24952_249.2498,18.25308,44.24952",1,"1,1,1",Prefab/PuzzleMap/Prop/P_Fuqiao_01.prefab,104876,,10,0,,0,0,0,0,0,0,,,,0,,0
360,101,104880,"256.749755859375,0,68.2495193481445",5,3,"0,270,0","256.2498,20.24994,70.24952_256.2498,20.24994,66.24952_257.2498,20.24994,66.24952_257.2498,20.24994,70.24952",1,"1,1,1",Prefab/Role/Monster/m_general_01_lv3_co01.prefab,,,10,0,,0,0,0,100301,0,0,,,,0,,0
361,101,104881,"444.999755859375,0,-77.2504806518555",4,2,"0,0,0","266.75,0.003078586,-64_262.75,0.003078586,-64_262.75,0.003078586,-67_266.75,0.003078586,-67",0,"1,1,1",Prefab/PuzzleMap/Prop/P_Chest_02.prefab,,,10,0,,0,0,0,0,0,0,,,,0,,0
362,101,104882,"440.999755859375,0,-63.2504806518555",4,2,"0,270,0","259.25,0.003078586,-49.5_259.25,0.003078586,-53.5_262.25,0.003078586,-53.5_262.25,0.003078586,-49.5",0,"1,1,1",Prefab/PuzzleMap/Prop/P_Chest_02.prefab,,,10,0,,0,0,0,0,0,0,,,,0,,0
363,101,104883,"430.999755859375,0,-51.7504806518555",16,10,"0,90,0","431.4998,19.75319,-53.75048_431.4998,19.75319,-49.75048_430.4998,19.75319,-49.75048_430.4998,19.75319,-53.75048",1,"1,1,1",Prefab/PuzzleMap/Prop/P_Door_01.prefab,0,,10,0,,0,0,0,0,0,0,,,,0,,0
364,101,104884,"345.750427246094,0,68.7498474121094",20,1,"0,0,0","167.0007,18.24997,82.00033_164.0007,18.24997,82.00033_164.0007,18.24997,79.00033_167.0007,18.24997,79.00033",0,"1,1,1",Prefab/PuzzleMap/Prop/P_Jiguan_02.prefab,104885,104886,10,0,,0,0,0,0,0,0,,,,0,,0
365,101,104885,"134.449554443359,0,-29.3905258178711",19,1,"0,0,0","-44.3002,19.74991,-16.14005_-47.3002,19.74991,-16.14005_-47.3002,19.74991,-19.14005_-44.3002,19.74991,-19.14005",0,"1,1,1",Prefab/PuzzleMap/Prop/P_StoneBall_01.prefab,,,10,0,,0,0,0,0,0,0,,,,0,,0
366,101,104886,"244.999755859375,0,93.2495193481445",16,9,"0,0,0","246.9998,18.24997,93.74952_242.9998,18.24997,93.74952_242.9998,18.24997,92.74952_246.9998,18.24997,92.74952",1,"1,1,1",Prefab/PuzzleMap/Prop/P_ZhaMen_01.prefab,104884,,10,0,,0,0,0,0,0,0,,,,0,,0
367,101,104887,"424.999755859375,0,-63.2504806518555",5,4,"0,180,0","422.9998,0.003078586,-63.75048_426.9998,0.003078586,-63.75048_426.9998,0.003078586,-62.75048_422.9998,0.003078586,-62.75048",1,"1,1,1",Prefab/Role/Monster/m_general_01_lv4_co01.prefab,,,10,0,,0,0,0,0,0,0,,,,0,,0
368,101,104888,"132.249557495117,0,-22.7505264282227",35,0,"0,0,0","133.2496,19.74991,-21.75053_131.2496,19.74991,-21.75053_131.2496,19.74991,-23.75053_133.2496,19.74991,-23.75053",1,"1,1,1",Prefab/PuzzleMap/Prop/P_TianPing.prefab,104890,104885,10,0,,0,0,0,0,0,0,,,,0,,0
369,101,104889,"140.249557495117,0,-26.7505264282227",36,0,"0,0,0","-39.0002,19.74991,-14.00005_-41.0002,19.74991,-14.00005_-41.0002,19.74991,-16.00005_-39.0002,19.74991,-16.00005",0,"1,1,1",Prefab/PuzzleMap/Prop/P_IronBox_1.prefab,,,10,0,,0,0,0,0,0,0,,,,0,,0
370,101,104890,"140.249557495117,0,-23.7505264282227",37,0,"0,0,0","-39.0002,19.74991,-11.00005_-41.0002,19.74991,-11.00005_-41.0002,19.74991,-13.00005_-39.0002,19.74991,-13.00005",0,"1,1,1",Prefab/PuzzleMap/Prop/P_StoneBox_1.prefab,,,10,0,,0,0,0,0,0,0,,,,0,,0
371,101,104891,"140.249557495117,0,-29.7505264282227",38,0,"0,0,0","-39.0002,19.74991,-17.00005_-41.0002,19.74991,-17.00005_-41.0002,19.74991,-19.00005_-39.0002,19.74991,-19.00005",0,"1,1,1",Prefab/PuzzleMap/Prop/P_WoodBox_1.prefab,,,10,0,,0,0,0,0,0,0,,,,0,,0
372,101,104893,"177.249740600586,0,-11.5004806518555",4,4,"0,180,0","-5.000011,17.00316,-1.25_-1.000012,17.00316,-1.25_-1.000011,17.00316,1.75_-5.000011,17.00316,1.75",0,"1,1,1",,,,10,0,,0,0,100002,0,0,0,,,,0,,0
373,101,104894,"438.249755859375,0,-41.2504806518555",4,4,"0,270,0","256.5,0.003078586,-27.5_256.5,0.003078586,-31.5_259.5,0.003078586,-31.5_259.5,0.003078586,-27.5",0,"1,1,1",,,,10,0,,0,0,0,0,0,0,,,,0,,0
374,101,104895,"428.249755859375,0,-41.2504806518555",5,1,"0,90,0","428.7498,0.003078586,-43.25048_428.7498,0.003078586,-39.25048_427.7498,0.003078586,-39.25048_427.7498,0.003078586,-43.25048",1,"1,1,1",Prefab/Role/Monster/m_general_01_lv1_co01.prefab,,,10,0,,0,0,0,0,0,0,,,,0,,0
375,101,104896,"414.999755859375,0,-57.2504806518555",4,2,"0,0,0","236.75,0.003078586,-44_232.75,0.003078586,-44_232.75,0.003078586,-47_236.75,0.003078586,-47",0,"1,1,1",Prefab/PuzzleMap/Prop/P_Chest_02.prefab,,,10,0,,0,0,0,0,0,0,,,,0,,0
376,101,104897,"424.249755859375,0,-39.2504806518555",48,0,"0,34.9999885559082,0","246.3759,0.003078586,-26.72206_243.9184,0.003078586,-25.00133_241.6241,0.003078586,-28.27794_244.0816,0.003078586,-29.99867",0,"1,1,1",Prefab/PuzzleMap/Prop/P_DaPao_1.prefab,104899,104898,10,0,,0,0,0,0,0,0,,,,0,,0
377,101,104898,"432.249755859375,0,-29.2504806518555",49,0,"0,0,0","434.2498,0.003078586,-28.25048_430.2498,0.003078586,-28.25048_430.2498,0.003078586,-30.25048_434.2498,0.003078586,-30.25048",1,"1,1,1",Prefab/PuzzleMap/Prop/P_ShiKuai_A.prefab,104897,,10,0,,0,0,0,0,0,0,,,,0,,0
378,101,104899,"442.249755859375,0,-23.2504806518555",50,0,"0,0,0","263,0.003078586,-10.5_261,0.003078586,-10.5_261,0.003078586,-12.5_263,0.003078586,-12.5",0,"1,1,1",Prefab/PuzzleMap/Prop/P_PaoDan_1.prefab,,,10,0,,0,0,0,0,0,0,,,,0,,0
379,101,104900,"424.249755859375,0,-35.2504806518555",10,0,"0,0,0","426.2498,0.003078586,-34.65048_422.2498,0.003078586,-34.65048_422.2498,0.003078586,-35.85048_426.2498,0.003078586,-35.85048",1,"1,1,1",Prefab/PuzzleMap/Prop/P_ZhaYao_1.prefab,0,,10,0,,0,0,0,0,0,0,,,,0,,0
380,101,104901,"439.249755859375,0,-36.2504806518555",11,0,"0,0,0","261,0.003078586,-22.5_257,0.003078586,-22.5_257,0.003078586,-26.5_261,0.003078586,-26.5",0,"1,1,1",Prefab/PuzzleMap/Prop/P_HuDun_1.prefab,,,10,0,,0,0,0,0,0,0,,,,0,,0
381,101,104902,"442.249755859375,0,-32.2504806518555",43,0,"0,270,0","440.2498,0.003078586,-27.25048_440.2498,0.003078586,-33.25048_444.2498,0.003078586,-33.25048_444.2498,0.003078586,-27.25048",1,"1,1,1",Prefab/PuzzleMap/Prop/P_Diaoqiao_01.prefab,104903,,10,0,,0,0,0,0,0,0,,,,0,,0
382,101,104903,"419.249755859375,0,-36.2504806518555",44,0,"0,0,0","240,0.003078586,-23.5_238,0.003078586,-23.5_238,0.003078586,-25.5_240,0.003078586,-25.5",0,"1,1,1",Prefab/PuzzleMap/Prop/P_huoba_1.prefab,,,10,0,,0,0,0,0,0,0,,,,0,,0
383,101,104904,"437.249755859375,0,-27.2504806518555",4,3,"0,90,0","258.5,0.003078586,-17.5_258.5,0.003078586,-13.5_255.5,0.003078586,-13.5_255.5,0.003078586,-17.5",0,"1,1,1",Prefab/PuzzleMap/Prop/P_Chest_03.prefab,,,10,0,,0,0,0,0,0,0,,,,0,,0
384,101,104905,"434.249755859375,0,-17.2504806518555",16,3,"0,0,0","436.2498,0.003078586,-16.75048_432.2498,0.003078586,-16.75048_432.2498,0.003078586,-17.75048_436.2498,0.003078586,-17.75048",1,"1,1,1",Prefab/PuzzleMap/Prop/P_Door_01_green.prefab,104906,,10,0,,0,0,0,0,0,0,,,,0,,0
385,101,104906,"400.249755859375,0,-24.2504806518555",3,3,"0,0,0","221,0.003078586,-11.5_219,0.003078586,-11.5_219,0.003078586,-13.5_221,0.003078586,-13.5",0,"1,1,1",Prefab/PuzzleMap/Prop/Key_Green.prefab,,,10,0,,0,0,0,0,0,0,,,,0,,0
386,101,104907,"419.249755859375,0,-22.2504806518555",23,0,"0,0,0",,0,"1,1,1",Prefab/PuzzleMap/Prop/P_CSshiban_1.prefab,,,10,0,,0,0,0,0,0,0,,,,0,,0
387,101,104908,"419.249755859375,0,-22.2504806518555",24,0,"0,0,0","420.7498,0.003078586,-20.75048_417.7498,0.003078586,-20.75048_417.7498,0.003078586,-23.75048_420.7498,0.003078586,-23.75048",1,"1,1,1",Prefab/PuzzleMap/Prop/P_CSzhangai_1.prefab,,,10,0,,0,0,0,0,0,0,,,,0,,0
388,101,104910,"420.249755859375,0,-31.2504806518555",5,1,"0,90,0","420.7498,0.003078586,-33.25048_420.7498,0.003078586,-29.25048_419.7498,0.003078586,-29.25048_419.7498,0.003078586,-33.25048",1,"1,1,1",Prefab/Role/Monster/m_general_01_lv1_co01.prefab,,,10,0,,0,0,0,0,0,0,,,,0,,0
389,101,104911,"434.249755859375,0,-23.2504806518555",4,3,"0,270,0","252.5,0.003078586,-9.5_252.5,0.003078586,-13.5_255.5,0.003078586,-13.5_255.5,0.003078586,-9.5",0,"1,1,1",Prefab/PuzzleMap/Prop/P_Chest_03.prefab,,,10,0,,0,0,0,0,0,0,,,,0,,0
390,101,104912,"409.249755859375,0,-33.2504806518555",25,0,"0,0,0","410.7498,0.003078586,-31.75048_407.7498,0.003078586,-31.75048_407.7498,0.003078586,-34.75048_410.7498,0.003078586,-34.75048",1,"1,1,1",Prefab/PuzzleMap/Prop/P_DianJu.prefab,,,10,0,,0,0,0,0,0,0,,,,0,,0
391,101,104913,"412.249755859375,0,-36.2504806518555",5,2,"0,180,0","410.2498,0.003078586,-36.75048_414.2498,0.003078586,-36.75048_414.2498,0.003078586,-35.75048_410.2498,0.003078586,-35.75048",1,"1,1,1",Prefab/Role/Monster/m_general_01_lv2_co01.prefab,,,10,0,,0,0,0,0,0,0,,,,0,,0
392,101,104914,"412.249755859375,0,-15.2504806518555",4,1,"0,180,0","230,0.003078586,-5_234,0.003078586,-5_234,0.003078586,-2_230,0.003078586,-2",0,"1,1,1",Prefab/PuzzleMap/Prop/P_Chest_01.prefab,,,10,0,,0,0,0,0,0,0,,,,0,,0
393,101,104915,"416.249755859375,0,-32.2504806518555",4,2,"0,90,0","237.5,0.003078586,-22.5_237.5,0.003078586,-18.5_234.5,0.003078586,-18.5_234.5,0.003078586,-22.5",0,"1,1,1",Prefab/PuzzleMap/Prop/P_Chest_02.prefab,,,10,0,,0,0,0,0,0,0,,,,0,,0
394,101,104916,"402.249755859375,0,-25.2504806518555",16,8,"0,90,0","402.7498,0.003078586,-27.25048_402.7498,0.003078586,-23.25048_401.7498,0.003078586,-23.25048_401.7498,0.003078586,-27.25048",1,"1,1,1",Prefab/PuzzleMap/Prop/P_ZhaMen_01.prefab,"104917,104919",,10,0,,0,0,0,0,0,0,,,,0,,0
395,101,104917,"415.249755859375,0,-20.2504806518555",52,2,"0,0,0",,0,"1,1,1",Prefab/PuzzleMap/Prop/P_Box_DiKuai_Fire.prefab,104918,104916,10,0,,0,0,0,0,0,0,,,,0,,0
396,101,104918,"407.249755859375,0,-26.2504806518555",51,2,"0,0,0","408.2498,0.003078586,-25.25048_406.2498,0.003078586,-25.25048_406.2498,0.003078586,-27.25048_408.2498,0.003078586,-27.25048",1,"1,1,1",Prefab/PuzzleMap/Prop/P_PushBox_3.prefab,,,10,0,,0,0,0,0,0,0,,,,0,,0
397,101,104919,"403.249755859375,0,-28.2504806518555",52,4,"0,0,0",,0,"1,1,1",Prefab/PuzzleMap/Prop/P_Box_DiKuai_Ice.prefab,104920,104916,10,0,,0,0,0,0,0,0,,,,0,,0
398,101,104920,"411.249755859375,0,-22.2504806518555",51,4,"0,0,0","412.2498,0.003078586,-21.25048_410.2498,0.003078586,-21.25048_410.2498,0.003078586,-23.25048_412.2498,0.003078586,-23.25048",1,"1,1,1",Prefab/PuzzleMap/Prop/P_PushBox_2.prefab,,,10,0,,0,0,0,0,0,0,,,,0,,0
399,101,104921,"409.249755859375,0,-24.2504806518555",56,1,"0,0,0",,0,"1,1,1",Prefab/PuzzleMap/Prop/P_Zhangai_b.prefab,,,10,0,,0,0,0,0,0,0,,,,0,,0
400,101,104922,"403.249755859375,0,-30.2504806518555",56,0,"0,0,0",,0,"1,1,1",Prefab/PuzzleMap/Prop/P_DiKuai_Jia.prefab,,,10,0,,0,0,0,0,0,0,,,,0,,0
401,101,104923,"405.249755859375,0,-30.2504806518555",56,0,"0,0,0",,0,"1,1,1",Prefab/PuzzleMap/Prop/P_DiKuai_Jia.prefab,,,10,0,,0,0,0,0,0,0,,,,0,,0
402,101,104924,"407.249755859375,0,-30.2504806518555",56,0,"0,0,0",,0,"1,1,1",Prefab/PuzzleMap/Prop/P_DiKuai_Jia.prefab,,,10,0,,0,0,0,0,0,0,,,,0,,0
403,101,104925,"409.249755859375,0,-30.2504806518555",56,0,"0,0,0",,0,"1,1,1",Prefab/PuzzleMap/Prop/P_DiKuai_Jia.prefab,,,10,0,,0,0,0,0,0,0,,,,0,,0
404,101,104926,"411.249755859375,0,-30.2504806518555",56,0,"0,0,0",,0,"1,1,1",Prefab/PuzzleMap/Prop/P_DiKuai_Jia.prefab,,,10,0,,0,0,0,0,0,0,,,,0,,0
405,101,104927,"413.249755859375,0,-30.2504806518555",56,0,"0,0,0",,0,"1,1,1",Prefab/PuzzleMap/Prop/P_DiKuai_Jia.prefab,,,10,0,,0,0,0,0,0,0,,,,0,,0
406,101,104930,"415.249755859375,0,-26.2504806518555",56,0,"0,0,0",,0,"1,1,1",Prefab/PuzzleMap/Prop/P_DiKuai_Jia.prefab,,,10,0,,0,0,0,0,0,0,,,,0,,0
407,101,104931,"415.249755859375,0,-24.2504806518555",56,0,"0,0,0",,0,"1,1,1",Prefab/PuzzleMap/Prop/P_DiKuai_Jia.prefab,,,10,0,,0,0,0,0,0,0,,,,0,,0
408,101,104932,"415.249755859375,0,-22.2504806518555",56,0,"0,0,0",,0,"1,1,1",Prefab/PuzzleMap/Prop/P_DiKuai_Jia.prefab,,,10,0,,0,0,0,0,0,0,,,,0,,0
409,101,104933,"403.249755859375,0,-26.2504806518555",56,0,"0,0,0",,0,"1,1,1",Prefab/PuzzleMap/Prop/P_DiKuai_Jia.prefab,,,10,0,,0,0,0,0,0,0,,,,0,,0
410,101,104934,"415.249755859375,0,-18.2504806518555",56,0,"0,0,0",,0,"1,1,1",Prefab/PuzzleMap/Prop/P_DiKuai_Jia.prefab,,,10,0,,0,0,0,0,0,0,,,,0,,0
411,101,104935,"413.249755859375,0,-18.2504806518555",56,0,"0,0,0",,0,"1,1,1",Prefab/PuzzleMap/Prop/P_DiKuai_Jia.prefab,,,10,0,,0,0,0,0,0,0,,,,0,,0
412,101,104936,"411.249755859375,0,-18.2504806518555",56,0,"0,0,0",,0,"1,1,1",Prefab/PuzzleMap/Prop/P_DiKuai_Jia.prefab,,,10,0,,0,0,0,0,0,0,,,,0,,0
413,101,104937,"409.249755859375,0,-18.2504806518555",56,0,"0,0,0",,0,"1,1,1",Prefab/PuzzleMap/Prop/P_DiKuai_Jia.prefab,,,10,0,,0,0,0,0,0,0,,,,0,,0
414,101,104938,"407.249755859375,0,-18.2504806518555",56,0,"0,0,0",,0,"1,1,1",Prefab/PuzzleMap/Prop/P_DiKuai_Jia.prefab,,,10,0,,0,0,0,0,0,0,,,,0,,0
415,101,104939,"405.249755859375,0,-18.2504806518555",56,0,"0,0,0",,0,"1,1,1",Prefab/PuzzleMap/Prop/P_DiKuai_Jia.prefab,,,10,0,,0,0,0,0,0,0,,,,0,,0
416,101,104940,"403.249755859375,0,-18.2504806518555",56,0,"0,0,0",,0,"1,1,1",Prefab/PuzzleMap/Prop/P_DiKuai_Jia.prefab,,,10,0,,0,0,0,0,0,0,,,,0,,0
417,101,104941,"403.249755859375,0,-20.2504806518555",56,0,"0,0,0",,0,"1,1,1",Prefab/PuzzleMap/Prop/P_DiKuai_Jia.prefab,,,10,0,,0,0,0,0,0,0,,,,0,,0
418,101,104942,"403.249755859375,0,-22.2504806518555",56,0,"0,0,0",,0,"1,1,1",Prefab/PuzzleMap/Prop/P_DiKuai_Jia.prefab,,,10,0,,0,0,0,0,0,0,,,,0,,0
419,101,104943,"403.249755859375,0,-24.2504806518555",56,0,"0,0,0",,0,"1,1,1",Prefab/PuzzleMap/Prop/P_DiKuai_Jia.prefab,,,10,0,,0,0,0,0,0,0,,,,0,,0
420,101,104944,"59.6183395385742,0,148.000701904297",2,1,"0,0,0",,0,"1,1,1",,,,10,,"59.62,0.00,148.00,79.79,0.00,148.00,79.79,0.00,118.82,59.62,0.00,118.82",,,,,,,100001_1,,,,,
421,101,104945,"63.2733039855957,0,119.960906982422",2,6,"0,0,0",,0,"1,1,1",,,,10,,"63.27,0.00,121.75,66.20,0.00,121.75,66.20,0.00,118.80,63.27,0.00,118.80",,,,,,,100001_1,100001_1,,,,
422,101,104946,"63.2822456359863,0,118.69847869873",0,0,"0,0,0",,0,"1,1,1",,,,10,,"63.28,0.00,118.70,66.26,0.00,118.70,66.26,0.00,106.50,63.28,0.00,106.50",,,,,,,100001_0,,,,"3,104948",
423,101,104947,"63.3269462585449,47.95323,106.320960998535",0,0,"0,0,0",,0,"1,1,1",,,,10,,"63.33,0.00,106.32,66.23,0.00,106.32,66.23,0.00,102.89,63.33,0.00,102.89",,,,,,,100001_0,100001_0,,,,
424,101,104948,"245.000015258789,0,106",62,3,"0,0,0",,0,"1,1,1",Prefab/PuzzleMap/Prop/Empty.prefab,,,10,0,,0,0,0,0,0,0,,,104945,0,,0
425,101,115103,"49,0,27",4,3,"0,270,0","48.5,10.00301,28_48.5,10.00301,26_49.5,10.00301,26_49.5,10.00301,28",0,"1,1,1",Prefab/PuzzleMap/Prop/P_Chest_03.prefab,,,11,0,,0,0,110004,0,0,0,,,,0,,0
426,101,115104,"37,0,28",4,2,"0,90,0","37.5,10.00301,27_37.5,10.00301,29_36.5,10.00301,29_36.5,10.00301,27",0,"1,1,1",Prefab/PuzzleMap/Prop/P_Chest_02.prefab,,,11,0,,0,0,110002,0,0,0,,,,0,,0
427,101,115105,"41,0,13",12,0,"0,0,0",,0,"1,1,1",Prefab/PuzzleMap/Prop/Empty.prefab,,,11,0,,0,0,0,0,0,0,,,,0,,0
428,101,115106,"45,0,27",16,3,"0,90,0","45.5,10.00301,25_45.5,10.00301,29_44.5,10.00301,29_44.5,10.00301,25",1,"1,1,1",Prefab/PuzzleMap/Prop/P_Door_01_green.prefab,115107,,11,0,,0,0,0,0,0,0,,,,0,,0
429,101,115107,"28,0,42",3,3,"0,0,0","28.5,10.00301,42.5_27.5,10.00301,42.5_27.5,10.00301,41.5_28.5,10.00301,41.5",0,"1,1,1",Prefab/PuzzleMap/Prop/Key_Green.prefab,,,11,0,,0,0,0,0,0,0,,,,0,,0
430,101,115108,"30,0,41",55,0,"0,90,0","31,10.00301,39_31,10.00301,43_29,10.00301,43_29,10.00301,39",1,"1,1,1",Prefab/PuzzleMap/Prop/P_StoneWall_1.prefab,115109,,11,0,,0,0,0,0,0,0,,,,0,,0
431,101,115109,"47,0,33",53,0,"0,0,0","47.5,10.00301,33.5_46.5,10.00301,33.5_46.5,10.00301,32.5_47.5,10.00301,32.5",0,"1,1,1",Prefab/PuzzleMap/Prop/P_Gaotou_1.prefab,,,11,0,,0,0,0,0,0,0,,,,0,,0
432,101,115110,"33,0,44",4,2,"0,180,0","32,10.00301,43.5_34,10.00301,43.5_34,10.00301,44.5_32,10.00301,44.5",0,"1,1,1",Prefab/PuzzleMap/Prop/P_Chest_02.prefab,,,11,0,,0,0,110003,0,0,0,,,,0,,0
433,101,115113,"33,0,23.5",5,1,"0,180,0","31,10.00301,23_35,10.00301,23_35,10.00301,24_31,10.00301,24",1,"1,1,1",Prefab/Role/Monster/m_general_01_lv1_co01.prefab,,,11,0,,0,0,0,110201,0,0,,,,0,,0
434,101,115114,"37,0,63.2571792602539",6,0,"0,0,0","38,10.00301,64.25718_36,10.00301,64.25718_36,10.00301,62.25718_38,10.00301,62.25718",0,"1,1,1",Prefab/PuzzleMap/Prop/P_Jiguan_01.prefab,,"115115,115116,115117",11,0,,0,0,0,0,0,0,,,,0,"0,115231",0
435,101,115231,"37,0,66",62,7,"0,0,0",,0,"1,1,1",Prefab/PuzzleMap/Prop/Empty.prefab,,,11,0,,0,0,0,0,0,0,,,115116,0,,2
436,101,115115,"47.9143600463867,0,51.9159393310547",7,0,"0,90,0","48.91436,10.00301,50.41594_48.91436,10.00301,53.41594_46.91436,10.00301,53.41594_46.91436,10.00301,50.41594",1,"1,1,1",Prefab/PuzzleMap/Prop/P_Fuqiao_01.prefab,115114,,11,0,,0,0,0,0,0,0,,,,0,,0
437,101,115116,"45.9143600463867,0,51.9159393310547",7,0,"0,90,0","46.91436,10.00301,50.41594_46.91436,10.00301,53.41594_44.91436,10.00301,53.41594_44.91436,10.00301,50.41594",1,"1,1,1",Prefab/PuzzleMap/Prop/P_Fuqiao_01.prefab,115114,,11,0,,0,0,0,0,0,0,,,,0,,0
438,101,115118,"43.5999984741211,0,31",5,3,"0,270,0","43.1,10.00301,33_43.1,10.00301,29_44.1,10.00301,29_44.1,10.00301,33",1,"1,1,1",Prefab/Role/Monster/m_general_01_lv3_co01.prefab,,,11,0,,0,0,0,110301,0,0,,,,0,,0
439,101,115119,"65.922966003418,0,125",4,2,"0,90,0","66.42297,14.00304,124_66.42297,14.00304,126_65.42297,14.00304,126_65.42297,14.00304,124",0,"1,1,1",Prefab/PuzzleMap/Prop/P_Chest_02.prefab,,,11,0,,0,0,110018,0,0,0,,,,0,,0
440,101,115121,"53,0,61",16,10,"0,180,0","51,10.00301,60.5_55,10.00301,60.5_55,10.00301,61.5_51,10.00301,61.5",1,"1,1,1",Prefab/PuzzleMap/Prop/P_Door_01.prefab,,,11,0,,0,0,0,0,0,0,,,1850,0,,0
441,101,115122,"45,0,43",20,1,"0,0,0","46,10.00301,44_44,10.00301,44_44,10.00301,42_46,10.00301,42",0,"1,1,1",Prefab/PuzzleMap/Prop/P_Jiguan_02.prefab,115123,115124,11,0,,0,0,0,0,0,0,,,,0,,0
442,101,115123,"32,0,32",19,1,"0,0,0","32.75,10.00301,32.75_31.25,10.00301,32.75_31.25,10.00301,31.25_32.75,10.00301,31.25",0,"1,1,1",Prefab/PuzzleMap/Prop/P_StoneBall_01.prefab,115126,,11,0,,0,0,0,0,0,0,,,,0,,0
443,101,115124,"39,0,42",16,9,"0,0,0","41,10.00301,42.5_37,10.00301,42.5_37,10.00301,41.5_41,10.00301,41.5",1,"1,1,1",Prefab/PuzzleMap/Prop/P_ZhaMen_01.prefab,115122,,11,0,,0,0,0,0,0,0,,,,0,,0
444,101,115125,"44.5,0,77",5,4,"0,90,0","45,10.00301,75_45,10.00301,79_44,10.00301,79_44,10.00301,75",1,"1,1,1",Prefab/Role/Monster/m_general_01_lv4_co01.prefab,,,11,0,,0,0,0,110303,0,0,,,,0,,0
445,101,115132,"44,0,47",4,3,"0,270,0","43.5,10.00301,48_43.5,10.00301,46_44.5,10.00301,46_44.5,10.00301,48",0,"1,1,1",Prefab/PuzzleMap/Prop/P_Chest_03.prefab,,,11,0,,0,0,110005,0,0,0,,,,0,"0,115226",0
446,101,115133,"43.8928298950195,0,65",48,0,"0,90,0","46.69283,10.00301,64_46.69283,10.00301,66_42.69283,10.00301,66_42.69283,10.00301,64",0,"1,1,1",Prefab/PuzzleMap/Prop/P_DaPao_1.prefab,115135,115134,11,0,,0,0,0,0,0,0,,,,0,,0
447,101,115134,"49,0,65",49,0,"0,0,0","51,10.00301,66_47,10.00301,66_47,10.00301,64_51,10.00301,64",1,"1,1,1",Prefab/PuzzleMap/Prop/P_ShiKuai_A.prefab,115133,,11,0,,0,0,0,0,0,0,,,,0,,0
448,101,115135,"51.9143600463867,0,52",50,0,"0,0,0","52.66436,10.00301,52.75_51.16436,10.00301,52.75_51.16436,10.00301,51.25_52.66436,10.00301,51.25",0,"1,1,1",Prefab/PuzzleMap/Prop/P_PaoDan_1.prefab,,,11,0,,0,0,0,0,0,0,,,,0,,0
449,101,115136,"39,0,61",10,0,"0,0,0","41,10.00301,61.6_37,10.00301,61.6_37,10.00301,60.4_41,10.00301,60.4",1,"1,1,1",Prefab/PuzzleMap/Prop/P_ZhaYao_1.prefab,115137,,11,0,,0,0,0,0,0,0,,,,0,,0
450,101,115137,"56.9143600463867,0,63.015266418457",11,0,"0,0,0","58.91436,10.00294,64.01527_54.91436,10.00294,64.01527_54.91436,10.00294,62.01527_58.91436,10.00294,62.01527",0,"1,1,1",Prefab/PuzzleMap/Prop/P_HuDun_1.prefab,,,11,0,,0,0,0,0,0,0,,,,0,,0
451,101,115140,"87,0,135",4,3,"0,0,0","88,18.00307,135.5_86,18.00307,135.5_86,18.00307,134.5_88,18.00307,134.5",0,"1,1,1",Prefab/PuzzleMap/Prop/P_Chest_03.prefab,,,11,0,,0,0,110019,0,0,0,,,,0,,0
452,101,115147,"51.9781951904297,0,69",4,3,"0,270,0","51.4782,10.00301,70_51.4782,10.00301,68_52.4782,10.00301,68_52.4782,10.00301,70",0,"1,1,1",Prefab/PuzzleMap/Prop/P_Chest_03.prefab,,,11,0,,0,0,110007,0,0,0,,,,0,,0
453,101,115149,"65.5,0,77.038444519043",16,8,"0,270,0","65,10.00301,79.03844_65,10.00301,75.03844_66,10.00301,75.03844_66,10.00301,79.03844",1,"1,1,1",Prefab/PuzzleMap/Prop/P_ZhaMen_01.prefab,"115150,115152",,11,0,,0,0,0,0,0,0,,,,0,,0
454,101,115150,"62,0,80",52,2,"0,0,0",,0,"1,1,1",Prefab/PuzzleMap/Prop/P_Box_DiKuai_Fire.prefab,115151,115149,11,0,,0,0,0,0,0,0,,,,0,,0
455,101,115151,"60,0,74",51,2,"0,0,0","61,10.00301,75_59,10.00301,75_59,10.00301,73_61,10.00301,73",1,"1,1,1",Prefab/PuzzleMap/Prop/P_PushBox_3.prefab,,,11,0,,0,0,0,0,0,0,,,,0,,0
456,101,115152,"58.0999984741211,0,72",52,4,"0,0,0",,0,"1,1,1",Prefab/PuzzleMap/Prop/P_Box_DiKuai_Ice.prefab,115153,115149,11,0,,0,0,0,0,0,0,,,,0,,0
457,101,115153,"62,0,78",51,4,"0,0,0","63,10.00301,79_61,10.00301,79_61,10.00301,77_63,10.00301,77",1,"1,1,1",Prefab/PuzzleMap/Prop/P_PushBox_2.prefab,,,11,0,,0,0,0,0,0,0,,,,0,,0
458,101,115154,"60,0,76",56,1,"0,0,0",,0,"1,1,1",Prefab/PuzzleMap/Prop/P_Zhangai_b.prefab,,,11,0,,0,0,0,0,0,0,,,,0,,0
459,101,115155,"56,0,74",56,0,"0,0,0",,0,"1,1,1",Prefab/PuzzleMap/Prop/P_DiKuai_Jia.prefab,,,11,0,,0,0,0,0,0,0,,,,0,,0
460,101,115156,"56,0,72",56,0,"0,0,0",,0,"1,1,1",Prefab/PuzzleMap/Prop/P_DiKuai_Jia.prefab,,,11,0,,0,0,0,0,0,0,,,,0,,0
461,101,115157,"60.0999984741211,0,72",56,0,"0,0,0",,0,"1,1,1",Prefab/PuzzleMap/Prop/P_DiKuai_Jia.prefab,,,11,0,,0,0,0,0,0,0,,,,0,,0
462,101,115158,"62.0999984741211,0,72",56,0,"0,0,0",,0,"1,1,1",Prefab/PuzzleMap/Prop/P_DiKuai_Jia.prefab,,,11,0,,0,0,0,0,0,0,,,,0,,0
463,101,115159,"64.0999984741211,0,72",56,0,"0,0,0",,0,"1,1,1",Prefab/PuzzleMap/Prop/P_DiKuai_Jia.prefab,,,11,0,,0,0,0,0,0,0,,,,0,,0
464,101,115160,"64,0,80",56,0,"0,0,0",,0,"1,1,1",Prefab/PuzzleMap/Prop/P_DiKuai_Jia.prefab,,,11,0,,0,0,0,0,0,0,,,,0,,0
465,101,115161,"64,0,76",56,0,"0,0,0",,0,"1,1,1",Prefab/PuzzleMap/Prop/P_DiKuai_Jia.prefab,,,11,0,,0,0,0,0,0,0,,,,0,,0
466,101,115162,"64,0,78",56,0,"0,0,0",,0,"1,1,1",Prefab/PuzzleMap/Prop/P_DiKuai_Jia.prefab,,,11,0,,0,0,0,0,0,0,,,,0,,0
467,101,115163,"64,0,74",56,0,"0,0,0",,0,"1,1,1",Prefab/PuzzleMap/Prop/P_DiKuai_Jia.prefab,,,11,0,,0,0,0,0,0,0,,,,0,,0
468,101,115164,"56,0,76",56,0,"0,0,0",,0,"1,1,1",Prefab/PuzzleMap/Prop/P_DiKuai_Jia.prefab,,,11,0,,0,0,0,0,0,0,,,,0,,0
469,101,115165,"58,0,80",56,0,"0,0,0",,0,"1,1,1",Prefab/PuzzleMap/Prop/P_DiKuai_Jia.prefab,,,11,0,,0,0,0,0,0,0,,,,0,,0
470,101,115166,"60,0,80",56,0,"0,0,0",,0,"1,1,1",Prefab/PuzzleMap/Prop/P_DiKuai_Jia.prefab,,,11,0,,0,0,0,0,0,0,,,,0,,0
471,101,115167,"56,0,80",56,0,"0,0,0",,0,"1,1,1",Prefab/PuzzleMap/Prop/P_DiKuai_Jia.prefab,,,11,0,,0,0,0,0,0,0,,,,0,,0
472,101,115168,"56,0,78",56,0,"0,0,0",,0,"1,1,1",Prefab/PuzzleMap/Prop/P_DiKuai_Jia.prefab,,,11,0,,0,0,0,0,0,0,,,,0,,0
473,101,115169,"42.5,0,77",8,0,"0,90,0","43,10.00301,76.5_43,10.00301,77.5_42,10.00301,77.5_42,10.00301,76.5",0,"1,1,1",Prefab/PuzzleMap/Prop/P_Tizi_1.prefab,,,11,0,,0,0,0,0,0,0,,,,0,,0
474,101,115170,"48.9143600463867,0,82",9,2,"0,0,0","50.41436,10.00301,82.5_47.41436,10.00301,82.5_47.41436,10.00301,81.5_50.41436,10.00301,81.5",1,"1,1,1",Prefab/PuzzleMap/Prop/P_Tizi_2.prefab,115169,,11,0,,0,0,0,0,0,0,,,,0,,0
475,101,115195,"71.1154632568359,0,117.58674621582",4,2,"0,180,0","70.11546,18.00307,117.0867_72.11546,18.00307,117.0867_72.11546,18.00307,118.0867_70.11546,18.00307,118.0867",0,"1,1,1",Prefab/PuzzleMap/Prop/P_Chest_02.prefab,,,11,0,,0,0,110016,0,0,0,,,,0,"0,115279",0
476,101,115196,"84,0,119",5,2,"0,270,0","83.5,18.00307,121_83.5,18.00307,117_84.5,18.00307,117_84.5,18.00307,121",1,"1,1,1",Prefab/Role/Monster/m_general_01_lv2_co01.prefab,,,11,0,,0,0,0,110306,0,0,,,,0,,0
477,101,115198,"89,0,123",16,2,"0,90,0","89.5,18.00307,121_89.5,18.00307,125_88.5,18.00307,125_88.5,18.00307,121",1,"1,1,1",Prefab/PuzzleMap/Prop/P_Door_01_yellow.prefab,115199,,11,0,,0,0,0,0,0,0,,,,0,,0
478,101,115199,"70.9468154907227,0,138.414779663086",3,2,"0,0,0","71.44682,16.0032,138.9148_70.44682,16.0032,138.9148_70.44682,16.0032,137.9148_71.44682,16.0032,137.9148",0,"1,1,1",Prefab/PuzzleMap/Prop/Key_Yellow.prefab,,,11,0,,0,0,0,0,0,0,,,,0,,0
479,101,115201,"75,0,127",16,10,"0,0,0","77,18.00307,127.5_73,18.00307,127.5_73,18.00307,126.5_77,18.00307,126.5",1,"1,1,1",Prefab/PuzzleMap/Prop/P_Door_01.prefab,0,,11,0,,0,0,0,0,0,0,,,71500,0,,0
480,101,115202,"72.401481628418,0,125",27,0,"0,90,0","73.40148,14.00304,124_73.40148,14.00304,126_71.40148,14.00304,126_71.40148,14.00304,124",1,"1,1,1",Prefab/PuzzleMap/Prop/P_Rope_2.prefab,115203,,11,0,,0,0,0,0,0,0,,,,0,,0
481,101,115203,"91,0,119",26,0,"0,0,0","92,18.00307,120_90,18.00307,120_90,18.00307,118_92,18.00307,118",0,"1,1,1",Prefab/PuzzleMap/Prop/P_Rope_1.prefab,,,11,0,,0,0,0,0,0,0,,,,0,,0
482,101,115204,"85,0,131",16,1,"0,90,0","85.5,18.00307,129_85.5,18.00307,133_84.5,18.00307,133_84.5,18.00307,129",1,"1,1,1",Prefab/PuzzleMap/Prop/P_Door_01_red.prefab,115205,,11,0,,0,0,0,0,0,0,,,,0,,0
483,101,115205,"74.9468154907227,0,144.82942199707",3,1,"0,0,0","75.44682,18.00307,145.3294_74.44682,18.00307,145.3294_74.44682,18.00307,144.3294_75.44682,18.00307,144.3294",0,"1,1,1",Prefab/PuzzleMap/Prop/Key_Red.prefab,,,11,0,,0,0,0,0,0,0,,,,0,,0
484,101,115206,"83,0,128",4,2,"0,0,0","84,18.00307,128.5_82,18.00307,128.5_82,18.00307,127.5_84,18.00307,127.5",0,"1,1,1",Prefab/PuzzleMap/Prop/P_Chest_02.prefab,,,11,0,,0,0,110021,0,0,0,,,,0,,0
485,101,115207,"80.5999984741211,0,137",5,1,"0,90,0","81.1,18.00307,135_81.1,18.00307,139_80.1,18.00307,139_80.1,18.00307,135",1,"1,1,1",Prefab/Role/Monster/m_general_01_lv1_co01.prefab,,,11,0,,0,0,0,110307,0,0,,,,0,,0
486,101,115208,"92,0,146.922958374023",4,2,"0,90,0","92.5,18.00307,145.923_92.5,18.00307,147.923_91.5,18.00307,147.923_91.5,18.00307,145.923",0,"1,1,1",Prefab/PuzzleMap/Prop/P_Chest_02.prefab,,,11,0,,0,0,110023,0,0,0,,,,0,,0
487,101,115210,"87,0,127",45,0,"0,0,0","88,18.00307,128.25_86,18.00307,128.25_86,18.00307,125.25_88,18.00307,125.25",0,"1,1,1",Prefab/PuzzleMap/Prop/P_JGfasheqi.prefab,,,11,0,,0,0,0,0,0,0,,,,0,,0
488,101,115211,"101,0,141",46,0,"0,180,0","100,18.00307,140_102,18.00307,140_102,18.00307,142_100,18.00307,142",0,"1,1,1",Prefab/PuzzleMap/Prop/P_JGjingzi.prefab,,,11,0,,0,0,0,0,0,0,,,,0,,0
489,101,115212,"79,0,141",47,0,"0,0,0","80,18.00307,142.75_78,18.00307,142.75_78,18.00307,139.75_80,18.00307,139.75",0,"1,1,1",Prefab/PuzzleMap/Prop/P_JGJieshouqi.prefab,,115213,11,0,,0,0,0,0,0,0,,,,0,,0
490,101,115213,"77,0,143",16,7,"0,0,0","79,18.00307,143.5_75,18.00307,143.5_75,18.00307,142.5_79,18.00307,142.5",1,"1,1,1",Prefab/PuzzleMap/Prop/P_ZhaMen_01.prefab,115212,,11,0,,0,0,0,0,0,0,,,,0,,0
491,101,115214,"87,0,141",46,0,"0,90,0","88,18.00307,140_88,18.00307,142_86,18.00307,142_86,18.00307,140",0,"1,1,1",Prefab/PuzzleMap/Prop/P_JGjingzi.prefab,,,11,0,,0,0,0,0,0,0,,,,0,,0
492,101,115215,"105,0,149.5",16,7,"0,0,0","107,18.00307,150_103,18.00307,150_103,18.00307,149_107,18.00307,149",1,"1,1,1",Prefab/PuzzleMap/Prop/P_ZhaMen_01.prefab,115216,,11,0,,0,0,0,0,0,0,,,,0,,0
493,101,115216,"101,0,147.33674621582",47,0,"0,0,0","102,18.00307,149.0867_100,18.00307,149.0867_100,18.00307,146.0867_102,18.00307,146.0867",0,"1,1,1",Prefab/PuzzleMap/Prop/P_JGJieshouqi.prefab,,115215,11,0,,0,0,0,0,0,0,,,,0,,0
494,101,115217,"69,0,133",41,0,"0,0,0","71,16.0032,135_67,16.0032,135_67,16.0032,131_71,16.0032,131",1,"1,1,1",Prefab/PuzzleMap/Prop/Empty.prefab,115218,,11,0,,0,0,0,0,0,0,,,,0,,0
495,101,115218,"75,0,133",42,0,"0,0,0","76.1,18.00307,134.1_73.9,18.00307,134.1_73.9,18.00307,131.9_76.1,18.00307,131.9",1,"1,1,1",Prefab/PuzzleMap/Prop/P_HugeRock_2_Keng.prefab,,115217,11,0,,0,0,0,0,0,0,,,,0,,0
496,101,115219,"104.5,0,139",5,1,"0,90,0","105,18.00307,137_105,18.00307,141_104,18.00307,141_104,18.00307,137",1,"1,1,1",Prefab/Role/Monster/m_general_01_lv1_co01.prefab,,,11,0,,0,0,0,110308,0,0,,,,0,,0
497,101,115222,"125.045509338379,0,164.99983215332",14,0,"0,0,0",,0,"1,1,1",Prefab/PuzzleMap/Prop/P_ChuanSongZhen.prefab,0,,11,0,,0,0,0,0,0,0,,,,0,,0
498,101,115223,"34.5,0,33",5,2,"0,90,0","35,10.00301,31_35,10.00301,35_34,10.00301,35_34,10.00301,31",1,"1,1,1",Prefab/Role/Monster/m_general_01_lv2_co01.prefab,,,11,0,,0,0,0,110302,0,0,,,,0,,0
499,101,115224,"36.8564834594727,0,63.8209915161133",2,1,"0,0,0",,0,"1,1,1",,,,11,,"36.86,0.00,63.55,51.00,0.00,63.55,51.00,0.00,42.45,36.86,0.00,42.45",,,,,,,110001_0,,,,"2,115229",
500,101,115226,"47,0,50",62,2,"0,0,0",,0,"1,1,1",Prefab/PuzzleMap/Prop/Empty.prefab,,,11,0,,0,0,0,0,0,0,,,115124,0,"0,115227",0
501,101,115227,"47,0,48",62,7,"0,0,0",,0,"1,1,1",Prefab/PuzzleMap/Prop/Empty.prefab,,,11,0,,0,0,0,0,0,0,,110001_0,115230,0,,1
502,101,115229,"47,0,46",62,1,"0,0,0",,0,"1,1,1",Prefab/PuzzleMap/Prop/Empty.prefab,,,11,0,,0,0,0,0,0,0,,,115124,0,,0
503,101,115230,"39,0,44",62,0,"0,0,0",,0,"1,1,1",Prefab/PuzzleMap/Prop/Empty.prefab,,,11,0,,0,0,0,0,0,0,,,,0,,0
504,101,115232,"99.2097015380859,0,156.460395812988",2,1,"0,0,0",,0,"1,1,1",,,,11,,"93.05,0.00,157.00,116.95,0.00,157.00,116.95,0.00,175.00,93.05,0.00,175.00",,,,,,,110005_0,,,,,
505,101,115233,"41,0,20",43,0,"0,270,0","39,10.00301,25_39,10.00301,19_43,10.00301,19_43,10.00301,25",1,"1,1,1",Prefab/PuzzleMap/Prop/P_Diaoqiao_01.prefab,115234,,11,0,,0,0,0,0,0,0,,,,0,,0
506,101,115234,"33,0,27",44,0,"0,0,0","33.5,10.00301,27.5_32.5,10.00301,27.5_32.5,10.00301,26.5_33.5,10.00301,26.5",0,"1,1,1",Prefab/PuzzleMap/Prop/P_huoba_1.prefab,,,11,0,,0,0,0,0,0,0,,,,0,,0
507,101,115236,"29,0,12.9475879669189",64,3,"0,0,0","30,10.00301,13.44759_28,10.00301,13.44759_28,10.00301,12.44759_30,10.00301,12.44759",0,"1,1,1",Prefab/PuzzleMap/Prop/P_Chest_03.prefab,,,11,0,,0,0,110001,0,0,0,,,1,0,,0
508,101,115237,"59,0,54",64,2,"0,180,0","58,10.00301,53.5_60,10.00301,53.5_60,10.00301,54.5_58,10.00301,54.5",0,"1,1,1",Prefab/PuzzleMap/Prop/P_Chest_02.prefab,,,11,0,,0,0,110006,0,0,0,,,2,0,,0
509,101,115238,"79,0,127",4,3,"0,180,0","78,18.00307,126.5_80,18.00307,126.5_80,18.00307,127.5_78,18.00307,127.5",0,"1,1,1",Prefab/PuzzleMap/Prop/P_Chest_03.prefab,,,11,0,,0,0,110017,0,0,0,,,,0,,0
510,101,115240,"105,0,165.5",62,0,"0,0,0",,0,"1,1,1",Prefab/PuzzleMap/Prop/Empty.prefab,,,11,0,,0,0,0,0,0,0,,,,0,,0
511,101,115241,"120.209701538086,0,155.460395812988",2,6,"0,0,0",,0,"1,1,1",,,,11,,"101.00,0.00,157.00,109.00,0.00,157.00,109.00,0.00,161.00,101.00,0.00,161.00",,,,,,,110005_0,,,,"0,115283",
512,101,115242,"68.2605667114258,0,77.1768035888672",0,0,"0,0,0",,0,"1,1,1",,,,11,0,,0,0,0,0,0,0,,,,0,,0
513,101,115243,"68.063835144043,0,77",4,3,"0,270,0","67.56384,10.00301,78_67.56384,10.00301,76_68.56384,10.00301,76_68.56384,10.00301,78",0,"1,1,1",Prefab/PuzzleMap/Prop/P_Chest_03.prefab,,,11,0,,0,0,110008,0,0,0,,,,0,,0
514,101,115244,"95,0,141",45,0,"0,90,0","96.25,18.00307,140_96.25,18.00307,142_93.25,18.00307,142_93.25,18.00307,140",0,"1,1,1",Prefab/PuzzleMap/Prop/P_JGfasheqi.prefab,,,11,0,,0,0,0,0,0,0,,,,0,,0
515,101,115246,"91,0,124",13,1,"0,180,0",,0,"1,1,1",Prefab/PuzzleMap/Prop/P_TanHuangBan.prefab,,115247,11,0,,0,0,0,0,0,0,,,,0,,0
516,101,115247,"91.1154632568359,0,138",13,2,"0,0,0",,0,"1,1,1",Prefab/PuzzleMap/Prop/Empty.prefab,,,11,0,,0,0,0,0,0,0,,,,0,,0
517,101,115248,"88,0,131",13,1,"0,270,0",,0,"1,1,1",Prefab/PuzzleMap/Prop/P_TanHuangBan.prefab,,115249,11,0,,0,0,0,0,0,0,,,,0,,0
518,101,115249,"102.115463256836,0,131",13,2,"0,0,0",,0,"1,1,1",Prefab/PuzzleMap/Prop/Empty.prefab,,,11,0,,0,0,0,0,0,0,,,,0,,0
519,101,115258,"52.6338768005371,0,87.1485366821289",2,1,"0,0,0",,0,"1,1,1",,0,,11,,"52.63,0.00,87.15,37.19,0.00,87.15,37.19,0.00,102.95,52.63,0.00,102.95",,,,,,,110002_0,,,,0,
520,101,115262,"103,0,135",4,2,"0,90,0","103.5,18.00307,134_103.5,18.00307,136_102.5,18.00307,136_102.5,18.00307,134",0,"1,1,1",Prefab/PuzzleMap/Prop/P_Chest_02.prefab,,,11,0,,0,0,110022,0,0,0,,,,0,"0,115281",1
521,101,115266,"111,0,130",33,0,"0,0,0","114.5,18.00307,131_107.5,18.00307,131_107.5,18.00307,129_114.5,18.00307,129",1,"1,1,1",Prefab/PuzzleMap/Prop/P_Shizhu_1.prefab,,,11,0,,0,0,0,0,0,0,,,,0,,0
522,101,115267,"111,0,125",34,0,"0,0,0",,0,"1,1,1",Prefab/PuzzleMap/Prop/Empty.prefab,115266,,11,0,,0,0,0,0,0,0,,,,0,,0
523,101,115268,"113,0,123",15,0,"0,0,0","114,18.00307,124_112,18.00307,124_112,18.00307,122_114,18.00307,122",1,"1,1,1",Prefab/PuzzleMap/Prop/P_Zhangai_03.prefab,,,11,0,,0,0,0,0,0,0,,,,0,,0
524,101,115269,"107,0,127",33,0,"0,0,0","110.5,18.00307,128_103.5,18.00307,128_103.5,18.00307,126_110.5,18.00307,126",1,"1,1,1",Prefab/PuzzleMap/Prop/P_Shizhu_1.prefab,,,11,0,,0,0,0,0,0,0,,,,0,,0
525,101,115270,"107,0,120",34,0,"0,0,0",,0,"1,1,1",Prefab/PuzzleMap/Prop/Empty.prefab,115269,,11,0,,0,0,0,0,0,0,,,,0,,0
526,101,115271,"111,0,126",33,0,"0,90,0","112,18.00307,122.5_112,18.00307,129.5_110,18.00307,129.5_110,18.00307,122.5",1,"1,1,1",Prefab/PuzzleMap/Prop/P_Shizhu_1.prefab,,,11,0,,0,0,0,0,0,0,,,,0,,0
527,101,115272,"107,0,126",34,0,"0,90,0",,0,"1,1,1",Prefab/PuzzleMap/Prop/Empty.prefab,115271,,11,0,,0,0,0,0,0,0,,,,0,,0
528,101,115273,"107,0,120",33,0,"0,90,0","108,18.00307,116.5_108,18.00307,123.5_106,18.00307,123.5_106,18.00307,116.5",1,"1,1,1",Prefab/PuzzleMap/Prop/P_Shizhu_1.prefab,,,11,0,,0,0,0,0,0,0,,,,0,,0
529,101,115274,"111,0,120",34,0,"0,90,0",,0,"1,1,1",Prefab/PuzzleMap/Prop/Empty.prefab,115273,,11,0,,0,0,0,0,0,0,,,,0,,0
530,101,115275,"105,0,129",15,0,"0,0,0","106,18.00307,130_104,18.00307,130_104,18.00307,128_106,18.00307,128",1,"1,1,1",Prefab/PuzzleMap/Prop/P_Zhangai_03.prefab,,,11,0,,0,0,0,0,0,0,,,,0,,0
531,101,115276,"105,0,118",15,0,"0,0,0","106,18.00307,119_104,18.00307,119_104,18.00307,117_106,18.00307,117",1,"1,1,1",Prefab/PuzzleMap/Prop/P_Zhangai_03.prefab,,,11,0,,0,0,0,0,0,0,,,,0,,0
532,101,115277,"67.0838317871094,0,113.110534667969",2,1,"0,0,0",,0,"1,1,1",,,,11,,"67.08,0.00,113.11,84.71,0.00,113.11,84.71,0.00,126.72,67.08,0.00,126.72",,,,,,,110003_0,,,,,
533,101,115278,"112.883445739746,0,133.350494384766",2,1,"0,0,0",,0,"1,1,1",,,,11,,"112.88,0.00,133.35,97.04,0.00,133.35,97.04,0.00,148.98,112.88,0.00,148.98",,,,,,,110004_0,,,,,
534,101,115279,"71,0,115",62,7,"0,0,0",,0,"1,1,1",Prefab/PuzzleMap/Prop/Empty.prefab,,,11,0,,0,0,0,0,0,0,,110003_0,115280,0,,1
535,101,115280,"77.0777359008789,0,115",62,0,"0,0,0",,0,"1,1,1",Prefab/PuzzleMap/Prop/Empty.prefab,,,11,0,,0,0,0,0,0,0,,,,0,,0
536,101,115281,"106.714363098145,0,135.303131103516",62,7,"0,0,0",,0,"1,1,1",Prefab/PuzzleMap/Prop/Empty.prefab,,,11,0,,0,0,0,0,0,0,,110004_0,115282,0,,1
537,101,115282,"108.130569458008,0,141.041259765625",62,0,"0,0,0",,0,"1,1,1",Prefab/PuzzleMap/Prop/Empty.prefab,,,11,0,,0,0,0,0,0,0,,,,0,,0
538,101,115283,"105.08358001709,0,158.835525512695",62,4,"0,0,0",,0,"1,1,1",Prefab/PuzzleMap/Prop/Empty.prefab,,,11,0,,0,0,0,0,0,0,,,115284,0,,0
539,101,115284,"104.954833984375,0,162",62,7,"0,0,0",,0,"1,1,1",Prefab/PuzzleMap/Prop/Empty.prefab,,,11,0,,0,0,0,0,0,0,,110005_0,115240,0,,1
540,101,115305,"44,0,67",62,7,"0,0,0",,0,"1,1,1",Prefab/PuzzleMap/Prop/Empty.prefab,,,11,0,,0,0,0,0,0,0,,,115134,0,,2
541,101,115120,"41,0,103.922966003418",4,2,"0,0,0","42,14.00304,104.423_40,14.00304,104.423_40,14.00304,103.423_42,14.00304,103.423",0,"1,1,1",Prefab/PuzzleMap/Prop/P_Chest_02.prefab,,,11,0,,0,0,110015,0,0,0,,,,0,,0
542,101,115143,"40.5,0,94.5440826416016",5,1,"0,90,0","41,14.00304,92.54408_41,14.00304,96.54408_40,14.00304,96.54408_40,14.00304,92.54408",1,"1,1,1",Prefab/Role/Monster/m_general_01_lv1_co01.prefab,,,11,0,,0,0,0,110304,0,0,,,,0,,0
543,101,115144,"47,0,91",4,3,"0,90,0","47.5,14.00304,90_47.5,14.00304,92_46.5,14.00304,92_46.5,14.00304,90",0,"1,1,1",Prefab/PuzzleMap/Prop/P_Chest_03.prefab,,,11,0,,0,0,110009,0,0,0,,,,0,"0,115261",0
544,101,115146,"63.2999992370605,0,91",5,2,"0,270,0","62.8,14.00304,93_62.8,14.00304,89_63.8,14.00304,89_63.8,14.00304,93",1,"1,1,1",Prefab/Role/Monster/m_general_01_lv2_co01.prefab,,,11,0,,0,0,0,110305,0,0,,,,0,,0
545,101,115148,"37,0,89",4,2,"0,90,0","37.5,14.00304,88_37.5,14.00304,90_36.5,14.00304,90_36.5,14.00304,88",0,"1,1,1",Prefab/PuzzleMap/Prop/P_Chest_02.prefab,,,11,0,,0,0,110011,0,0,0,,,,0,,0
546,101,115171,"53,0,91",16,5,"0,90,0","53.5,14.00304,89_53.5,14.00304,93_52.5,14.00304,93_52.5,14.00304,89",1,"1,1,1",Prefab/PuzzleMap/Prop/P_Door_01_Blue.prefab,115172,,11,0,,0,0,0,0,0,0,,,,0,,0
547,101,115172,"38,0,94.0303802490234",3,5,"0,0,0","38.5,14.00304,94.53038_37.5,14.00304,94.53038_37.5,14.00304,93.53038_38.5,14.00304,93.53038",0,"1,1,1",Prefab/PuzzleMap/Prop/Key_Blue.prefab,,,11,0,,0,0,0,0,0,0,,,,0,,0
548,101,115173,"64,0,100",29,0,"0,0,0","64.75,16.0032,101.25_63.25,16.0032,101.25_63.25,16.0032,98.75_64.75,16.0032,98.75",1,"1,1,1",Prefab/PuzzleMap/Prop/P_ShuZhuang_1.prefab,,115174,11,0,,0,0,0,0,0,0,,,,0,,0
549,101,115174,"60,0,100",28,0,"0,0,0","62,14.00304,103_58,14.00304,103_58,14.00304,97_62,14.00304,97",1,"1,1,1",Prefab/PuzzleMap/Prop/Empty.prefab,115173,,11,0,,0,0,0,0,0,0,,,,0,,0
550,101,115175,"55,0,111",4,1,"0,90,0","55.5,14.00304,110_55.5,14.00304,112_54.5,14.00304,112_54.5,14.00304,110",0,"1,1,1",Prefab/PuzzleMap/Prop/P_Chest_01.prefab,,,11,0,,0,0,110014,0,0,0,,,,0,,0
551,101,115176,"66,0,115",17,0,"0,90,0","66.75,14.00304,113_66.75,14.00304,117_65.25,14.00304,117_65.25,14.00304,113",1,"1,1,1",Prefab/PuzzleMap/Prop/P_Tengti_01.prefab,115177,,11,0,,0,0,0,0,0,0,,,,0,,0
552,101,115177,"57,0,119",18,0,"0,0,0","57.75,14.00304,119.75_56.25,14.00304,119.75_56.25,14.00304,118.25_57.75,14.00304,118.25",0,"1,1,1",Prefab/PuzzleMap/Prop/P_ShuiHu.prefab,,,11,0,,0,0,0,0,0,0,,,,0,,0
553,101,115180,"57,0,115.5",16,10,"0,0,0","59,14.00304,116_55,14.00304,116_55,14.00304,115_59,14.00304,115",1,"1,1,1",Prefab/PuzzleMap/Prop/P_Door_01.prefab,0,,11,0,,0,0,0,0,0,0,,,28000,0,,0
554,101,115182,"41,0,109",30,0,"0,180,0","39,14.00304,108.5_43,14.00304,108.5_43,14.00304,109.5_39,14.00304,109.5",1,"1,1,1",Prefab/PuzzleMap/Prop/P_HuoMen.prefab,"115186,115186",,11,0,,0,0,0,0,0,0,,,,0,,0
555,101,115183,"41,0,112",31,5,"0,270,0","40,14.00304,113.1_40,14.00304,110.9_42,14.00304,110.9_42,14.00304,113.1",1,"1,1,1",Prefab/PuzzleMap/Prop/P_Pipe_f.prefab,,,11,7,,0,0,0,0,0,0,,,,0,,0
556,101,115184,"41,0,115",57,1,"0,90,0",,0,"1,1,1",Prefab/PuzzleMap/Prop/P_Pipe_a_Empty.prefab,115185,115182,11,6,,0,0,0,0,0,0,,,,0,,0
557,101,115185,"46,0,115",32,1,"0,90,0","47,14.00304,112.8_47,14.00304,117.2_45,14.00304,117.2_45,14.00304,112.8",1,"1,1,1",Prefab/PuzzleMap/Prop/P_Pipe_a.prefab,,,11,6,,0,0,0,0,0,0,,,,0,,0
558,101,115186,"48,0,118",57,1,"0,0,0",,0,"1,1,1",Prefab/PuzzleMap/Prop/P_Pipe_a_Empty.prefab,115187,115182,11,3,,0,0,0,0,0,0,,,,0,,0
559,101,115187,"48,0,112",32,1,"0,0,0","50.2,14.00304,113_45.8,14.00304,113_45.8,14.00304,111_50.2,14.00304,111",1,"1,1,1",Prefab/PuzzleMap/Prop/P_Pipe_a.prefab,,,11,3,,0,0,0,0,0,0,,,,0,,0
560,101,115188,"44,0,118",31,1,"0,0,0","46.2,14.00304,119_41.8,14.00304,119_41.8,14.00304,117_46.2,14.00304,117",1,"1,1,1",Prefab/PuzzleMap/Prop/P_Pipe_b.prefab,,,11,4,,0,0,0,0,0,1,,,,0,,0
561,101,115189,"51,0,118",31,2,"0,0,0","52.1,14.00304,119_49.9,14.00304,119_49.9,14.00304,117_52.1,14.00304,117",1,"1,1,1",Prefab/PuzzleMap/Prop/P_Pipe_c.prefab,,,11,2,,0,0,0,0,0,1,,,,0,,0
562,101,115190,"41,0,118",31,3,"0,180,0","39.9,14.00304,117_42.1,14.00304,117_42.1,14.00304,119_39.9,14.00304,119",1,"1,1,1",Prefab/PuzzleMap/Prop/P_Pipe_d.prefab,,,11,5,,0,0,0,0,0,2,,,,0,,0
563,101,115191,"53,0,118",31,4,"0,180,0","51.9,14.00304,117_54.1,14.00304,117_54.1,14.00304,119_51.9,14.00304,119",1,"1,1,1",Prefab/PuzzleMap/Prop/P_Pipe_e.prefab,,,11,1,,0,0,0,0,0,0,,,,0,,0
564,101,115192,"46,0,110",15,0,"0,0,0","47,14.00304,111_45,14.00304,111_45,14.00304,109_47,14.00304,109",1,"1,1,1",Prefab/PuzzleMap/Prop/P_Zhangai_03.prefab,,,11,0,,0,0,0,0,0,0,,,,0,,0
565,101,115193,"65,0,110",21,0,"0,90,0","66.1,14.00304,108.9_66.1,14.00304,111.1_63.9,14.00304,111.1_63.9,14.00304,108.9",0,"1,1,1",Prefab/PuzzleMap/Prop/P_HugeRock_1_YJ.prefab,,"115304,115285,115286,115287,115288,115289,115290,115291,115292,115293,115294,115295,115296,115297,115298,115299,115300,115301,115302,115303",11,0,,0,0,0,0,0,0,,,,0,,0
566,101,115194,"52,0,116",15,0,"0,0,0","53,14.00304,117_51,14.00304,117_51,14.00304,115_53,14.00304,115",1,"1,1,1",Prefab/PuzzleMap/Prop/P_Zhangai_03.prefab,,,11,0,,0,0,0,0,0,0,,,,0,,0
567,101,115197,"51,0,101",4,2,"0,90,0","51.5,14.00304,100_51.5,14.00304,102_50.5,14.00304,102_50.5,14.00304,100",0,"1,1,1",Prefab/PuzzleMap/Prop/P_Chest_02.prefab,,,11,0,,0,0,110013,0,0,0,,,,0,,0
568,101,115260,"45,0,97",62,0,"0,0,0",,0,"1,1,1",Prefab/PuzzleMap/Prop/Empty.prefab,,,11,0,,0,0,0,0,0,0,,,,0,,0
569,101,115261,"50,0,91",62,7,"0,0,0",,0,"1,1,1",Prefab/PuzzleMap/Prop/Empty.prefab,,,11,0,,0,0,0,0,0,0,,110002_0,115260,0,,1
570,101,115263,"55,0,87.936164855957",4,3,"0,0,0","56,14.00304,88.43616_54,14.00304,88.43616_54,14.00304,87.43616_56,14.00304,87.43616",0,"1,1,1",Prefab/PuzzleMap/Prop/P_Chest_03.prefab,,,11,0,,0,0,110012,0,0,0,,,,0,,0
571,101,115285,"66,0,112",65,1,"0,0,0","67,14.00304,113.25_65,14.00304,113.25_65,14.00304,111.75_67,14.00304,111.75",1,"1,1,1",Prefab/PuzzleMap/Prop/Empty.prefab,,,11,0,,0,0,0,0,0,0,,,,0,,0
572,101,115286,"64,0,112",65,1,"0,0,0","65,14.00304,113.25_63,14.00304,113.25_63,14.00304,111.75_65,14.00304,111.75",1,"1,1,1",Prefab/PuzzleMap/Prop/Empty.prefab,,,11,0,,0,0,0,0,0,0,,,,0,,0
573,101,115287,"62,0,112",65,1,"0,0,0","63,14.00304,113.25_61,14.00304,113.25_61,14.00304,111.75_63,14.00304,111.75",1,"1,1,1",Prefab/PuzzleMap/Prop/Empty.prefab,,,11,0,,0,0,0,0,0,0,,,,0,,0
574,101,115288,"60,0,112",65,1,"0,0,0","61,14.00304,113.25_59,14.00304,113.25_59,14.00304,111.75_61,14.00304,111.75",1,"1,1,1",Prefab/PuzzleMap/Prop/Empty.prefab,,,11,0,,0,0,0,0,0,0,,,,0,,0
575,101,115289,"58,0,112",65,2,"0,0,0","59.25,14.00304,113_57.75,14.00304,113_57.75,14.00304,111_59.25,14.00304,111",1,"1,1,1",Prefab/PuzzleMap/Prop/Empty.prefab,,,11,0,,0,0,0,0,0,0,,,,0,,0
576,101,115290,"58,0,110",65,2,"0,0,0","59.25,14.00304,111_57.75,14.00304,111_57.75,14.00304,109_59.25,14.00304,109",1,"1,1,1",Prefab/PuzzleMap/Prop/Empty.prefab,,,11,0,,0,0,0,0,0,0,,,,0,,0
577,101,115291,"58,0,108",65,1,"0,0,0","59,14.00304,109.25_57,14.00304,109.25_57,14.00304,107.75_59,14.00304,107.75",1,"1,1,1",Prefab/PuzzleMap/Prop/Empty.prefab,,,11,0,,0,0,0,0,0,0,,,,0,,0
578,101,115292,"56,0,108",65,1,"0,0,0","57,14.00304,109.25_55,14.00304,109.25_55,14.00304,107.75_57,14.00304,107.75",1,"1,1,1",Prefab/PuzzleMap/Prop/Empty.prefab,,,11,0,,0,0,0,0,0,0,,,,0,,0
579,101,115293,"54,0,108",65,1,"0,0,0","55,14.00304,109.25_53,14.00304,109.25_53,14.00304,107.75_55,14.00304,107.75",1,"1,1,1",Prefab/PuzzleMap/Prop/Empty.prefab,,,11,0,,0,0,0,0,0,0,,,,0,,0
580,101,115294,"52,0,108",65,2,"0,0,0","53.25,14.00304,109_51.75,14.00304,109_51.75,14.00304,107_53.25,14.00304,107",1,"1,1,1",Prefab/PuzzleMap/Prop/Empty.prefab,,,11,0,,0,0,0,0,0,0,,,,0,,0
581,101,115295,"52,0,106",65,2,"0,0,0","53.25,14.00304,107_51.75,14.00304,107_51.75,14.00304,105_53.25,14.00304,105",1,"1,1,1",Prefab/PuzzleMap/Prop/Empty.prefab,,,11,0,,0,0,0,0,0,0,,,,0,,0
582,101,115296,"52,0,105",65,1,"0,0,0","53,14.00304,106.25_51,14.00304,106.25_51,14.00304,104.75_53,14.00304,104.75",1,"1,1,1",Prefab/PuzzleMap/Prop/Empty.prefab,,,11,0,,0,0,0,0,0,0,,,,0,,0
583,101,115297,"50,0,105",65,1,"0,0,0","51,14.00304,106.25_49,14.00304,106.25_49,14.00304,104.75_51,14.00304,104.75",1,"1,1,1",Prefab/PuzzleMap/Prop/Empty.prefab,,,11,0,,0,0,0,0,0,0,,,,0,,0
584,101,115298,"48,0,105",65,1,"0,0,0","49,14.00304,106.25_47,14.00304,106.25_47,14.00304,104.75_49,14.00304,104.75",1,"1,1,1",Prefab/PuzzleMap/Prop/Empty.prefab,,,11,0,,0,0,0,0,0,0,,,,0,,0
585,101,115299,"46,0,105",65,1,"0,0,0","47,14.00304,106.25_45,14.00304,106.25_45,14.00304,104.75_47,14.00304,104.75",1,"1,1,1",Prefab/PuzzleMap/Prop/Empty.prefab,,,11,0,,0,0,0,0,0,0,,,,0,,0
586,101,115300,"44,0,105",65,1,"0,0,0","45,14.00304,106.25_43,14.00304,106.25_43,14.00304,104.75_45,14.00304,104.75",1,"1,1,1",Prefab/PuzzleMap/Prop/Empty.prefab,,,11,0,,0,0,0,0,0,0,,,,0,,0
587,101,115301,"42,0,105",65,1,"0,0,0","43,14.00304,106.25_41,14.00304,106.25_41,14.00304,104.75_43,14.00304,104.75",1,"1,1,1",Prefab/PuzzleMap/Prop/Empty.prefab,,,11,0,,0,0,0,0,0,0,,,,0,,0
588,101,115302,"40,0,105",65,1,"0,0,0","41,14.00304,106.25_39,14.00304,106.25_39,14.00304,104.75_41,14.00304,104.75",1,"1,1,1",Prefab/PuzzleMap/Prop/Empty.prefab,,,11,0,,0,0,0,0,0,0,,,,0,,0
589,101,115303,"38,0,105",65,1,"0,0,0","39,14.00304,106.25_37,14.00304,106.25_37,14.00304,104.75_39,14.00304,104.75",1,"1,1,1",Prefab/PuzzleMap/Prop/Empty.prefab,,,11,0,,0,0,0,0,0,0,,,,0,,0
590,101,115304,"65.0878982543945,0,112.162002563477",22,0,"0,0,0","66.0879,14.00304,113.162_64.0879,14.00304,113.162_64.0879,14.00304,111.162_66.0879,14.00304,111.162",1,"1,1,1",Prefab/PuzzleMap/Prop/YanJiang_1.prefab,,,11,0,,0,0,0,0,0,0,,,,0,,0
591,101,115308,"29,0,21",66,0,"0,0,0","29.5,10.00301,21.5_28.5,10.00301,21.5_28.5,10.00301,20.5_29.5,10.00301,20.5",0,"1,1,1",Prefab/humanRot/Prop1.prefab,,,11,0,,0,0,0,0,0,0,,,110005,0,,0
592,101,115309,"35,0,16",71,0,"0,0,0","35.5,10.00301,16.5_34.5,10.00301,16.5_34.5,10.00301,15.5_35.5,10.00301,15.5",0,"1,1,1",Prefab/RoleShow/SkinShow/Weapon/humanRot/jm_dao_01.prefab,,,11,0,,0,0,0,0,0,0,,,110006,0,,0
593,101,120001,"30.2097015380859,-8.021776,14.4603958129883",2,1,"0,0,0",,0,"1,1,1",,,,12,,"28.00,0.00,16.00,44.00,0.00,16.00,44.00,0.00,32.00,28.00,0.00,32.00",,,,,,,120001_0,,,,,
594,101,120002,"35.5,2.003074,21.9980010986328",62,7,"0,0,0",,0,"1,1,1",Prefab/PuzzleMap/Prop/Empty.prefab,,,12,0,,0,0,0,0,0,0,,120001_0,120003,0,,1
595,101,120003,"36,2.003074,28",62,0,"0,0,0",,0,"1,1,1",Prefab/PuzzleMap/Prop/Empty.prefab,,,12,0,,0,0,0,0,0,0,,,,0,,0
596,101,120004,"51.2097015380859,0,14.4603958129883",2,6,"0,0,0",,0,"1,1,1",,,,12,,"32.00,0.00,16.00,40.00,0.00,16.00,40.00,0.00,20.00,32.00,0.00,20.00",,,,,,,120001_0,,,,"0,120002",
597,101,120005,"36.0327949523926,0.003195092,11.0793104171753",12,0,"0,0,0",,0,"1,1,1",Prefab/PuzzleMap/Prop/Empty.prefab,,,12,0,,0,0,0,0,0,0,,,,0,,0
598,101,130003,"41,0,12.9999990463257",12,0,"0,0,0",,0,"1,1,1",Prefab/PuzzleMap/Prop/Empty.prefab,,,13,0,,0,0,0,0,0,0,,,,0,,0
599,101,130004,"43.5,0,21",16,3,"0,90,0","44,10.00313,19_44,10.00313,23_43,10.00313,23_43,10.00313,19",1,"1,1,1",Prefab/PuzzleMap/Prop/P_Door_01_green.prefab,130005,,13,0,,0,0,0,0,0,0,,,,0,,0
600,101,130005,"35,0,27",3,3,"0,0,0","35.5,10.00313,27.5_34.5,10.00313,27.5_34.5,10.00313,26.5_35.5,10.00313,26.5",0,"1,1,1",Prefab/PuzzleMap/Prop/Key_Green.prefab,,,13,0,,0,0,0,0,0,0,,,,0,,0
601,101,130018,"21,0,23",20,1,"0,0,0","22,10.00313,24_20,10.00313,24_20,10.00313,22_22,10.00313,22",0,"1,1,1",Prefab/PuzzleMap/Prop/P_Jiguan_02.prefab,130019,130020,13,0,,0,0,0,0,0,0,,,,0,,0
602,101,130019,"12,0,15",19,1,"0,0,0","12.75,10.00313,15.75_11.25,10.00313,15.75_11.25,10.00313,14.25_12.75,10.00313,14.25",0,"1,1,1",Prefab/PuzzleMap/Prop/P_StoneBall_01.prefab,,,13,0,,0,0,0,0,0,0,,,,0,,0
603,101,130020,"27,0,27",16,9,"0,0,0","29,10.00313,27.5_25,10.00313,27.5_25,10.00313,26.5_29,10.00313,26.5",1,"1,1,1",Prefab/PuzzleMap/Prop/P_ZhaMen_01.prefab,130018,,13,0,,0,0,0,0,0,0,,,,0,,0
604,101,130021,"25.0021877288818,0,16.5",5,4,"0,0,0","27.00219,10.00313,17_23.00219,10.00313,17_23.00219,10.00313,16_27.00219,10.00313,16",1,"1,1,1",Prefab/Role/Monster/m_general_01_lv4_co01.prefab,,,13,0,,0,0,0,10302,0,0,,,,0,,0
605,101,130029,"14.5,0,15",5,1,"0,90,0","15,10.00313,13_15,10.00313,17_14,10.00313,17_14,10.00313,13",1,"1,1,1",Prefab/Role/Monster/m_general_01_lv1_co01.prefab,,,13,0,,0,0,0,10305,0,0,,,,0,,0
606,101,130031,"35,0,23.5",5,2,"0,180,0","33,10.00313,23_37,10.00313,23_37,10.00313,24_33,10.00313,24",1,"1,1,1",Prefab/Role/Monster/m_general_01_lv2_co01.prefab,,,13,0,,0,0,0,10303,0,0,,,,0,,0
607,101,130103,"17,0,31",5,2,"0,90,0","17.5,10.00313,29_17.5,10.00313,33_16.5,10.00313,33_16.5,10.00313,29",1,"1,1,1",Prefab/Role/Monster/m_general_01_lv2_co01.prefab,,,13,0,,0,0,0,10201,0,0,,,,0,,0
608,101,130110,"41,0,23",43,0,"0,270,0","39,10.00313,28_39,10.00313,22_43,10.00313,22_43,10.00313,28",1,"1,1,1",Prefab/PuzzleMap/Prop/P_Diaoqiao_01.prefab,130111,,13,0,,0,0,0,0,0,0,,,,0,,0
609,101,130111,"25,0,14",44,0,"0,0,0","25.5,10.00313,14.5_24.5,10.00313,14.5_24.5,10.00313,13.5_25.5,10.00313,13.5",0,"1,1,1",Prefab/PuzzleMap/Prop/P_huoba_1.prefab,,,13,0,,0,0,0,0,0,0,,,,0,,0
610,101,130178,"34,0,15.0490036010742",5,3,"0,270,0","33.5,5.999788,17.049_33.5,5.999788,13.049_34.5,5.999788,13.049_34.5,5.999788,17.049",1,"1,1,1",Prefab/Role/Monster/m_general_01_lv3_co01.prefab,,,13,0,,0,0,0,10301,0,0,,,,0,,0
611,101,130179,"44,0,30",71,0,"0,0,0","44.5,10.00313,30.5_43.5,10.00313,30.5_43.5,10.00313,29.5_44.5,10.00313,29.5",0,"1,1,1",Prefab/RoleShow/SkinShow/Weapon/humanRot/jm_dao_01.prefab,,,13,0,,0,0,0,0,0,0,,,,0,,0
612,101,130180,"46,0,21",66,0,"0,0,0","46.5,10.00313,21.5_45.5,10.00313,21.5_45.5,10.00313,20.5_46.5,10.00313,20.5",0,"1,1,1",Prefab/humanRot/Prop1.prefab,,,13,0,,0,0,0,0,0,0,,,,0,,0
613,101,130181,"27,0,28.9911022186279",72,5,"0,0,0","27.5,10.00313,29.4911_26.5,10.00313,29.4911_26.5,10.00313,28.4911_27.5,10.00313,28.4911",0,"1,1,1",Prefab/humanRot/LockGreen.prefab,,,13,0,,0,0,0,0,0,0,,,,0,,0
614,101,130183,"29,0,34",5,1,"0,0,0","31,10.00313,34.5_27,10.00313,34.5_27,10.00313,33.5_31,10.00313,33.5",1,"1,1,1",Prefab/Role/Monster/m_general_01_lv1_co01.prefab,,,13,0,,0,0,0,10308,0,0,,,,0,,0
615,101,130184,"31,0,55",5,1,"0,180,0","29,10.00313,54.5_33,10.00313,54.5_33,10.00313,55.5_29,10.00313,55.5",1,"1,1,1",Prefab/Role/Monster/m_general_01_lv1_co01.prefab,,,13,0,,0,0,0,10306,0,0,,,,0,,0
616,101,130185,"47.5,0,43",5,2,"0,270,0","47,10.00313,45_47,10.00313,41_48,10.00313,41_48,10.00313,45",1,"1,1,1",Prefab/Role/Monster/m_general_01_lv2_co01.prefab,,,13,0,,0,0,0,10307,0,0,,,,0,,0
617,101,130186,"30,0,47",5,2,"0,90,0","30.5,10.00313,45_30.5,10.00313,49_29.5,10.00313,49_29.5,10.00313,45",1,"1,1,1",Prefab/Role/Monster/m_general_01_lv2_co01.prefab,,,13,0,,0,0,0,10309,0,0,,,,0,,0
618,101,130187,"37.5,0,51",5,3,"0,270,0","37,10.00313,53_37,10.00313,49_38,10.00313,49_38,10.00313,53",1,"1,1,1",Prefab/Role/Monster/m_general_01_lv3_co01.prefab,,,13,0,,0,0,0,10310,0,0,,,,0,,0
619,101,130188,"26,0,41",5,3,"0,90,0","26.5,10.00313,39_26.5,10.00313,43_25.5,10.00313,43_25.5,10.00313,39",1,"1,1,1",Prefab/Role/Monster/m_general_01_lv3_co01.prefab,,,13,0,,0,0,0,10401,0,0,,,,0,,0
620,101,130190,"51,0,45",6,0,"0,0,0","52,10.00313,46_50,10.00313,46_50,10.00313,44_52,10.00313,44",0,"1,1,1",Prefab/PuzzleMap/Prop/P_Jiguan_01.prefab,,"130191,130192,130193",13,0,,0,0,0,0,0,0,,,,0,,0
621,101,130191,"48,0,36",7,0,"0,90,0","49,10.00313,34.5_49,10.00313,37.5_47,10.00313,37.5_47,10.00313,34.5",1,"1,1,1",Prefab/PuzzleMap/Prop/P_Fuqiao_01.prefab,130190,,13,0,,0,0,0,0,0,0,,,,0,,0
622,101,130192,"50,0,36",7,0,"0,90,0","51,10.00313,34.5_51,10.00313,37.5_49,10.00313,37.5_49,10.00313,34.5",1,"1,1,1",Prefab/PuzzleMap/Prop/P_Fuqiao_01.prefab,130190,,13,0,,0,0,0,0,0,0,,,,0,,0
623,101,130194,"40,0,47",48,0,"0,90,0","42.8,10.00313,46_42.8,10.00313,48_38.8,10.00313,48_38.8,10.00313,46",0,"1,1,1",Prefab/PuzzleMap/Prop/P_DaPao_1.prefab,130196,130195,13,0,,0,0,0,0,0,0,,,,0,,0
624,101,130195,"45,0,47",49,0,"0,0,0","47,10.00313,48_43,10.00313,48_43,10.00313,46_47,10.00313,46",1,"1,1,1",Prefab/PuzzleMap/Prop/P_ShiKuai_A.prefab,130194,,13,0,,0,0,0,0,0,0,,,,0,,0
625,101,130196,"27,0,47",50,0,"0,0,0","27.75,10.00313,47.75_26.25,10.00313,47.75_26.25,10.00313,46.25_27.75,10.00313,46.25",0,"1,1,1",Prefab/PuzzleMap/Prop/P_PaoDan_1.prefab,,,13,0,,0,0,0,0,0,0,,,,0,,0
626,101,130197,"33,0,34.5",10,0,"0,0,0","35,10.00313,35.1_31,10.00313,35.1_31,10.00313,33.9_35,10.00313,33.9",1,"1,1,1",Prefab/PuzzleMap/Prop/P_ZhaYao_1.prefab,130198,,13,0,,0,0,0,0,0,0,,,,0,,0
627,101,130198,"40,0,51",11,0,"0,0,0",,0,"1,1,1",Prefab/PuzzleMap/Prop/P_HuDun_1.prefab,,,13,0,,0,0,0,0,0,0,,,,0,,0
628,101,130199,"48,0,50",71,0,"0,0,0","48.5,10.00313,50.5_47.5,10.00313,50.5_47.5,10.00313,49.5_48.5,10.00313,49.5",0,"1,1,1",Prefab/RoleShow/SkinShow/Weapon/humanRot/jm_dao_01.prefab,,,13,0,,0,0,0,0,0,0,,,,0,,0
629,101,130200,"54,0,36",66,0,"0,0,0","54.5,10.00313,36.5_53.5,10.00313,36.5_53.5,10.00313,35.5_54.5,10.00313,35.5",0,"1,1,1",Prefab/humanRot/Prop1.prefab,,,13,0,,0,0,0,0,0,0,,,,0,,0
630,101,130201,"33,0,32",72,0,"0,0,0","33.5,10.00313,32.5_32.5,10.00313,32.5_32.5,10.00313,31.5_33.5,10.00313,31.5",0,"1,1,1",Prefab/humanRot/LockGreen.prefab,,,13,0,,0,0,0,0,0,0,,,,0,,0
631,101,130214,"51,0,25",16,8,"0,180,0","49,10.00313,24.5_53,10.00313,24.5_53,10.00313,25.5_49,10.00313,25.5",1,"1,1,1",Prefab/PuzzleMap/Prop/P_ZhaMen_01.prefab,"130215,130217",,13,0,,0,0,0,0,0,0,,,,0,,0
632,101,130215,"56,0,24",52,2,"0,0,0",,0,"1,1,1",Prefab/PuzzleMap/Prop/P_Box_DiKuai_Fire.prefab,130216,130214,13,0,,0,0,0,0,0,0,,,,0,,0
633,101,130216,"54,0,18",51,2,"0,0,0","55,10.00313,19_53,10.00313,19_53,10.00313,17_55,10.00313,17",1,"1,1,1",Prefab/PuzzleMap/Prop/P_PushBox_3.prefab,,,13,0,,0,0,0,0,0,0,,,,0,,0
634,101,130217,"58,0,18",52,4,"0,0,0",,0,"1,1,1",Prefab/PuzzleMap/Prop/P_Box_DiKuai_Ice.prefab,130218,130214,13,0,,0,0,0,0,0,0,,,,0,,0
635,101,130218,"54,0,22",51,4,"0,0,0","55,10.00313,23_53,10.00313,23_53,10.00313,21_55,10.00313,21",1,"1,1,1",Prefab/PuzzleMap/Prop/P_PushBox_2.prefab,,,13,0,,0,0,0,0,0,0,,,,0,,0
636,101,130221,"50,0,16",56,0,"0,0,0",,0,"1,1,1",Prefab/PuzzleMap/Prop/P_DiKuai_Jia.prefab,,,13,0,,0,0,0,0,0,0,,,,0,,0
637,101,130222,"52,0,16",56,0,"0,0,0",,0,"1,1,1",Prefab/PuzzleMap/Prop/P_DiKuai_Jia.prefab,,,13,0,,0,0,0,0,0,0,,,,0,,0
638,101,130223,"54,0,16",56,0,"0,0,0",,0,"1,1,1",Prefab/PuzzleMap/Prop/P_DiKuai_Jia.prefab,,,13,0,,0,0,0,0,0,0,,,,0,,0
639,101,130224,"56,0,16",56,0,"0,0,0",,0,"1,1,1",Prefab/PuzzleMap/Prop/P_DiKuai_Jia.prefab,,,13,0,,0,0,0,0,0,0,,,,0,,0
640,101,130227,"58,0,16",56,0,"0,0,0",,0,"1,1,1",Prefab/PuzzleMap/Prop/P_DiKuai_Jia.prefab,,,13,0,,0,0,0,0,0,0,,,,0,,0
641,101,130228,"50,0,18",56,0,"0,0,0",,0,"1,1,1",Prefab/PuzzleMap/Prop/P_DiKuai_Jia.prefab,,,13,0,,0,0,0,0,0,0,,,,0,,0
642,101,130229,"58,0,20",56,0,"0,0,0",,0,"1,1,1",Prefab/PuzzleMap/Prop/P_DiKuai_Jia.prefab,,,13,0,,0,0,0,0,0,0,,,,0,,0
643,101,130230,"58,0,22",56,0,"0,0,0",,0,"1,1,1",Prefab/PuzzleMap/Prop/P_DiKuai_Jia.prefab,,,13,0,,0,0,0,0,0,0,,,,0,,0
644,101,130233,"58,0,24",56,0,"0,0,0",,0,"1,1,1",Prefab/PuzzleMap/Prop/P_DiKuai_Jia.prefab,,,13,0,,0,0,0,0,0,0,,,,0,,0
645,101,130235,"52,0,24",56,0,"0,0,0",,0,"1,1,1",Prefab/PuzzleMap/Prop/P_DiKuai_Jia.prefab,,,13,0,,0,0,0,0,0,0,,,,0,,0
646,101,130236,"54,0,24",56,0,"0,0,0",,0,"1,1,1",Prefab/PuzzleMap/Prop/P_DiKuai_Jia.prefab,,,13,0,,0,0,0,0,0,0,,,,0,,0
647,101,130237,"50,0,24",56,0,"0,0,0",,0,"1,1,1",Prefab/PuzzleMap/Prop/P_DiKuai_Jia.prefab,,,13,0,,0,0,0,0,0,0,,,,0,,0
648,101,130240,"50,0,22",56,0,"0,0,0",,0,"1,1,1",Prefab/PuzzleMap/Prop/P_DiKuai_Jia.prefab,,,13,0,,0,0,0,0,0,0,,,,0,,0
649,101,130241,"50,0,20",56,0,"0,0,0",,0,"1,1,1",Prefab/PuzzleMap/Prop/P_DiKuai_Jia.prefab,,,13,0,,0,0,0,0,0,0,,,,0,,0
650,101,130242,"54,0,20",15,0,"0,0,0","55,10.00313,21_53,10.00313,21_53,10.00313,19_55,10.00313,19",1,"1,1,1",Prefab/PuzzleMap/Prop/P_Zhangai_03.prefab,,,13,0,,0,0,0,0,0,0,,,,0,,0
651,101,130245,"45,0,17",5,1,"0,270,0","44.5,10.00313,19_44.5,10.00313,15_45.5,10.00313,15_45.5,10.00313,19",1,"1,1,1",Prefab/Role/Monster/m_general_01_lv1_co01.prefab,,,13,0,,0,0,0,10304,0,0,,,,0,,0
652,101,130297,"31,0,18.4014873504639",27,0,"0,0,0","32,5.999788,19.40149_30,5.999788,19.40149_30,5.999788,17.40149_32,5.999788,17.40149",1,"1,1,1",Prefab/PuzzleMap/Prop/P_Rope_2.prefab,130298,,13,0,,0,0,0,0,0,0,,,,0,,0
653,101,130298,"17,0,23",26,0,"0,0,0","18,10.00313,24_16,10.00313,24_16,10.00313,22_18,10.00313,22",0,"1,1,1",Prefab/PuzzleMap/Prop/P_Rope_1.prefab,,,13,0,,0,0,0,0,0,0,,,,0,,0
654,101,130301,"18.5,0,27",55,0,"0,90,0","19.5,10.00313,25_19.5,10.00313,29_17.5,10.00313,29_17.5,10.00313,25",1,"1,1,1",Prefab/PuzzleMap/Prop/P_StoneWall_1.prefab,130302,0,13,0,,0,0,0,0,0,0,,,,0,,0
655,101,130302,"15,0,19",53,0,"0,0,0","15.5,10.00313,19.5_14.5,10.00313,19.5_14.5,10.00313,18.5_15.5,10.00313,18.5",0,"1,1,1",Prefab/PuzzleMap/Prop/P_Gaotou_1.prefab,,,13,0,,0,0,0,0,0,0,,,,0,,0
656,101,130303,"51.0424385070801,0,27",72,0,"0,0,0","51.54244,10.00313,27.5_50.54244,10.00313,27.5_50.54244,10.00313,26.5_51.54244,10.00313,26.5",0,"1,1,1",Prefab/humanRot/LockGreen.prefab,,,13,0,,0,0,0,0,0,0,,,,0,,0
657,101,130305,"25.0464687347412,0,36.9822959899902",72,5,"0,0,0","25.54647,10.00313,37.4823_24.54647,10.00313,37.4823_24.54647,10.00313,36.4823_25.54647,10.00313,36.4823",0,"1,1,1",Prefab/humanRot/LockGreen.prefab,,,13,0,,0,0,0,0,0,0,,,,0,,0
658,101,130306,"22,0,38",33,0,"0,90,0","23,10.00313,34.5_23,10.00313,41.5_21,10.00313,41.5_21,10.00313,34.5",1,"1,1,1",Prefab/PuzzleMap/Prop/P_Shizhu_1.prefab,,,13,0,,0,0,0,0,0,0,,,,0,,0
659,101,130307,"18,0,39.8209991455078",33,0,"0,0,0","21.5,10.00313,40.821_14.5,10.00313,40.821_14.5,10.00313,38.821_21.5,10.00313,38.821",1,"1,1,1",Prefab/PuzzleMap/Prop/P_Shizhu_1.prefab,,,13,0,,0,0,0,0,0,0,,,,0,,0
660,101,130308,"12,0,44",33,0,"0,0,0","15.5,10.00313,45_8.5,10.00313,45_8.5,10.00313,43_15.5,10.00313,43",1,"1,1,1",Prefab/PuzzleMap/Prop/P_Shizhu_1.prefab,,,13,0,,0,0,0,0,0,0,,,,0,,0
661,101,130309,"17,0,44",33,0,"0,90,0","18,10.00313,40.5_18,10.00313,47.5_16,10.00313,47.5_16,10.00313,40.5",1,"1,1,1",Prefab/PuzzleMap/Prop/P_Shizhu_1.prefab,,,13,0,,0,0,0,0,0,0,,,,0,,0
662,101,130310,"20,0,46",15,0,"0,0,0","21,10.00313,47_19,10.00313,47_19,10.00313,45_21,10.00313,45",1,"1,1,1",Prefab/PuzzleMap/Prop/P_Zhangai_03.prefab,,,13,0,,0,0,0,0,0,0,,,,0,,0
663,101,130311,"10,0,46",15,0,"0,0,0","11,10.00313,47_9,10.00313,47_9,10.00313,45_11,10.00313,45",1,"1,1,1",Prefab/PuzzleMap/Prop/P_Zhangai_03.prefab,,,13,0,,0,0,0,0,0,0,,,,0,,0
664,101,130312,"15,0,38",15,0,"0,0,0","16,10.00313,39_14,10.00313,39_14,10.00313,37_16,10.00313,37",1,"1,1,1",Prefab/PuzzleMap/Prop/P_Zhangai_03.prefab,,,13,0,,0,0,0,0,0,0,,,,0,,0
665,101,130314,"24,0,69",41,0,"0,0,0","26,8.00298,71_22,8.00298,71_22,8.00298,67_26,8.00298,67",1,"1,1,1",Prefab/PuzzleMap/Prop/Empty.prefab,130315,,13,0,,0,0,0,0,0,0,,,,0,,0
666,101,130315,"30,0,70",42,0,"0,0,0","31.1,10.00313,71.1_28.9,10.00313,71.1_28.9,10.00313,68.9_31.1,10.00313,68.9",1,"1,1,1",Prefab/PuzzleMap/Prop/P_HugeRock_2_Keng.prefab,,,13,0,,0,0,0,0,0,0,,,,0,,0
667,101,130316,"37.0073318481445,0,58.5",5,1,"0,0,0","39.00733,10.00313,59_35.00733,10.00313,59_35.00733,10.00313,58_39.00733,10.00313,58",1,"1,1,1",Prefab/Role/Monster/m_general_01_lv1_co01.prefab,,,13,0,,0,0,0,10403,0,0,,,,0,,0
668,101,130317,"22,0,63",5,1,"0,90,0","22.5,8.00298,61_22.5,8.00298,65_21.5,8.00298,65_21.5,8.00298,61",1,"1,1,1",Prefab/Role/Monster/m_general_01_lv1_co01.prefab,,,13,0,,0,0,0,10402,0,0,,,,0,,0
669,101,130318,"45,0,75.5",5,2,"0,180,0","43,10.00313,75_47,10.00313,75_47,10.00313,76_43,10.00313,76",1,"1,1,1",Prefab/Role/Monster/m_general_01_lv2_co01.prefab,,,13,0,,0,0,0,20201,0,0,,,,0,,0
670,101,130319,"51.1719284057617,0,75",5,2,"0,180,0","49.17193,10.00313,74.5_53.17193,10.00313,74.5_53.17193,10.00313,75.5_49.17193,10.00313,75.5",1,"1,1,1",Prefab/Role/Monster/m_general_01_lv2_co01.prefab,,,13,0,,0,0,0,20301,0,0,,,,0,,0
671,101,130320,"59.5,0,65.0000076293945",5,2,"0,270,0","59,10.00313,67.00001_59,10.00313,63.00001_60,10.00313,63.00001_60,10.00313,67.00001",1,"1,1,1",Prefab/Role/Monster/m_general_01_lv2_co01.prefab,,,13,0,,0,0,0,20302,0,0,,,,0,,0
672,101,130321,"59.5,0,79",5,1,"0,270,0","59,10.00313,81_59,10.00313,77_60,10.00313,77_60,10.00313,81",1,"1,1,1",Prefab/Role/Monster/m_general_01_lv1_co01.prefab,,,13,0,,0,0,0,20304,0,0,,,,0,,0
673,101,130322,"50,0,87",5,2,"0,90,0","50.5,10.00313,85_50.5,10.00313,89_49.5,10.00313,89_49.5,10.00313,85",1,"1,1,1",Prefab/Role/Monster/m_general_01_lv2_co01.prefab,,,13,0,,0,0,0,20303,0,0,,,,0,,0
674,101,130323,"26.0996761322021,0,72.9077987670898",66,0,"0,0,0","26.59968,8.00298,73.4078_25.59968,8.00298,73.4078_25.59968,8.00298,72.4078_26.59968,8.00298,72.4078",0,"1,1,1",Prefab/humanRot/Prop1.prefab,,,13,0,,0,0,0,0,0,0,,,,0,,0
675,101,130324,"67.9957885742188,0,84.9956207275391",71,0,"0,0,0","68.49579,14.00317,85.49562_67.49579,14.00317,85.49562_67.49579,14.00317,84.49562_68.49579,14.00317,84.49562",0,"1,1,1",Prefab/RoleShow/SkinShow/Weapon/humanRot/jm_dao_01.prefab,,,13,0,,0,0,0,0,0,0,,,,0,,0
676,101,130325,"62.8978004455566,0,78.9105834960938",72,0,"0,0,0","63.3978,10.00313,79.41058_62.3978,10.00313,79.41058_62.3978,10.00313,78.41058_63.3978,10.00313,78.41058",0,"1,1,1",Prefab/humanRot/LockGreen.prefab,,,13,0,,0,0,0,0,0,0,,,,0,,0
677,101,130330,"36.9358062744141,0,56.0742530822754",72,5,"0,0,0","37.43581,10.00313,56.57425_36.43581,10.00313,56.57425_36.43581,10.00313,55.57425_37.43581,10.00313,55.57425",0,"1,1,1",Prefab/humanRot/LockGreen.prefab,,,13,0,,0,0,0,0,0,0,,,,0,,0
678,101,130331,"50.9637603759766,0,62.0233955383301",72,5,"0,0,0","51.46376,10.00313,62.5234_50.46376,10.00313,62.5234_50.46376,10.00313,61.5234_51.46376,10.00313,61.5234",0,"1,1,1",Prefab/humanRot/LockGreen.prefab,,,13,0,,0,0,0,0,0,0,,,,0,,0
679,101,130332,"49,0,65",16,10,"0,270,0","48.5,10.00313,67_48.5,10.00313,63_49.5,10.00313,63_49.5,10.00313,67",1,"1,1,1",Prefab/PuzzleMap/Prop/P_Door_01.prefab,0,,13,0,,0,0,0,0,0,0,,,1000,0,,0
680,101,130333,"47,0,77",45,0,"0,270,0","45.75,10.00313,78_45.75,10.00313,76_48.75,10.00313,76_48.75,10.00313,78",0,"1,1,1",Prefab/PuzzleMap/Prop/P_JGfasheqi.prefab,,,13,0,,0,0,0,0,0,0,,,,0,,0
681,101,130335,"33,0,73",47,0,"0,90,0","34.75,10.00313,72_34.75,10.00313,74_31.75,10.00313,74_31.75,10.00313,72",0,"1,1,1",Prefab/PuzzleMap/Prop/P_JGJieshouqi.prefab,,130337,13,0,,0,0,0,0,0,0,,,,0,,0
682,101,130336,"41,0,73",46,0,"0,0,0","42,10.00313,74_40,10.00313,74_40,10.00313,72_42,10.00313,72",0,"1,1,1",Prefab/PuzzleMap/Prop/P_JGjingzi.prefab,,,13,0,,0,0,0,0,0,0,,,,0,,0
683,101,130337,"33,0,69",16,7,"0,90,0","33.5,10.00313,67_33.5,10.00313,71_32.5,10.00313,71_32.5,10.00313,67",1,"1,1,1",Prefab/PuzzleMap/Prop/P_ZhaMen_01.prefab,130335,,13,0,,0,0,0,0,0,0,,,,0,,0
684,101,130347,"41,0,77",46,0,"0,90,0","42,10.00313,76_42,10.00313,78_40,10.00313,78_40,10.00313,76",0,"1,1,1",Prefab/PuzzleMap/Prop/P_JGjingzi.prefab,,,13,0,,0,0,0,0,0,0,,,,0,,0
685,101,130254,"60,0,74",29,0,"0,0,0","60.75,12.00302,75.25_59.25,12.00302,75.25_59.25,12.00302,72.75_60.75,12.00302,72.75",1,"1,1,1",Prefab/PuzzleMap/Prop/P_ShuZhuang_1.prefab,,130255,13,0,,0,0,0,0,0,0,,,,0,,0
686,101,130255,"56,0,74",28,0,"0,0,0","58,10.00313,77_54,10.00313,77_54,10.00313,71_58,10.00313,71",1,"1,1,1",Prefab/PuzzleMap/Prop/Empty.prefab,130254,,13,0,,0,0,0,0,0,0,,,,0,,0
687,101,130260,"37,0,83",30,0,"0,180,0","35,10.00313,82.5_39,10.00313,82.5_39,10.00313,83.5_35,10.00313,83.5",1,"1,1,1",Prefab/PuzzleMap/Prop/P_HuoMen.prefab,"130265,130263",,13,0,,0,0,0,0,0,0,,,,0,,0
688,101,130261,"37,0,86",31,5,"0,270,0","36,10.00313,87.1_36,10.00313,84.9_38,10.00313,84.9_38,10.00313,87.1",1,"1,1,1",Prefab/PuzzleMap/Prop/P_Pipe_f.prefab,,,13,7,,0,0,0,0,0,0,,,,0,,0
689,101,130262,"37,0,89",57,1,"0,90,0",,0,"1,1,1",Prefab/PuzzleMap/Prop/P_Pipe_a_Empty.prefab,130263,130260,13,6,,0,0,0,0,0,0,,,,0,,0
690,101,130263,"42,0,89",32,1,"0,90,0","43,10.00313,86.8_43,10.00313,91.2_41,10.00313,91.2_41,10.00313,86.8",1,"1,1,1",Prefab/PuzzleMap/Prop/P_Pipe_a.prefab,,,13,6,,0,0,0,0,0,0,,,,0,,0
691,101,130264,"44,0,92",57,1,"0,0,0",,0,"1,1,1",Prefab/PuzzleMap/Prop/P_Pipe_a_Empty.prefab,130265,130260,13,3,,0,0,0,0,0,0,,,,0,,0
692,101,130265,"44,0,86",32,1,"0,0,0","46.2,10.00313,87_41.8,10.00313,87_41.8,10.00313,85_46.2,10.00313,85",1,"1,1,1",Prefab/PuzzleMap/Prop/P_Pipe_a.prefab,,,13,3,,0,0,0,0,0,0,,,,0,,0
693,101,130266,"40,0,92",31,1,"0,0,0","42.2,10.00313,93_37.8,10.00313,93_37.8,10.00313,91_42.2,10.00313,91",1,"1,1,1",Prefab/PuzzleMap/Prop/P_Pipe_b.prefab,,,13,4,,0,0,0,0,0,1,,,,0,,0
694,101,130267,"47,0,92",31,2,"0,0,0","48.1,10.00313,93_45.9,10.00313,93_45.9,10.00313,91_48.1,10.00313,91",1,"1,1,1",Prefab/PuzzleMap/Prop/P_Pipe_c.prefab,,,13,2,,0,0,0,0,0,1,,,,0,,0
695,101,130268,"37,0,92",31,3,"0,180,0","35.9,10.00313,91_38.1,10.00313,91_38.1,10.00313,93_35.9,10.00313,93",1,"1,1,1",Prefab/PuzzleMap/Prop/P_Pipe_d.prefab,,,13,5,,0,0,0,0,0,2,,,,0,,0
696,101,130269,"49,0,92",31,4,"0,180,0","47.9,10.00313,91_50.1,10.00313,91_50.1,10.00313,93_47.9,10.00313,93",1,"1,1,1",Prefab/PuzzleMap/Prop/P_Pipe_e.prefab,,,13,1,,0,0,0,0,0,0,,,,0,,0
697,101,130270,"42,0,84",15,0,"0,0,0","43,10.00313,85_41,10.00313,85_41,10.00313,83_43,10.00313,83",1,"1,1,1",Prefab/PuzzleMap/Prop/P_Zhangai_03.prefab,,,13,0,,0,0,0,0,0,0,,,,0,,0
698,101,130271,"61,0,84",21,0,"0,90,0","62.1,10.00313,82.9_62.1,10.00313,85.1_59.9,10.00313,85.1_59.9,10.00313,82.9",0,"1,1,1",Prefab/PuzzleMap/Prop/P_HugeRock_1_YJ.prefab,,"130277,130278,130279,130280,130281,130282,130283,130284,130285,130286,130287,130288,130289,130290,130291,130292,130293,130294,130295,130296",13,0,,0,0,0,0,0,0,,,,0,,0
699,101,130272,"48,0,90",15,0,"0,0,0","49,10.00313,91_47,10.00313,91_47,10.00313,89_49,10.00313,89",1,"1,1,1",Prefab/PuzzleMap/Prop/P_Zhangai_03.prefab,,,13,0,,0,0,0,0,0,0,,,,0,,0
700,101,130277,"62,0,86",65,1,"0,0,0","63,10.00313,87.25_61,10.00313,87.25_61,10.00313,85.75_63,10.00313,85.75",1,"1,1,1",Prefab/PuzzleMap/Prop/Empty.prefab,,,13,0,,0,0,0,0,0,0,,,,0,,0
701,101,130278,"60,0,86",65,1,"0,0,0","61,10.00313,87.25_59,10.00313,87.25_59,10.00313,85.75_61,10.00313,85.75",1,"1,1,1",Prefab/PuzzleMap/Prop/Empty.prefab,,,13,0,,0,0,0,0,0,0,,,,0,,0
702,101,130279,"58,0,86",65,1,"0,0,0","59,10.00313,87.25_57,10.00313,87.25_57,10.00313,85.75_59,10.00313,85.75",1,"1,1,1",Prefab/PuzzleMap/Prop/Empty.prefab,,,13,0,,0,0,0,0,0,0,,,,0,,0
703,101,130280,"56,0,86",65,1,"0,0,0","57,10.00313,87.25_55,10.00313,87.25_55,10.00313,85.75_57,10.00313,85.75",1,"1,1,1",Prefab/PuzzleMap/Prop/Empty.prefab,,,13,0,,0,0,0,0,0,0,,,,0,,0
704,101,130281,"54,0,86",65,2,"0,0,0","55.25,10.00313,87_53.75,10.00313,87_53.75,10.00313,85_55.25,10.00313,85",1,"1,1,1",Prefab/PuzzleMap/Prop/Empty.prefab,,,13,0,,0,0,0,0,0,0,,,,0,,0
705,101,130282,"54,0,84",65,2,"0,0,0","55.25,10.00313,85_53.75,10.00313,85_53.75,10.00313,83_55.25,10.00313,83",1,"1,1,1",Prefab/PuzzleMap/Prop/Empty.prefab,,,13,0,,0,0,0,0,0,0,,,,0,,0
706,101,130283,"54,0,82",65,1,"0,0,0","55,10.00313,83.25_53,10.00313,83.25_53,10.00313,81.75_55,10.00313,81.75",1,"1,1,1",Prefab/PuzzleMap/Prop/Empty.prefab,,,13,0,,0,0,0,0,0,0,,,,0,,0
707,101,130284,"52,0,82",65,1,"0,0,0","53,10.00313,83.25_51,10.00313,83.25_51,10.00313,81.75_53,10.00313,81.75",1,"1,1,1",Prefab/PuzzleMap/Prop/Empty.prefab,,,13,0,,0,0,0,0,0,0,,,,0,,0
708,101,130285,"50,0,82",65,1,"0,0,0","51,10.00313,83.25_49,10.00313,83.25_49,10.00313,81.75_51,10.00313,81.75",1,"1,1,1",Prefab/PuzzleMap/Prop/Empty.prefab,,,13,0,,0,0,0,0,0,0,,,,0,,0
709,101,130286,"48,0,82",65,2,"0,0,0","49.25,10.00313,83_47.75,10.00313,83_47.75,10.00313,81_49.25,10.00313,81",1,"1,1,1",Prefab/PuzzleMap/Prop/Empty.prefab,,,13,0,,0,0,0,0,0,0,,,,0,,0
710,101,130287,"48,0,80",65,2,"0,0,0","49.25,10.00313,81_47.75,10.00313,81_47.75,10.00313,79_49.25,10.00313,79",1,"1,1,1",Prefab/PuzzleMap/Prop/Empty.prefab,,,13,0,,0,0,0,0,0,0,,,,0,,0
711,101,130288,"48,0,79",65,1,"0,0,0","49,10.00313,80.25_47,10.00313,80.25_47,10.00313,78.75_49,10.00313,78.75",1,"1,1,1",Prefab/PuzzleMap/Prop/Empty.prefab,,,13,0,,0,0,0,0,0,0,,,,0,,0
712,101,130289,"46,0,79",65,1,"0,0,0","47,10.00313,80.25_45,10.00313,80.25_45,10.00313,78.75_47,10.00313,78.75",1,"1,1,1",Prefab/PuzzleMap/Prop/Empty.prefab,,,13,0,,0,0,0,0,0,0,,,,0,,0
713,101,130290,"44,0,79",65,1,"0,0,0","45,10.00313,80.25_43,10.00313,80.25_43,10.00313,78.75_45,10.00313,78.75",1,"1,1,1",Prefab/PuzzleMap/Prop/Empty.prefab,,,13,0,,0,0,0,0,0,0,,,,0,,0
714,101,130291,"42,0,79",65,1,"0,0,0","43,10.00313,80.25_41,10.00313,80.25_41,10.00313,78.75_43,10.00313,78.75",1,"1,1,1",Prefab/PuzzleMap/Prop/Empty.prefab,,,13,0,,0,0,0,0,0,0,,,,0,,0
715,101,130292,"40,0,79",65,1,"0,0,0","41,10.00313,80.25_39,10.00313,80.25_39,10.00313,78.75_41,10.00313,78.75",1,"1,1,1",Prefab/PuzzleMap/Prop/Empty.prefab,,,13,0,,0,0,0,0,0,0,,,,0,,0
716,101,130293,"38,0,79",65,1,"0,0,0","39,10.00313,80.25_37,10.00313,80.25_37,10.00313,78.75_39,10.00313,78.75",1,"1,1,1",Prefab/PuzzleMap/Prop/Empty.prefab,,,13,0,,0,0,0,0,0,0,,,,0,,0
717,101,130294,"36,0,79",65,1,"0,0,0","37,10.00313,80.25_35,10.00313,80.25_35,10.00313,78.75_37,10.00313,78.75",1,"1,1,1",Prefab/PuzzleMap/Prop/Empty.prefab,,,13,0,,0,0,0,0,0,0,,,,0,,0
718,101,130295,"34,0,79",65,1,"0,0,0","35,10.00313,80.25_33,10.00313,80.25_33,10.00313,78.75_35,10.00313,78.75",1,"1,1,1",Prefab/PuzzleMap/Prop/Empty.prefab,,,13,0,,0,0,0,0,0,0,,,,0,,0
719,101,130296,"61.0878982543945,0,86.1620025634766",22,0,"0,0,0","62.0879,10.00313,87.162_60.0879,10.00313,87.162_60.0879,10.00313,85.162_62.0879,10.00313,85.162",1,"1,1,1",Prefab/PuzzleMap/Prop/YanJiang_1.prefab,,,13,0,,0,0,0,0,0,0,,,,0,,0
720,101,130326,"62,0,89",17,0,"0,90,0","62.75,10.00313,87_62.75,10.00313,91_61.25,10.00313,91_61.25,10.00313,87",1,"1,1,1",Prefab/PuzzleMap/Prop/P_Tengti_01.prefab,130327,,13,0,,0,0,0,0,0,0,,,,0,,0
721,101,130327,"53,0,93",18,0,"0,0,0","53.75,14.00317,93.75_52.25,14.00317,93.75_52.25,14.00317,92.25_53.75,14.00317,92.25",0,"1,1,1",Prefab/PuzzleMap/Prop/P_ShuiHu.prefab,,,13,0,,0,0,0,0,0,0,,,,0,,0
722,101,130339,"53,0,88",9,2,"0,0,0","54.5,10.00313,88.5_51.5,10.00313,88.5_51.5,10.00313,87.5_54.5,10.00313,87.5",1,"1,1,1",Prefab/PuzzleMap/Prop/P_Tizi_2.prefab,130340,,13,0,,0,0,0,0,0,0,,,,0,,0
723,101,130340,"37,0,77",8,0,"0,0,0","37.5,10.00313,77.5_36.5,10.00313,77.5_36.5,10.00313,76.5_37.5,10.00313,76.5",0,"1,1,1",Prefab/PuzzleMap/Prop/P_Tizi_1.prefab,,,13,0,,0,0,0,0,0,0,,,,0,,0
724,101,144916,"29,0,13",12,0,"0,0,0",,0,"1,1,1",Prefab/PuzzleMap/Prop/Empty.prefab,,,14,0,,0,0,0,0,0,0,,,,0,,0
725,101,154946,"40.9108390808105,0,12.8370513916016",12,0,"0,0,0",,0,"1,1,1",Prefab/PuzzleMap/Prop/Empty.prefab,,,15,0,,0,0,0,0,0,0,,,,0,,0
726,101,164916,"50,0,43",12,0,"0,0,0",,0,"1,1,1",Prefab/PuzzleMap/Prop/Empty.prefab,,,16,0,,0,0,0,0,0,0,,,,0,,0
727,101,174873,"62,0,34",12,0,"0,0,0",,0,"1,1,1",Prefab/PuzzleMap/Prop/Empty.prefab,,,17,0,,0,0,0,0,0,0,,,,0,,0
728,101,184907,"51.4300003051758,0,15.3900003433228",12,0,"0,0,0",,0,"1,1,1",Prefab/PuzzleMap/Prop/Empty.prefab,,,18,0,,0,0,0,0,0,0,,,,0,,0
729,101,194874,"21,0,17.5",12,0,"0,0,0",,0,"1,1,1",Prefab/PuzzleMap/Prop/Empty.prefab,,,19,0,,0,0,0,0,0,0,,,,0,,0
730,101,204874,"41,0,13",12,0,"0,0,0",,0,"1,1,1",Prefab/PuzzleMap/Prop/Empty.prefab,,,20,0,,0,0,0,0,0,0,,,,0,,0
731,101,120001,"30.2097015380859,-8.021776,14.4603958129883",2,1,"0,0,0",,0,"1,1,1",,,,21,,"28.00,0.00,16.00,44.00,0.00,16.00,44.00,0.00,32.00,28.00,0.00,32.00",,,,,,,210001_0,,,,,
732,101,120002,"35.5,2.003074,21.9980010986328",62,7,"0,0,0",,0,"1,1,1",Prefab/PuzzleMap/Prop/Empty.prefab,,,21,0,,0,0,0,0,0,0,,210001_0,120003,0,,1
733,101,120003,"36,2.003074,28",62,0,"0,0,0",,0,"1,1,1",Prefab/PuzzleMap/Prop/Empty.prefab,,,21,0,,0,0,0,0,0,0,,,,0,,0
734,101,120004,"51.2097015380859,0,14.4603958129883",2,6,"0,0,0",,0,"1,1,1",,,,21,,"32.00,0.00,16.00,40.00,0.00,16.00,40.00,0.00,20.00,32.00,0.00,20.00",,,,,,,210001_0,,,,"0,120002",
735,101,120005,"36.0327949523926,0.003195092,11.0793104171753",12,0,"0,0,0",,0,"1,1,1",Prefab/PuzzleMap/Prop/Empty.prefab,,,21,0,,0,0,0,0,0,0,,,,0,,0
736,101,304890,"42,0,13",12,0,"0,0,0",,0,"1,1,1",Prefab/PuzzleMap/Prop/Empty.prefab,,,30,0,,0,0,0,0,0,0,,,,0,,0
737,101,304891,"44,0,20",16,3,"0,90,0","44.5,60.00311,18_44.5,60.00311,22_43.5,60.00311,22_43.5,60.00311,18",1,"1,1,1",Prefab/PuzzleMap/Prop/P_Door_01_green.prefab,304892,,30,0,,0,0,0,0,0,0,,,,0,,0
738,101,304892,"36,0,26",3,3,"0,0,0","36.5,60.00311,28.5_35.5,60.00311,28.5_35.5,60.00311,27.5_36.5,60.00311,27.5",0,"1,1,1",Prefab/PuzzleMap/Prop/Key_Green.prefab,,,30,0,,0,0,0,0,0,0,,,,0,,0
739,101,304893,"22,0,22",20,1,"0,0,0","23,60.00311,25_21,60.00311,25_21,60.00311,23_23,60.00311,23",0,"1,1,1",Prefab/PuzzleMap/Prop/P_Jiguan_02.prefab,304894,304895,30,0,,0,0,0,0,0,0,,,,0,,0
740,101,304894,"14,0,14",19,1,"0,0,0","13.75,60.00311,16.75_12.25,60.00311,16.75_12.25,60.00311,15.25_13.75,60.00311,15.25",0,"1,1,1",Prefab/PuzzleMap/Prop/P_StoneBall_01.prefab,,,30,0,,0,0,0,0,0,0,,,,0,,0
741,101,304895,"28,0,26",16,9,"0,0,0","30,60.00311,26.5_26,60.00311,26.5_26,60.00311,25.5_30,60.00311,25.5",1,"1,1,1",Prefab/PuzzleMap/Prop/P_ZhaMen_01.prefab,304893,,30,0,,0,0,0,0,0,0,,,,0,,0
742,101,304896,"26,0,16",5,4,"0,0,0","28,60.00311,16.5_24,60.00311,16.5_24,60.00311,15.5_28,60.00311,15.5",1,"1,1,1",Prefab/Role/Monster/m_general_01_lv4_co01.prefab,,,30,0,,0,0,0,10302,0,0,,,,0,,0
743,101,304897,"17,0,14",5,1,"0,90,0","17.5,60.00311,12_17.5,60.00311,16_16.5,60.00311,16_16.5,60.00311,12",1,"1,1,1",Prefab/Role/Monster/m_general_01_lv1_co01.prefab,,,30,0,,0,0,0,10305,0,0,,,,0,,0
744,101,304898,"36,0,23",5,2,"0,180,0","34,60.00311,22.5_38,60.00311,22.5_38,60.00311,23.5_34,60.00311,23.5",1,"1,1,1",Prefab/Role/Monster/m_general_01_lv2_co01.prefab,,,30,0,,0,0,0,10303,0,0,,,,0,,0
745,101,304899,"18,0,30",5,2,"0,90,0","18.5,60.00311,28_18.5,60.00311,32_17.5,60.00311,32_17.5,60.00311,28",1,"1,1,1",Prefab/Role/Monster/m_general_01_lv2_co01.prefab,,,30,0,,0,0,0,10201,0,0,,,,0,,0
746,101,304900,"41,0,23",43,0,"0,270,0","39,60.00311,28_39,60.00311,22_43,60.00311,22_43,60.00311,28",1,"1,1,1",Prefab/PuzzleMap/Prop/P_Diaoqiao_01.prefab,304901,,30,0,,0,0,0,0,0,0,,,,0,,0
747,101,304901,"26,0,13",44,0,"0,0,0","26.5,60.00311,15.5_25.5,60.00311,15.5_25.5,60.00311,14.5_26.5,60.00311,14.5",0,"1,1,1",Prefab/PuzzleMap/Prop/P_huoba_1.prefab,,,30,0,,0,0,0,0,0,0,,,,0,,0
748,101,304902,"35,0,14",5,3,"0,270,0","34.5,56.00296,16_34.5,56.00296,12_35.5,56.00296,12_35.5,56.00296,16",1,"1,1,1",Prefab/Role/Monster/m_general_01_lv3_co01.prefab,,,30,0,,0,0,0,10301,0,0,,,,0,,0
749,101,304903,"46,0,31",71,0,"0,0,0","46.5,60.00311,32.5_45.5,60.00311,32.5_45.5,60.00311,31.5_46.5,60.00311,31.5",0,"1,1,1",Prefab/RoleShow/SkinShow/Weapon/humanRot/jm_dao_01.prefab,,,30,0,,0,0,0,0,0,0,,,300004,0,,0
750,101,304904,"47.5,0,20.5",66,0,"0,0,0","46.5,60.00311,22.5_45.5,60.00311,22.5_45.5,60.00311,21.5_46.5,60.00311,21.5",0,"1,1,1",Prefab/humanRot/Prop1.prefab,,,30,0,,0,0,0,0,0,0,,,300001,0,,0
751,101,304905,"28.5,0,28.5",72,5,"0,0,0","28.5,60.00311,30.5_27.5,60.00311,30.5_27.5,60.00311,29.5_28.5,60.00311,29.5",0,"1,1,1",Prefab/humanRot/LockGreen.prefab,,,30,0,,0,0,0,0,0,0,,,300003,0,,0
752,101,304906,"30,0,35",5,1,"0,0,0","32,60.00311,35.5_28,60.00311,35.5_28,60.00311,34.5_32,60.00311,34.5",1,"1,1,1",Prefab/Role/Monster/m_general_01_lv1_co01.prefab,,,30,0,,0,0,0,10308,0,0,,,,0,,0
753,101,304907,"32,0,56",5,1,"0,180,0","30,60.00311,55.5_34,60.00311,55.5_34,60.00311,56.5_30,60.00311,56.5",1,"1,1,1",Prefab/Role/Monster/m_general_01_lv1_co01.prefab,,,30,0,,0,0,0,10306,0,0,,,,0,,0
754,101,304908,"49,0,44",5,2,"0,270,0","48.5,60.00311,46_48.5,60.00311,42_49.5,60.00311,42_49.5,60.00311,46",1,"1,1,1",Prefab/Role/Monster/m_general_01_lv2_co01.prefab,,,30,0,,0,0,0,10307,0,0,,,,0,,0
755,101,304909,"32.1719284057617,0,48",5,2,"0,90,0","32.67193,60.00311,46_32.67193,60.00311,50_31.67193,60.00311,50_31.67193,60.00311,46",1,"1,1,1",Prefab/Role/Monster/m_general_01_lv2_co01.prefab,,,30,0,,0,0,0,10309,0,0,,,,0,,0
756,101,304910,"38,0,52",5,3,"0,270,0","37.5,60.00311,54_37.5,60.00311,50_38.5,60.00311,50_38.5,60.00311,54",1,"1,1,1",Prefab/Role/Monster/m_general_01_lv3_co01.prefab,,,30,0,,0,0,0,10310,0,0,,,,0,,0
757,101,304911,"28,0,42",5,3,"0,90,0","28.5,60.00311,40_28.5,60.00311,44_27.5,60.00311,44_27.5,60.00311,40",1,"1,1,1",Prefab/Role/Monster/m_general_01_lv3_co01.prefab,,,30,0,,0,0,0,20201,0,0,,,,0,,0
758,101,304912,"52,0,46",6,0,"0,180,0","53,60.00311,47_51,60.00311,47_51,60.00311,45_53,60.00311,45",0,"1,1,1",Prefab/PuzzleMap/Prop/P_Jiguan_01.prefab,,"304913,304914",30,0,,0,0,0,0,0,0,,,,0,,0
759,101,304913,"49,0,37",7,0,"0,90,0","50,60.00311,35.5_50,60.00311,38.5_48,60.00311,38.5_48,60.00311,35.5",1,"1,1,1",Prefab/PuzzleMap/Prop/P_Fuqiao_01.prefab,304912,,30,0,,0,0,0,0,0,0,,,,0,,0
760,101,304914,"51,0,37",7,0,"0,90,0","52,60.00311,35.5_52,60.00311,38.5_50,60.00311,38.5_50,60.00311,35.5",1,"1,1,1",Prefab/PuzzleMap/Prop/P_Fuqiao_01.prefab,304912,,30,0,,0,0,0,0,0,0,,,,0,,0
761,101,304915,"40,0,48",48,0,"0,90,0","40.25,60.00311,47.75_40.25,60.00311,48.25_39.75,60.00311,48.25_39.75,60.00311,47.75",0,"1,1,1",Prefab/PuzzleMap/Prop/P_DaPao_1.prefab,304917,304916,30,0,,0,0,0,0,0,0,,,,0,,0
762,101,304916,"46,0,48",49,0,"0,0,0","48,60.00311,49_44,60.00311,49_44,60.00311,47_48,60.00311,47",1,"1,1,1",Prefab/PuzzleMap/Prop/P_ShiKuai_A.prefab,304915,,30,0,,0,0,0,0,0,0,,,,0,,0
763,101,304917,"29,0,48",50,0,"0,0,0","28.75,60.00311,48.75_27.25,60.00311,48.75_27.25,60.00311,47.25_28.75,60.00311,47.25",0,"1,1,1",Prefab/PuzzleMap/Prop/P_PaoDan_1.prefab,,,30,0,,0,0,0,0,0,0,,,,0,,0
764,101,304918,"34,0,36",10,0,"0,0,0","36,60.00311,36.6_32,60.00311,36.6_32,60.00311,35.4_36,60.00311,35.4",1,"1,1,1",Prefab/PuzzleMap/Prop/P_ZhaYao_1.prefab,304919,,30,0,,0,0,0,0,0,0,,,,0,,0
765,101,304919,"40,0,52",11,0,"0,0,0",,0,"1,1,1",Prefab/PuzzleMap/Prop/P_HuDun_1.prefab,,,30,0,,0,0,0,0,0,0,,,,0,,0
766,101,304920,"51,0,55",71,0,"0,0,0","50.85738,60.00311,55.5_49.85738,60.00311,55.5_49.85738,60.00311,54.5_50.85738,60.00311,54.5",0,"1,1,1",Prefab/RoleShow/SkinShow/Weapon/humanRot/jm_dao_01.prefab,,,30,0,,0,0,0,0,0,0,,,300008,0,,0
767,101,304921,"55,0,37",66,0,"0,0,0","55.5,60.00311,37.5_54.5,60.00311,37.5_54.5,60.00311,36.5_55.5,60.00311,36.5",0,"1,1,1",Prefab/humanRot/Prop1.prefab,,,30,0,,0,0,0,0,0,0,,,300005,0,,0
768,101,304922,"34,0,34",72,0,"0,0,0","34.5,60.00311,33.5_33.5,60.00311,33.5_33.5,60.00311,32.5_34.5,60.00311,32.5",0,"1,1,1",Prefab/humanRot/LockGreen.prefab,,,30,0,,0,0,0,0,0,0,,,300006,0,,0
769,101,304923,"52,0,24",16,8,"0,180,0","50,60.00311,23.5_54,60.00311,23.5_54,60.00311,24.5_50,60.00311,24.5",1,"1,1,1",Prefab/PuzzleMap/Prop/P_ZhaMen_01.prefab,"304924,304926",,30,0,,0,0,0,0,0,0,,,,0,,0
770,101,304924,"57,0,23",52,2,"0,0,0",,0,"1,1,1",Prefab/PuzzleMap/Prop/P_Box_DiKuai_Fire.prefab,304925,304923,30,0,,0,0,0,0,0,0,,,,0,,0
771,101,304925,"55,0,17",51,2,"0,0,0","56,60.00311,18_54,60.00311,18_54,60.00311,16_56,60.00311,16",1,"1,1,1",Prefab/PuzzleMap/Prop/P_PushBox_3.prefab,,,30,0,,0,0,0,0,0,0,,,,0,,0
772,101,304926,"59,0,17",52,4,"0,0,0",,0,"1,1,1",Prefab/PuzzleMap/Prop/P_Box_DiKuai_Ice.prefab,304927,304923,30,0,,0,0,0,0,0,0,,,,0,,0
773,101,304927,"55,0,21",51,4,"0,0,0","56,60.00311,22_54,60.00311,22_54,60.00311,20_56,60.00311,20",1,"1,1,1",Prefab/PuzzleMap/Prop/P_PushBox_2.prefab,,,30,0,,0,0,0,0,0,0,,,,0,,0
774,101,304928,"51,0,15",56,0,"0,0,0",,0,"1,1,1",Prefab/PuzzleMap/Prop/P_DiKuai_Jia.prefab,,,30,0,,0,0,0,0,0,0,,,,0,,0
775,101,304929,"53,0,15",56,0,"0,0,0",,0,"1,1,1",Prefab/PuzzleMap/Prop/P_DiKuai_Jia.prefab,,,30,0,,0,0,0,0,0,0,,,,0,,0
776,101,304930,"55,0,15",56,0,"0,0,0",,0,"1,1,1",Prefab/PuzzleMap/Prop/P_DiKuai_Jia.prefab,,,30,0,,0,0,0,0,0,0,,,,0,,0
777,101,304931,"57,0,15",56,0,"0,0,0",,0,"1,1,1",Prefab/PuzzleMap/Prop/P_DiKuai_Jia.prefab,,,30,0,,0,0,0,0,0,0,,,,0,,0
778,101,304932,"59,0,15",56,0,"0,0,0",,0,"1,1,1",Prefab/PuzzleMap/Prop/P_DiKuai_Jia.prefab,,,30,0,,0,0,0,0,0,0,,,,0,,0
779,101,304933,"51,0,17",56,0,"0,0,0",,0,"1,1,1",Prefab/PuzzleMap/Prop/P_DiKuai_Jia.prefab,,,30,0,,0,0,0,0,0,0,,,,0,,0
780,101,304934,"59,0,19",56,0,"0,0,0",,0,"1,1,1",Prefab/PuzzleMap/Prop/P_DiKuai_Jia.prefab,,,30,0,,0,0,0,0,0,0,,,,0,,0
781,101,304935,"59,0,21",56,0,"0,0,0",,0,"1,1,1",Prefab/PuzzleMap/Prop/P_DiKuai_Jia.prefab,,,30,0,,0,0,0,0,0,0,,,,0,,0
782,101,304936,"59,0,23",56,0,"0,0,0",,0,"1,1,1",Prefab/PuzzleMap/Prop/P_DiKuai_Jia.prefab,,,30,0,,0,0,0,0,0,0,,,,0,,0
783,101,304937,"53,0,23",56,0,"0,0,0",,0,"1,1,1",Prefab/PuzzleMap/Prop/P_DiKuai_Jia.prefab,,,30,0,,0,0,0,0,0,0,,,,0,,0
784,101,304938,"55,0,23",56,0,"0,0,0",,0,"1,1,1",Prefab/PuzzleMap/Prop/P_DiKuai_Jia.prefab,,,30,0,,0,0,0,0,0,0,,,,0,,0
785,101,304939,"51,0,23",56,0,"0,0,0",,0,"1,1,1",Prefab/PuzzleMap/Prop/P_DiKuai_Jia.prefab,,,30,0,,0,0,0,0,0,0,,,,0,,0
786,101,304940,"51,0,21",56,0,"0,0,0",,0,"1,1,1",Prefab/PuzzleMap/Prop/P_DiKuai_Jia.prefab,,,30,0,,0,0,0,0,0,0,,,,0,,0
787,101,304941,"51,0,19",56,0,"0,0,0",,0,"1,1,1",Prefab/PuzzleMap/Prop/P_DiKuai_Jia.prefab,,,30,0,,0,0,0,0,0,0,,,,0,,0
788,101,304942,"55,0,19",15,0,"0,0,0","56,60.00311,20_54,60.00311,20_54,60.00311,18_56,60.00311,18",1,"1,1,1",Prefab/PuzzleMap/Prop/P_Zhangai_03.prefab,,,30,0,,0,0,0,0,0,0,,,,0,,0
789,101,304944,"32,0,17",27,0,"0,0,0","33,56.00296,18_31,56.00296,18_31,56.00296,16_33,56.00296,16",1,"1,1,1",Prefab/PuzzleMap/Prop/P_Rope_2.prefab,304945,,30,0,,0,0,0,0,0,0,,,,0,,0
790,101,304945,"18,0,22",26,0,"0,0,0","19,60.00311,25_17,60.00311,25_17,60.00311,23_19,60.00311,23",0,"1,1,1",Prefab/PuzzleMap/Prop/P_Rope_1.prefab,,,30,0,,0,0,0,0,0,0,,,,0,,0
791,101,304946,"20,0,26",55,0,"0,90,0","21,60.00311,24_21,60.00311,28_19,60.00311,28_19,60.00311,24",1,"1,1,1",Prefab/PuzzleMap/Prop/P_StoneWall_1.prefab,304947,0,30,0,,0,0,0,0,0,0,,,,0,,0
792,101,304947,"16,0,18",53,0,"0,0,0","16.5,60.00311,20.5_15.5,60.00311,20.5_15.5,60.00311,19.5_16.5,60.00311,19.5",0,"1,1,1",Prefab/PuzzleMap/Prop/P_Gaotou_1.prefab,,,30,0,,0,0,0,0,0,0,,,,0,,0
793,101,304948,"52,0,26",72,0,"0,0,0","52.5,60.00311,28.5_51.5,60.00311,28.5_51.5,60.00311,27.5_52.5,60.00311,27.5",0,"1,1,1",Prefab/humanRot/LockGreen.prefab,,,30,0,,0,0,0,0,0,0,,,300002,0,,0
794,101,304949,"26,0,38",72,5,"0,0,0","26.5,60.00311,38.5_25.5,60.00311,38.5_25.5,60.00311,37.5_26.5,60.00311,37.5",0,"1,1,1",Prefab/humanRot/LockGreen.prefab,,,30,0,,0,0,0,0,0,0,,,300007,0,,0
795,101,304950,"23,0,39",33,0,"0,90,0","24,60.00311,35.5_24,60.00311,42.5_22,60.00311,42.5_22,60.00311,35.5",1,"1,1,1",Prefab/PuzzleMap/Prop/P_Shizhu_1.prefab,,305055,30,0,,0,0,0,0,0,0,,,,0,,0
796,101,305055,"18,0,39",34,0,"0,90,0",,0,"1,1,1",Prefab/PuzzleMap/Prop/Empty.prefab,304950,,30,0,,0,0,0,0,0,0,,,,0,,0
797,101,304951,"19,0,41",33,0,"0,0,0","22.5,60.00311,42_15.5,60.00311,42_15.5,60.00311,40_22.5,60.00311,40",1,"1,1,1",Prefab/PuzzleMap/Prop/P_Shizhu_1.prefab,,305054,30,0,,0,0,0,0,0,0,,,,0,,0
798,101,305054,"19.5,0,45.5",34,0,"0,0,0",,0,"1,1,1",Prefab/PuzzleMap/Prop/Empty.prefab,304951,,30,0,,0,0,0,0,0,0,,,,0,,0
799,101,304952,"13,0,45",33,0,"0,0,0","16.5,60.00311,46_9.5,60.00311,46_9.5,60.00311,44_16.5,60.00311,44",1,"1,1,1",Prefab/PuzzleMap/Prop/P_Shizhu_1.prefab,,305052,30,0,,0,0,0,0,0,0,,,,0,,0
800,101,305052,"13,0,40.5",34,0,"0,0,0",,0,"1,1,1",Prefab/PuzzleMap/Prop/Empty.prefab,304952,,30,0,,0,0,0,0,0,0,,,,0,,0
801,101,304953,"18,0,45",33,0,"0,90,0","19,60.00311,41.5_19,60.00311,48.5_17,60.00311,48.5_17,60.00311,41.5",1,"1,1,1",Prefab/PuzzleMap/Prop/P_Shizhu_1.prefab,,305053,30,0,,0,0,0,0,0,0,,,,0,,0
802,101,305053,"12.5,0,45",34,0,"0,90,0",,0,"1,1,1",Prefab/PuzzleMap/Prop/Empty.prefab,304953,,30,0,,0,0,0,0,0,0,,,,0,,0
803,101,304954,"21,0,47",15,0,"0,0,0","22,60.00311,48_20,60.00311,48_20,60.00311,46_22,60.00311,46",1,"1,1,1",Prefab/PuzzleMap/Prop/P_Zhangai_03.prefab,,,30,0,,0,0,0,0,0,0,,,,0,,0
804,101,304955,"11,0,47",15,0,"0,0,0","12,60.00311,48_10,60.00311,48_10,60.00311,46_12,60.00311,46",1,"1,1,1",Prefab/PuzzleMap/Prop/P_Zhangai_03.prefab,,,30,0,,0,0,0,0,0,0,,,,0,,0
805,101,304956,"16,0,39",15,0,"0,0,0","17,60.00311,40_15,60.00311,40_15,60.00311,38_17,60.00311,38",1,"1,1,1",Prefab/PuzzleMap/Prop/P_Zhangai_03.prefab,,,30,0,,0,0,0,0,0,0,,,,0,,0
806,101,304957,"25,0,70",41,0,"0,0,0","27,58.00303,72_23,58.00303,72_23,58.00303,68_27,58.00303,68",1,"1,1,1",Prefab/PuzzleMap/Prop/Empty.prefab,304958,,30,0,,0,0,0,0,0,0,,,,0,,0
807,101,304958,"31,0,71",42,0,"0,0,0","32.1,60.00311,72.1_29.9,60.00311,72.1_29.9,60.00311,69.9_32.1,60.00311,69.9",1,"1,1,1",Prefab/PuzzleMap/Prop/P_HugeRock_2_Keng.prefab,,304957,30,0,,0,0,0,0,0,0,,,,0,,0
808,101,304959,"38,0,60",5,1,"0,0,0","40,60.00311,60.5_36,60.00311,60.5_36,60.00311,59.5_40,60.00311,59.5",1,"1,1,1",Prefab/Role/Monster/m_general_01_lv1_co01.prefab,,,30,0,,0,0,0,20302,0,0,,,,0,,0
809,101,304960,"23,0,64",5,1,"0,90,0","23.5,58.00303,62_23.5,58.00303,66_22.5,58.00303,66_22.5,58.00303,62",1,"1,1,1",Prefab/Role/Monster/m_general_01_lv1_co01.prefab,,,30,0,,0,0,0,20301,0,0,,,,0,,0
810,101,304961,"46,0,76",5,2,"0,180,0","44,60.00311,75.5_48,60.00311,75.5_48,60.00311,76.5_44,60.00311,76.5",1,"1,1,1",Prefab/Role/Monster/m_general_01_lv2_co01.prefab,,,30,0,,0,0,0,20303,0,0,,,,0,,0
811,101,304962,"52,0,76",5,2,"0,180,0","50,60.00311,75.5_54,60.00311,75.5_54,60.00311,76.5_50,60.00311,76.5",1,"1,1,1",Prefab/Role/Monster/m_general_01_lv2_co01.prefab,,,30,0,,0,0,0,20304,0,0,,,,0,,0
812,101,304963,"60,0,66",5,2,"0,270,0","59.5,60.00311,68_59.5,60.00311,64_60.5,60.00311,64_60.5,60.00311,68",1,"1,1,1",Prefab/Role/Monster/m_general_01_lv2_co01.prefab,,,30,0,,0,0,0,20305,0,0,,,,0,,0
813,101,304964,"60,0,80",5,1,"0,270,0","59.5,60.00311,82_59.5,60.00311,78_60.5,60.00311,78_60.5,60.00311,82",1,"1,1,1",Prefab/Role/Monster/m_general_01_lv1_co01.prefab,,,30,0,,0,0,0,20307,0,0,,,,0,,0
814,101,304965,"52,0,88",5,2,"0,90,0","52.5,60.00311,86_52.5,60.00311,90_51.5,60.00311,90_51.5,60.00311,86",1,"1,1,1",Prefab/Role/Monster/m_general_01_lv2_co01.prefab,,,30,0,,0,0,0,20306,0,0,,,,0,,0
815,101,304966,"27,0,74",66,0,"0,0,0","27.5,58.00303,74.5_26.5,58.00303,74.5_26.5,58.00303,73.5_27.5,58.00303,73.5",0,"1,1,1",Prefab/humanRot/Prop1.prefab,,,30,0,,0,0,0,0,0,0,,,300011,0,,0
816,101,304967,"69,0,86",71,0,"0,0,0","69.5,64.00298,86.5_68.5,64.00298,86.5_68.5,64.00298,85.5_69.5,64.00298,85.5",0,"1,1,1",Prefab/RoleShow/SkinShow/Weapon/humanRot/jm_dao_01.prefab,,,30,0,,0,0,0,0,0,0,,,300012,0,,0
817,101,304968,"64,0,80",72,0,"0,0,0","64.5,60.00311,80.5_63.5,60.00311,80.5_63.5,60.00311,79.5_64.5,60.00311,79.5",0,"1,1,1",Prefab/humanRot/LockGreen.prefab,,,30,0,,0,0,0,0,0,0,,,300013,0,,0
818,101,304969,"38,0,57",72,5,"0,0,0","38.5,60.00311,57.5_37.5,60.00311,57.5_37.5,60.00311,56.5_38.5,60.00311,56.5",0,"1,1,1",Prefab/humanRot/LockGreen.prefab,,,30,0,,0,0,0,0,0,0,,,300009,0,,0
819,101,304971,"50,0,66",16,10,"0,90,0","50.5,60.00311,64_50.5,60.00311,68_49.5,60.00311,68_49.5,60.00311,64",1,"1,1,1",Prefab/PuzzleMap/Prop/P_Door_01.prefab,0,,30,0,,0,0,0,0,0,0,,,1200,0,,0
820,101,304972,"48,0,78",45,0,"0,270,0","46.75,60.00311,79_46.75,60.00311,77_49.75,60.00311,77_49.75,60.00311,79",0,"1,1,1",Prefab/PuzzleMap/Prop/P_JGfasheqi.prefab,,,30,0,,0,0,0,0,0,0,,,,0,,0
821,101,304973,"34,0,74",47,0,"0,90,0","35.75,60.00311,73_35.75,60.00311,75_32.75,60.00311,75_32.75,60.00311,73",0,"1,1,1",Prefab/PuzzleMap/Prop/P_JGJieshouqi.prefab,,304975,30,0,,0,0,0,0,0,0,,,,0,,0
822,101,304974,"42,0,74",46,0,"0,0,0","43,60.00311,75_41,60.00311,75_41,60.00311,73_43,60.00311,73",0,"1,1,1",Prefab/PuzzleMap/Prop/P_JGjingzi.prefab,,,30,0,,0,0,0,0,0,0,,,,0,,0
823,101,304975,"34,0,70",16,7,"0,90,0","34.5,60.00311,68_34.5,60.00311,72_33.5,60.00311,72_33.5,60.00311,68",1,"1,1,1",Prefab/PuzzleMap/Prop/P_ZhaMen_01.prefab,304973,,30,0,,0,0,0,0,0,0,,,,0,,0
824,101,304976,"42,0,78",46,0,"0,90,0","43,60.00311,77_43,60.00311,79_41,60.00311,79_41,60.00311,77",0,"1,1,1",Prefab/PuzzleMap/Prop/P_JGjingzi.prefab,,,30,0,,0,0,0,0,0,0,,,,0,,0
825,101,304977,"61,0,75",29,0,"0,0,0","61.75,62.00318,76.25_60.25,62.00318,76.25_60.25,62.00318,73.75_61.75,62.00318,73.75",1,"1,1,1",Prefab/PuzzleMap/Prop/P_ShuZhuang_1.prefab,,304978,30,0,,0,0,0,0,0,0,,,,0,,0
826,101,304978,"57,0,75",28,0,"0,0,0","59,60.00311,78_55,60.00311,78_55,60.00311,72_59,60.00311,72",1,"1,1,1",Prefab/PuzzleMap/Prop/Empty.prefab,304977,,30,0,,0,0,0,0,0,0,,,,0,,0
827,101,304979,"38,0,84",30,0,"0,180,0","36,60.00311,83.5_40,60.00311,83.5_40,60.00311,84.5_36,60.00311,84.5",1,"1,1,1",Prefab/PuzzleMap/Prop/P_HuoMen.prefab,"304981,304983",,30,0,,0,0,0,0,0,0,,,,0,,0
828,101,304980,"38,0,87",31,5,"0,270,0","37,60.00311,88.1_37,60.00311,85.9_39,60.00311,85.9_39,60.00311,88.1",1,"1,1,1",Prefab/PuzzleMap/Prop/P_Pipe_f.prefab,,,30,7,,0,0,0,0,0,0,,,,0,,0
829,101,304981,"38,0,90",57,1,"0,90,0",,0,"1,1,1",Prefab/PuzzleMap/Prop/P_Pipe_a_Empty.prefab,304982,304979,30,6,,0,0,0,0,0,0,,,,0,,0
830,101,304982,"43,0,90",32,1,"0,90,0","44,60.00311,87.8_44,60.00311,92.2_42,60.00311,92.2_42,60.00311,87.8",1,"1,1,1",Prefab/PuzzleMap/Prop/P_Pipe_a.prefab,,,30,6,,0,0,0,0,0,0,,,,0,,0
831,101,304983,"45,0,93",57,1,"0,0,0",,0,"1,1,1",Prefab/PuzzleMap/Prop/P_Pipe_a_Empty.prefab,304984,304979,30,3,,0,0,0,0,0,0,,,,0,,0
832,101,304984,"45,0,87",32,1,"0,0,0","47.2,60.00311,88_42.8,60.00311,88_42.8,60.00311,86_47.2,60.00311,86",1,"1,1,1",Prefab/PuzzleMap/Prop/P_Pipe_a.prefab,,,30,3,,0,0,0,0,0,0,,,,0,,0
833,101,304985,"41,0,93",31,1,"0,0,0","43.2,60.00311,94_38.8,60.00311,94_38.8,60.00311,92_43.2,60.00311,92",1,"1,1,1",Prefab/PuzzleMap/Prop/P_Pipe_b.prefab,,,30,4,,0,0,0,0,0,1,,,,0,,0
834,101,304986,"48,0,93",31,2,"0,0,0","49.1,60.00311,94_46.9,60.00311,94_46.9,60.00311,92_49.1,60.00311,92",1,"1,1,1",Prefab/PuzzleMap/Prop/P_Pipe_c.prefab,,,30,2,,0,0,0,0,0,1,,,,0,,0
835,101,304987,"38,0,93",31,3,"0,180,0","36.9,60.00311,92_39.1,60.00311,92_39.1,60.00311,94_36.9,60.00311,94",1,"1,1,1",Prefab/PuzzleMap/Prop/P_Pipe_d.prefab,,,30,5,,0,0,0,0,0,2,,,,0,,0
836,101,304988,"50,0,93",31,4,"0,180,0","48.9,60.00311,92_51.1,60.00311,92_51.1,60.00311,94_48.9,60.00311,94",1,"1,1,1",Prefab/PuzzleMap/Prop/P_Pipe_e.prefab,,,30,1,,0,0,0,0,0,0,,,,0,,0
837,101,304989,"43,0,85",15,0,"0,0,0","44,60.00311,86_42,60.00311,86_42,60.00311,84_44,60.00311,84",1,"1,1,1",Prefab/PuzzleMap/Prop/P_Zhangai_03.prefab,,,30,0,,0,0,0,0,0,0,,,,0,,0
838,101,304990,"62,0,85",21,0,"0,90,0","63.1,60.00311,83.9_63.1,60.00311,86.1_60.9,60.00311,86.1_60.9,60.00311,83.9",0,"1,1,1",Prefab/PuzzleMap/Prop/P_HugeRock_1_YJ.prefab,,"305022,304992,304993,304994,304995,304996,304997,304998,304999,305000,305001,305002,305003,305004,305005,305006,305007,305008,305009,305010",30,0,,0,0,0,0,0,0,,,,0,,0
839,101,304991,"49,0,91",15,0,"0,0,0","50,60.00311,92_48,60.00311,92_48,60.00311,90_50,60.00311,90",1,"1,1,1",Prefab/PuzzleMap/Prop/P_Zhangai_03.prefab,,,30,0,,0,0,0,0,0,0,,,,0,,0
840,101,304992,"63,0,87",65,1,"0,0,0","64,60.00311,88.25_62,60.00311,88.25_62,60.00311,86.75_64,60.00311,86.75",1,"1,1,1",Prefab/PuzzleMap/Prop/Empty.prefab,,,30,0,,0,0,0,0,0,0,,,,0,,0
841,101,304993,"61,0,87",65,1,"0,0,0","62,60.00311,88.25_60,60.00311,88.25_60,60.00311,86.75_62,60.00311,86.75",1,"1,1,1",Prefab/PuzzleMap/Prop/Empty.prefab,,,30,0,,0,0,0,0,0,0,,,,0,,0
842,101,304994,"59,0,87",65,1,"0,0,0","60,60.00311,88.25_58,60.00311,88.25_58,60.00311,86.75_60,60.00311,86.75",1,"1,1,1",Prefab/PuzzleMap/Prop/Empty.prefab,,,30,0,,0,0,0,0,0,0,,,,0,,0
843,101,304995,"57,0,87",65,1,"0,0,0","58,60.00311,88.25_56,60.00311,88.25_56,60.00311,86.75_58,60.00311,86.75",1,"1,1,1",Prefab/PuzzleMap/Prop/Empty.prefab,,,30,0,,0,0,0,0,0,0,,,,0,,0
844,101,304996,"55,0,87",65,2,"0,0,0","56.25,60.00311,88_54.75,60.00311,88_54.75,60.00311,86_56.25,60.00311,86",1,"1,1,1",Prefab/PuzzleMap/Prop/Empty.prefab,,,30,0,,0,0,0,0,0,0,,,,0,,0
845,101,304997,"55,0,85",65,2,"0,0,0","56.25,60.00311,86_54.75,60.00311,86_54.75,60.00311,84_56.25,60.00311,84",1,"1,1,1",Prefab/PuzzleMap/Prop/Empty.prefab,,,30,0,,0,0,0,0,0,0,,,,0,,0
846,101,304998,"55,0,83",65,1,"0,0,0","56,60.00311,84.25_54,60.00311,84.25_54,60.00311,82.75_56,60.00311,82.75",1,"1,1,1",Prefab/PuzzleMap/Prop/Empty.prefab,,,30,0,,0,0,0,0,0,0,,,,0,,0
847,101,304999,"53,0,83",65,1,"0,0,0","54,60.00311,84.25_52,60.00311,84.25_52,60.00311,82.75_54,60.00311,82.75",1,"1,1,1",Prefab/PuzzleMap/Prop/Empty.prefab,,,30,0,,0,0,0,0,0,0,,,,0,,0
848,101,305000,"51,0,83",65,1,"0,0,0","52,60.00311,84.25_50,60.00311,84.25_50,60.00311,82.75_52,60.00311,82.75",1,"1,1,1",Prefab/PuzzleMap/Prop/Empty.prefab,,,30,0,,0,0,0,0,0,0,,,,0,,0
849,101,305001,"49,0,83",65,2,"0,0,0","50.25,60.00311,84_48.75,60.00311,84_48.75,60.00311,82_50.25,60.00311,82",1,"1,1,1",Prefab/PuzzleMap/Prop/Empty.prefab,,,30,0,,0,0,0,0,0,0,,,,0,,0
850,101,305002,"49,0,81",65,2,"0,0,0","50.25,60.00311,82_48.75,60.00311,82_48.75,60.00311,80_50.25,60.00311,80",1,"1,1,1",Prefab/PuzzleMap/Prop/Empty.prefab,,,30,0,,0,0,0,0,0,0,,,,0,,0
851,101,305003,"49,0,80",65,1,"0,0,0","50,60.00311,81.25_48,60.00311,81.25_48,60.00311,79.75_50,60.00311,79.75",1,"1,1,1",Prefab/PuzzleMap/Prop/Empty.prefab,,,30,0,,0,0,0,0,0,0,,,,0,,0
852,101,305004,"47,0,80",65,1,"0,0,0","48,60.00311,81.25_46,60.00311,81.25_46,60.00311,79.75_48,60.00311,79.75",1,"1,1,1",Prefab/PuzzleMap/Prop/Empty.prefab,,,30,0,,0,0,0,0,0,0,,,,0,,0
853,101,305005,"45,0,80",65,1,"0,0,0","46,60.00311,81.25_44,60.00311,81.25_44,60.00311,79.75_46,60.00311,79.75",1,"1,1,1",Prefab/PuzzleMap/Prop/Empty.prefab,,,30,0,,0,0,0,0,0,0,,,,0,,0
854,101,305006,"43,0,80",65,1,"0,0,0","44,60.00311,81.25_42,60.00311,81.25_42,60.00311,79.75_44,60.00311,79.75",1,"1,1,1",Prefab/PuzzleMap/Prop/Empty.prefab,,,30,0,,0,0,0,0,0,0,,,,0,,0
855,101,305007,"41,0,80",65,1,"0,0,0","42,60.00311,81.25_40,60.00311,81.25_40,60.00311,79.75_42,60.00311,79.75",1,"1,1,1",Prefab/PuzzleMap/Prop/Empty.prefab,,,30,0,,0,0,0,0,0,0,,,,0,,0
856,101,305008,"39,0,80",65,1,"0,0,0","40,60.00311,81.25_38,60.00311,81.25_38,60.00311,79.75_40,60.00311,79.75",1,"1,1,1",Prefab/PuzzleMap/Prop/Empty.prefab,,,30,0,,0,0,0,0,0,0,,,,0,,0
857,101,305009,"37,0,80",65,1,"0,0,0","38,60.00311,81.25_36,60.00311,81.25_36,60.00311,79.75_38,60.00311,79.75",1,"1,1,1",Prefab/PuzzleMap/Prop/Empty.prefab,,,30,0,,0,0,0,0,0,0,,,,0,,0
858,101,305010,"35,0,80",65,1,"0,0,0","36,60.00311,81.25_34,60.00311,81.25_34,60.00311,79.75_36,60.00311,79.75",1,"1,1,1",Prefab/PuzzleMap/Prop/Empty.prefab,,,30,0,,0,0,0,0,0,0,,,,0,,0
859,101,305012,"63,0,90",17,0,"0,90,0","63.75,60.00311,88_63.75,60.00311,92_62.25,60.00311,92_62.25,60.00311,88",1,"1,1,1",Prefab/PuzzleMap/Prop/P_Tengti_01.prefab,305013,,30,0,,0,0,0,0,0,0,,,,0,,0
860,101,305013,"54,0,93",18,0,"0,90,0","54.75,64.00298,93.75_53.25,64.00298,93.75_53.25,64.00298,92.25_54.75,64.00298,92.25",0,"1,1,1",Prefab/PuzzleMap/Prop/P_ShuiHu.prefab,,,30,0,,0,0,0,0,0,0,,,,0,,0
861,101,305016,"54,0,89",9,2,"0,0,0","56,60.00311,89.75_52,60.00311,89.75_52,60.00311,88.25_56,60.00311,88.25",1,"1,1,1",Prefab/PuzzleMap/Prop/P_Tizi_2.prefab,305017,,30,0,,0,0,0,0,0,0,,,,0,,0
862,101,305017,"38,0,82",8,0,"0,0,0","38.5,60.00311,80.5_37.5,60.00311,80.5_37.5,60.00311,79.5_38.5,60.00311,79.5",0,"1,1,1",Prefab/PuzzleMap/Prop/P_Tizi_1.prefab,,,30,0,,0,0,0,0,0,0,,,,0,,0
863,101,305022,"63,0,87",22,0,"0,0,0","64,60.00311,88_62,60.00311,88_62,60.00311,86_64,60.00311,86",1,"1,1,1",Prefab/PuzzleMap/Prop/YanJiang_1.prefab,,,30,0,,0,0,0,0,0,0,,,,0,,0
864,101,305025,"49,0,16",5,1,"0,270,0","48.5,60.00311,18_48.5,60.00311,14_49.5,60.00311,14_49.5,60.00311,18",1,"1,1,1",Prefab/Role/Monster/m_general_01_lv1_co01.prefab,,,30,0,,0,0,0,10304,0,0,,,,0,,0
865,101,305026,"48.0032386779785,0,36.0609105043113",2,1,"0,0,0",,0,"1,1,1",,,,30,,"48.00,0.00,34.00,36.00,0.00,34.00,36.00,0.00,46.00,48.00,0.00,46.00",,,,,,,300001_0,,,,,
866,101,305027,"39.1336138918996,0,35.9629096984863",2,6,"0,0,0",,0,"1,1,1",,,,30,,"39.13,0.00,35.96,44.87,0.00,35.96,44.87,0.00,34.04,39.13,0.00,34.04",,,,,,,300001_0,,,,"0,305037",
867,101,305028,"49.9160957336426,0,75.9178314208984",2,1,"0,0,0",,0,"1,1,1",,,,30,,"47.50,0.00,73.50,35.00,0.00,73.50,35.00,0.00,62.50,47.50,0.00,62.50",,,,,,,300002_0,,,,,
868,101,305029,"43.9168167114258,0,61.9038505554199",2,6,"0,0,0",,0,"1,1,1",,,,30,,"43.92,0.00,61.90,48.09,0.00,61.90,48.09,0.00,60.06,43.92,0.00,60.06",,,,,,,300002_0,,,,"0,305039",
869,101,305032,"72.0049018859863,0,91.9794235229492",2,6,"0,0,0",,0,"1,1,1",,,,30,,"72.00,0.00,91.98,74.00,0.00,91.98,74.00,0.00,87.99,72.00,0.00,87.99",,,,,,,300003_0,,,,"0,305041",
870,101,305033,"54,0,55",62,12,"0,0,0",,0,"1,1,1",Prefab/PuzzleMap/Prop/Empty.prefab,,,30,0,,0,0,0,0,0,0,,,300002,0,,0
871,101,305034,"46,0,55",59,0,"0,0,0",,0,"1,1,1",Prefab/PuzzleMap/Prop/Empty.prefab,,,30,2,,0,0,0,0,0,0,,,,0,,0
872,101,305035,"46,0,51",16,9,"0,0,0","48,60.00311,51.5_44,60.00311,51.5_44,60.00311,50.5_48,60.00311,50.5",1,"1,1,1",Prefab/PuzzleMap/Prop/P_ZhaMen_01.prefab,,,30,0,,0,0,0,0,0,0,,,,1,"0,305033",0
873,101,305036,"54,0,57",62,2,"0,0,0",,0,"1,1,1",Prefab/PuzzleMap/Prop/Empty.prefab,,,30,0,,0,0,0,0,0,0,,,305035,0,,0
874,101,305037,"42,0,36",62,7,"0,0,0",,0,"1,1,1",Prefab/PuzzleMap/Prop/Empty.prefab,,,30,0,,0,0,0,0,0,0,,300001_0,305038,0,,1
875,101,305038,"42,0,42",62,0,"0,0,0",,0,"1,1,1",Prefab/PuzzleMap/Prop/Empty.prefab,,,30,0,,0,0,0,0,0,0,,,,0,,0
876,101,305039,"45.9216423034668,0,60.954517364502",62,7,"0,0,0",,0,"1,1,1",Prefab/PuzzleMap/Prop/Empty.prefab,,,30,0,,0,0,0,0,0,0,,300002_0,305040,0,,1
877,101,305040,"41.9448165893555,0,70.0114440917969",62,0,"0,0,0",,0,"1,1,1",Prefab/PuzzleMap/Prop/Empty.prefab,,,30,0,,0,0,0,0,0,0,,,,0,,0
878,101,305041,"73,0,90",62,7,"0,0,0",,0,"1,1,1",Prefab/PuzzleMap/Prop/Empty.prefab,,,30,0,,0,0,0,0,0,0,,300003_0,305042,0,,1
879,101,305042,"79,0,100",62,0,"0,0,0",,0,"1,1,1",Prefab/PuzzleMap/Prop/Empty.prefab,,,30,0,,0,0,0,0,0,0,,,,0,,0
880,101,305043,"49,0,33",62,12,"0,0,0",,0,"1,1,1",Prefab/PuzzleMap/Prop/Empty.prefab,,,30,0,,0,0,0,0,0,0,,,300001,0,,0
881,101,305044,"41,0,31",59,0,"0,0,0",,0,"1,1,1",Prefab/PuzzleMap/Prop/Empty.prefab,,,30,1,,0,0,0,0,0,0,,,,0,,0
882,101,305045,"41,0,28.5",16,9,"0,0,0","43,60.00311,29_39,60.00311,29_39,60.00311,28_43,60.00311,28",1,"1,1,1",Prefab/PuzzleMap/Prop/P_ZhaMen_01.prefab,,,30,0,,0,0,0,0,0,0,,,,1,"0,305043",0
883,101,305046,"49,0,31",62,2,"0,0,0",,0,"1,1,1",Prefab/PuzzleMap/Prop/Empty.prefab,,,30,0,,0,0,0,0,0,0,,,305045,0,,0
884,101,305048,"70,0,90",59,0,"0,270,0",,0,"1,1,1",Prefab/PuzzleMap/Prop/Empty.prefab,,,30,3,,0,0,0,0,0,0,,,,0,,0
885,101,305049,"66,0,90",16,9,"0,270,0","65.5,64.00298,92_65.5,64.00298,88_66.5,64.00298,88_66.5,64.00298,92",1,"1,1,1",Prefab/PuzzleMap/Prop/P_ZhaMen_01.prefab,,,30,0,,0,0,0,0,0,0,,,,1,"0,305047",0
886,101,305047,"70,0,95.5",62,12,"0,0,0",,0,"1,1,1",Prefab/PuzzleMap/Prop/Empty.prefab,,,30,0,,0,0,0,0,0,0,,,300003,0,,0
887,101,305050,"70,0,93.5",62,2,"0,0,0",,0,"1,1,1",Prefab/PuzzleMap/Prop/Empty.prefab,,,30,0,,0,0,0,0,0,0,,,305049,0,,0
888,101,305051,"94,0,90",14,0,"0,0,0",,0,"1,1,1",Prefab/PuzzleMap/Prop/P_ChuanSongZhen.prefab,0,,30,0,,0,0,0,0,0,0,,,,0,,0
889,101,305056,"40.0471649169922,0,29.9978218078613",2,9,"0,0,0",,0,"1,1,1",,,,30,1,"40.00,0.00,30.00,40.00,0.00,29.00,43.10,0.00,29.00,43.10,0.00,28.01,44.00,0.00,28.01,44.00,0.00,30.00",,,,,,,,,,,"0,305046",
890,101,305057,"44.0222053527832,0,53.9821319580078",2,9,"0,0,0",,0,"1,1,1",,,,30,2,"44.00,0.00,54.00,50.00,0.00,54.00,50.00,0.00,52.00,44.00,0.00,52.00",,,,,,,,,,,"0,305036",
891,101,305058,"67.1732406616211,0,91.8871078491211",2,9,"0,0,0",,0,"1,1,1",,,,30,3,"67.17,0.00,92.00,67.17,0.00,88.00,66.00,0.00,88.00,66.00,0.00,87.00,68.00,0.00,87.00,68.00,0.00,92.00",,,,,,,,,,,"0,305050",
892,101,305060,"77.0920486450195,0,104.872573852539",2,1,"0,0,0",,0,"1,1,1",,,,30,,"77.50,0.00,100.00,77.50,0.00,97.50,72.50,0.00,97.50,72.50,0.00,84.50,85.50,0.00,84.50,85.50,0.00,97.50,80.50,0.00,97.50,80.50,0.00,100.00",,,,,,,300003_0,,,,,
893,101,304890,"42,0,13",12,0,"0,0,0",,0,"1,1,1",Prefab/PuzzleMap/Prop/Empty.prefab,,,31,0,,0,0,0,0,0,0,,,,0,,0
894,101,304891,"44,0,20",16,3,"0,90,0","44.5,60.00311,18_44.5,60.00311,22_43.5,60.00311,22_43.5,60.00311,18",1,"1,1,1",Prefab/PuzzleMap/Prop/P_Door_01_green.prefab,304892,,31,0,,0,0,0,0,0,0,,,,0,,0
895,101,304892,"36,0,26",3,3,"0,0,0","36.5,60.00311,28.5_35.5,60.00311,28.5_35.5,60.00311,27.5_36.5,60.00311,27.5",0,"1,1,1",Prefab/PuzzleMap/Prop/Key_Green.prefab,,,31,0,,0,0,0,0,0,0,,,,0,,0
896,101,304893,"22,0,22",20,1,"0,0,0","23,60.00311,25_21,60.00311,25_21,60.00311,23_23,60.00311,23",0,"1,1,1",Prefab/PuzzleMap/Prop/P_Jiguan_02.prefab,304894,304895,31,0,,0,0,0,0,0,0,,,,0,,0
897,101,304894,"14,0,14",19,1,"0,0,0","13.75,60.00311,16.75_12.25,60.00311,16.75_12.25,60.00311,15.25_13.75,60.00311,15.25",0,"1,1,1",Prefab/PuzzleMap/Prop/P_StoneBall_01.prefab,,,31,0,,0,0,0,0,0,0,,,,0,,0
898,101,304895,"28,0,26",16,9,"0,0,0","30,60.00311,26.5_26,60.00311,26.5_26,60.00311,25.5_30,60.00311,25.5",1,"1,1,1",Prefab/PuzzleMap/Prop/P_ZhaMen_01.prefab,304893,,31,0,,0,0,0,0,0,0,,,,0,,0
899,101,304896,"26,0,16",5,4,"0,0,0","28,60.00311,16.5_24,60.00311,16.5_24,60.00311,15.5_28,60.00311,15.5",1,"1,1,1",Prefab/Role/Monster/m_general_01_lv4_co01.prefab,,,31,0,,0,0,0,10302,0,0,,,,0,,0
900,101,304897,"17,0,14",5,1,"0,90,0","17.5,60.00311,12_17.5,60.00311,16_16.5,60.00311,16_16.5,60.00311,12",1,"1,1,1",Prefab/Role/Monster/m_general_01_lv1_co01.prefab,,,31,0,,0,0,0,10305,0,0,,,,0,,0
901,101,304898,"36,0,23",5,2,"0,180,0","34,60.00311,22.5_38,60.00311,22.5_38,60.00311,23.5_34,60.00311,23.5",1,"1,1,1",Prefab/Role/Monster/m_general_01_lv2_co01.prefab,,,31,0,,0,0,0,10303,0,0,,,,0,,0
902,101,304899,"18,0,30",5,2,"0,90,0","18.5,60.00311,28_18.5,60.00311,32_17.5,60.00311,32_17.5,60.00311,28",1,"1,1,1",Prefab/Role/Monster/m_general_01_lv2_co01.prefab,,,31,0,,0,0,0,10201,0,0,,,,0,,0
903,101,304900,"41,0,23",43,0,"0,270,0","39,60.00311,28_39,60.00311,22_43,60.00311,22_43,60.00311,28",1,"1,1,1",Prefab/PuzzleMap/Prop/P_Diaoqiao_01.prefab,304901,,31,0,,0,0,0,0,0,0,,,,0,,0
904,101,304901,"26,0,13",44,0,"0,0,0","26.5,60.00311,15.5_25.5,60.00311,15.5_25.5,60.00311,14.5_26.5,60.00311,14.5",0,"1,1,1",Prefab/PuzzleMap/Prop/P_huoba_1.prefab,,,31,0,,0,0,0,0,0,0,,,,0,,0
905,101,304902,"35,0,14",5,3,"0,270,0","34.5,56.00296,16_34.5,56.00296,12_35.5,56.00296,12_35.5,56.00296,16",1,"1,1,1",Prefab/Role/Monster/m_general_01_lv3_co01.prefab,,,31,0,,0,0,0,10301,0,0,,,,0,,0
906,101,304903,"46,0,31",71,0,"0,0,0","46.5,60.00311,32.5_45.5,60.00311,32.5_45.5,60.00311,31.5_46.5,60.00311,31.5",0,"1,1,1",Prefab/RoleShow/SkinShow/Weapon/humanRot/jm_dao_01.prefab,,,31,0,,0,0,0,0,0,0,,,300004,0,,0
907,101,304904,"47.5,0,20.5",66,0,"0,0,0","46.5,60.00311,22.5_45.5,60.00311,22.5_45.5,60.00311,21.5_46.5,60.00311,21.5",0,"1,1,1",Prefab/humanRot/Prop1.prefab,,,31,0,,0,0,0,0,0,0,,,300001,0,,0
908,101,304905,"28.5,0,28.5",72,5,"0,0,0","28.5,60.00311,30.5_27.5,60.00311,30.5_27.5,60.00311,29.5_28.5,60.00311,29.5",0,"1,1,1",Prefab/humanRot/LockGreen.prefab,,,31,0,,0,0,0,0,0,0,,,300003,0,,0
909,101,304906,"30,0,35",5,1,"0,0,0","32,60.00311,35.5_28,60.00311,35.5_28,60.00311,34.5_32,60.00311,34.5",1,"1,1,1",Prefab/Role/Monster/m_general_01_lv1_co01.prefab,,,31,0,,0,0,0,10308,0,0,,,,0,,0
910,101,304907,"32,0,56",5,1,"0,180,0","30,60.00311,55.5_34,60.00311,55.5_34,60.00311,56.5_30,60.00311,56.5",1,"1,1,1",Prefab/Role/Monster/m_general_01_lv1_co01.prefab,,,31,0,,0,0,0,10306,0,0,,,,0,,0
911,101,304908,"49,0,44",5,2,"0,270,0","48.5,60.00311,46_48.5,60.00311,42_49.5,60.00311,42_49.5,60.00311,46",1,"1,1,1",Prefab/Role/Monster/m_general_01_lv2_co01.prefab,,,31,0,,0,0,0,10307,0,0,,,,0,,0
912,101,304909,"32.1719284057617,0,48",5,2,"0,90,0","32.67193,60.00311,46_32.67193,60.00311,50_31.67193,60.00311,50_31.67193,60.00311,46",1,"1,1,1",Prefab/Role/Monster/m_general_01_lv2_co01.prefab,,,31,0,,0,0,0,10309,0,0,,,,0,,0
913,101,304910,"38,0,52",5,3,"0,270,0","37.5,60.00311,54_37.5,60.00311,50_38.5,60.00311,50_38.5,60.00311,54",1,"1,1,1",Prefab/Role/Monster/m_general_01_lv3_co01.prefab,,,31,0,,0,0,0,10310,0,0,,,,0,,0
914,101,304911,"28,0,42",5,3,"0,90,0","28.5,60.00311,40_28.5,60.00311,44_27.5,60.00311,44_27.5,60.00311,40",1,"1,1,1",Prefab/Role/Monster/m_general_01_lv3_co01.prefab,,,31,0,,0,0,0,20201,0,0,,,,0,,0
915,101,304912,"52,0,46",6,0,"0,180,0","53,60.00311,47_51,60.00311,47_51,60.00311,45_53,60.00311,45",0,"1,1,1",Prefab/PuzzleMap/Prop/P_Jiguan_01.prefab,,"304913,304914",31,0,,0,0,0,0,0,0,,,,0,,0
916,101,304913,"49,0,37",7,0,"0,90,0","50,60.00311,35.5_50,60.00311,38.5_48,60.00311,38.5_48,60.00311,35.5",1,"1,1,1",Prefab/PuzzleMap/Prop/P_Fuqiao_01.prefab,304912,,31,0,,0,0,0,0,0,0,,,,0,,0
917,101,304914,"51,0,37",7,0,"0,90,0","52,60.00311,35.5_52,60.00311,38.5_50,60.00311,38.5_50,60.00311,35.5",1,"1,1,1",Prefab/PuzzleMap/Prop/P_Fuqiao_01.prefab,304912,,31,0,,0,0,0,0,0,0,,,,0,,0
918,101,304915,"40,0,48",48,0,"0,90,0","42.8,60.00311,47_42.8,60.00311,49_38.8,60.00311,49_38.8,60.00311,47",0,"1,1,1",Prefab/PuzzleMap/Prop/P_DaPao_1.prefab,304917,304916,31,0,,0,0,0,0,0,0,,,,0,,0
919,101,304916,"46,0,48",49,0,"0,0,0","48,60.00311,49_44,60.00311,49_44,60.00311,47_48,60.00311,47",1,"1,1,1",Prefab/PuzzleMap/Prop/P_ShiKuai_A.prefab,304915,,31,0,,0,0,0,0,0,0,,,,0,,0
920,101,304917,"29,0,48",50,0,"0,0,0","28.75,60.00311,48.75_27.25,60.00311,48.75_27.25,60.00311,47.25_28.75,60.00311,47.25",0,"1,1,1",Prefab/PuzzleMap/Prop/P_PaoDan_1.prefab,,,31,0,,0,0,0,0,0,0,,,,0,,0
921,101,304918,"34,0,36",10,0,"0,0,0","36,60.00311,36.6_32,60.00311,36.6_32,60.00311,35.4_36,60.00311,35.4",1,"1,1,1",Prefab/PuzzleMap/Prop/P_ZhaYao_1.prefab,304919,,31,0,,0,0,0,0,0,0,,,,0,,0
922,101,304919,"40,0,52",11,0,"0,0,0",,0,"1,1,1",Prefab/PuzzleMap/Prop/P_HuDun_1.prefab,,,31,0,,0,0,0,0,0,0,,,,0,,0
923,101,304920,"51,0,55",71,0,"0,0,0","50.85738,60.00311,55.5_49.85738,60.00311,55.5_49.85738,60.00311,54.5_50.85738,60.00311,54.5",0,"1,1,1",Prefab/RoleShow/SkinShow/Weapon/humanRot/jm_dao_01.prefab,,,31,0,,0,0,0,0,0,0,,,300008,0,,0
924,101,304921,"55,0,37",66,0,"0,0,0","55.5,60.00311,37.5_54.5,60.00311,37.5_54.5,60.00311,36.5_55.5,60.00311,36.5",0,"1,1,1",Prefab/humanRot/Prop1.prefab,,,31,0,,0,0,0,0,0,0,,,300005,0,,0
925,101,304922,"34,0,34",72,0,"0,0,0","34.5,60.00311,33.5_33.5,60.00311,33.5_33.5,60.00311,32.5_34.5,60.00311,32.5",0,"1,1,1",Prefab/humanRot/LockGreen.prefab,,,31,0,,0,0,0,0,0,0,,,300006,0,,0
926,101,304923,"52,0,24",16,8,"0,180,0","50,60.00311,23.5_54,60.00311,23.5_54,60.00311,24.5_50,60.00311,24.5",1,"1,1,1",Prefab/PuzzleMap/Prop/P_ZhaMen_01.prefab,"304924,304926",,31,0,,0,0,0,0,0,0,,,,0,,0
927,101,304924,"57,0,23",52,2,"0,0,0",,0,"1,1,1",Prefab/PuzzleMap/Prop/P_Box_DiKuai_Fire.prefab,304925,304923,31,0,,0,0,0,0,0,0,,,,0,,0
928,101,304925,"55,0,17",51,2,"0,0,0","56,60.00311,18_54,60.00311,18_54,60.00311,16_56,60.00311,16",1,"1,1,1",Prefab/PuzzleMap/Prop/P_PushBox_3.prefab,,,31,0,,0,0,0,0,0,0,,,,0,,0
929,101,304926,"59,0,17",52,4,"0,0,0",,0,"1,1,1",Prefab/PuzzleMap/Prop/P_Box_DiKuai_Ice.prefab,304927,304923,31,0,,0,0,0,0,0,0,,,,0,,0
930,101,304927,"55,0,21",51,4,"0,0,0","56,60.00311,22_54,60.00311,22_54,60.00311,20_56,60.00311,20",1,"1,1,1",Prefab/PuzzleMap/Prop/P_PushBox_2.prefab,,,31,0,,0,0,0,0,0,0,,,,0,,0
931,101,304928,"51,0,15",56,0,"0,0,0",,0,"1,1,1",Prefab/PuzzleMap/Prop/P_DiKuai_Jia.prefab,,,31,0,,0,0,0,0,0,0,,,,0,,0
932,101,304929,"53,0,15",56,0,"0,0,0",,0,"1,1,1",Prefab/PuzzleMap/Prop/P_DiKuai_Jia.prefab,,,31,0,,0,0,0,0,0,0,,,,0,,0
933,101,304930,"55,0,15",56,0,"0,0,0",,0,"1,1,1",Prefab/PuzzleMap/Prop/P_DiKuai_Jia.prefab,,,31,0,,0,0,0,0,0,0,,,,0,,0
934,101,304931,"57,0,15",56,0,"0,0,0",,0,"1,1,1",Prefab/PuzzleMap/Prop/P_DiKuai_Jia.prefab,,,31,0,,0,0,0,0,0,0,,,,0,,0
935,101,304932,"59,0,15",56,0,"0,0,0",,0,"1,1,1",Prefab/PuzzleMap/Prop/P_DiKuai_Jia.prefab,,,31,0,,0,0,0,0,0,0,,,,0,,0
936,101,304933,"51,0,17",56,0,"0,0,0",,0,"1,1,1",Prefab/PuzzleMap/Prop/P_DiKuai_Jia.prefab,,,31,0,,0,0,0,0,0,0,,,,0,,0
937,101,304934,"59,0,19",56,0,"0,0,0",,0,"1,1,1",Prefab/PuzzleMap/Prop/P_DiKuai_Jia.prefab,,,31,0,,0,0,0,0,0,0,,,,0,,0
938,101,304935,"59,0,21",56,0,"0,0,0",,0,"1,1,1",Prefab/PuzzleMap/Prop/P_DiKuai_Jia.prefab,,,31,0,,0,0,0,0,0,0,,,,0,,0
939,101,304936,"59,0,23",56,0,"0,0,0",,0,"1,1,1",Prefab/PuzzleMap/Prop/P_DiKuai_Jia.prefab,,,31,0,,0,0,0,0,0,0,,,,0,,0
940,101,304937,"53,0,23",56,0,"0,0,0",,0,"1,1,1",Prefab/PuzzleMap/Prop/P_DiKuai_Jia.prefab,,,31,0,,0,0,0,0,0,0,,,,0,,0
941,101,304938,"55,0,23",56,0,"0,0,0",,0,"1,1,1",Prefab/PuzzleMap/Prop/P_DiKuai_Jia.prefab,,,31,0,,0,0,0,0,0,0,,,,0,,0
942,101,304939,"51,0,23",56,0,"0,0,0",,0,"1,1,1",Prefab/PuzzleMap/Prop/P_DiKuai_Jia.prefab,,,31,0,,0,0,0,0,0,0,,,,0,,0
943,101,304940,"51,0,21",56,0,"0,0,0",,0,"1,1,1",Prefab/PuzzleMap/Prop/P_DiKuai_Jia.prefab,,,31,0,,0,0,0,0,0,0,,,,0,,0
944,101,304941,"51,0,19",56,0,"0,0,0",,0,"1,1,1",Prefab/PuzzleMap/Prop/P_DiKuai_Jia.prefab,,,31,0,,0,0,0,0,0,0,,,,0,,0
945,101,304942,"55,0,19",15,0,"0,0,0","56,60.00311,20_54,60.00311,20_54,60.00311,18_56,60.00311,18",1,"1,1,1",Prefab/PuzzleMap/Prop/P_Zhangai_03.prefab,,,31,0,,0,0,0,0,0,0,,,,0,,0
946,101,304944,"32,0,17",27,0,"0,0,0","33,56.00296,18_31,56.00296,18_31,56.00296,16_33,56.00296,16",1,"1,1,1",Prefab/PuzzleMap/Prop/P_Rope_2.prefab,304945,,31,0,,0,0,0,0,0,0,,,,0,,0
947,101,304945,"18,0,22",26,0,"0,0,0","19,60.00311,25_17,60.00311,25_17,60.00311,23_19,60.00311,23",0,"1,1,1",Prefab/PuzzleMap/Prop/P_Rope_1.prefab,,,31,0,,0,0,0,0,0,0,,,,0,,0
948,101,304946,"20,0,26",55,0,"0,90,0","21,60.00311,24_21,60.00311,28_19,60.00311,28_19,60.00311,24",1,"1,1,1",Prefab/PuzzleMap/Prop/P_StoneWall_1.prefab,304947,0,31,0,,0,0,0,0,0,0,,,,0,,0
949,101,304947,"16,0,18",53,0,"0,0,0","16.5,60.00311,20.5_15.5,60.00311,20.5_15.5,60.00311,19.5_16.5,60.00311,19.5",0,"1,1,1",Prefab/PuzzleMap/Prop/P_Gaotou_1.prefab,,,31,0,,0,0,0,0,0,0,,,,0,,0
950,101,304948,"52,0,26",72,0,"0,0,0","52.5,60.00311,28.5_51.5,60.00311,28.5_51.5,60.00311,27.5_52.5,60.00311,27.5",0,"1,1,1",Prefab/humanRot/LockGreen.prefab,,,31,0,,0,0,0,0,0,0,,,300002,0,,0
951,101,304949,"26,0,38",72,5,"0,0,0","26.5,60.00311,38.5_25.5,60.00311,38.5_25.5,60.00311,37.5_26.5,60.00311,37.5",0,"1,1,1",Prefab/humanRot/LockGreen.prefab,,,31,0,,0,0,0,0,0,0,,,300007,0,,0
952,101,304950,"23,0,39",33,0,"0,90,0","24,60.00311,35.5_24,60.00311,42.5_22,60.00311,42.5_22,60.00311,35.5",1,"1,1,1",Prefab/PuzzleMap/Prop/P_Shizhu_1.prefab,,305055,31,0,,0,0,0,0,0,0,,,,0,,0
953,101,305055,"18,0,39",34,0,"0,90,0",,0,"1,1,1",Prefab/PuzzleMap/Prop/Empty.prefab,304950,,31,0,,0,0,0,0,0,0,,,,0,,0
954,101,304951,"19,0,41",33,0,"0,0,0","22.5,60.00311,42_15.5,60.00311,42_15.5,60.00311,40_22.5,60.00311,40",1,"1,1,1",Prefab/PuzzleMap/Prop/P_Shizhu_1.prefab,,305054,31,0,,0,0,0,0,0,0,,,,0,,0
955,101,305054,"19.5,0,45.5",34,0,"0,0,0",,0,"1,1,1",Prefab/PuzzleMap/Prop/Empty.prefab,304951,,31,0,,0,0,0,0,0,0,,,,0,,0
956,101,304952,"13,0,45",33,0,"0,0,0","16.5,60.00311,46_9.5,60.00311,46_9.5,60.00311,44_16.5,60.00311,44",1,"1,1,1",Prefab/PuzzleMap/Prop/P_Shizhu_1.prefab,,305052,31,0,,0,0,0,0,0,0,,,,0,,0
957,101,305052,"13,0,40.5",34,0,"0,0,0",,0,"1,1,1",Prefab/PuzzleMap/Prop/Empty.prefab,304952,,31,0,,0,0,0,0,0,0,,,,0,,0
958,101,304953,"18,0,45",33,0,"0,90,0","19,60.00311,41.5_19,60.00311,48.5_17,60.00311,48.5_17,60.00311,41.5",1,"1,1,1",Prefab/PuzzleMap/Prop/P_Shizhu_1.prefab,,305053,31,0,,0,0,0,0,0,0,,,,0,,0
959,101,305053,"12.5,0,45",34,0,"0,90,0",,0,"1,1,1",Prefab/PuzzleMap/Prop/Empty.prefab,304953,,31,0,,0,0,0,0,0,0,,,,0,,0
960,101,304954,"21,0,47",15,0,"0,0,0","22,60.00311,48_20,60.00311,48_20,60.00311,46_22,60.00311,46",1,"1,1,1",Prefab/PuzzleMap/Prop/P_Zhangai_03.prefab,,,31,0,,0,0,0,0,0,0,,,,0,,0
961,101,304955,"11,0,47",15,0,"0,0,0","12,60.00311,48_10,60.00311,48_10,60.00311,46_12,60.00311,46",1,"1,1,1",Prefab/PuzzleMap/Prop/P_Zhangai_03.prefab,,,31,0,,0,0,0,0,0,0,,,,0,,0
962,101,304956,"16,0,39",15,0,"0,0,0","17,60.00311,40_15,60.00311,40_15,60.00311,38_17,60.00311,38",1,"1,1,1",Prefab/PuzzleMap/Prop/P_Zhangai_03.prefab,,,31,0,,0,0,0,0,0,0,,,,0,,0
963,101,304957,"25,0,70",41,0,"0,0,0","27,58.00303,72_23,58.00303,72_23,58.00303,68_27,58.00303,68",1,"1,1,1",Prefab/PuzzleMap/Prop/Empty.prefab,304958,,31,0,,0,0,0,0,0,0,,,,0,,0
964,101,304958,"31,0,71",42,0,"0,0,0","32.1,60.00311,72.1_29.9,60.00311,72.1_29.9,60.00311,69.9_32.1,60.00311,69.9",1,"1,1,1",Prefab/PuzzleMap/Prop/P_HugeRock_2_Keng.prefab,,304957,31,0,,0,0,0,0,0,0,,,,0,,0
965,101,304959,"38,0,60",5,1,"0,0,0","40,60.00311,60.5_36,60.00311,60.5_36,60.00311,59.5_40,60.00311,59.5",1,"1,1,1",Prefab/Role/Monster/m_general_01_lv1_co01.prefab,,,31,0,,0,0,0,20302,0,0,,,,0,,0
966,101,304960,"23,0,64",5,1,"0,90,0","23.5,58.00303,62_23.5,58.00303,66_22.5,58.00303,66_22.5,58.00303,62",1,"1,1,1",Prefab/Role/Monster/m_general_01_lv1_co01.prefab,,,31,0,,0,0,0,20301,0,0,,,,0,,0
967,101,304961,"46,0,76",5,2,"0,180,0","44,60.00311,75.5_48,60.00311,75.5_48,60.00311,76.5_44,60.00311,76.5",1,"1,1,1",Prefab/Role/Monster/m_general_01_lv2_co01.prefab,,,31,0,,0,0,0,20303,0,0,,,,0,,0
968,101,304962,"52,0,76",5,2,"0,180,0","50,60.00311,75.5_54,60.00311,75.5_54,60.00311,76.5_50,60.00311,76.5",1,"1,1,1",Prefab/Role/Monster/m_general_01_lv2_co01.prefab,,,31,0,,0,0,0,20304,0,0,,,,0,,0
969,101,304963,"60,0,66",5,2,"0,270,0","59.5,60.00311,68_59.5,60.00311,64_60.5,60.00311,64_60.5,60.00311,68",1,"1,1,1",Prefab/Role/Monster/m_general_01_lv2_co01.prefab,,,31,0,,0,0,0,20305,0,0,,,,0,,0
970,101,304964,"60,0,80",5,1,"0,270,0","59.5,60.00311,82_59.5,60.00311,78_60.5,60.00311,78_60.5,60.00311,82",1,"1,1,1",Prefab/Role/Monster/m_general_01_lv1_co01.prefab,,,31,0,,0,0,0,20307,0,0,,,,0,,0
971,101,304965,"52,0,88",5,2,"0,90,0","52.5,60.00311,86_52.5,60.00311,90_51.5,60.00311,90_51.5,60.00311,86",1,"1,1,1",Prefab/Role/Monster/m_general_01_lv2_co01.prefab,,,31,0,,0,0,0,20306,0,0,,,,0,,0
972,101,304966,"27,0,74",66,0,"0,0,0","27.5,58.00303,74.5_26.5,58.00303,74.5_26.5,58.00303,73.5_27.5,58.00303,73.5",0,"1,1,1",Prefab/humanRot/Prop1.prefab,,,31,0,,0,0,0,0,0,0,,,300011,0,,0
973,101,304967,"69,0,86",71,0,"0,0,0","69.5,64.00298,86.5_68.5,64.00298,86.5_68.5,64.00298,85.5_69.5,64.00298,85.5",0,"1,1,1",Prefab/RoleShow/SkinShow/Weapon/humanRot/jm_dao_01.prefab,,,31,0,,0,0,0,0,0,0,,,300012,0,,0
974,101,304968,"64,0,80",72,0,"0,0,0","64.5,60.00311,80.5_63.5,60.00311,80.5_63.5,60.00311,79.5_64.5,60.00311,79.5",0,"1,1,1",Prefab/humanRot/LockGreen.prefab,,,31,0,,0,0,0,0,0,0,,,300013,0,,0
975,101,304969,"38,0,57",72,5,"0,0,0","38.5,60.00311,57.5_37.5,60.00311,57.5_37.5,60.00311,56.5_38.5,60.00311,56.5",0,"1,1,1",Prefab/humanRot/LockGreen.prefab,,,31,0,,0,0,0,0,0,0,,,300009,0,,0
976,101,304971,"50,0,66",16,10,"0,90,0","50.5,60.00311,64_50.5,60.00311,68_49.5,60.00311,68_49.5,60.00311,64",1,"1,1,1",Prefab/PuzzleMap/Prop/P_Door_01.prefab,0,,31,0,,0,0,0,0,0,0,,,1200,0,,0
977,101,304972,"48,0,78",45,0,"0,270,0","46.75,60.00311,79_46.75,60.00311,77_49.75,60.00311,77_49.75,60.00311,79",0,"1,1,1",Prefab/PuzzleMap/Prop/P_JGfasheqi.prefab,,,31,0,,0,0,0,0,0,0,,,,0,,0
978,101,304973,"34,0,74",47,0,"0,90,0","35.75,60.00311,73_35.75,60.00311,75_32.75,60.00311,75_32.75,60.00311,73",0,"1,1,1",Prefab/PuzzleMap/Prop/P_JGJieshouqi.prefab,,304975,31,0,,0,0,0,0,0,0,,,,0,,0
979,101,304974,"42,0,74",46,0,"0,0,0","43,60.00311,75_41,60.00311,75_41,60.00311,73_43,60.00311,73",0,"1,1,1",Prefab/PuzzleMap/Prop/P_JGjingzi.prefab,,,31,0,,0,0,0,0,0,0,,,,0,,0
980,101,304975,"34,0,70",16,7,"0,90,0","34.5,60.00311,68_34.5,60.00311,72_33.5,60.00311,72_33.5,60.00311,68",1,"1,1,1",Prefab/PuzzleMap/Prop/P_ZhaMen_01.prefab,304973,,31,0,,0,0,0,0,0,0,,,,0,,0
981,101,304976,"42,0,78",46,0,"0,90,0","43,60.00311,77_43,60.00311,79_41,60.00311,79_41,60.00311,77",0,"1,1,1",Prefab/PuzzleMap/Prop/P_JGjingzi.prefab,,,31,0,,0,0,0,0,0,0,,,,0,,0
982,101,304977,"61,0,75",29,0,"0,0,0","61.75,62.00318,76.25_60.25,62.00318,76.25_60.25,62.00318,73.75_61.75,62.00318,73.75",1,"1,1,1",Prefab/PuzzleMap/Prop/P_ShuZhuang_1.prefab,,304978,31,0,,0,0,0,0,0,0,,,,0,,0
983,101,304978,"57,0,75",28,0,"0,0,0","59,60.00311,78_55,60.00311,78_55,60.00311,72_59,60.00311,72",1,"1,1,1",Prefab/PuzzleMap/Prop/Empty.prefab,304977,,31,0,,0,0,0,0,0,0,,,,0,,0
984,101,304979,"38,0,84",30,0,"0,180,0","36,60.00311,83.5_40,60.00311,83.5_40,60.00311,84.5_36,60.00311,84.5",1,"1,1,1",Prefab/PuzzleMap/Prop/P_HuoMen.prefab,"304981,304983",,31,0,,0,0,0,0,0,0,,,,0,,0
985,101,304980,"38,0,87",31,5,"0,270,0","37,60.00311,88.1_37,60.00311,85.9_39,60.00311,85.9_39,60.00311,88.1",1,"1,1,1",Prefab/PuzzleMap/Prop/P_Pipe_f.prefab,,,31,7,,0,0,0,0,0,0,,,,0,,0
986,101,304981,"38,0,90",57,1,"0,90,0",,0,"1,1,1",Prefab/PuzzleMap/Prop/P_Pipe_a_Empty.prefab,304982,304979,31,6,,0,0,0,0,0,0,,,,0,,0
987,101,304982,"43,0,90",32,1,"0,90,0","44,60.00311,87.8_44,60.00311,92.2_42,60.00311,92.2_42,60.00311,87.8",1,"1,1,1",Prefab/PuzzleMap/Prop/P_Pipe_a.prefab,,,31,6,,0,0,0,0,0,0,,,,0,,0
988,101,304983,"45,0,93",57,1,"0,0,0",,0,"1,1,1",Prefab/PuzzleMap/Prop/P_Pipe_a_Empty.prefab,304984,304979,31,3,,0,0,0,0,0,0,,,,0,,0
989,101,304984,"45,0,87",32,1,"0,0,0","47.2,60.00311,88_42.8,60.00311,88_42.8,60.00311,86_47.2,60.00311,86",1,"1,1,1",Prefab/PuzzleMap/Prop/P_Pipe_a.prefab,,,31,3,,0,0,0,0,0,0,,,,0,,0
990,101,304985,"41,0,93",31,1,"0,0,0","43.2,60.00311,94_38.8,60.00311,94_38.8,60.00311,92_43.2,60.00311,92",1,"1,1,1",Prefab/PuzzleMap/Prop/P_Pipe_b.prefab,,,31,4,,0,0,0,0,0,1,,,,0,,0
991,101,304986,"48,0,93",31,2,"0,0,0","49.1,60.00311,94_46.9,60.00311,94_46.9,60.00311,92_49.1,60.00311,92",1,"1,1,1",Prefab/PuzzleMap/Prop/P_Pipe_c.prefab,,,31,2,,0,0,0,0,0,1,,,,0,,0
992,101,304987,"38,0,93",31,3,"0,180,0","36.9,60.00311,92_39.1,60.00311,92_39.1,60.00311,94_36.9,60.00311,94",1,"1,1,1",Prefab/PuzzleMap/Prop/P_Pipe_d.prefab,,,31,5,,0,0,0,0,0,2,,,,0,,0
993,101,304988,"50,0,93",31,4,"0,180,0","48.9,60.00311,92_51.1,60.00311,92_51.1,60.00311,94_48.9,60.00311,94",1,"1,1,1",Prefab/PuzzleMap/Prop/P_Pipe_e.prefab,,,31,1,,0,0,0,0,0,0,,,,0,,0
994,101,304989,"43,0,85",15,0,"0,0,0","44,60.00311,86_42,60.00311,86_42,60.00311,84_44,60.00311,84",1,"1,1,1",Prefab/PuzzleMap/Prop/P_Zhangai_03.prefab,,,31,0,,0,0,0,0,0,0,,,,0,,0
995,101,304990,"62,0,85",21,0,"0,90,0","63.1,60.00311,83.9_63.1,60.00311,86.1_60.9,60.00311,86.1_60.9,60.00311,83.9",0,"1,1,1",Prefab/PuzzleMap/Prop/P_HugeRock_1_YJ.prefab,,"305022,304992,304993,304994,304995,304996,304997,304998,304999,305000,305001,305002,305003,305004,305005,305006,305007,305008,305009,305010",31,0,,0,0,0,0,0,0,,,,0,,0
996,101,304991,"49,0,91",15,0,"0,0,0","50,60.00311,92_48,60.00311,92_48,60.00311,90_50,60.00311,90",1,"1,1,1",Prefab/PuzzleMap/Prop/P_Zhangai_03.prefab,,,31,0,,0,0,0,0,0,0,,,,0,,0
997,101,304992,"63,0,87",65,1,"0,0,0","64,60.00311,88.25_62,60.00311,88.25_62,60.00311,86.75_64,60.00311,86.75",1,"1,1,1",Prefab/PuzzleMap/Prop/Empty.prefab,,,31,0,,0,0,0,0,0,0,,,,0,,0
998,101,304993,"61,0,87",65,1,"0,0,0","62,60.00311,88.25_60,60.00311,88.25_60,60.00311,86.75_62,60.00311,86.75",1,"1,1,1",Prefab/PuzzleMap/Prop/Empty.prefab,,,31,0,,0,0,0,0,0,0,,,,0,,0
999,101,304994,"59,0,87",65,1,"0,0,0","60,60.00311,88.25_58,60.00311,88.25_58,60.00311,86.75_60,60.00311,86.75",1,"1,1,1",Prefab/PuzzleMap/Prop/Empty.prefab,,,31,0,,0,0,0,0,0,0,,,,0,,0
1000,101,304995,"57,0,87",65,1,"0,0,0","58,60.00311,88.25_56,60.00311,88.25_56,60.00311,86.75_58,60.00311,86.75",1,"1,1,1",Prefab/PuzzleMap/Prop/Empty.prefab,,,31,0,,0,0,0,0,0,0,,,,0,,0
1001,101,304996,"55,0,87",65,2,"0,0,0","56.25,60.00311,88_54.75,60.00311,88_54.75,60.00311,86_56.25,60.00311,86",1,"1,1,1",Prefab/PuzzleMap/Prop/Empty.prefab,,,31,0,,0,0,0,0,0,0,,,,0,,0
1002,101,304997,"55,0,85",65,2,"0,0,0","56.25,60.00311,86_54.75,60.00311,86_54.75,60.00311,84_56.25,60.00311,84",1,"1,1,1",Prefab/PuzzleMap/Prop/Empty.prefab,,,31,0,,0,0,0,0,0,0,,,,0,,0
1003,101,304998,"55,0,83",65,1,"0,0,0","56,60.00311,84.25_54,60.00311,84.25_54,60.00311,82.75_56,60.00311,82.75",1,"1,1,1",Prefab/PuzzleMap/Prop/Empty.prefab,,,31,0,,0,0,0,0,0,0,,,,0,,0
1004,101,304999,"53,0,83",65,1,"0,0,0","54,60.00311,84.25_52,60.00311,84.25_52,60.00311,82.75_54,60.00311,82.75",1,"1,1,1",Prefab/PuzzleMap/Prop/Empty.prefab,,,31,0,,0,0,0,0,0,0,,,,0,,0
1005,101,305000,"51,0,83",65,1,"0,0,0","52,60.00311,84.25_50,60.00311,84.25_50,60.00311,82.75_52,60.00311,82.75",1,"1,1,1",Prefab/PuzzleMap/Prop/Empty.prefab,,,31,0,,0,0,0,0,0,0,,,,0,,0
1006,101,305001,"49,0,83",65,2,"0,0,0","50.25,60.00311,84_48.75,60.00311,84_48.75,60.00311,82_50.25,60.00311,82",1,"1,1,1",Prefab/PuzzleMap/Prop/Empty.prefab,,,31,0,,0,0,0,0,0,0,,,,0,,0
1007,101,305002,"49,0,81",65,2,"0,0,0","50.25,60.00311,82_48.75,60.00311,82_48.75,60.00311,80_50.25,60.00311,80",1,"1,1,1",Prefab/PuzzleMap/Prop/Empty.prefab,,,31,0,,0,0,0,0,0,0,,,,0,,0
1008,101,305003,"49,0,80",65,1,"0,0,0","50,60.00311,81.25_48,60.00311,81.25_48,60.00311,79.75_50,60.00311,79.75",1,"1,1,1",Prefab/PuzzleMap/Prop/Empty.prefab,,,31,0,,0,0,0,0,0,0,,,,0,,0
1009,101,305004,"47,0,80",65,1,"0,0,0","48,60.00311,81.25_46,60.00311,81.25_46,60.00311,79.75_48,60.00311,79.75",1,"1,1,1",Prefab/PuzzleMap/Prop/Empty.prefab,,,31,0,,0,0,0,0,0,0,,,,0,,0
1010,101,305005,"45,0,80",65,1,"0,0,0","46,60.00311,81.25_44,60.00311,81.25_44,60.00311,79.75_46,60.00311,79.75",1,"1,1,1",Prefab/PuzzleMap/Prop/Empty.prefab,,,31,0,,0,0,0,0,0,0,,,,0,,0
1011,101,305006,"43,0,80",65,1,"0,0,0","44,60.00311,81.25_42,60.00311,81.25_42,60.00311,79.75_44,60.00311,79.75",1,"1,1,1",Prefab/PuzzleMap/Prop/Empty.prefab,,,31,0,,0,0,0,0,0,0,,,,0,,0
1012,101,305007,"41,0,80",65,1,"0,0,0","42,60.00311,81.25_40,60.00311,81.25_40,60.00311,79.75_42,60.00311,79.75",1,"1,1,1",Prefab/PuzzleMap/Prop/Empty.prefab,,,31,0,,0,0,0,0,0,0,,,,0,,0
1013,101,305008,"39,0,80",65,1,"0,0,0","40,60.00311,81.25_38,60.00311,81.25_38,60.00311,79.75_40,60.00311,79.75",1,"1,1,1",Prefab/PuzzleMap/Prop/Empty.prefab,,,31,0,,0,0,0,0,0,0,,,,0,,0
1014,101,305009,"37,0,80",65,1,"0,0,0","38,60.00311,81.25_36,60.00311,81.25_36,60.00311,79.75_38,60.00311,79.75",1,"1,1,1",Prefab/PuzzleMap/Prop/Empty.prefab,,,31,0,,0,0,0,0,0,0,,,,0,,0
1015,101,305010,"35,0,80",65,1,"0,0,0","36,60.00311,81.25_34,60.00311,81.25_34,60.00311,79.75_36,60.00311,79.75",1,"1,1,1",Prefab/PuzzleMap/Prop/Empty.prefab,,,31,0,,0,0,0,0,0,0,,,,0,,0
1016,101,305012,"63,0,90",17,0,"0,90,0","63.75,60.00311,88_63.75,60.00311,92_62.25,60.00311,92_62.25,60.00311,88",1,"1,1,1",Prefab/PuzzleMap/Prop/P_Tengti_01.prefab,305013,,31,0,,0,0,0,0,0,0,,,,0,,0
1017,101,305013,"54,0,93",18,0,"0,90,0","54.75,64.00298,93.75_53.25,64.00298,93.75_53.25,64.00298,92.25_54.75,64.00298,92.25",0,"1,1,1",Prefab/PuzzleMap/Prop/P_ShuiHu.prefab,,,31,0,,0,0,0,0,0,0,,,,0,,0
1018,101,305016,"54,0,89",9,2,"0,0,0","55.5,60.00311,89.5_52.5,60.00311,89.5_52.5,60.00311,88.5_55.5,60.00311,88.5",1,"1,1,1",Prefab/PuzzleMap/Prop/P_Tizi_2.prefab,305017,,31,0,,0,0,0,0,0,0,,,,0,,0
1019,101,305017,"38,0,82",8,0,"0,0,0","38.5,60.00311,80.5_37.5,60.00311,80.5_37.5,60.00311,79.5_38.5,60.00311,79.5",0,"1,1,1",Prefab/PuzzleMap/Prop/P_Tizi_1.prefab,,,31,0,,0,0,0,0,0,0,,,,0,,0
1020,101,305022,"63,0,87",22,0,"0,0,0","64,60.00311,88_62,60.00311,88_62,60.00311,86_64,60.00311,86",1,"1,1,1",Prefab/PuzzleMap/Prop/YanJiang_1.prefab,,,31,0,,0,0,0,0,0,0,,,,0,,0
1021,101,305025,"49,0,16",5,1,"0,270,0","48.5,60.00311,18_48.5,60.00311,14_49.5,60.00311,14_49.5,60.00311,18",1,"1,1,1",Prefab/Role/Monster/m_general_01_lv1_co01.prefab,,,31,0,,0,0,0,10304,0,0,,,,0,,0
1022,101,305026,"48.0032386779785,0,36.0609105043113",2,1,"0,0,0",,0,"1,1,1",,,,31,,"48.00,0.00,34.00,36.00,0.00,34.00,36.00,0.00,46.00,48.00,0.00,46.00",,,,,,,300001_0,,,,,
1023,101,305027,"39.1336138918996,0,35.9629096984863",2,6,"0,0,0",,0,"1,1,1",,,,31,,"39.13,0.00,35.96,44.87,0.00,35.96,44.87,0.00,34.04,39.13,0.00,34.04",,,,,,,300001_0,300001_0,,,"0,305037",
1024,101,305028,"49.9160957336426,0,75.9178314208984",2,1,"0,0,0",,0,"1,1,1",,,,31,,"47.50,0.00,73.50,35.00,0.00,73.50,35.00,0.00,62.50,47.50,0.00,62.50",,,,,,,300002_0,,,,,
1025,101,305029,"43.9168167114258,0,61.9038505554199",2,6,"0,0,0",,0,"1,1,1",,,,31,,"43.92,0.00,61.90,48.09,0.00,61.90,48.09,0.00,60.06,43.92,0.00,60.06",,,,,,,300002_0,300002_0,,,"0,305039",
1026,101,305031,"72.0074882507324,0,97.9790573120117",2,1,"0,0,0",,0,"1,1,1",,,,31,,"72.50,0.00,97.50,85.50,0.00,97.50,85.50,0.00,84.50,72.50,0.00,84.50",,,,,,,300003_0,,,,,
1027,101,305032,"72.0049018859863,0,91.9794235229492",2,6,"0,0,0",,0,"1,1,1",,,,31,,"72.00,0.00,91.98,74.00,0.00,91.98,74.00,0.00,87.99,72.00,0.00,87.99",,,,,,,300003_0,300003_0,,,"0,305041",
1028,101,305033,"54,0,55",62,12,"0,0,0",,0,"1,1,1",Prefab/PuzzleMap/Prop/Empty.prefab,,,31,0,,0,0,0,0,0,0,,,300002,0,,0
1029,101,305034,"46,0,55",59,0,"0,0,0",,0,"1,1,1",Prefab/PuzzleMap/Prop/Empty.prefab,,,31,2,,0,0,0,0,0,0,,,,0,,0
1030,101,305035,"46,0,51",16,9,"0,0,0","48,60.00311,51.5_44,60.00311,51.5_44,60.00311,50.5_48,60.00311,50.5",1,"1,1,1",Prefab/PuzzleMap/Prop/P_ZhaMen_01.prefab,,,31,0,,0,0,0,0,0,0,,,,1,"0,305033",0
1031,101,305036,"54,0,57",62,2,"0,0,0",,0,"1,1,1",Prefab/PuzzleMap/Prop/Empty.prefab,,,31,0,,0,0,0,0,0,0,,,305035,0,,0
1032,101,305037,"42,0,36",62,7,"0,0,0",,0,"1,1,1",Prefab/PuzzleMap/Prop/Empty.prefab,,,31,0,,0,0,0,0,0,0,,,305038,0,,1
1033,101,305038,"42,0,42",62,0,"0,0,0",,0,"1,1,1",Prefab/PuzzleMap/Prop/Empty.prefab,,,31,0,,0,0,0,0,0,0,,,,0,,0
1034,101,305039,"45.9216423034668,0,60.954517364502",62,7,"0,0,0",,0,"1,1,1",Prefab/PuzzleMap/Prop/Empty.prefab,,,31,0,,0,0,0,0,0,0,,,305040,0,,0
1035,101,305040,"41.9448165893555,0,70.0114440917969",62,0,"0,0,0",,0,"1,1,1",Prefab/PuzzleMap/Prop/Empty.prefab,,,31,0,,0,0,0,0,0,0,,,,0,,0
1036,101,305041,"73,0,90",62,7,"0,0,0",,0,"1,1,1",Prefab/PuzzleMap/Prop/Empty.prefab,,,31,0,,0,0,0,0,0,0,,,305042,0,,0
1037,101,305042,"81,0,91",62,0,"0,0,0",,0,"1,1,1",Prefab/PuzzleMap/Prop/Empty.prefab,,,31,0,,0,0,0,0,0,0,,,,0,,0
1038,101,305043,"49,0,33",62,12,"0,0,0",,0,"1,1,1",Prefab/PuzzleMap/Prop/Empty.prefab,,,31,0,,0,0,0,0,0,0,,,300001,0,,0
1039,101,305044,"41,0,31",59,0,"0,0,0",,0,"1,1,1",Prefab/PuzzleMap/Prop/Empty.prefab,,,31,1,,0,0,0,0,0,0,,,,0,,0
1040,101,305045,"41,0,28.5",16,9,"0,0,0","43,60.00311,29_39,60.00311,29_39,60.00311,28_43,60.00311,28",1,"1,1,1",Prefab/PuzzleMap/Prop/P_ZhaMen_01.prefab,,,31,0,,0,0,0,0,0,0,,,,1,"0,305043",0
1041,101,305046,"49,0,31",62,2,"0,0,0",,0,"1,1,1",Prefab/PuzzleMap/Prop/Empty.prefab,,,31,0,,0,0,0,0,0,0,,,305045,0,,0
1042,101,305048,"70,0,90",59,0,"0,270,0",,0,"1,1,1",Prefab/PuzzleMap/Prop/Empty.prefab,,,31,3,,0,0,0,0,0,0,,,,0,,0
1043,101,305049,"66,0,90",16,9,"0,270,0","65.5,64.00298,92_65.5,64.00298,88_66.5,64.00298,88_66.5,64.00298,92",1,"1,1,1",Prefab/PuzzleMap/Prop/P_ZhaMen_01.prefab,,,31,0,,0,0,0,0,0,0,,,,1,"0,305047",0
1044,101,305047,"70,0,95.5",62,12,"0,0,0",,0,"1,1,1",Prefab/PuzzleMap/Prop/Empty.prefab,,,31,0,,0,0,0,0,0,0,,,300003,0,,0
1045,101,305050,"70,0,93.5",62,2,"0,0,0",,0,"1,1,1",Prefab/PuzzleMap/Prop/Empty.prefab,,,31,0,,0,0,0,0,0,0,,,305049,0,,0
1046,101,305051,"94,0,90",14,0,"0,0,0",,0,"1,1,1",Prefab/PuzzleMap/Prop/P_ChuanSongZhen.prefab,0,,31,0,,0,0,0,0,0,0,,,,0,,0
1047,101,305056,"40.0471649169922,0,29.9978218078613",2,9,"0,0,0",,0,"1,1,1",,,,31,1,"40.00,0.00,30.00,40.00,0.00,29.00,43.10,0.00,29.00,43.10,0.00,28.01,44.00,0.00,28.01,44.00,0.00,30.00",,,,,,,,,,,"0,305046",
1048,101,305057,"44.0222053527832,0,53.9821319580078",2,9,"0,0,0",,0,"1,1,1",,,,31,2,"44.00,0.00,54.00,50.00,0.00,54.00,50.00,0.00,52.00,44.00,0.00,52.00",,,,,,,,,,,"0,305036",
1049,101,305058,"67.1732406616211,0,91.8871078491211",2,9,"0,0,0",,0,"1,1,1",,,,31,3,"67.17,0.00,92.00,67.17,0.00,88.00,66.00,0.00,88.00,66.00,0.00,87.00,68.00,0.00,87.00,68.00,0.00,92.00",,,,,,,,,,,"0,305050",
1050,101,304890,"42,0,13",12,0,"0,0,0",,0,"1,1,1",Prefab/PuzzleMap/Prop/Empty.prefab,,,32,0,,0,0,0,0,0,0,,,,0,,0
1051,101,304891,"44,0,20",16,3,"0,90,0","44.5,60.00311,18_44.5,60.00311,22_43.5,60.00311,22_43.5,60.00311,18",1,"1,1,1",Prefab/PuzzleMap/Prop/P_Door_01_green.prefab,304892,,32,0,,0,0,0,0,0,0,,,,0,,0
1052,101,304892,"36,0,26",3,3,"0,0,0","36.5,60.00311,28.5_35.5,60.00311,28.5_35.5,60.00311,27.5_36.5,60.00311,27.5",0,"1,1,1",Prefab/PuzzleMap/Prop/Key_Green.prefab,,,32,0,,0,0,0,0,0,0,,,,0,,0
1053,101,304893,"22,0,22",20,1,"0,0,0","23,60.00311,25_21,60.00311,25_21,60.00311,23_23,60.00311,23",0,"1,1,1",Prefab/PuzzleMap/Prop/P_Jiguan_02.prefab,304894,304895,32,0,,0,0,0,0,0,0,,,,0,,0
1054,101,304894,"14,0,14",19,1,"0,0,0","13.75,60.00311,16.75_12.25,60.00311,16.75_12.25,60.00311,15.25_13.75,60.00311,15.25",0,"1,1,1",Prefab/PuzzleMap/Prop/P_StoneBall_01.prefab,,,32,0,,0,0,0,0,0,0,,,,0,,0
1055,101,304895,"28,0,26",16,9,"0,0,0","30,60.00311,26.5_26,60.00311,26.5_26,60.00311,25.5_30,60.00311,25.5",1,"1,1,1",Prefab/PuzzleMap/Prop/P_ZhaMen_01.prefab,304893,,32,0,,0,0,0,0,0,0,,,,0,,0
1056,101,304896,"26,0,16",5,4,"0,0,0","28,60.00311,16.5_24,60.00311,16.5_24,60.00311,15.5_28,60.00311,15.5",1,"1,1,1",Prefab/Role/Monster/m_general_01_lv4_co01.prefab,,,32,0,,0,0,0,10302,0,0,,,,0,,0
1057,101,304897,"17,0,14",5,1,"0,90,0","17.5,60.00311,12_17.5,60.00311,16_16.5,60.00311,16_16.5,60.00311,12",1,"1,1,1",Prefab/Role/Monster/m_general_01_lv1_co01.prefab,,,32,0,,0,0,0,10305,0,0,,,,0,,0
1058,101,304898,"36,0,23",5,2,"0,180,0","34,60.00311,22.5_38,60.00311,22.5_38,60.00311,23.5_34,60.00311,23.5",1,"1,1,1",Prefab/Role/Monster/m_general_01_lv2_co01.prefab,,,32,0,,0,0,0,10303,0,0,,,,0,,0
1059,101,304899,"18,0,30",5,2,"0,90,0","18.5,60.00311,28_18.5,60.00311,32_17.5,60.00311,32_17.5,60.00311,28",1,"1,1,1",Prefab/Role/Monster/m_general_01_lv2_co01.prefab,,,32,0,,0,0,0,10201,0,0,,,,0,,0
1060,101,304900,"41,0,23",43,0,"0,270,0","39,60.00311,28_39,60.00311,22_43,60.00311,22_43,60.00311,28",1,"1,1,1",Prefab/PuzzleMap/Prop/P_Diaoqiao_01.prefab,304901,,32,0,,0,0,0,0,0,0,,,,0,,0
1061,101,304901,"26,0,13",44,0,"0,0,0","26.5,60.00311,15.5_25.5,60.00311,15.5_25.5,60.00311,14.5_26.5,60.00311,14.5",0,"1,1,1",Prefab/PuzzleMap/Prop/P_huoba_1.prefab,,,32,0,,0,0,0,0,0,0,,,,0,,0
1062,101,304902,"35,0,14",5,3,"0,270,0","34.5,56.00296,16_34.5,56.00296,12_35.5,56.00296,12_35.5,56.00296,16",1,"1,1,1",Prefab/Role/Monster/m_general_01_lv3_co01.prefab,,,32,0,,0,0,0,10301,0,0,,,,0,,0
1063,101,304903,"46,0,31",71,0,"0,0,0","46.5,60.00311,32.5_45.5,60.00311,32.5_45.5,60.00311,31.5_46.5,60.00311,31.5",0,"1,1,1",Prefab/RoleShow/SkinShow/Weapon/humanRot/jm_dao_01.prefab,,,32,0,,0,0,0,0,0,0,,,300004,0,,0
1064,101,304904,"47.5,0,20.5",66,0,"0,0,0","46.5,60.00311,22.5_45.5,60.00311,22.5_45.5,60.00311,21.5_46.5,60.00311,21.5",0,"1,1,1",Prefab/humanRot/Prop1.prefab,,,32,0,,0,0,0,0,0,0,,,300001,0,,0
1065,101,304905,"28.5,0,28.5",72,5,"0,0,0","28.5,60.00311,30.5_27.5,60.00311,30.5_27.5,60.00311,29.5_28.5,60.00311,29.5",0,"1,1,1",Prefab/humanRot/LockGreen.prefab,,,32,0,,0,0,0,0,0,0,,,300003,0,,0
1066,101,304906,"30,0,35",5,1,"0,0,0","32,60.00311,35.5_28,60.00311,35.5_28,60.00311,34.5_32,60.00311,34.5",1,"1,1,1",Prefab/Role/Monster/m_general_01_lv1_co01.prefab,,,32,0,,0,0,0,10308,0,0,,,,0,,0
1067,101,304907,"32,0,56",5,1,"0,180,0","30,60.00311,55.5_34,60.00311,55.5_34,60.00311,56.5_30,60.00311,56.5",1,"1,1,1",Prefab/Role/Monster/m_general_01_lv1_co01.prefab,,,32,0,,0,0,0,10306,0,0,,,,0,,0
1068,101,304908,"49,0,44",5,2,"0,270,0","48.5,60.00311,46_48.5,60.00311,42_49.5,60.00311,42_49.5,60.00311,46",1,"1,1,1",Prefab/Role/Monster/m_general_01_lv2_co01.prefab,,,32,0,,0,0,0,10307,0,0,,,,0,,0
1069,101,304909,"32.1719284057617,0,48",5,2,"0,90,0","32.67193,60.00311,46_32.67193,60.00311,50_31.67193,60.00311,50_31.67193,60.00311,46",1,"1,1,1",Prefab/Role/Monster/m_general_01_lv2_co01.prefab,,,32,0,,0,0,0,10309,0,0,,,,0,,0
1070,101,304910,"38,0,52",5,3,"0,270,0","37.5,60.00311,54_37.5,60.00311,50_38.5,60.00311,50_38.5,60.00311,54",1,"1,1,1",Prefab/Role/Monster/m_general_01_lv3_co01.prefab,,,32,0,,0,0,0,10310,0,0,,,,0,,0
1071,101,304911,"28,0,42",5,3,"0,90,0","28.5,60.00311,40_28.5,60.00311,44_27.5,60.00311,44_27.5,60.00311,40",1,"1,1,1",Prefab/Role/Monster/m_general_01_lv3_co01.prefab,,,32,0,,0,0,0,20201,0,0,,,,0,,0
1072,101,304912,"52,0,46",6,0,"0,180,0","53,60.00311,47_51,60.00311,47_51,60.00311,45_53,60.00311,45",0,"1,1,1",Prefab/PuzzleMap/Prop/P_Jiguan_01.prefab,,"304913,304914",32,0,,0,0,0,0,0,0,,,,0,,0
1073,101,304913,"49,0,37",7,0,"0,90,0","50,60.00311,35.5_50,60.00311,38.5_48,60.00311,38.5_48,60.00311,35.5",1,"1,1,1",Prefab/PuzzleMap/Prop/P_Fuqiao_01.prefab,304912,,32,0,,0,0,0,0,0,0,,,,0,,0
1074,101,304914,"51,0,37",7,0,"0,90,0","52,60.00311,35.5_52,60.00311,38.5_50,60.00311,38.5_50,60.00311,35.5",1,"1,1,1",Prefab/PuzzleMap/Prop/P_Fuqiao_01.prefab,304912,,32,0,,0,0,0,0,0,0,,,,0,,0
1075,101,304915,"40,0,48",48,0,"0,90,0","42.8,60.00311,47_42.8,60.00311,49_38.8,60.00311,49_38.8,60.00311,47",0,"1,1,1",Prefab/PuzzleMap/Prop/P_DaPao_1.prefab,304917,304916,32,0,,0,0,0,0,0,0,,,,0,,0
1076,101,304916,"46,0,48",49,0,"0,0,0","48,60.00311,49_44,60.00311,49_44,60.00311,47_48,60.00311,47",1,"1,1,1",Prefab/PuzzleMap/Prop/P_ShiKuai_A.prefab,304915,,32,0,,0,0,0,0,0,0,,,,0,,0
1077,101,304917,"29,0,48",50,0,"0,0,0","28.75,60.00311,48.75_27.25,60.00311,48.75_27.25,60.00311,47.25_28.75,60.00311,47.25",0,"1,1,1",Prefab/PuzzleMap/Prop/P_PaoDan_1.prefab,,,32,0,,0,0,0,0,0,0,,,,0,,0
1078,101,304918,"34,0,36",10,0,"0,0,0","36,60.00311,36.6_32,60.00311,36.6_32,60.00311,35.4_36,60.00311,35.4",1,"1,1,1",Prefab/PuzzleMap/Prop/P_ZhaYao_1.prefab,304919,,32,0,,0,0,0,0,0,0,,,,0,,0
1079,101,304919,"40,0,52",11,0,"0,0,0",,0,"1,1,1",Prefab/PuzzleMap/Prop/P_HuDun_1.prefab,,,32,0,,0,0,0,0,0,0,,,,0,,0
1080,101,304920,"51,0,55",71,0,"0,0,0","50.85738,60.00311,55.5_49.85738,60.00311,55.5_49.85738,60.00311,54.5_50.85738,60.00311,54.5",0,"1,1,1",Prefab/RoleShow/SkinShow/Weapon/humanRot/jm_dao_01.prefab,,,32,0,,0,0,0,0,0,0,,,300008,0,,0
1081,101,304921,"55,0,37",66,0,"0,0,0","55.5,60.00311,37.5_54.5,60.00311,37.5_54.5,60.00311,36.5_55.5,60.00311,36.5",0,"1,1,1",Prefab/humanRot/Prop1.prefab,,,32,0,,0,0,0,0,0,0,,,300005,0,,0
1082,101,304922,"34,0,34",72,0,"0,0,0","34.5,60.00311,33.5_33.5,60.00311,33.5_33.5,60.00311,32.5_34.5,60.00311,32.5",0,"1,1,1",Prefab/humanRot/LockGreen.prefab,,,32,0,,0,0,0,0,0,0,,,300006,0,,0
1083,101,304923,"52,0,24",16,8,"0,180,0","50,60.00311,23.5_54,60.00311,23.5_54,60.00311,24.5_50,60.00311,24.5",1,"1,1,1",Prefab/PuzzleMap/Prop/P_ZhaMen_01.prefab,"304924,304926",,32,0,,0,0,0,0,0,0,,,,0,,0
1084,101,304924,"57,0,23",52,2,"0,0,0",,0,"1,1,1",Prefab/PuzzleMap/Prop/P_Box_DiKuai_Fire.prefab,304925,304923,32,0,,0,0,0,0,0,0,,,,0,,0
1085,101,304925,"55,0,17",51,2,"0,0,0","56,60.00311,18_54,60.00311,18_54,60.00311,16_56,60.00311,16",1,"1,1,1",Prefab/PuzzleMap/Prop/P_PushBox_3.prefab,,,32,0,,0,0,0,0,0,0,,,,0,,0
1086,101,304926,"59,0,17",52,4,"0,0,0",,0,"1,1,1",Prefab/PuzzleMap/Prop/P_Box_DiKuai_Ice.prefab,304927,304923,32,0,,0,0,0,0,0,0,,,,0,,0
1087,101,304927,"55,0,21",51,4,"0,0,0","56,60.00311,22_54,60.00311,22_54,60.00311,20_56,60.00311,20",1,"1,1,1",Prefab/PuzzleMap/Prop/P_PushBox_2.prefab,,,32,0,,0,0,0,0,0,0,,,,0,,0
1088,101,304928,"51,0,15",56,0,"0,0,0",,0,"1,1,1",Prefab/PuzzleMap/Prop/P_DiKuai_Jia.prefab,,,32,0,,0,0,0,0,0,0,,,,0,,0
1089,101,304929,"53,0,15",56,0,"0,0,0",,0,"1,1,1",Prefab/PuzzleMap/Prop/P_DiKuai_Jia.prefab,,,32,0,,0,0,0,0,0,0,,,,0,,0
1090,101,304930,"55,0,15",56,0,"0,0,0",,0,"1,1,1",Prefab/PuzzleMap/Prop/P_DiKuai_Jia.prefab,,,32,0,,0,0,0,0,0,0,,,,0,,0
1091,101,304931,"57,0,15",56,0,"0,0,0",,0,"1,1,1",Prefab/PuzzleMap/Prop/P_DiKuai_Jia.prefab,,,32,0,,0,0,0,0,0,0,,,,0,,0
1092,101,304932,"59,0,15",56,0,"0,0,0",,0,"1,1,1",Prefab/PuzzleMap/Prop/P_DiKuai_Jia.prefab,,,32,0,,0,0,0,0,0,0,,,,0,,0
1093,101,304933,"51,0,17",56,0,"0,0,0",,0,"1,1,1",Prefab/PuzzleMap/Prop/P_DiKuai_Jia.prefab,,,32,0,,0,0,0,0,0,0,,,,0,,0
1094,101,304934,"59,0,19",56,0,"0,0,0",,0,"1,1,1",Prefab/PuzzleMap/Prop/P_DiKuai_Jia.prefab,,,32,0,,0,0,0,0,0,0,,,,0,,0
1095,101,304935,"59,0,21",56,0,"0,0,0",,0,"1,1,1",Prefab/PuzzleMap/Prop/P_DiKuai_Jia.prefab,,,32,0,,0,0,0,0,0,0,,,,0,,0
1096,101,304936,"59,0,23",56,0,"0,0,0",,0,"1,1,1",Prefab/PuzzleMap/Prop/P_DiKuai_Jia.prefab,,,32,0,,0,0,0,0,0,0,,,,0,,0
1097,101,304937,"53,0,23",56,0,"0,0,0",,0,"1,1,1",Prefab/PuzzleMap/Prop/P_DiKuai_Jia.prefab,,,32,0,,0,0,0,0,0,0,,,,0,,0
1098,101,304938,"55,0,23",56,0,"0,0,0",,0,"1,1,1",Prefab/PuzzleMap/Prop/P_DiKuai_Jia.prefab,,,32,0,,0,0,0,0,0,0,,,,0,,0
1099,101,304939,"51,0,23",56,0,"0,0,0",,0,"1,1,1",Prefab/PuzzleMap/Prop/P_DiKuai_Jia.prefab,,,32,0,,0,0,0,0,0,0,,,,0,,0
1100,101,304940,"51,0,21",56,0,"0,0,0",,0,"1,1,1",Prefab/PuzzleMap/Prop/P_DiKuai_Jia.prefab,,,32,0,,0,0,0,0,0,0,,,,0,,0
1101,101,304941,"51,0,19",56,0,"0,0,0",,0,"1,1,1",Prefab/PuzzleMap/Prop/P_DiKuai_Jia.prefab,,,32,0,,0,0,0,0,0,0,,,,0,,0
1102,101,304942,"55,0,19",15,0,"0,0,0","56,60.00311,20_54,60.00311,20_54,60.00311,18_56,60.00311,18",1,"1,1,1",Prefab/PuzzleMap/Prop/P_Zhangai_03.prefab,,,32,0,,0,0,0,0,0,0,,,,0,,0
1103,101,304944,"32,0,17",27,0,"0,0,0","33,56.00296,18_31,56.00296,18_31,56.00296,16_33,56.00296,16",1,"1,1,1",Prefab/PuzzleMap/Prop/P_Rope_2.prefab,304945,,32,0,,0,0,0,0,0,0,,,,0,,0
1104,101,304945,"18,0,22",26,0,"0,0,0","19,60.00311,25_17,60.00311,25_17,60.00311,23_19,60.00311,23",0,"1,1,1",Prefab/PuzzleMap/Prop/P_Rope_1.prefab,,,32,0,,0,0,0,0,0,0,,,,0,,0
1105,101,304946,"20,0,26",55,0,"0,90,0","21,60.00311,24_21,60.00311,28_19,60.00311,28_19,60.00311,24",1,"1,1,1",Prefab/PuzzleMap/Prop/P_StoneWall_1.prefab,304947,0,32,0,,0,0,0,0,0,0,,,,0,,0
1106,101,304947,"16,0,18",53,0,"0,0,0","16.5,60.00311,20.5_15.5,60.00311,20.5_15.5,60.00311,19.5_16.5,60.00311,19.5",0,"1,1,1",Prefab/PuzzleMap/Prop/P_Gaotou_1.prefab,,,32,0,,0,0,0,0,0,0,,,,0,,0
1107,101,304948,"52,0,26",72,0,"0,0,0","52.5,60.00311,28.5_51.5,60.00311,28.5_51.5,60.00311,27.5_52.5,60.00311,27.5",0,"1,1,1",Prefab/humanRot/LockGreen.prefab,,,32,0,,0,0,0,0,0,0,,,300002,0,,0
1108,101,304949,"26,0,38",72,5,"0,0,0","26.5,60.00311,38.5_25.5,60.00311,38.5_25.5,60.00311,37.5_26.5,60.00311,37.5",0,"1,1,1",Prefab/humanRot/LockGreen.prefab,,,32,0,,0,0,0,0,0,0,,,300007,0,,0
1109,101,304950,"23,0,39",33,0,"0,90,0","24,60.00311,35.5_24,60.00311,42.5_22,60.00311,42.5_22,60.00311,35.5",1,"1,1,1",Prefab/PuzzleMap/Prop/P_Shizhu_1.prefab,,305055,32,0,,0,0,0,0,0,0,,,,0,,0
1110,101,305055,"18,0,39",34,0,"0,90,0",,0,"1,1,1",Prefab/PuzzleMap/Prop/Empty.prefab,304950,,32,0,,0,0,0,0,0,0,,,,0,,0
1111,101,304951,"19,0,41",33,0,"0,0,0","22.5,60.00311,42_15.5,60.00311,42_15.5,60.00311,40_22.5,60.00311,40",1,"1,1,1",Prefab/PuzzleMap/Prop/P_Shizhu_1.prefab,,305054,32,0,,0,0,0,0,0,0,,,,0,,0
1112,101,305054,"19.5,0,45.5",34,0,"0,0,0",,0,"1,1,1",Prefab/PuzzleMap/Prop/Empty.prefab,304951,,32,0,,0,0,0,0,0,0,,,,0,,0
1113,101,304952,"13,0,45",33,0,"0,0,0","16.5,60.00311,46_9.5,60.00311,46_9.5,60.00311,44_16.5,60.00311,44",1,"1,1,1",Prefab/PuzzleMap/Prop/P_Shizhu_1.prefab,,305052,32,0,,0,0,0,0,0,0,,,,0,,0
1114,101,305052,"13,0,40.5",34,0,"0,0,0",,0,"1,1,1",Prefab/PuzzleMap/Prop/Empty.prefab,304952,,32,0,,0,0,0,0,0,0,,,,0,,0
1115,101,304953,"18,0,45",33,0,"0,90,0","19,60.00311,41.5_19,60.00311,48.5_17,60.00311,48.5_17,60.00311,41.5",1,"1,1,1",Prefab/PuzzleMap/Prop/P_Shizhu_1.prefab,,305053,32,0,,0,0,0,0,0,0,,,,0,,0
1116,101,305053,"12.5,0,45",34,0,"0,90,0",,0,"1,1,1",Prefab/PuzzleMap/Prop/Empty.prefab,304953,,32,0,,0,0,0,0,0,0,,,,0,,0
1117,101,304954,"21,0,47",15,0,"0,0,0","22,60.00311,48_20,60.00311,48_20,60.00311,46_22,60.00311,46",1,"1,1,1",Prefab/PuzzleMap/Prop/P_Zhangai_03.prefab,,,32,0,,0,0,0,0,0,0,,,,0,,0
1118,101,304955,"11,0,47",15,0,"0,0,0","12,60.00311,48_10,60.00311,48_10,60.00311,46_12,60.00311,46",1,"1,1,1",Prefab/PuzzleMap/Prop/P_Zhangai_03.prefab,,,32,0,,0,0,0,0,0,0,,,,0,,0
1119,101,304956,"16,0,39",15,0,"0,0,0","17,60.00311,40_15,60.00311,40_15,60.00311,38_17,60.00311,38",1,"1,1,1",Prefab/PuzzleMap/Prop/P_Zhangai_03.prefab,,,32,0,,0,0,0,0,0,0,,,,0,,0
1120,101,304957,"25,0,70",41,0,"0,0,0","27,58.00303,72_23,58.00303,72_23,58.00303,68_27,58.00303,68",1,"1,1,1",Prefab/PuzzleMap/Prop/Empty.prefab,304958,,32,0,,0,0,0,0,0,0,,,,0,,0
1121,101,304958,"31,0,71",42,0,"0,0,0","32.1,60.00311,72.1_29.9,60.00311,72.1_29.9,60.00311,69.9_32.1,60.00311,69.9",1,"1,1,1",Prefab/PuzzleMap/Prop/P_HugeRock_2_Keng.prefab,,304957,32,0,,0,0,0,0,0,0,,,,0,,0
1122,101,304959,"38,0,60",5,1,"0,0,0","40,60.00311,60.5_36,60.00311,60.5_36,60.00311,59.5_40,60.00311,59.5",1,"1,1,1",Prefab/Role/Monster/m_general_01_lv1_co01.prefab,,,32,0,,0,0,0,20302,0,0,,,,0,,0
1123,101,304960,"23,0,64",5,1,"0,90,0","23.5,58.00303,62_23.5,58.00303,66_22.5,58.00303,66_22.5,58.00303,62",1,"1,1,1",Prefab/Role/Monster/m_general_01_lv1_co01.prefab,,,32,0,,0,0,0,20301,0,0,,,,0,,0
1124,101,304961,"46,0,76",5,2,"0,180,0","44,60.00311,75.5_48,60.00311,75.5_48,60.00311,76.5_44,60.00311,76.5",1,"1,1,1",Prefab/Role/Monster/m_general_01_lv2_co01.prefab,,,32,0,,0,0,0,20303,0,0,,,,0,,0
1125,101,304962,"52,0,76",5,2,"0,180,0","50,60.00311,75.5_54,60.00311,75.5_54,60.00311,76.5_50,60.00311,76.5",1,"1,1,1",Prefab/Role/Monster/m_general_01_lv2_co01.prefab,,,32,0,,0,0,0,20304,0,0,,,,0,,0
1126,101,304963,"60,0,66",5,2,"0,270,0","59.5,60.00311,68_59.5,60.00311,64_60.5,60.00311,64_60.5,60.00311,68",1,"1,1,1",Prefab/Role/Monster/m_general_01_lv2_co01.prefab,,,32,0,,0,0,0,20305,0,0,,,,0,,0
1127,101,304964,"60,0,80",5,1,"0,270,0","59.5,60.00311,82_59.5,60.00311,78_60.5,60.00311,78_60.5,60.00311,82",1,"1,1,1",Prefab/Role/Monster/m_general_01_lv1_co01.prefab,,,32,0,,0,0,0,20307,0,0,,,,0,,0
1128,101,304965,"52,0,88",5,2,"0,90,0","52.5,60.00311,86_52.5,60.00311,90_51.5,60.00311,90_51.5,60.00311,86",1,"1,1,1",Prefab/Role/Monster/m_general_01_lv2_co01.prefab,,,32,0,,0,0,0,20306,0,0,,,,0,,0
1129,101,304966,"27,0,74",66,0,"0,0,0","27.5,58.00303,74.5_26.5,58.00303,74.5_26.5,58.00303,73.5_27.5,58.00303,73.5",0,"1,1,1",Prefab/humanRot/Prop1.prefab,,,32,0,,0,0,0,0,0,0,,,300011,0,,0
1130,101,304967,"69,0,86",71,0,"0,0,0","69.5,64.00298,86.5_68.5,64.00298,86.5_68.5,64.00298,85.5_69.5,64.00298,85.5",0,"1,1,1",Prefab/RoleShow/SkinShow/Weapon/humanRot/jm_dao_01.prefab,,,32,0,,0,0,0,0,0,0,,,300012,0,,0
1131,101,304968,"64,0,80",72,0,"0,0,0","64.5,60.00311,80.5_63.5,60.00311,80.5_63.5,60.00311,79.5_64.5,60.00311,79.5",0,"1,1,1",Prefab/humanRot/LockGreen.prefab,,,32,0,,0,0,0,0,0,0,,,300013,0,,0
1132,101,304969,"38,0,57",72,5,"0,0,0","38.5,60.00311,57.5_37.5,60.00311,57.5_37.5,60.00311,56.5_38.5,60.00311,56.5",0,"1,1,1",Prefab/humanRot/LockGreen.prefab,,,32,0,,0,0,0,0,0,0,,,300009,0,,0
1133,101,304971,"50,0,66",16,10,"0,90,0","50.5,60.00311,64_50.5,60.00311,68_49.5,60.00311,68_49.5,60.00311,64",1,"1,1,1",Prefab/PuzzleMap/Prop/P_Door_01.prefab,0,,32,0,,0,0,0,0,0,0,,,1200,0,,0
1134,101,304972,"48,0,78",45,0,"0,270,0","46.75,60.00311,79_46.75,60.00311,77_49.75,60.00311,77_49.75,60.00311,79",0,"1,1,1",Prefab/PuzzleMap/Prop/P_JGfasheqi.prefab,,,32,0,,0,0,0,0,0,0,,,,0,,0
1135,101,304973,"34,0,74",47,0,"0,90,0","35.75,60.00311,73_35.75,60.00311,75_32.75,60.00311,75_32.75,60.00311,73",0,"1,1,1",Prefab/PuzzleMap/Prop/P_JGJieshouqi.prefab,,304975,32,0,,0,0,0,0,0,0,,,,0,,0
1136,101,304974,"42,0,74",46,0,"0,0,0","43,60.00311,75_41,60.00311,75_41,60.00311,73_43,60.00311,73",0,"1,1,1",Prefab/PuzzleMap/Prop/P_JGjingzi.prefab,,,32,0,,0,0,0,0,0,0,,,,0,,0
1137,101,304975,"34,0,70",16,7,"0,90,0","34.5,60.00311,68_34.5,60.00311,72_33.5,60.00311,72_33.5,60.00311,68",1,"1,1,1",Prefab/PuzzleMap/Prop/P_ZhaMen_01.prefab,304973,,32,0,,0,0,0,0,0,0,,,,0,,0
1138,101,304976,"42,0,78",46,0,"0,90,0","43,60.00311,77_43,60.00311,79_41,60.00311,79_41,60.00311,77",0,"1,1,1",Prefab/PuzzleMap/Prop/P_JGjingzi.prefab,,,32,0,,0,0,0,0,0,0,,,,0,,0
1139,101,304977,"61,0,75",29,0,"0,0,0","61.75,62.00318,76.25_60.25,62.00318,76.25_60.25,62.00318,73.75_61.75,62.00318,73.75",1,"1,1,1",Prefab/PuzzleMap/Prop/P_ShuZhuang_1.prefab,,304978,32,0,,0,0,0,0,0,0,,,,0,,0
1140,101,304978,"57,0,75",28,0,"0,0,0","59,60.00311,78_55,60.00311,78_55,60.00311,72_59,60.00311,72",1,"1,1,1",Prefab/PuzzleMap/Prop/Empty.prefab,304977,,32,0,,0,0,0,0,0,0,,,,0,,0
1141,101,304979,"38,0,84",30,0,"0,180,0","36,60.00311,83.5_40,60.00311,83.5_40,60.00311,84.5_36,60.00311,84.5",1,"1,1,1",Prefab/PuzzleMap/Prop/P_HuoMen.prefab,"304981,304983",,32,0,,0,0,0,0,0,0,,,,0,,0
1142,101,304980,"38,0,87",31,5,"0,270,0","37,60.00311,88.1_37,60.00311,85.9_39,60.00311,85.9_39,60.00311,88.1",1,"1,1,1",Prefab/PuzzleMap/Prop/P_Pipe_f.prefab,,,32,7,,0,0,0,0,0,0,,,,0,,0
1143,101,304981,"38,0,90",57,1,"0,90,0",,0,"1,1,1",Prefab/PuzzleMap/Prop/P_Pipe_a_Empty.prefab,304982,304979,32,6,,0,0,0,0,0,0,,,,0,,0
1144,101,304982,"43,0,90",32,1,"0,90,0","44,60.00311,87.8_44,60.00311,92.2_42,60.00311,92.2_42,60.00311,87.8",1,"1,1,1",Prefab/PuzzleMap/Prop/P_Pipe_a.prefab,,,32,6,,0,0,0,0,0,0,,,,0,,0
1145,101,304983,"45,0,93",57,1,"0,0,0",,0,"1,1,1",Prefab/PuzzleMap/Prop/P_Pipe_a_Empty.prefab,304984,304979,32,3,,0,0,0,0,0,0,,,,0,,0
1146,101,304984,"45,0,87",32,1,"0,0,0","47.2,60.00311,88_42.8,60.00311,88_42.8,60.00311,86_47.2,60.00311,86",1,"1,1,1",Prefab/PuzzleMap/Prop/P_Pipe_a.prefab,,,32,3,,0,0,0,0,0,0,,,,0,,0
1147,101,304985,"41,0,93",31,1,"0,0,0","43.2,60.00311,94_38.8,60.00311,94_38.8,60.00311,92_43.2,60.00311,92",1,"1,1,1",Prefab/PuzzleMap/Prop/P_Pipe_b.prefab,,,32,4,,0,0,0,0,0,1,,,,0,,0
1148,101,304986,"48,0,93",31,2,"0,0,0","49.1,60.00311,94_46.9,60.00311,94_46.9,60.00311,92_49.1,60.00311,92",1,"1,1,1",Prefab/PuzzleMap/Prop/P_Pipe_c.prefab,,,32,2,,0,0,0,0,0,1,,,,0,,0
1149,101,304987,"38,0,93",31,3,"0,180,0","36.9,60.00311,92_39.1,60.00311,92_39.1,60.00311,94_36.9,60.00311,94",1,"1,1,1",Prefab/PuzzleMap/Prop/P_Pipe_d.prefab,,,32,5,,0,0,0,0,0,2,,,,0,,0
1150,101,304988,"50,0,93",31,4,"0,180,0","48.9,60.00311,92_51.1,60.00311,92_51.1,60.00311,94_48.9,60.00311,94",1,"1,1,1",Prefab/PuzzleMap/Prop/P_Pipe_e.prefab,,,32,1,,0,0,0,0,0,0,,,,0,,0
1151,101,304989,"43,0,85",15,0,"0,0,0","44,60.00311,86_42,60.00311,86_42,60.00311,84_44,60.00311,84",1,"1,1,1",Prefab/PuzzleMap/Prop/P_Zhangai_03.prefab,,,32,0,,0,0,0,0,0,0,,,,0,,0
1152,101,304990,"62,0,85",21,0,"0,90,0","63.1,60.00311,83.9_63.1,60.00311,86.1_60.9,60.00311,86.1_60.9,60.00311,83.9",0,"1,1,1",Prefab/PuzzleMap/Prop/P_HugeRock_1_YJ.prefab,,"305022,304992,304993,304994,304995,304996,304997,304998,304999,305000,305001,305002,305003,305004,305005,305006,305007,305008,305009,305010",32,0,,0,0,0,0,0,0,,,,0,,0
1153,101,304991,"49,0,91",15,0,"0,0,0","50,60.00311,92_48,60.00311,92_48,60.00311,90_50,60.00311,90",1,"1,1,1",Prefab/PuzzleMap/Prop/P_Zhangai_03.prefab,,,32,0,,0,0,0,0,0,0,,,,0,,0
1154,101,304992,"63,0,87",65,1,"0,0,0","64,60.00311,88.25_62,60.00311,88.25_62,60.00311,86.75_64,60.00311,86.75",1,"1,1,1",Prefab/PuzzleMap/Prop/Empty.prefab,,,32,0,,0,0,0,0,0,0,,,,0,,0
1155,101,304993,"61,0,87",65,1,"0,0,0","62,60.00311,88.25_60,60.00311,88.25_60,60.00311,86.75_62,60.00311,86.75",1,"1,1,1",Prefab/PuzzleMap/Prop/Empty.prefab,,,32,0,,0,0,0,0,0,0,,,,0,,0
1156,101,304994,"59,0,87",65,1,"0,0,0","60,60.00311,88.25_58,60.00311,88.25_58,60.00311,86.75_60,60.00311,86.75",1,"1,1,1",Prefab/PuzzleMap/Prop/Empty.prefab,,,32,0,,0,0,0,0,0,0,,,,0,,0
1157,101,304995,"57,0,87",65,1,"0,0,0","58,60.00311,88.25_56,60.00311,88.25_56,60.00311,86.75_58,60.00311,86.75",1,"1,1,1",Prefab/PuzzleMap/Prop/Empty.prefab,,,32,0,,0,0,0,0,0,0,,,,0,,0
1158,101,304996,"55,0,87",65,2,"0,0,0","56.25,60.00311,88_54.75,60.00311,88_54.75,60.00311,86_56.25,60.00311,86",1,"1,1,1",Prefab/PuzzleMap/Prop/Empty.prefab,,,32,0,,0,0,0,0,0,0,,,,0,,0
1159,101,304997,"55,0,85",65,2,"0,0,0","56.25,60.00311,86_54.75,60.00311,86_54.75,60.00311,84_56.25,60.00311,84",1,"1,1,1",Prefab/PuzzleMap/Prop/Empty.prefab,,,32,0,,0,0,0,0,0,0,,,,0,,0
1160,101,304998,"55,0,83",65,1,"0,0,0","56,60.00311,84.25_54,60.00311,84.25_54,60.00311,82.75_56,60.00311,82.75",1,"1,1,1",Prefab/PuzzleMap/Prop/Empty.prefab,,,32,0,,0,0,0,0,0,0,,,,0,,0
1161,101,304999,"53,0,83",65,1,"0,0,0","54,60.00311,84.25_52,60.00311,84.25_52,60.00311,82.75_54,60.00311,82.75",1,"1,1,1",Prefab/PuzzleMap/Prop/Empty.prefab,,,32,0,,0,0,0,0,0,0,,,,0,,0
1162,101,305000,"51,0,83",65,1,"0,0,0","52,60.00311,84.25_50,60.00311,84.25_50,60.00311,82.75_52,60.00311,82.75",1,"1,1,1",Prefab/PuzzleMap/Prop/Empty.prefab,,,32,0,,0,0,0,0,0,0,,,,0,,0
1163,101,305001,"49,0,83",65,2,"0,0,0","50.25,60.00311,84_48.75,60.00311,84_48.75,60.00311,82_50.25,60.00311,82",1,"1,1,1",Prefab/PuzzleMap/Prop/Empty.prefab,,,32,0,,0,0,0,0,0,0,,,,0,,0
1164,101,305002,"49,0,81",65,2,"0,0,0","50.25,60.00311,82_48.75,60.00311,82_48.75,60.00311,80_50.25,60.00311,80",1,"1,1,1",Prefab/PuzzleMap/Prop/Empty.prefab,,,32,0,,0,0,0,0,0,0,,,,0,,0
1165,101,305003,"49,0,80",65,1,"0,0,0","50,60.00311,81.25_48,60.00311,81.25_48,60.00311,79.75_50,60.00311,79.75",1,"1,1,1",Prefab/PuzzleMap/Prop/Empty.prefab,,,32,0,,0,0,0,0,0,0,,,,0,,0
1166,101,305004,"47,0,80",65,1,"0,0,0","48,60.00311,81.25_46,60.00311,81.25_46,60.00311,79.75_48,60.00311,79.75",1,"1,1,1",Prefab/PuzzleMap/Prop/Empty.prefab,,,32,0,,0,0,0,0,0,0,,,,0,,0
1167,101,305005,"45,0,80",65,1,"0,0,0","46,60.00311,81.25_44,60.00311,81.25_44,60.00311,79.75_46,60.00311,79.75",1,"1,1,1",Prefab/PuzzleMap/Prop/Empty.prefab,,,32,0,,0,0,0,0,0,0,,,,0,,0
1168,101,305006,"43,0,80",65,1,"0,0,0","44,60.00311,81.25_42,60.00311,81.25_42,60.00311,79.75_44,60.00311,79.75",1,"1,1,1",Prefab/PuzzleMap/Prop/Empty.prefab,,,32,0,,0,0,0,0,0,0,,,,0,,0
1169,101,305007,"41,0,80",65,1,"0,0,0","42,60.00311,81.25_40,60.00311,81.25_40,60.00311,79.75_42,60.00311,79.75",1,"1,1,1",Prefab/PuzzleMap/Prop/Empty.prefab,,,32,0,,0,0,0,0,0,0,,,,0,,0
1170,101,305008,"39,0,80",65,1,"0,0,0","40,60.00311,81.25_38,60.00311,81.25_38,60.00311,79.75_40,60.00311,79.75",1,"1,1,1",Prefab/PuzzleMap/Prop/Empty.prefab,,,32,0,,0,0,0,0,0,0,,,,0,,0
1171,101,305009,"37,0,80",65,1,"0,0,0","38,60.00311,81.25_36,60.00311,81.25_36,60.00311,79.75_38,60.00311,79.75",1,"1,1,1",Prefab/PuzzleMap/Prop/Empty.prefab,,,32,0,,0,0,0,0,0,0,,,,0,,0
1172,101,305010,"35,0,80",65,1,"0,0,0","36,60.00311,81.25_34,60.00311,81.25_34,60.00311,79.75_36,60.00311,79.75",1,"1,1,1",Prefab/PuzzleMap/Prop/Empty.prefab,,,32,0,,0,0,0,0,0,0,,,,0,,0
1173,101,305012,"63,0,90",17,0,"0,90,0","63.75,60.00311,88_63.75,60.00311,92_62.25,60.00311,92_62.25,60.00311,88",1,"1,1,1",Prefab/PuzzleMap/Prop/P_Tengti_01.prefab,305013,,32,0,,0,0,0,0,0,0,,,,0,,0
1174,101,305013,"54,0,93",18,0,"0,90,0","54.75,64.00298,93.75_53.25,64.00298,93.75_53.25,64.00298,92.25_54.75,64.00298,92.25",0,"1,1,1",Prefab/PuzzleMap/Prop/P_ShuiHu.prefab,,,32,0,,0,0,0,0,0,0,,,,0,,0
1175,101,305016,"54,0,89",9,2,"0,0,0","55.5,60.00311,89.5_52.5,60.00311,89.5_52.5,60.00311,88.5_55.5,60.00311,88.5",1,"1,1,1",Prefab/PuzzleMap/Prop/P_Tizi_2.prefab,305017,,32,0,,0,0,0,0,0,0,,,,0,,0
1176,101,305017,"38,0,82",8,0,"0,0,0","38.5,60.00311,80.5_37.5,60.00311,80.5_37.5,60.00311,79.5_38.5,60.00311,79.5",0,"1,1,1",Prefab/PuzzleMap/Prop/P_Tizi_1.prefab,,,32,0,,0,0,0,0,0,0,,,,0,,0
1177,101,305022,"63,0,87",22,0,"0,0,0","64,60.00311,88_62,60.00311,88_62,60.00311,86_64,60.00311,86",1,"1,1,1",Prefab/PuzzleMap/Prop/YanJiang_1.prefab,,,32,0,,0,0,0,0,0,0,,,,0,,0
1178,101,305025,"49,0,16",5,1,"0,270,0","48.5,60.00311,18_48.5,60.00311,14_49.5,60.00311,14_49.5,60.00311,18",1,"1,1,1",Prefab/Role/Monster/m_general_01_lv1_co01.prefab,,,32,0,,0,0,0,10304,0,0,,,,0,,0
1179,101,305026,"48.0032386779785,0,36.0609105043113",2,1,"0,0,0",,0,"1,1,1",,,,32,,"48.00,0.00,34.00,36.00,0.00,34.00,36.00,0.00,46.00,48.00,0.00,46.00",,,,,,,300001_0,,,,,
1180,101,305027,"39.1336138918996,0,35.9629096984863",2,6,"0,0,0",,0,"1,1,1",,,,32,,"39.13,0.00,35.96,44.87,0.00,35.96,44.87,0.00,34.04,39.13,0.00,34.04",,,,,,,300001_0,300001_0,,,"0,305037",
1181,101,305028,"49.9160957336426,0,75.9178314208984",2,1,"0,0,0",,0,"1,1,1",,,,32,,"47.50,0.00,73.50,35.00,0.00,73.50,35.00,0.00,62.50,47.50,0.00,62.50",,,,,,,300002_0,,,,,
1182,101,305029,"43.9168167114258,0,61.9038505554199",2,6,"0,0,0",,0,"1,1,1",,,,32,,"43.92,0.00,61.90,48.09,0.00,61.90,48.09,0.00,60.06,43.92,0.00,60.06",,,,,,,300002_0,300002_0,,,"0,305039",
1183,101,305031,"72.0074882507324,0,97.9790573120117",2,1,"0,0,0",,0,"1,1,1",,,,32,,"72.50,0.00,97.50,85.50,0.00,97.50,85.50,0.00,84.50,72.50,0.00,84.50",,,,,,,300003_0,,,,,
1184,101,305032,"72.0049018859863,0,91.9794235229492",2,6,"0,0,0",,0,"1,1,1",,,,32,,"72.00,0.00,91.98,74.00,0.00,91.98,74.00,0.00,87.99,72.00,0.00,87.99",,,,,,,300003_0,300003_0,,,"0,305041",
1185,101,305033,"54,0,55",62,12,"0,0,0",,0,"1,1,1",Prefab/PuzzleMap/Prop/Empty.prefab,,,32,0,,0,0,0,0,0,0,,,300002,0,,0
1186,101,305034,"46,0,55",59,0,"0,0,0",,0,"1,1,1",Prefab/PuzzleMap/Prop/Empty.prefab,,,32,2,,0,0,0,0,0,0,,,,0,,0
1187,101,305035,"46,0,51",16,9,"0,0,0","48,60.00311,51.5_44,60.00311,51.5_44,60.00311,50.5_48,60.00311,50.5",1,"1,1,1",Prefab/PuzzleMap/Prop/P_ZhaMen_01.prefab,,,32,0,,0,0,0,0,0,0,,,,1,"0,305033",0
1188,101,305036,"54,0,57",62,2,"0,0,0",,0,"1,1,1",Prefab/PuzzleMap/Prop/Empty.prefab,,,32,0,,0,0,0,0,0,0,,,305035,0,,0
1189,101,305037,"42,0,36",62,7,"0,0,0",,0,"1,1,1",Prefab/PuzzleMap/Prop/Empty.prefab,,,32,0,,0,0,0,0,0,0,,,305038,0,,1
1190,101,305038,"42,0,42",62,0,"0,0,0",,0,"1,1,1",Prefab/PuzzleMap/Prop/Empty.prefab,,,32,0,,0,0,0,0,0,0,,,,0,,0
1191,101,305039,"45.9216423034668,0,60.954517364502",62,7,"0,0,0",,0,"1,1,1",Prefab/PuzzleMap/Prop/Empty.prefab,,,32,0,,0,0,0,0,0,0,,,305040,0,,0
1192,101,305040,"41.9448165893555,0,70.0114440917969",62,0,"0,0,0",,0,"1,1,1",Prefab/PuzzleMap/Prop/Empty.prefab,,,32,0,,0,0,0,0,0,0,,,,0,,0
1193,101,305041,"73,0,90",62,7,"0,0,0",,0,"1,1,1",Prefab/PuzzleMap/Prop/Empty.prefab,,,32,0,,0,0,0,0,0,0,,,305042,0,,0
1194,101,305042,"81,0,91",62,0,"0,0,0",,0,"1,1,1",Prefab/PuzzleMap/Prop/Empty.prefab,,,32,0,,0,0,0,0,0,0,,,,0,,0
1195,101,305043,"49,0,33",62,12,"0,0,0",,0,"1,1,1",Prefab/PuzzleMap/Prop/Empty.prefab,,,32,0,,0,0,0,0,0,0,,,300001,0,,0
1196,101,305044,"41,0,31",59,0,"0,0,0",,0,"1,1,1",Prefab/PuzzleMap/Prop/Empty.prefab,,,32,1,,0,0,0,0,0,0,,,,0,,0
1197,101,305045,"41,0,28.5",16,9,"0,0,0","43,60.00311,29_39,60.00311,29_39,60.00311,28_43,60.00311,28",1,"1,1,1",Prefab/PuzzleMap/Prop/P_ZhaMen_01.prefab,,,32,0,,0,0,0,0,0,0,,,,1,"0,305043",0
1198,101,305046,"49,0,31",62,2,"0,0,0",,0,"1,1,1",Prefab/PuzzleMap/Prop/Empty.prefab,,,32,0,,0,0,0,0,0,0,,,305045,0,,0
1199,101,305048,"70,0,90",59,0,"0,270,0",,0,"1,1,1",Prefab/PuzzleMap/Prop/Empty.prefab,,,32,3,,0,0,0,0,0,0,,,,0,,0
1200,101,305049,"66,0,90",16,9,"0,270,0","65.5,64.00298,92_65.5,64.00298,88_66.5,64.00298,88_66.5,64.00298,92",1,"1,1,1",Prefab/PuzzleMap/Prop/P_ZhaMen_01.prefab,,,32,0,,0,0,0,0,0,0,,,,1,"0,305047",0
1201,101,305047,"70,0,95.5",62,12,"0,0,0",,0,"1,1,1",Prefab/PuzzleMap/Prop/Empty.prefab,,,32,0,,0,0,0,0,0,0,,,300003,0,,0
1202,101,305050,"70,0,93.5",62,2,"0,0,0",,0,"1,1,1",Prefab/PuzzleMap/Prop/Empty.prefab,,,32,0,,0,0,0,0,0,0,,,305049,0,,0
1203,101,305051,"94,0,90",14,0,"0,0,0",,0,"1,1,1",Prefab/PuzzleMap/Prop/P_ChuanSongZhen.prefab,0,,32,0,,0,0,0,0,0,0,,,,0,,0
1204,101,305056,"40.0471649169922,0,29.9978218078613",2,9,"0,0,0",,0,"1,1,1",,,,32,1,"40.00,0.00,30.00,40.00,0.00,29.00,43.10,0.00,29.00,43.10,0.00,28.01,44.00,0.00,28.01,44.00,0.00,30.00",,,,,,,,,,,"0,305046",
1205,101,305057,"44.0222053527832,0,53.9821319580078",2,9,"0,0,0",,0,"1,1,1",,,,32,2,"44.00,0.00,54.00,50.00,0.00,54.00,50.00,0.00,52.00,44.00,0.00,52.00",,,,,,,,,,,"0,305036",
1206,101,305058,"67.1732406616211,0,91.8871078491211",2,9,"0,0,0",,0,"1,1,1",,,,32,3,"67.17,0.00,92.00,67.17,0.00,88.00,66.00,0.00,88.00,66.00,0.00,87.00,68.00,0.00,87.00,68.00,0.00,92.00",,,,,,,,,,,"0,305050",
1207,101,330037,"102,0,12",5,1,"0,0,0","104.25,1,14.25_99.75,1,14.25_99.75,1,9.75_104.25,1,9.75",1,"1,1,1",Prefab/Role/Monster/m_general_01_lv1_co01.prefab,,,33,0,,0,0,0,0,0,0,,,,0,,0
1208,101,330038,"102,0,7",6,0,"0,180,0","100.5,0.003075539,5_103.5,0.003075539,5_103.5,0.003075539,9_100.5,0.003075539,9",0,"1,1,1",Prefab/PuzzleMap/Prop/P_Jiguan_01.prefab,,"330039,330040,330041",33,0,,0,0,0,0,0,0,,,,0,,0
1209,101,330039,"89,0,32",7,0,"0,90,0","90,2,31_90,2,33_88,2,33_88,2,31",1,"1,1,1",Prefab/PuzzleMap/Prop/P_Fuqiao_01.prefab,330038,,33,0,,0,0,0,0,0,0,,,,0,,0
1210,101,330040,"91,0,32",7,0,"0,90,0","92,2,31_92,2,33_90,2,33_90,2,31",1,"1,1,1",Prefab/PuzzleMap/Prop/P_Fuqiao_01.prefab,330038,,33,0,,0,0,0,0,0,0,,,,0,,0
1211,101,330041,"93,0,32",7,0,"0,90,0","94,2,31_94,2,33_92,2,33_92,2,31",1,"1,1,1",Prefab/PuzzleMap/Prop/P_Fuqiao_01.prefab,330038,,33,0,,0,0,0,0,0,0,,,,0,,0
1212,101,330042,"72,0,33",20,1,"0,0,0","73.5,0.003075539,34.5_70.5,0.003075539,34.5_70.5,0.003075539,31.5_73.5,0.003075539,31.5",0,"1,1,1",Prefab/PuzzleMap/Prop/P_Jiguan_02.prefab,330043,330044,33,0,,0,0,0,0,0,0,,,,0,,0
1213,101,330043,"100,0,33",19,1,"0,0,0","101.5,0.003075539,34.5_98.5,0.003075539,34.5_98.5,0.003075539,31.5_101.5,0.003075539,31.5",0,"1,1,1",Prefab/PuzzleMap/Prop/P_StoneBall_01.prefab,,,33,0,,0,0,0,0,0,0,,,,0,,0
1214,101,330044,"84,0,38",16,9,"0,0,0","86,0.003075539,39_82,0.003075539,39_82,0.003075539,37_86,0.003075539,37",1,"1,1,1",Prefab/PuzzleMap/Prop/P_ZhaMen_01.prefab,330042,,33,0,,0,0,0,0,0,0,,,,0,,0
1215,101,330045,"69,0,25",5,1,"0,270,0","66.75,0.003075539,27.25_66.75,0.003075539,22.75_71.25,0.003075539,22.75_71.25,0.003075539,27.25",1,"1,1,1",Prefab/Role/Monster/m_general_01_lv1_co01.prefab,,,33,0,,0,0,0,0,0,0,,,,0,,0
1216,101,330046,"53,0,37",16,6,"0,270,0","52,0.003075539,39_52,0.003075539,35_54,0.003075539,35_54,0.003075539,39",1,"1,1,1",Prefab/PuzzleMap/Prop/P_Door_01_orange.prefab,330047,,33,0,,0,0,0,0,0,0,,,,0,,0
1217,101,330047,"75.2207336425781,0,25",3,6,"0,0,0","76.22073,0.003075539,26_74.22073,0.003075539,26_74.22073,0.003075539,24_76.22073,0.003075539,24",0,"1,1,1",Prefab/PuzzleMap/Prop/Key_Orange.prefab,,,33,0,,0,0,0,0,0,0,,,,0,,0
1218,101,330048,"48,0,30",5,1,"0,0,0","50.25,0.003075539,32.25_45.75,0.003075539,32.25_45.75,0.003075539,27.75_50.25,0.003075539,27.75",1,"1,1,1",Prefab/Role/Monster/m_general_01_lv1_co01.prefab,,,33,0,,0,0,0,0,0,0,,,,0,,0
1219,101,330049,"80,0,63",43,0,"0,0,0","85,0.003075539,65_78,0.003075539,65_78,0.003075539,61_85,0.003075539,61",1,"1,1,1",Prefab/PuzzleMap/Prop/P_Diaoqiao_01.prefab,330050,,33,0,,0,0,0,0,0,0,,,,0,,0
1220,101,330050,"48,0,25",44,0,"0,0,0","49,0.003075539,26_47,0.003075539,26_47,0.003075539,24_49,0.003075539,24",0,"1,1,1",Prefab/PuzzleMap/Prop/P_huoba_1.prefab,,,33,0,,0,0,0,0,0,0,,,,0,,0
1221,101,330051,"68,0,44",4,1,"0,90,0","69.5,0.003075539,42_69.5,0.003075539,46_66.5,0.003075539,46_66.5,0.003075539,42",0,"1,1,1",Prefab/PuzzleMap/Prop/P_Chest_01.prefab,,,33,0,,0,0,0,0,0,0,,,,0,,0
1222,101,330052,"46,0,13",4,2,"0,90,0","47.5,0.003075539,11_47.5,0.003075539,15_44.5,0.003075539,15_44.5,0.003075539,11",0,"1,1,1",Prefab/PuzzleMap/Prop/P_Chest_02.prefab,,,33,0,,0,0,0,0,0,0,,,,0,,0
1223,101,330053,"48,0,48",4,3,"0,0,0","50,0.003075539,49.5_46,0.003075539,49.5_46,0.003075539,46.5_50,0.003075539,46.5",0,"1,1,1",Prefab/PuzzleMap/Prop/P_Chest_03.prefab,,,33,0,,0,0,0,0,0,0,,,,0,,0
1224,101,330054,"48,0,54",5,1,"0,0,0","50.25,0.003075539,56.25_45.75,0.003075539,56.25_45.75,0.003075539,51.75_50.25,0.003075539,51.75",1,"1,1,1",Prefab/Role/Monster/m_general_01_lv1_co01.prefab,,,33,0,,0,0,0,0,0,0,,,,0,,0
1225,101,330055,"83,0,77",4,1,"0,270,0","81.5,0.003075539,79_81.5,0.003075539,75_84.5,0.003075539,75_84.5,0.003075539,79",0,"1,1,1",Prefab/PuzzleMap/Prop/P_Chest_01.prefab,,,33,0,,0,0,0,0,0,0,,,,0,,0
1226,101,330056,"67,0,89",54,0,"0,90,0","68.5,0.003075539,86.5_68.5,0.003075539,91.5_65.5,0.003075539,91.5_65.5,0.003075539,86.5",1,"1,1,1",Prefab/PuzzleMap/Prop/P_SoilWall_1.prefab,,,33,0,,0,0,0,0,0,0,,,,0,,0
1227,101,330058,"101,0,77",5,1,"0,90,0","103.25,0.003075539,74.75_103.25,0.003075539,79.25_98.75,0.003075539,79.25_98.75,0.003075539,74.75",1,"1,1,1",Prefab/Role/Monster/m_general_01_lv1_co01.prefab,,,33,0,,0,0,0,0,0,0,,,,0,,0
1228,101,330061,"70,0,72",39,0,"0,0,0","71.25,0.003075539,73.25_68.25,0.003075539,73.25_68.25,0.003075539,70.25_71.25,0.003075539,70.25",1,"1,1,1",Prefab/PuzzleMap/Prop/P_BingZhu_01.prefab,,,33,0,,0,0,0,0,0,0,,,,0,,0
1229,101,330062,"90.0471115112305,0,67",40,0,"0,0,0","91.54711,0.003075539,68.5_88.54711,0.003075539,68.5_88.54711,0.003075539,65.5_91.54711,0.003075539,65.5",1,"1,1,1",Prefab/PuzzleMap/Prop/P_HuoPen.prefab,,,33,0,,0,0,0,0,0,0,,,,0,,0
1230,101,330063,"90,0,95",28,0,"0,0,0","91.5,0.003075539,97_88.5,0.003075539,97_88.5,0.003075539,93_91.5,0.003075539,93",1,"1,1,1",Prefab/PuzzleMap/Prop/Empty.prefab,0,,33,0,,0,0,0,0,0,0,,,,0,,0
1231,101,330064,"99,0,98",29,0,"0,90,0","100.5,2,97_100.5,2,99_97.5,2,99_97.5,2,97",1,"1,1,1",Prefab/PuzzleMap/Prop/P_ShuZhuang_1.prefab,,0,33,0,,0,0,0,0,0,0,,,,0,,0
1232,101,330065,"80,0,104",5,2,"0,0,0","82.25,1,106.25_77.75,1,106.25_77.75,1,101.75_82.25,1,101.75",1,"1,1,1",Prefab/Role/Monster/m_general_01_lv2_co01.prefab,,,33,0,,0,0,0,0,0,0,,,,0,,0
1233,101,330067,"80,0,98",4,1,"0,0,0","82,0,99.5_78,0,99.5_78,0,96.5_82,0,96.5",0,"1,1,1",Prefab/PuzzleMap/Prop/P_Chest_01.prefab,,,33,0,,0,0,0,0,0,0,,,,0,,0
1234,101,330068,"59,0,121",5,1,"0,90,0","61.25,0.003075539,118.75_61.25,0.003075539,123.25_56.75,0.003075539,123.25_56.75,0.003075539,118.75",1,"1,1,1",Prefab/Role/Monster/m_general_01_lv1_co01.prefab,,,33,0,,0,0,0,0,0,0,,,,0,,0
1235,101,330069,"71.7625274658203,0,119.934066772461",16,1,"0,0,0","73.76253,0.003075539,120.9341_69.76253,0.003075539,120.9341_69.76253,0.003075539,118.9341_73.76253,0.003075539,118.9341",1,"1,1,1",Prefab/PuzzleMap/Prop/P_Door_01_red.prefab,330070,,33,0,,0,0,0,0,0,0,,,,0,,0
1236,101,330070,"75.7625274658203,0,119.934066772461",3,1,"0,0,0","76.76253,0.003075539,120.9341_74.76253,0.003075539,120.9341_74.76253,0.003075539,118.9341_76.76253,0.003075539,118.9341",0,"1,1,1",Prefab/PuzzleMap/Prop/Key_Red.prefab,,,33,0,,0,0,0,0,0,0,,,,0,,0
