paipaiworld_config,Unnamed: 1,Unnamed: 2,Unnamed: 3,Unnamed: 4,Unnamed: 5,Unnamed: 6,Unnamed: 7,Unnamed: 8,Unnamed: 9,Unnamed: 10,Unnamed: 11,Unnamed: 12,Unnamed: 13,Unnamed: 14,Unnamed: 15
INT_K,INT_S_C,INT_S_C,INT_S_C,STRING,STRING,STRING,STRING,STRING,STRING,STRING,STRING_S_C,STRING_C_S,STRING_C_S,INT_C_S,INT_C_S
order,equipment_id,pos_sub_type,attr_id,quality,pos,desc1,desc2,desc3,desc4,desc5,name,iconAtlas,icon,weapon_model,maze_model
序号（品质*1E+部位*100W+子类型*10000+属性枚举*1000+id后3位）,装备id,部位子类型,攻击属性id,品质,部位,攻击属性枚举,属性,属性,属性名称,原名称,名称,图集,图标,武器模型,迷宫模型资源
900000011,42700001,2,0,0,1,2,无,无,无,人机剑1,人机剑1,show_equip_icon_atlas_0,900000011,900000011,900000011
900000012,42700001,2,0,0,1,2,无,无,无,人机剑2,人机剑2,show_equip_icon_atlas_0,900000012,900000012,900000012
900000013,42700001,2,0,0,1,2,无,无,无,人机剑3,人机剑3,show_equip_icon_atlas_0,900000013,900000013,900000013
900000014,42700001,2,0,0,1,2,无,无,无,人机剑4,人机剑4,show_equip_icon_atlas_0,900000014,900000014,900000014
900000015,42700001,2,0,0,1,2,无,无,无,人机剑5,人机剑5,show_equip_icon_atlas_0,900000015,900000015,900000015
900000051,42700001,2,0,0,1,2,无,无,无,人机物品1,人机物品1,show_equip_icon_atlas_0,900000051,900000051,900000051
900000052,42700001,2,0,0,1,2,无,无,无,人机物品2,人机物品2,show_equip_icon_atlas_0,900000052,900000052,900000052
900000053,42700001,2,0,0,1,2,无,无,无,人机物品3,人机物品3,show_equip_icon_atlas_0,900000053,900000053,900000053
900000054,42700001,2,0,0,1,2,无,无,无,人机物品4,人机物品4,show_equip_icon_atlas_0,900000054,900000054,900000054
900000055,42700001,2,0,0,1,2,无,无,无,人机物品5,人机物品5,show_equip_icon_atlas_0,900000055,900000055,900000055
900000056,42700001,2,0,0,1,2,无,无,无,人机物品6,人机物品6,show_equip_icon_atlas_0,900000056,900000056,900000056
900000057,42700001,2,0,0,1,2,无,无,无,人机物品7,人机物品7,show_equip_icon_atlas_0,900000057,900000057,900000057
900000058,42700001,2,0,0,1,2,无,无,无,人机物品8,人机物品8,show_equip_icon_atlas_0,900000058,900000058,900000058
900000059,42700001,2,0,0,1,2,无,无,无,人机物品9,人机物品9,show_equip_icon_atlas_0,900000059,900000059,900000059
900000060,42700001,2,0,0,1,2,无,无,无,人机物品10,人机物品10,show_equip_icon_atlas_0,900000060,900000060,900000060
900000061,42700001,2,0,0,1,2,无,无,无,人机物品10,人机物品11,show_equip_icon_atlas_0,900000061,900000061,900000061
900000062,42700001,2,0,0,1,2,无,无,无,人机物品10,人机物品12,show_equip_icon_atlas_0,900000062,900000062,900000062
900000063,42700001,2,0,0,1,2,无,无,无,人机物品10,人机物品13,show_equip_icon_atlas_0,900000063,900000063,900000063
900000064,42700001,2,0,0,1,2,无,无,无,人机物品10,人机物品14,show_equip_icon_atlas_0,900000064,900000064,900000064
900000065,42700001,2,0,0,1,2,无,无,无,人机物品10,人机物品15,show_equip_icon_atlas_0,900000065,900000065,900000065
900000066,42700001,2,0,0,1,2,无,无,无,人机物品10,人机物品16,show_equip_icon_atlas_0,900000066,900000066,900000066
900000067,42700001,2,0,0,1,2,无,无,无,人机物品10,人机物品17,show_equip_icon_atlas_0,900000067,900000067,900000067
900000068,42700001,2,0,0,1,2,无,无,无,人机物品10,人机物品18,show_equip_icon_atlas_0,900000068,900000068,900000068
900000069,42700001,2,0,0,1,2,无,无,无,人机物品10,人机物品19,show_equip_icon_atlas_0,900000069,900000069,900000069
900000070,42700001,2,0,0,1,2,无,无,无,人机物品10,人机物品20,show_equip_icon_atlas_0,900000070,900000070,900000070
900000071,42700001,2,0,0,1,2,无,无,无,人机物品10,人机物品21,show_equip_icon_atlas_0,900000071,900000071,900000071
900000072,42700001,2,0,0,1,2,无,无,无,人机物品10,人机物品22,show_equip_icon_atlas_0,900000072,900000072,900000072
900000073,42700001,2,0,0,1,2,无,无,无,人机物品10,人机物品23,show_equip_icon_atlas_0,900000073,900000073,900000073
900000074,42700001,2,0,0,1,2,无,无,无,人机物品10,人机物品24,show_equip_icon_atlas_0,900000074,900000074,900000074
900000075,42700001,2,0,0,1,2,无,无,无,人机物品10,人机物品25,show_equip_icon_atlas_0,900000075,900000075,900000075
900000076,42700001,2,0,0,1,2,无,无,无,人机物品10,人机物品26,show_equip_icon_atlas_0,900000076,900000076,900000076
900000077,42700001,2,0,0,1,2,无,无,无,人机物品10,人机物品27,show_equip_icon_atlas_0,900000077,900000077,900000077
900000078,42700001,2,0,0,1,2,无,无,无,人机物品10,人机物品28,show_equip_icon_atlas_0,900000078,900000078,900000078
900000079,42700001,2,0,0,1,2,无,无,无,人机物品10,人机物品29,show_equip_icon_atlas_0,900000079,900000079,900000079
900000080,42700001,2,0,0,1,2,无,无,无,人机物品10,人机物品30,show_equip_icon_atlas_0,900000080,900000080,900000080
900000081,42700001,2,0,0,1,2,无,无,无,人机物品10,人机物品31,show_equip_icon_atlas_0,900000081,900000081,900000081
900000082,42700001,2,0,0,1,2,无,无,无,人机物品10,人机物品32,show_equip_icon_atlas_0,900000082,900000082,900000082
900000083,42700001,2,0,0,1,2,无,无,无,人机物品10,人机物品33,show_equip_icon_atlas_0,900000083,900000083,900000083
900000084,42700001,2,0,0,1,2,无,无,无,人机物品10,人机物品34,show_equip_icon_atlas_0,900000084,900000084,900000084
900000085,42700001,2,0,0,1,2,无,无,无,人机物品10,人机物品35,show_equip_icon_atlas_0,900000085,900000085,900000085
900000086,42700001,2,0,0,1,2,无,无,无,人机物品10,人机物品36,show_equip_icon_atlas_0,900000086,900000086,900000086
900000087,42700001,2,0,0,1,2,无,无,无,人机物品10,人机物品37,show_equip_icon_atlas_0,900000087,900000087,900000087
900000088,42700001,2,0,0,1,2,无,无,无,人机物品10,人机物品38,show_equip_icon_atlas_0,900000088,900000088,900000088
900000089,42700001,2,0,0,1,2,无,无,无,人机物品10,人机物品39,show_equip_icon_atlas_0,900000089,900000089,900000089
900000090,42700001,2,0,0,1,2,无,无,无,人机物品10,人机物品40,show_equip_icon_atlas_0,900000090,900000090,900000090
900000091,42700001,2,0,0,1,2,无,无,无,人机物品10,人机物品41,show_equip_icon_atlas_0,900000091,900000091,900000091
900000092,42700001,2,0,0,1,2,无,无,无,人机物品10,人机物品42,show_equip_icon_atlas_0,900000092,900000092,900000092
900000093,42700001,2,0,0,1,2,无,无,无,人机物品10,人机物品43,show_equip_icon_atlas_0,900000093,900000093,900000093
900000094,42700001,2,0,0,1,2,无,无,无,人机物品10,人机物品44,show_equip_icon_atlas_0,900000094,900000094,900000094
900000095,42700001,2,0,0,1,2,无,无,无,人机物品10,人机物品45,show_equip_icon_atlas_0,900000095,900000095,900000095
900000096,42700001,2,0,0,1,2,无,无,无,人机物品10,人机物品46,show_equip_icon_atlas_0,900000096,900000096,900000096
900000097,42700001,2,0,0,1,2,无,无,无,人机物品10,人机物品47,show_equip_icon_atlas_0,900000097,900000097,900000097
900000098,42700001,2,0,0,1,2,无,无,无,人机物品10,人机物品48,show_equip_icon_atlas_0,900000098,900000098,900000098
900000099,42700001,2,0,0,1,2,无,无,无,人机物品10,人机物品49,show_equip_icon_atlas_0,900000099,900000099,900000099
900000100,42700001,2,0,0,1,2,无,无,无,人机物品10,人机物品50,show_equip_icon_atlas_0,900000100,900000100,900000100
900000101,42700001,2,0,0,1,2,无,无,无,人机物品10,人机物品51,show_equip_icon_atlas_0,900000101,900000101,900000101
900000102,42700001,2,0,0,1,2,无,无,无,人机物品10,人机物品52,show_equip_icon_atlas_0,900000102,900000102,900000102
900000103,42700001,2,0,0,1,2,无,无,无,人机物品10,人机物品53,show_equip_icon_atlas_0,900000103,900000103,900000103
900000104,42700001,2,0,0,1,2,无,无,无,人机物品10,人机物品54,show_equip_icon_atlas_0,900000104,900000104,900000104
900000105,42700001,2,0,0,1,2,无,无,无,人机物品10,人机物品55,show_equip_icon_atlas_0,900000105,900000105,900000105
900000106,42700001,2,0,0,1,2,无,无,无,人机物品10,人机物品56,show_equip_icon_atlas_0,900000106,900000106,900000106
900000107,42700001,2,0,0,1,2,无,无,无,人机物品10,人机物品57,show_equip_icon_atlas_0,900000107,900000107,900000107
900000108,42700001,2,0,0,1,2,无,无,无,人机物品10,人机物品58,show_equip_icon_atlas_0,900000108,900000108,900000108
900000109,42700001,2,0,0,1,2,无,无,无,人机物品10,人机物品59,show_equip_icon_atlas_0,900000109,900000109,900000109
900000110,42700001,2,0,0,1,2,无,无,无,人机物品10,人机物品60,show_equip_icon_atlas_0,900000110,900000110,900000110
900000111,42700001,2,0,0,1,2,无,无,无,人机物品10,人机物品61,show_equip_icon_atlas_0,900000111,900000111,900000111
900000112,42700001,2,0,0,1,2,无,无,无,人机物品10,人机物品62,show_equip_icon_atlas_0,900000112,900000112,900000112
900000113,42700001,2,0,0,1,2,无,无,无,人机物品10,人机物品63,show_equip_icon_atlas_0,900000113,900000113,900000113
900000114,42700001,2,0,0,1,2,无,无,无,人机物品10,人机物品64,show_equip_icon_atlas_0,900000114,900000114,900000114
900000115,42700001,2,0,0,1,2,无,无,无,人机物品10,人机物品65,show_equip_icon_atlas_0,900000115,900000115,900000115
900000116,42700001,2,0,0,1,2,无,无,无,人机物品10,人机物品66,show_equip_icon_atlas_0,900000116,900000116,900000116
900000117,42700001,2,0,0,1,2,无,无,无,人机物品10,人机物品67,show_equip_icon_atlas_0,900000117,900000117,900000117
900000118,42700001,2,0,0,1,2,无,无,无,人机物品10,人机物品68,show_equip_icon_atlas_0,900000118,900000118,900000118
900000119,42700001,2,0,0,1,2,无,无,无,人机物品10,人机物品69,show_equip_icon_atlas_0,900000119,900000119,900000119
900000120,42700001,2,0,0,1,2,无,无,无,人机物品10,人机物品70,show_equip_icon_atlas_0,900000120,900000120,900000120
900000121,42700001,2,0,0,1,2,无,无,无,人机物品10,人机物品71,show_equip_icon_atlas_0,900000121,900000121,900000121
900000122,42700001,2,0,0,1,2,无,无,无,人机物品10,人机物品72,show_equip_icon_atlas_0,900000122,900000122,900000122
900000123,42700001,2,0,0,1,2,无,无,无,人机物品10,人机物品73,show_equip_icon_atlas_0,900000123,900000123,900000123
900000124,42700001,2,0,0,1,2,无,无,无,人机物品10,人机物品74,show_equip_icon_atlas_0,900000124,900000124,900000124
900000125,42700001,2,0,0,1,2,无,无,无,人机物品10,人机物品75,show_equip_icon_atlas_0,900000125,900000125,900000125
900000126,42700001,2,0,0,1,2,无,无,无,人机物品10,人机物品76,show_equip_icon_atlas_0,900000126,900000126,900000126
900000127,42700001,2,0,0,1,2,无,无,无,人机物品10,人机物品77,show_equip_icon_atlas_0,900000127,900000127,900000127
900000128,42700001,2,0,0,1,2,无,无,无,人机物品10,人机物品78,show_equip_icon_atlas_0,900000128,900000128,900000128
900000129,42700001,2,0,0,1,2,无,无,无,人机物品10,人机物品79,show_equip_icon_atlas_0,900000129,900000129,900000129
900000130,42700001,2,0,0,1,2,无,无,无,人机物品10,人机物品80,show_equip_icon_atlas_0,900000130,900000130,900000130
900000131,42700001,2,0,0,1,2,无,无,无,人机物品10,人机物品81,show_equip_icon_atlas_0,900000131,900000131,900000131
900000132,42700001,2,0,0,1,2,无,无,无,人机物品10,人机物品82,show_equip_icon_atlas_0,900000132,900000132,900000132
900000133,42700001,2,0,0,1,2,无,无,无,人机物品10,人机物品83,show_equip_icon_atlas_0,900000133,900000133,900000133
900000134,42700001,2,0,0,1,2,无,无,无,人机物品10,人机物品84,show_equip_icon_atlas_0,900000134,900000134,900000134
900000135,42700001,2,0,0,1,2,无,无,无,人机物品10,人机物品85,show_equip_icon_atlas_0,900000135,900000135,900000135
900000136,42700001,2,0,0,1,2,无,无,无,人机物品10,人机物品86,show_equip_icon_atlas_0,900000136,900000136,900000136
900000137,42700001,2,0,0,1,2,无,无,无,人机物品10,人机物品87,show_equip_icon_atlas_0,900000137,900000137,900000137
900000138,42700001,2,0,0,1,2,无,无,无,人机物品10,人机物品88,show_equip_icon_atlas_0,900000138,900000138,900000138
900000139,42700001,2,0,0,1,2,无,无,无,人机物品10,人机物品89,show_equip_icon_atlas_0,900000139,900000139,900000139
900000140,42700001,2,0,0,1,2,无,无,无,人机物品10,人机物品90,show_equip_icon_atlas_0,900000140,900000140,900000140
900000141,42700001,2,0,0,1,2,无,无,无,人机物品10,人机物品91,show_equip_icon_atlas_0,900000141,900000141,900000141
900000142,42700001,2,0,0,1,2,无,无,无,人机物品10,人机物品92,show_equip_icon_atlas_0,900000142,900000142,900000142
900000143,42700001,2,0,0,1,2,无,无,无,人机物品10,人机物品93,show_equip_icon_atlas_0,900000143,900000143,900000143
900000144,42700001,2,0,0,1,2,无,无,无,人机物品10,人机物品94,show_equip_icon_atlas_0,900000144,900000144,900000144
900000145,42700001,2,0,0,1,2,无,无,无,人机物品10,人机物品95,show_equip_icon_atlas_0,900000145,900000145,900000145
900000146,42700001,2,0,0,1,2,无,无,无,人机物品10,人机物品96,show_equip_icon_atlas_0,900000146,900000146,900000146
900000147,42700001,2,0,0,1,2,无,无,无,人机物品10,人机物品97,show_equip_icon_atlas_0,900000147,900000147,900000147
900000148,42700001,2,0,0,1,2,无,无,无,人机物品10,人机物品98,show_equip_icon_atlas_0,900000148,900000148,900000148
900000149,42700001,2,0,0,1,2,无,无,无,人机物品10,人机物品99,show_equip_icon_atlas_0,900000149,900000149,900000149
900000150,42700001,2,0,0,1,2,无,无,无,人机物品10,人机物品100,show_equip_icon_atlas_0,900000150,900000150,900000150
900000151,42700001,2,0,0,1,2,无,无,无,人机物品10,人机物品101,show_equip_icon_atlas_0,900000151,900000151,900000151
900000152,42700001,2,0,0,1,2,无,无,无,人机物品10,人机物品102,show_equip_icon_atlas_0,900000152,900000152,900000152
900000153,42700001,2,0,0,1,2,无,无,无,人机物品10,人机物品103,show_equip_icon_atlas_0,900000153,900000153,900000153
900000154,42700001,2,0,0,1,2,无,无,无,人机物品10,人机物品104,show_equip_icon_atlas_0,900000154,900000154,900000154
900000155,42700001,2,0,0,1,2,无,无,无,人机物品10,人机物品105,show_equip_icon_atlas_0,900000155,900000155,900000155
900000156,42700001,2,0,0,1,2,无,无,无,人机物品10,人机物品106,show_equip_icon_atlas_0,900000156,900000156,900000156
900000157,42700001,2,0,0,1,2,无,无,无,人机物品10,人机物品107,show_equip_icon_atlas_0,900000157,900000157,900000157
900000158,42700001,2,0,0,1,2,无,无,无,人机物品10,人机物品108,show_equip_icon_atlas_0,900000158,900000158,900000158
900000159,42700001,2,0,0,1,2,无,无,无,人机物品10,人机物品109,show_equip_icon_atlas_0,900000159,900000159,900000159
900000160,42700001,2,0,0,1,2,无,无,无,人机物品10,人机物品110,show_equip_icon_atlas_0,900000160,900000160,900000160
900001011,42700001,2,0,0,1,2,无,无,无,人机物品10,人机物品111,show_equip_icon_atlas_0,900000160,900001011,900001011
900001012,42700001,2,0,0,1,2,无,无,无,人机物品10,人机物品112,show_equip_icon_atlas_0,900000160,900001012,900001012
900001013,42700001,2,0,0,1,2,无,无,无,人机物品10,人机物品113,show_equip_icon_atlas_0,900000160,900001013,900001013
900001014,42700001,2,0,0,1,2,无,无,无,人机物品10,人机物品114,show_equip_icon_atlas_0,900000160,900001014,900001014
900001015,42700001,2,0,0,1,2,无,无,无,人机物品10,人机物品115,show_equip_icon_atlas_0,900000160,900001015,900001015
900001016,42700001,2,0,0,1,2,无,无,无,人机物品10,人机物品116,show_equip_icon_atlas_0,900000160,900001016,900001016
101011001,42711001,0,0,1,1,1,迷宫武器,火,火之,木剑,铁剑,human_robot_icon_atlas_0,42701001,42701010,900000011
101011002,42711002,0,0,1,1,1,迷宫武器,火,火之,木剑,青钢剑,human_robot_icon_atlas_0,42701002,42701010,900000011
101011003,42711003,0,0,1,1,1,迷宫武器,火,火之,木剑,流云剑,human_robot_icon_atlas_0,42701003,42701010,900000012
101011004,42711004,0,0,1,1,1,迷宫武器,火,火之,木剑,飞虹剑,human_robot_icon_atlas_0,42701004,42701010,900000012
101011005,42711005,0,0,1,1,1,迷宫武器,火,火之,木剑,飞虹剑,human_robot_icon_atlas_0,42701004,42701010,900000013
101011006,42711006,0,0,1,1,1,迷宫武器,火,火之,木剑,飞虹剑,human_robot_icon_atlas_0,42701004,42701010,900000013
101011007,42711007,0,0,1,1,1,迷宫武器,火,火之,木剑,飞虹剑,human_robot_icon_atlas_0,42701004,42701010,900000014
101011008,42711008,0,0,1,1,1,迷宫武器,火,火之,木剑,飞虹剑,human_robot_icon_atlas_0,42701004,42701010,900000014
101011009,42711009,0,0,1,1,1,迷宫武器,火,火之,木剑,飞虹剑,human_robot_icon_atlas_0,42701004,42701010,900000015
101011010,42711010,0,0,1,1,1,迷宫武器,火,火之,木剑,飞虹剑,human_robot_icon_atlas_0,42701004,42701010,900000016
101011011,42711011,0,0,1,1,1,迷宫武器,火,火之,铁剑,铁剑,human_robot_icon_atlas_0,42701004,42701020,900000016
101011012,42711012,0,0,1,1,1,迷宫武器,火,火之,铁剑,铁剑,human_robot_icon_atlas_0,42701004,42701020,900000016
101011013,42711013,0,0,1,1,1,迷宫武器,火,火之,铁剑,铁剑,human_robot_icon_atlas_0,42701004,42701020,900000016
101011014,42711014,0,0,1,1,1,迷宫武器,火,火之,铁剑,铁剑,human_robot_icon_atlas_0,42701004,42701020,900000016
101011015,42711015,0,0,1,1,1,迷宫武器,火,火之,铁剑,铁剑,human_robot_icon_atlas_0,42701004,42701020,900000016
101011016,42711016,0,0,1,1,1,迷宫武器,火,火之,铁剑,铁剑,human_robot_icon_atlas_0,42701004,42701020,900000016
101011017,42711017,0,0,1,1,1,迷宫武器,火,火之,铁剑,铁剑,human_robot_icon_atlas_0,42701004,42701020,900000016
101011018,42711018,0,0,1,1,1,迷宫武器,火,火之,铁剑,铁剑,human_robot_icon_atlas_0,42701004,42701020,900000016
101011019,42711019,0,0,1,1,1,迷宫武器,火,火之,铁剑,铁剑,human_robot_icon_atlas_0,42701004,42701020,900000016
101011020,42711020,0,0,1,1,1,迷宫武器,火,火之,铁剑,铁剑,human_robot_icon_atlas_0,42701004,42701020,900000016
101011021,42711021,0,0,1,1,1,迷宫武器,火,火之,青钢剑,青钢剑,human_robot_icon_atlas_0,42701004,42701030,900000016
101011022,42711022,0,0,1,1,1,迷宫武器,火,火之,青钢剑,青钢剑,human_robot_icon_atlas_0,42701004,42701030,900000016
101011023,42711023,0,0,1,1,1,迷宫武器,火,火之,青钢剑,青钢剑,human_robot_icon_atlas_0,42701004,42701030,900000016
101011024,42711024,0,0,1,1,1,迷宫武器,火,火之,青钢剑,青钢剑,human_robot_icon_atlas_0,42701004,42701030,900000016
101011025,42711025,0,0,1,1,1,迷宫武器,火,火之,青钢剑,青钢剑,human_robot_icon_atlas_0,42701004,42701030,900000016
101011026,42711026,0,0,1,1,1,迷宫武器,火,火之,青钢剑,青钢剑,human_robot_icon_atlas_0,42701004,42701030,900000016
101011027,42711027,0,0,1,1,1,迷宫武器,火,火之,青钢剑,青钢剑,human_robot_icon_atlas_0,42701004,42701030,900000016
101011028,42711028,0,0,1,1,1,迷宫武器,火,火之,青钢剑,青钢剑,human_robot_icon_atlas_0,42701004,42701030,900000016
101011029,42711029,0,0,1,1,1,迷宫武器,火,火之,青钢剑,青钢剑,human_robot_icon_atlas_0,42701004,42701030,900000016
101011030,42711030,0,0,1,1,1,迷宫武器,火,火之,青钢剑,青钢剑,human_robot_icon_atlas_0,42701004,42701030,900000016
101011031,42711031,0,0,1,1,1,迷宫武器,火,火之,流云剑,流云剑,human_robot_icon_atlas_0,42701004,42701040,900000016
101011032,42711032,0,0,1,1,1,迷宫武器,火,火之,流云剑,流云剑,human_robot_icon_atlas_0,42701004,42701040,900000016
101011033,42711033,0,0,1,1,1,迷宫武器,火,火之,流云剑,流云剑,human_robot_icon_atlas_0,42701004,42701040,900000016
101011034,42711034,0,0,1,1,1,迷宫武器,火,火之,流云剑,流云剑,human_robot_icon_atlas_0,42701004,42701040,900000016
101011035,42711035,0,0,1,1,1,迷宫武器,火,火之,流云剑,流云剑,human_robot_icon_atlas_0,42701004,42701040,900000016
101011036,42711036,0,0,1,1,1,迷宫武器,火,火之,流云剑,流云剑,human_robot_icon_atlas_0,42701004,42701040,900000016
101011037,42711037,0,0,1,1,1,迷宫武器,火,火之,流云剑,流云剑,human_robot_icon_atlas_0,42701004,42701040,900000016
101011038,42711038,0,0,1,1,1,迷宫武器,火,火之,流云剑,流云剑,human_robot_icon_atlas_0,42701004,42701040,900000016
101011039,42711039,0,0,1,1,1,迷宫武器,火,火之,流云剑,流云剑,human_robot_icon_atlas_0,42701004,42701040,900000016
101011040,42711040,0,0,1,1,1,迷宫武器,火,火之,流云剑,流云剑,human_robot_icon_atlas_0,42701004,42701040,900000016
101011041,42711041,0,0,1,1,1,迷宫武器,火,火之,飞虹剑,飞虹剑,human_robot_icon_atlas_0,42701004,42701050,900000016
101011042,42711042,0,0,1,1,1,迷宫武器,火,火之,飞虹剑,飞虹剑,human_robot_icon_atlas_0,42701004,42701050,900000016
101011043,42711043,0,0,1,1,1,迷宫武器,火,火之,飞虹剑,飞虹剑,human_robot_icon_atlas_0,42701004,42701050,900000016
101011044,42711044,0,0,1,1,1,迷宫武器,火,火之,飞虹剑,飞虹剑,human_robot_icon_atlas_0,42701004,42701050,900000016
101011045,42711045,0,0,1,1,1,迷宫武器,火,火之,飞虹剑,飞虹剑,human_robot_icon_atlas_0,42701004,42701050,900000016
101011046,42711046,0,0,1,1,1,迷宫武器,火,火之,飞虹剑,飞虹剑,human_robot_icon_atlas_0,42701004,42701050,900000016
101011047,42711047,0,0,1,1,1,迷宫武器,火,火之,飞虹剑,飞虹剑,human_robot_icon_atlas_0,42701004,42701050,900000016
101011048,42711048,0,0,1,1,1,迷宫武器,火,火之,飞虹剑,飞虹剑,human_robot_icon_atlas_0,42701004,42701050,900000016
101011049,42711049,0,0,1,1,1,迷宫武器,火,火之,飞虹剑,飞虹剑,human_robot_icon_atlas_0,42701004,42701050,900000016
101011050,42711050,0,0,1,1,1,迷宫武器,火,火之,飞虹剑,飞虹剑,human_robot_icon_atlas_0,42701004,42701050,900000016
101011051,42711051,0,0,1,1,1,迷宫武器,火,火之,紫金剑,紫金剑,human_robot_icon_atlas_0,42701004,42701060,900000016
101011052,42711052,0,0,1,1,1,迷宫武器,火,火之,紫金剑,紫金剑,human_robot_icon_atlas_0,42701004,42701060,900000016
101011053,42711053,0,0,1,1,1,迷宫武器,火,火之,紫金剑,紫金剑,human_robot_icon_atlas_0,42701004,42701060,900000016
101011054,42711054,0,0,1,1,1,迷宫武器,火,火之,紫金剑,紫金剑,human_robot_icon_atlas_0,42701004,42701060,900000016
101011055,42711055,0,0,1,1,1,迷宫武器,火,火之,紫金剑,紫金剑,human_robot_icon_atlas_0,42701004,42701060,900000016
101011056,42711056,0,0,1,1,1,迷宫武器,火,火之,紫金剑,紫金剑,human_robot_icon_atlas_0,42701004,42701060,900000016
101011057,42711057,0,0,1,1,1,迷宫武器,火,火之,紫金剑,紫金剑,human_robot_icon_atlas_0,42701004,42701060,900000016
101011058,42711058,0,0,1,1,1,迷宫武器,火,火之,紫金剑,紫金剑,human_robot_icon_atlas_0,42701004,42701060,900000016
101011059,42711059,0,0,1,1,1,迷宫武器,火,火之,紫金剑,紫金剑,human_robot_icon_atlas_0,42701004,42701060,900000016
101011060,42711060,0,0,1,1,1,迷宫武器,火,火之,紫金剑,紫金剑,human_robot_icon_atlas_0,42701004,42701060,900000016
101011061,42711061,0,0,1,1,1,迷宫武器,火,火之,巨阙剑,巨阙剑,human_robot_icon_atlas_0,42701004,42701070,900000016
101011062,42711062,0,0,1,1,1,迷宫武器,火,火之,巨阙剑,巨阙剑,human_robot_icon_atlas_0,42701004,42701070,900000016
101011063,42711063,0,0,1,1,1,迷宫武器,火,火之,巨阙剑,巨阙剑,human_robot_icon_atlas_0,42701004,42701070,900000016
101011064,42711064,0,0,1,1,1,迷宫武器,火,火之,巨阙剑,巨阙剑,human_robot_icon_atlas_0,42701004,42701070,900000016
101011065,42711065,0,0,1,1,1,迷宫武器,火,火之,巨阙剑,巨阙剑,human_robot_icon_atlas_0,42701004,42701070,900000016
101011066,42711066,0,0,1,1,1,迷宫武器,火,火之,巨阙剑,巨阙剑,human_robot_icon_atlas_0,42701004,42701070,900000016
101011067,42711067,0,0,1,1,1,迷宫武器,火,火之,巨阙剑,巨阙剑,human_robot_icon_atlas_0,42701004,42701070,900000016
101011068,42711068,0,0,1,1,1,迷宫武器,火,火之,巨阙剑,巨阙剑,human_robot_icon_atlas_0,42701004,42701070,900000016
101011069,42711069,0,0,1,1,1,迷宫武器,火,火之,巨阙剑,巨阙剑,human_robot_icon_atlas_0,42701004,42701070,900000016
101011070,42711070,0,0,1,1,1,迷宫武器,火,火之,巨阙剑,巨阙剑,human_robot_icon_atlas_0,42701004,42701070,900000016
101011071,42711071,0,0,1,1,1,迷宫武器,火,火之,天罡剑,天罡剑,human_robot_icon_atlas_0,42701004,42701080,900000016
101011072,42711072,0,0,1,1,1,迷宫武器,火,火之,天罡剑,天罡剑,human_robot_icon_atlas_0,42701004,42701080,900000016
101011073,42711073,0,0,1,1,1,迷宫武器,火,火之,天罡剑,天罡剑,human_robot_icon_atlas_0,42701004,42701080,900000016
101011074,42711074,0,0,1,1,1,迷宫武器,火,火之,天罡剑,天罡剑,human_robot_icon_atlas_0,42701004,42701080,900000016
101011075,42711075,0,0,1,1,1,迷宫武器,火,火之,天罡剑,天罡剑,human_robot_icon_atlas_0,42701004,42701080,900000016
101011076,42711076,0,0,1,1,1,迷宫武器,火,火之,天罡剑,天罡剑,human_robot_icon_atlas_0,42701004,42701080,900000016
101011077,42711077,0,0,1,1,1,迷宫武器,火,火之,天罡剑,天罡剑,human_robot_icon_atlas_0,42701004,42701080,900000016
101011078,42711078,0,0,1,1,1,迷宫武器,火,火之,天罡剑,天罡剑,human_robot_icon_atlas_0,42701004,42701080,900000016
101011079,42711079,0,0,1,1,1,迷宫武器,火,火之,天罡剑,天罡剑,human_robot_icon_atlas_0,42701004,42701080,900000016
101011080,42711080,0,0,1,1,1,迷宫武器,火,火之,天罡剑,天罡剑,human_robot_icon_atlas_0,42701004,42701080,900000016
101011081,42711081,0,0,1,1,1,迷宫武器,火,火之,雷荧剑,雷荧剑,human_robot_icon_atlas_0,42701004,42701090,900000016
101011082,42711082,0,0,1,1,1,迷宫武器,火,火之,雷荧剑,雷荧剑,human_robot_icon_atlas_0,42701004,42701090,900000016
101011083,42711083,0,0,1,1,1,迷宫武器,火,火之,雷荧剑,雷荧剑,human_robot_icon_atlas_0,42701004,42701090,900000016
101011084,42711084,0,0,1,1,1,迷宫武器,火,火之,雷荧剑,雷荧剑,human_robot_icon_atlas_0,42701004,42701090,900000016
101011085,42711085,0,0,1,1,1,迷宫武器,火,火之,雷荧剑,雷荧剑,human_robot_icon_atlas_0,42701004,42701090,900000016
101011086,42711086,0,0,1,1,1,迷宫武器,火,火之,雷荧剑,雷荧剑,human_robot_icon_atlas_0,42701004,42701090,900000016
101011087,42711087,0,0,1,1,1,迷宫武器,火,火之,雷荧剑,雷荧剑,human_robot_icon_atlas_0,42701004,42701090,900000016
101011088,42711088,0,0,1,1,1,迷宫武器,火,火之,雷荧剑,雷荧剑,human_robot_icon_atlas_0,42701004,42701090,900000016
101011089,42711089,0,0,1,1,1,迷宫武器,火,火之,雷荧剑,雷荧剑,human_robot_icon_atlas_0,42701004,42701090,900000016
101011090,42711090,0,0,1,1,1,迷宫武器,火,火之,雷荧剑,雷荧剑,human_robot_icon_atlas_0,42701004,42701090,900000016
101011091,42711091,0,0,1,1,1,迷宫武器,火,火之,狮吼剑,狮吼剑,human_robot_icon_atlas_0,42701004,42701100,900000016
101011092,42711092,0,0,1,1,1,迷宫武器,火,火之,狮吼剑,狮吼剑,human_robot_icon_atlas_0,42701004,42701100,900000016
101011093,42711093,0,0,1,1,1,迷宫武器,火,火之,狮吼剑,狮吼剑,human_robot_icon_atlas_0,42701004,42701100,900000016
101011094,42711094,0,0,1,1,1,迷宫武器,火,火之,狮吼剑,狮吼剑,human_robot_icon_atlas_0,42701004,42701100,900000016
101011095,42711095,0,0,1,1,1,迷宫武器,火,火之,狮吼剑,狮吼剑,human_robot_icon_atlas_0,42701004,42701100,900000016
101011096,42711096,0,0,1,1,1,迷宫武器,火,火之,狮吼剑,狮吼剑,human_robot_icon_atlas_0,42701004,42701100,900000016
101011097,42711097,0,0,1,1,1,迷宫武器,火,火之,狮吼剑,狮吼剑,human_robot_icon_atlas_0,42701004,42701100,900000016
101011098,42711098,0,0,1,1,1,迷宫武器,火,火之,狮吼剑,狮吼剑,human_robot_icon_atlas_0,42701004,42701100,900000016
101011099,42711099,0,0,1,1,1,迷宫武器,火,火之,狮吼剑,狮吼剑,human_robot_icon_atlas_0,42701004,42701100,900000016
101011100,42711100,0,0,1,1,1,迷宫武器,火,火之,狮吼剑,狮吼剑,human_robot_icon_atlas_0,42701004,42701100,900000016
101011101,42711101,0,0,1,1,1,迷宫武器,火,火之,灵蛇剑,灵蛇剑,human_robot_icon_atlas_0,42701004,42701110,900000016
101011102,42711102,0,0,1,1,1,迷宫武器,火,火之,灵蛇剑,灵蛇剑,human_robot_icon_atlas_0,42701004,42701110,900000016
101011103,42711103,0,0,1,1,1,迷宫武器,火,火之,灵蛇剑,灵蛇剑,human_robot_icon_atlas_0,42701004,42701110,900000016
101011104,42711104,0,0,1,1,1,迷宫武器,火,火之,灵蛇剑,灵蛇剑,human_robot_icon_atlas_0,42701004,42701110,900000016
101011105,42711105,0,0,1,1,1,迷宫武器,火,火之,灵蛇剑,灵蛇剑,human_robot_icon_atlas_0,42701004,42701110,900000016
101011106,42711106,0,0,1,1,1,迷宫武器,火,火之,灵蛇剑,灵蛇剑,human_robot_icon_atlas_0,42701004,42701110,900000016
101011107,42711107,0,0,1,1,1,迷宫武器,火,火之,灵蛇剑,灵蛇剑,human_robot_icon_atlas_0,42701004,42701110,900000016
101011108,42711108,0,0,1,1,1,迷宫武器,火,火之,灵蛇剑,灵蛇剑,human_robot_icon_atlas_0,42701004,42701110,900000016
101011109,42711109,0,0,1,1,1,迷宫武器,火,火之,灵蛇剑,灵蛇剑,human_robot_icon_atlas_0,42701004,42701110,900000016
101011110,42711110,0,0,1,1,1,迷宫武器,火,火之,灵蛇剑,灵蛇剑,human_robot_icon_atlas_0,42701004,42701110,900000016
101011111,42711111,0,0,1,1,1,迷宫武器,火,火之,朱雀灵剑,朱雀灵剑,human_robot_icon_atlas_0,42701004,42701120,900000016
101011112,42711112,0,0,1,1,1,迷宫武器,火,火之,朱雀灵剑,朱雀灵剑,human_robot_icon_atlas_0,42701004,42701120,900000016
101011113,42711113,0,0,1,1,1,迷宫武器,火,火之,朱雀灵剑,朱雀灵剑,human_robot_icon_atlas_0,42701004,42701120,900000016
101011114,42711114,0,0,1,1,1,迷宫武器,火,火之,朱雀灵剑,朱雀灵剑,human_robot_icon_atlas_0,42701004,42701120,900000016
101011115,42711115,0,0,1,1,1,迷宫武器,火,火之,朱雀灵剑,朱雀灵剑,human_robot_icon_atlas_0,42701004,42701120,900000016
101011116,42711116,0,0,1,1,1,迷宫武器,火,火之,朱雀灵剑,朱雀灵剑,human_robot_icon_atlas_0,42701004,42701120,900000016
101011117,42711117,0,0,1,1,1,迷宫武器,火,火之,朱雀灵剑,朱雀灵剑,human_robot_icon_atlas_0,42701004,42701120,900000016
101011118,42711118,0,0,1,1,1,迷宫武器,火,火之,朱雀灵剑,朱雀灵剑,human_robot_icon_atlas_0,42701004,42701120,900000016
101011119,42711119,0,0,1,1,1,迷宫武器,火,火之,朱雀灵剑,朱雀灵剑,human_robot_icon_atlas_0,42701004,42701120,900000016
101011120,42711120,0,0,1,1,1,迷宫武器,火,火之,朱雀灵剑,朱雀灵剑,human_robot_icon_atlas_0,42701004,42701120,900000016
101011121,42711121,0,0,1,1,1,迷宫武器,火,火之,龙形古剑,龙形古剑,human_robot_icon_atlas_0,42701004,42701130,900000016
101011122,42711122,0,0,1,1,1,迷宫武器,火,火之,龙形古剑,龙形古剑,human_robot_icon_atlas_0,42701004,42701130,900000016
101011123,42711123,0,0,1,1,1,迷宫武器,火,火之,龙形古剑,龙形古剑,human_robot_icon_atlas_0,42701004,42701130,900000016
101011124,42711124,0,0,1,1,1,迷宫武器,火,火之,龙形古剑,龙形古剑,human_robot_icon_atlas_0,42701004,42701130,900000016
101011125,42711125,0,0,1,1,1,迷宫武器,火,火之,龙形古剑,龙形古剑,human_robot_icon_atlas_0,42701004,42701130,900000016
101011126,42711126,0,0,1,1,1,迷宫武器,火,火之,龙形古剑,龙形古剑,human_robot_icon_atlas_0,42701004,42701130,900000016
101011127,42711127,0,0,1,1,1,迷宫武器,火,火之,龙形古剑,龙形古剑,human_robot_icon_atlas_0,42701004,42701130,900000016
101011128,42711128,0,0,1,1,1,迷宫武器,火,火之,龙形古剑,龙形古剑,human_robot_icon_atlas_0,42701004,42701130,900000016
101011129,42711129,0,0,1,1,1,迷宫武器,火,火之,龙形古剑,龙形古剑,human_robot_icon_atlas_0,42701004,42701130,900000016
101011130,42711130,0,0,1,1,1,迷宫武器,火,火之,龙形古剑,龙形古剑,human_robot_icon_atlas_0,42701004,42701130,900000016
101011131,42711131,0,0,1,1,1,迷宫武器,火,火之,龙王古剑,龙王古剑,human_robot_icon_atlas_0,42701004,42701140,900000016
101011132,42711132,0,0,1,1,1,迷宫武器,火,火之,龙王古剑,龙王古剑,human_robot_icon_atlas_0,42701004,42701140,900000016
101011133,42711133,0,0,1,1,1,迷宫武器,火,火之,龙王古剑,龙王古剑,human_robot_icon_atlas_0,42701004,42701140,900000016
101011134,42711134,0,0,1,1,1,迷宫武器,火,火之,龙王古剑,龙王古剑,human_robot_icon_atlas_0,42701004,42701140,900000016
101011135,42711135,0,0,1,1,1,迷宫武器,火,火之,龙王古剑,龙王古剑,human_robot_icon_atlas_0,42701004,42701140,900000016
101011136,42711136,0,0,1,1,1,迷宫武器,火,火之,龙王古剑,龙王古剑,human_robot_icon_atlas_0,42701004,42701140,900000016
101011137,42711137,0,0,1,1,1,迷宫武器,火,火之,龙王古剑,龙王古剑,human_robot_icon_atlas_0,42701004,42701140,900000016
101011138,42711138,0,0,1,1,1,迷宫武器,火,火之,龙王古剑,龙王古剑,human_robot_icon_atlas_0,42701004,42701140,900000016
101011139,42711139,0,0,1,1,1,迷宫武器,火,火之,龙王古剑,龙王古剑,human_robot_icon_atlas_0,42701004,42701140,900000016
101011140,42711140,0,0,1,1,1,迷宫武器,火,火之,龙王古剑,龙王古剑,human_robot_icon_atlas_0,42701004,42701140,900000016
101011141,42711141,0,0,1,1,1,迷宫武器,火,火之,龙皇古剑,龙皇古剑,human_robot_icon_atlas_0,42701004,42701150,900000016
101011142,42711142,0,0,1,1,1,迷宫武器,火,火之,龙皇古剑,龙皇古剑,human_robot_icon_atlas_0,42701004,42701150,900000016
101011143,42711143,0,0,1,1,1,迷宫武器,火,火之,龙皇古剑,龙皇古剑,human_robot_icon_atlas_0,42701004,42701150,900000016
101011144,42711144,0,0,1,1,1,迷宫武器,火,火之,龙皇古剑,龙皇古剑,human_robot_icon_atlas_0,42701004,42701150,900000016
101011145,42711145,0,0,1,1,1,迷宫武器,火,火之,龙皇古剑,龙皇古剑,human_robot_icon_atlas_0,42701004,42701150,900000016
101011146,42711146,0,0,1,1,1,迷宫武器,火,火之,龙皇古剑,龙皇古剑,human_robot_icon_atlas_0,42701004,42701150,900000016
101011147,42711147,0,0,1,1,1,迷宫武器,火,火之,龙皇古剑,龙皇古剑,human_robot_icon_atlas_0,42701004,42701150,900000016
101011148,42711148,0,0,1,1,1,迷宫武器,火,火之,龙皇古剑,龙皇古剑,human_robot_icon_atlas_0,42701004,42701150,900000016
101011149,42711149,0,0,1,1,1,迷宫武器,火,火之,龙皇古剑,龙皇古剑,human_robot_icon_atlas_0,42701004,42701150,900000016
101011150,42711150,0,0,1,1,1,迷宫武器,火,火之,龙皇古剑,龙皇古剑,human_robot_icon_atlas_0,42701004,42701150,900000016
101011151,42711151,0,0,1,1,1,迷宫武器,火,火之,龙神古剑,龙神古剑,human_robot_icon_atlas_0,42701004,42701160,900000016
101011152,42711152,0,0,1,1,1,迷宫武器,火,火之,龙神古剑,龙神古剑,human_robot_icon_atlas_0,42701004,42701160,900000016
101011153,42711153,0,0,1,1,1,迷宫武器,火,火之,龙神古剑,龙神古剑,human_robot_icon_atlas_0,42701004,42701160,900000016
101011154,42711154,0,0,1,1,1,迷宫武器,火,火之,龙神古剑,龙神古剑,human_robot_icon_atlas_0,42701004,42701160,900000016
101011155,42711155,0,0,1,1,1,迷宫武器,火,火之,龙神古剑,龙神古剑,human_robot_icon_atlas_0,42701004,42701160,900000016
101011156,42711156,0,0,1,1,1,迷宫武器,火,火之,龙神古剑,龙神古剑,human_robot_icon_atlas_0,42701004,42701160,900000016
101011157,42711157,0,0,1,1,1,迷宫武器,火,火之,龙神古剑,龙神古剑,human_robot_icon_atlas_0,42701004,42701160,900000016
101011158,42711158,0,0,1,1,1,迷宫武器,火,火之,龙神古剑,龙神古剑,human_robot_icon_atlas_0,42701004,42701160,900000016
101011159,42711159,0,0,1,1,1,迷宫武器,火,火之,龙神古剑,龙神古剑,human_robot_icon_atlas_0,42701004,42701160,900000016
101011160,42711160,0,0,1,1,1,迷宫武器,火,火之,龙神古剑,龙神古剑,human_robot_icon_atlas_0,42701004,42701160,900000016
301011001,42731001,0,0,3,1,1,迷宫武器,火,火之,木剑,铁剑,human_robot_icon_atlas_0,42701001,42701010,900000011
301011002,42731002,0,0,3,1,1,迷宫武器,火,火之,木剑,青钢剑,human_robot_icon_atlas_0,42701002,42701010,900000011
301011003,42731003,0,0,3,1,1,迷宫武器,火,火之,木剑,流云剑,human_robot_icon_atlas_0,42701003,42701010,900000012
301011004,42731004,0,0,3,1,1,迷宫武器,火,火之,木剑,飞虹剑,human_robot_icon_atlas_0,42701004,42701010,900000012
301011005,42731005,0,0,3,1,1,迷宫武器,火,火之,木剑,飞虹剑,human_robot_icon_atlas_0,42701004,42701010,900000013
301011006,42731006,0,0,3,1,1,迷宫武器,火,火之,木剑,飞虹剑,human_robot_icon_atlas_0,42701004,42701010,900000013
301011007,42731007,0,0,3,1,1,迷宫武器,火,火之,木剑,飞虹剑,human_robot_icon_atlas_0,42701004,42701010,900000014
301011008,42731008,0,0,3,1,1,迷宫武器,火,火之,木剑,飞虹剑,human_robot_icon_atlas_0,42701004,42701010,900000014
301011009,42731009,0,0,3,1,1,迷宫武器,火,火之,木剑,飞虹剑,human_robot_icon_atlas_0,42701004,42701010,900000015
301011010,42731010,0,0,3,1,1,迷宫武器,火,火之,木剑,飞虹剑,human_robot_icon_atlas_0,42701004,42701010,900000016
301011011,42731011,0,0,3,1,1,迷宫武器,火,火之,铁剑,铁剑,human_robot_icon_atlas_0,42701004,42701020,900000016
301011012,42731012,0,0,3,1,1,迷宫武器,火,火之,铁剑,铁剑,human_robot_icon_atlas_0,42701004,42701020,900000016
301011013,42731013,0,0,3,1,1,迷宫武器,火,火之,铁剑,铁剑,human_robot_icon_atlas_0,42701004,42701020,900000016
301011014,42731014,0,0,3,1,1,迷宫武器,火,火之,铁剑,铁剑,human_robot_icon_atlas_0,42701004,42701020,900000016
301011015,42731015,0,0,3,1,1,迷宫武器,火,火之,铁剑,铁剑,human_robot_icon_atlas_0,42701004,42701020,900000016
301011016,42731016,0,0,3,1,1,迷宫武器,火,火之,铁剑,铁剑,human_robot_icon_atlas_0,42701004,42701020,900000016
301011017,42731017,0,0,3,1,1,迷宫武器,火,火之,铁剑,铁剑,human_robot_icon_atlas_0,42701004,42701020,900000016
301011018,42731018,0,0,3,1,1,迷宫武器,火,火之,铁剑,铁剑,human_robot_icon_atlas_0,42701004,42701020,900000016
301011019,42731019,0,0,3,1,1,迷宫武器,火,火之,铁剑,铁剑,human_robot_icon_atlas_0,42701004,42701020,900000016
301011020,42731020,0,0,3,1,1,迷宫武器,火,火之,铁剑,铁剑,human_robot_icon_atlas_0,42701004,42701020,900000016
301011021,42731021,0,0,3,1,1,迷宫武器,火,火之,青钢剑,青钢剑,human_robot_icon_atlas_0,42701004,42701030,900000016
301011022,42731022,0,0,3,1,1,迷宫武器,火,火之,青钢剑,青钢剑,human_robot_icon_atlas_0,42701004,42701030,900000016
301011023,42731023,0,0,3,1,1,迷宫武器,火,火之,青钢剑,青钢剑,human_robot_icon_atlas_0,42701004,42701030,900000016
301011024,42731024,0,0,3,1,1,迷宫武器,火,火之,青钢剑,青钢剑,human_robot_icon_atlas_0,42701004,42701030,900000016
301011025,42731025,0,0,3,1,1,迷宫武器,火,火之,青钢剑,青钢剑,human_robot_icon_atlas_0,42701004,42701030,900000016
301011026,42731026,0,0,3,1,1,迷宫武器,火,火之,青钢剑,青钢剑,human_robot_icon_atlas_0,42701004,42701030,900000016
301011027,42731027,0,0,3,1,1,迷宫武器,火,火之,青钢剑,青钢剑,human_robot_icon_atlas_0,42701004,42701030,900000016
301011028,42731028,0,0,3,1,1,迷宫武器,火,火之,青钢剑,青钢剑,human_robot_icon_atlas_0,42701004,42701030,900000016
301011029,42731029,0,0,3,1,1,迷宫武器,火,火之,青钢剑,青钢剑,human_robot_icon_atlas_0,42701004,42701030,900000016
301011030,42731030,0,0,3,1,1,迷宫武器,火,火之,青钢剑,青钢剑,human_robot_icon_atlas_0,42701004,42701030,900000016
301011031,42731031,0,0,3,1,1,迷宫武器,火,火之,流云剑,流云剑,human_robot_icon_atlas_0,42701004,42701040,900000016
301011032,42731032,0,0,3,1,1,迷宫武器,火,火之,流云剑,流云剑,human_robot_icon_atlas_0,42701004,42701040,900000016
301011033,42731033,0,0,3,1,1,迷宫武器,火,火之,流云剑,流云剑,human_robot_icon_atlas_0,42701004,42701040,900000016
301011034,42731034,0,0,3,1,1,迷宫武器,火,火之,流云剑,流云剑,human_robot_icon_atlas_0,42701004,42701040,900000016
301011035,42731035,0,0,3,1,1,迷宫武器,火,火之,流云剑,流云剑,human_robot_icon_atlas_0,42701004,42701040,900000016
301011036,42731036,0,0,3,1,1,迷宫武器,火,火之,流云剑,流云剑,human_robot_icon_atlas_0,42701004,42701040,900000016
301011037,42731037,0,0,3,1,1,迷宫武器,火,火之,流云剑,流云剑,human_robot_icon_atlas_0,42701004,42701040,900000016
301011038,42731038,0,0,3,1,1,迷宫武器,火,火之,流云剑,流云剑,human_robot_icon_atlas_0,42701004,42701040,900000016
301011039,42731039,0,0,3,1,1,迷宫武器,火,火之,流云剑,流云剑,human_robot_icon_atlas_0,42701004,42701040,900000016
301011040,42731040,0,0,3,1,1,迷宫武器,火,火之,流云剑,流云剑,human_robot_icon_atlas_0,42701004,42701040,900000016
301011041,42731041,0,0,3,1,1,迷宫武器,火,火之,飞虹剑,飞虹剑,human_robot_icon_atlas_0,42701004,42701050,900000016
301011042,42731042,0,0,3,1,1,迷宫武器,火,火之,飞虹剑,飞虹剑,human_robot_icon_atlas_0,42701004,42701050,900000016
301011043,42731043,0,0,3,1,1,迷宫武器,火,火之,飞虹剑,飞虹剑,human_robot_icon_atlas_0,42701004,42701050,900000016
301011044,42731044,0,0,3,1,1,迷宫武器,火,火之,飞虹剑,飞虹剑,human_robot_icon_atlas_0,42701004,42701050,900000016
301011045,42731045,0,0,3,1,1,迷宫武器,火,火之,飞虹剑,飞虹剑,human_robot_icon_atlas_0,42701004,42701050,900000016
301011046,42731046,0,0,3,1,1,迷宫武器,火,火之,飞虹剑,飞虹剑,human_robot_icon_atlas_0,42701004,42701050,900000016
301011047,42731047,0,0,3,1,1,迷宫武器,火,火之,飞虹剑,飞虹剑,human_robot_icon_atlas_0,42701004,42701050,900000016
301011048,42731048,0,0,3,1,1,迷宫武器,火,火之,飞虹剑,飞虹剑,human_robot_icon_atlas_0,42701004,42701050,900000016
301011049,42731049,0,0,3,1,1,迷宫武器,火,火之,飞虹剑,飞虹剑,human_robot_icon_atlas_0,42701004,42701050,900000016
301011050,42731050,0,0,3,1,1,迷宫武器,火,火之,飞虹剑,飞虹剑,human_robot_icon_atlas_0,42701004,42701050,900000016
301011051,42731051,0,0,3,1,1,迷宫武器,火,火之,紫金剑,紫金剑,human_robot_icon_atlas_0,42701004,42701060,900000016
301011052,42731052,0,0,3,1,1,迷宫武器,火,火之,紫金剑,紫金剑,human_robot_icon_atlas_0,42701004,42701060,900000016
301011053,42731053,0,0,3,1,1,迷宫武器,火,火之,紫金剑,紫金剑,human_robot_icon_atlas_0,42701004,42701060,900000016
301011054,42731054,0,0,3,1,1,迷宫武器,火,火之,紫金剑,紫金剑,human_robot_icon_atlas_0,42701004,42701060,900000016
301011055,42731055,0,0,3,1,1,迷宫武器,火,火之,紫金剑,紫金剑,human_robot_icon_atlas_0,42701004,42701060,900000016
301011056,42731056,0,0,3,1,1,迷宫武器,火,火之,紫金剑,紫金剑,human_robot_icon_atlas_0,42701004,42701060,900000016
301011057,42731057,0,0,3,1,1,迷宫武器,火,火之,紫金剑,紫金剑,human_robot_icon_atlas_0,42701004,42701060,900000016
301011058,42731058,0,0,3,1,1,迷宫武器,火,火之,紫金剑,紫金剑,human_robot_icon_atlas_0,42701004,42701060,900000016
301011059,42731059,0,0,3,1,1,迷宫武器,火,火之,紫金剑,紫金剑,human_robot_icon_atlas_0,42701004,42701060,900000016
301011060,42731060,0,0,3,1,1,迷宫武器,火,火之,紫金剑,紫金剑,human_robot_icon_atlas_0,42701004,42701060,900000016
301011061,42731061,0,0,3,1,1,迷宫武器,火,火之,巨阙剑,巨阙剑,human_robot_icon_atlas_0,42701004,42701070,900000016
301011062,42731062,0,0,3,1,1,迷宫武器,火,火之,巨阙剑,巨阙剑,human_robot_icon_atlas_0,42701004,42701070,900000016
301011063,42731063,0,0,3,1,1,迷宫武器,火,火之,巨阙剑,巨阙剑,human_robot_icon_atlas_0,42701004,42701070,900000016
301011064,42731064,0,0,3,1,1,迷宫武器,火,火之,巨阙剑,巨阙剑,human_robot_icon_atlas_0,42701004,42701070,900000016
301011065,42731065,0,0,3,1,1,迷宫武器,火,火之,巨阙剑,巨阙剑,human_robot_icon_atlas_0,42701004,42701070,900000016
301011066,42731066,0,0,3,1,1,迷宫武器,火,火之,巨阙剑,巨阙剑,human_robot_icon_atlas_0,42701004,42701070,900000016
301011067,42731067,0,0,3,1,1,迷宫武器,火,火之,巨阙剑,巨阙剑,human_robot_icon_atlas_0,42701004,42701070,900000016
301011068,42731068,0,0,3,1,1,迷宫武器,火,火之,巨阙剑,巨阙剑,human_robot_icon_atlas_0,42701004,42701070,900000016
301011069,42731069,0,0,3,1,1,迷宫武器,火,火之,巨阙剑,巨阙剑,human_robot_icon_atlas_0,42701004,42701070,900000016
301011070,42731070,0,0,3,1,1,迷宫武器,火,火之,巨阙剑,巨阙剑,human_robot_icon_atlas_0,42701004,42701070,900000016
301011071,42731071,0,0,3,1,1,迷宫武器,火,火之,天罡剑,天罡剑,human_robot_icon_atlas_0,42701004,42701080,900000016
301011072,42731072,0,0,3,1,1,迷宫武器,火,火之,天罡剑,天罡剑,human_robot_icon_atlas_0,42701004,42701080,900000016
301011073,42731073,0,0,3,1,1,迷宫武器,火,火之,天罡剑,天罡剑,human_robot_icon_atlas_0,42701004,42701080,900000016
301011074,42731074,0,0,3,1,1,迷宫武器,火,火之,天罡剑,天罡剑,human_robot_icon_atlas_0,42701004,42701080,900000016
301011075,42731075,0,0,3,1,1,迷宫武器,火,火之,天罡剑,天罡剑,human_robot_icon_atlas_0,42701004,42701080,900000016
301011076,42731076,0,0,3,1,1,迷宫武器,火,火之,天罡剑,天罡剑,human_robot_icon_atlas_0,42701004,42701080,900000016
301011077,42731077,0,0,3,1,1,迷宫武器,火,火之,天罡剑,天罡剑,human_robot_icon_atlas_0,42701004,42701080,900000016
301011078,42731078,0,0,3,1,1,迷宫武器,火,火之,天罡剑,天罡剑,human_robot_icon_atlas_0,42701004,42701080,900000016
301011079,42731079,0,0,3,1,1,迷宫武器,火,火之,天罡剑,天罡剑,human_robot_icon_atlas_0,42701004,42701080,900000016
301011080,42731080,0,0,3,1,1,迷宫武器,火,火之,天罡剑,天罡剑,human_robot_icon_atlas_0,42701004,42701080,900000016
301011081,42731081,0,0,3,1,1,迷宫武器,火,火之,雷荧剑,雷荧剑,human_robot_icon_atlas_0,42701004,42701090,900000016
301011082,42731082,0,0,3,1,1,迷宫武器,火,火之,雷荧剑,雷荧剑,human_robot_icon_atlas_0,42701004,42701090,900000016
301011083,42731083,0,0,3,1,1,迷宫武器,火,火之,雷荧剑,雷荧剑,human_robot_icon_atlas_0,42701004,42701090,900000016
301011084,42731084,0,0,3,1,1,迷宫武器,火,火之,雷荧剑,雷荧剑,human_robot_icon_atlas_0,42701004,42701090,900000016
301011085,42731085,0,0,3,1,1,迷宫武器,火,火之,雷荧剑,雷荧剑,human_robot_icon_atlas_0,42701004,42701090,900000016
301011086,42731086,0,0,3,1,1,迷宫武器,火,火之,雷荧剑,雷荧剑,human_robot_icon_atlas_0,42701004,42701090,900000016
301011087,42731087,0,0,3,1,1,迷宫武器,火,火之,雷荧剑,雷荧剑,human_robot_icon_atlas_0,42701004,42701090,900000016
301011088,42731088,0,0,3,1,1,迷宫武器,火,火之,雷荧剑,雷荧剑,human_robot_icon_atlas_0,42701004,42701090,900000016
301011089,42731089,0,0,3,1,1,迷宫武器,火,火之,雷荧剑,雷荧剑,human_robot_icon_atlas_0,42701004,42701090,900000016
301011090,42731090,0,0,3,1,1,迷宫武器,火,火之,雷荧剑,雷荧剑,human_robot_icon_atlas_0,42701004,42701090,900000016
301011091,42731091,0,0,3,1,1,迷宫武器,火,火之,狮吼剑,狮吼剑,human_robot_icon_atlas_0,42701004,42701100,900000016
301011092,42731092,0,0,3,1,1,迷宫武器,火,火之,狮吼剑,狮吼剑,human_robot_icon_atlas_0,42701004,42701100,900000016
301011093,42731093,0,0,3,1,1,迷宫武器,火,火之,狮吼剑,狮吼剑,human_robot_icon_atlas_0,42701004,42701100,900000016
301011094,42731094,0,0,3,1,1,迷宫武器,火,火之,狮吼剑,狮吼剑,human_robot_icon_atlas_0,42701004,42701100,900000016
301011095,42731095,0,0,3,1,1,迷宫武器,火,火之,狮吼剑,狮吼剑,human_robot_icon_atlas_0,42701004,42701100,900000016
301011096,42731096,0,0,3,1,1,迷宫武器,火,火之,狮吼剑,狮吼剑,human_robot_icon_atlas_0,42701004,42701100,900000016
301011097,42731097,0,0,3,1,1,迷宫武器,火,火之,狮吼剑,狮吼剑,human_robot_icon_atlas_0,42701004,42701100,900000016
301011098,42731098,0,0,3,1,1,迷宫武器,火,火之,狮吼剑,狮吼剑,human_robot_icon_atlas_0,42701004,42701100,900000016
301011099,42731099,0,0,3,1,1,迷宫武器,火,火之,狮吼剑,狮吼剑,human_robot_icon_atlas_0,42701004,42701100,900000016
301011100,42731100,0,0,3,1,1,迷宫武器,火,火之,狮吼剑,狮吼剑,human_robot_icon_atlas_0,42701004,42701100,900000016
301011101,42731101,0,0,3,1,1,迷宫武器,火,火之,灵蛇剑,灵蛇剑,human_robot_icon_atlas_0,42701004,42701110,900000016
301011102,42731102,0,0,3,1,1,迷宫武器,火,火之,灵蛇剑,灵蛇剑,human_robot_icon_atlas_0,42701004,42701110,900000016
301011103,42731103,0,0,3,1,1,迷宫武器,火,火之,灵蛇剑,灵蛇剑,human_robot_icon_atlas_0,42701004,42701110,900000016
301011104,42731104,0,0,3,1,1,迷宫武器,火,火之,灵蛇剑,灵蛇剑,human_robot_icon_atlas_0,42701004,42701110,900000016
301011105,42731105,0,0,3,1,1,迷宫武器,火,火之,灵蛇剑,灵蛇剑,human_robot_icon_atlas_0,42701004,42701110,900000016
301011106,42731106,0,0,3,1,1,迷宫武器,火,火之,灵蛇剑,灵蛇剑,human_robot_icon_atlas_0,42701004,42701110,900000016
301011107,42731107,0,0,3,1,1,迷宫武器,火,火之,灵蛇剑,灵蛇剑,human_robot_icon_atlas_0,42701004,42701110,900000016
301011108,42731108,0,0,3,1,1,迷宫武器,火,火之,灵蛇剑,灵蛇剑,human_robot_icon_atlas_0,42701004,42701110,900000016
301011109,42731109,0,0,3,1,1,迷宫武器,火,火之,灵蛇剑,灵蛇剑,human_robot_icon_atlas_0,42701004,42701110,900000016
301011110,42731110,0,0,3,1,1,迷宫武器,火,火之,灵蛇剑,灵蛇剑,human_robot_icon_atlas_0,42701004,42701110,900000016
301011111,42731111,0,0,3,1,1,迷宫武器,火,火之,朱雀灵剑,朱雀灵剑,human_robot_icon_atlas_0,42701004,42701120,900000016
301011112,42731112,0,0,3,1,1,迷宫武器,火,火之,朱雀灵剑,朱雀灵剑,human_robot_icon_atlas_0,42701004,42701120,900000016
301011113,42731113,0,0,3,1,1,迷宫武器,火,火之,朱雀灵剑,朱雀灵剑,human_robot_icon_atlas_0,42701004,42701120,900000016
301011114,42731114,0,0,3,1,1,迷宫武器,火,火之,朱雀灵剑,朱雀灵剑,human_robot_icon_atlas_0,42701004,42701120,900000016
301011115,42731115,0,0,3,1,1,迷宫武器,火,火之,朱雀灵剑,朱雀灵剑,human_robot_icon_atlas_0,42701004,42701120,900000016
301011116,42731116,0,0,3,1,1,迷宫武器,火,火之,朱雀灵剑,朱雀灵剑,human_robot_icon_atlas_0,42701004,42701120,900000016
301011117,42731117,0,0,3,1,1,迷宫武器,火,火之,朱雀灵剑,朱雀灵剑,human_robot_icon_atlas_0,42701004,42701120,900000016
301011118,42731118,0,0,3,1,1,迷宫武器,火,火之,朱雀灵剑,朱雀灵剑,human_robot_icon_atlas_0,42701004,42701120,900000016
301011119,42731119,0,0,3,1,1,迷宫武器,火,火之,朱雀灵剑,朱雀灵剑,human_robot_icon_atlas_0,42701004,42701120,900000016
301011120,42731120,0,0,3,1,1,迷宫武器,火,火之,朱雀灵剑,朱雀灵剑,human_robot_icon_atlas_0,42701004,42701120,900000016
301011121,42731121,0,0,3,1,1,迷宫武器,火,火之,龙形古剑,龙形古剑,human_robot_icon_atlas_0,42701004,42701130,900000016
301011122,42731122,0,0,3,1,1,迷宫武器,火,火之,龙形古剑,龙形古剑,human_robot_icon_atlas_0,42701004,42701130,900000016
301011123,42731123,0,0,3,1,1,迷宫武器,火,火之,龙形古剑,龙形古剑,human_robot_icon_atlas_0,42701004,42701130,900000016
301011124,42731124,0,0,3,1,1,迷宫武器,火,火之,龙形古剑,龙形古剑,human_robot_icon_atlas_0,42701004,42701130,900000016
301011125,42731125,0,0,3,1,1,迷宫武器,火,火之,龙形古剑,龙形古剑,human_robot_icon_atlas_0,42701004,42701130,900000016
301011126,42731126,0,0,3,1,1,迷宫武器,火,火之,龙形古剑,龙形古剑,human_robot_icon_atlas_0,42701004,42701130,900000016
301011127,42731127,0,0,3,1,1,迷宫武器,火,火之,龙形古剑,龙形古剑,human_robot_icon_atlas_0,42701004,42701130,900000016
301011128,42731128,0,0,3,1,1,迷宫武器,火,火之,龙形古剑,龙形古剑,human_robot_icon_atlas_0,42701004,42701130,900000016
301011129,42731129,0,0,3,1,1,迷宫武器,火,火之,龙形古剑,龙形古剑,human_robot_icon_atlas_0,42701004,42701130,900000016
301011130,42731130,0,0,3,1,1,迷宫武器,火,火之,龙形古剑,龙形古剑,human_robot_icon_atlas_0,42701004,42701130,900000016
301011131,42731131,0,0,3,1,1,迷宫武器,火,火之,龙王古剑,龙王古剑,human_robot_icon_atlas_0,42701004,42701140,900000016
301011132,42731132,0,0,3,1,1,迷宫武器,火,火之,龙王古剑,龙王古剑,human_robot_icon_atlas_0,42701004,42701140,900000016
301011133,42731133,0,0,3,1,1,迷宫武器,火,火之,龙王古剑,龙王古剑,human_robot_icon_atlas_0,42701004,42701140,900000016
301011134,42731134,0,0,3,1,1,迷宫武器,火,火之,龙王古剑,龙王古剑,human_robot_icon_atlas_0,42701004,42701140,900000016
301011135,42731135,0,0,3,1,1,迷宫武器,火,火之,龙王古剑,龙王古剑,human_robot_icon_atlas_0,42701004,42701140,900000016
301011136,42731136,0,0,3,1,1,迷宫武器,火,火之,龙王古剑,龙王古剑,human_robot_icon_atlas_0,42701004,42701140,900000016
301011137,42731137,0,0,3,1,1,迷宫武器,火,火之,龙王古剑,龙王古剑,human_robot_icon_atlas_0,42701004,42701140,900000016
301011138,42731138,0,0,3,1,1,迷宫武器,火,火之,龙王古剑,龙王古剑,human_robot_icon_atlas_0,42701004,42701140,900000016
301011139,42731139,0,0,3,1,1,迷宫武器,火,火之,龙王古剑,龙王古剑,human_robot_icon_atlas_0,42701004,42701140,900000016
301011140,42731140,0,0,3,1,1,迷宫武器,火,火之,龙王古剑,龙王古剑,human_robot_icon_atlas_0,42701004,42701140,900000016
301011141,42731141,0,0,3,1,1,迷宫武器,火,火之,龙皇古剑,龙皇古剑,human_robot_icon_atlas_0,42701004,42701150,900000016
301011142,42731142,0,0,3,1,1,迷宫武器,火,火之,龙皇古剑,龙皇古剑,human_robot_icon_atlas_0,42701004,42701150,900000016
301011143,42731143,0,0,3,1,1,迷宫武器,火,火之,龙皇古剑,龙皇古剑,human_robot_icon_atlas_0,42701004,42701150,900000016
301011144,42731144,0,0,3,1,1,迷宫武器,火,火之,龙皇古剑,龙皇古剑,human_robot_icon_atlas_0,42701004,42701150,900000016
301011145,42731145,0,0,3,1,1,迷宫武器,火,火之,龙皇古剑,龙皇古剑,human_robot_icon_atlas_0,42701004,42701150,900000016
301011146,42731146,0,0,3,1,1,迷宫武器,火,火之,龙皇古剑,龙皇古剑,human_robot_icon_atlas_0,42701004,42701150,900000016
301011147,42731147,0,0,3,1,1,迷宫武器,火,火之,龙皇古剑,龙皇古剑,human_robot_icon_atlas_0,42701004,42701150,900000016
301011148,42731148,0,0,3,1,1,迷宫武器,火,火之,龙皇古剑,龙皇古剑,human_robot_icon_atlas_0,42701004,42701150,900000016
301011149,42731149,0,0,3,1,1,迷宫武器,火,火之,龙皇古剑,龙皇古剑,human_robot_icon_atlas_0,42701004,42701150,900000016
301011150,42731150,0,0,3,1,1,迷宫武器,火,火之,龙皇古剑,龙皇古剑,human_robot_icon_atlas_0,42701004,42701150,900000016
301011151,42731151,0,0,3,1,1,迷宫武器,火,火之,龙神古剑,龙神古剑,human_robot_icon_atlas_0,42701004,42701160,900000016
301011152,42731152,0,0,3,1,1,迷宫武器,火,火之,龙神古剑,龙神古剑,human_robot_icon_atlas_0,42701004,42701160,900000016
301011153,42731153,0,0,3,1,1,迷宫武器,火,火之,龙神古剑,龙神古剑,human_robot_icon_atlas_0,42701004,42701160,900000016
301011154,42731154,0,0,3,1,1,迷宫武器,火,火之,龙神古剑,龙神古剑,human_robot_icon_atlas_0,42701004,42701160,900000016
301011155,42731155,0,0,3,1,1,迷宫武器,火,火之,龙神古剑,龙神古剑,human_robot_icon_atlas_0,42701004,42701160,900000016
301011156,42731156,0,0,3,1,1,迷宫武器,火,火之,龙神古剑,龙神古剑,human_robot_icon_atlas_0,42701004,42701160,900000016
301011157,42731157,0,0,3,1,1,迷宫武器,火,火之,龙神古剑,龙神古剑,human_robot_icon_atlas_0,42701004,42701160,900000016
301011158,42731158,0,0,3,1,1,迷宫武器,火,火之,龙神古剑,龙神古剑,human_robot_icon_atlas_0,42701004,42701160,900000016
301011159,42731159,0,0,3,1,1,迷宫武器,火,火之,龙神古剑,龙神古剑,human_robot_icon_atlas_0,42701004,42701160,900000016
301011160,42731160,0,0,3,1,1,迷宫武器,火,火之,龙神古剑,龙神古剑,human_robot_icon_atlas_0,42701004,42701160,900000016
501011001,42751001,0,0,5,1,1,迷宫武器,火,火之,木剑,铁剑,human_robot_icon_atlas_0,42701001,42701010,900000011
501011002,42751002,0,0,5,1,1,迷宫武器,火,火之,木剑,青钢剑,human_robot_icon_atlas_0,42701002,42701010,900000011
501011003,42751003,0,0,5,1,1,迷宫武器,火,火之,木剑,流云剑,human_robot_icon_atlas_0,42701003,42701010,900000012
501011004,42751004,0,0,5,1,1,迷宫武器,火,火之,木剑,飞虹剑,human_robot_icon_atlas_0,42701004,42701010,900000012
501011005,42751005,0,0,5,1,1,迷宫武器,火,火之,木剑,飞虹剑,human_robot_icon_atlas_0,42701004,42701010,900000013
501011006,42751006,0,0,5,1,1,迷宫武器,火,火之,木剑,飞虹剑,human_robot_icon_atlas_0,42701004,42701010,900000013
501011007,42751007,0,0,5,1,1,迷宫武器,火,火之,木剑,飞虹剑,human_robot_icon_atlas_0,42701004,42701010,900000014
501011008,42751008,0,0,5,1,1,迷宫武器,火,火之,木剑,飞虹剑,human_robot_icon_atlas_0,42701004,42701010,900000014
501011009,42751009,0,0,5,1,1,迷宫武器,火,火之,木剑,飞虹剑,human_robot_icon_atlas_0,42701004,42701010,900000015
501011010,42751010,0,0,5,1,1,迷宫武器,火,火之,木剑,飞虹剑,human_robot_icon_atlas_0,42701004,42701010,900000016
501011011,42751011,0,0,5,1,1,迷宫武器,火,火之,铁剑,铁剑,human_robot_icon_atlas_0,42701004,42701020,900000016
501011012,42751012,0,0,5,1,1,迷宫武器,火,火之,铁剑,铁剑,human_robot_icon_atlas_0,42701004,42701020,900000016
501011013,42751013,0,0,5,1,1,迷宫武器,火,火之,铁剑,铁剑,human_robot_icon_atlas_0,42701004,42701020,900000016
501011014,42751014,0,0,5,1,1,迷宫武器,火,火之,铁剑,铁剑,human_robot_icon_atlas_0,42701004,42701020,900000016
501011015,42751015,0,0,5,1,1,迷宫武器,火,火之,铁剑,铁剑,human_robot_icon_atlas_0,42701004,42701020,900000016
501011016,42751016,0,0,5,1,1,迷宫武器,火,火之,铁剑,铁剑,human_robot_icon_atlas_0,42701004,42701020,900000016
501011017,42751017,0,0,5,1,1,迷宫武器,火,火之,铁剑,铁剑,human_robot_icon_atlas_0,42701004,42701020,900000016
501011018,42751018,0,0,5,1,1,迷宫武器,火,火之,铁剑,铁剑,human_robot_icon_atlas_0,42701004,42701020,900000016
501011019,42751019,0,0,5,1,1,迷宫武器,火,火之,铁剑,铁剑,human_robot_icon_atlas_0,42701004,42701020,900000016
501011020,42751020,0,0,5,1,1,迷宫武器,火,火之,铁剑,铁剑,human_robot_icon_atlas_0,42701004,42701020,900000016
501011021,42751021,0,0,5,1,1,迷宫武器,火,火之,青钢剑,青钢剑,human_robot_icon_atlas_0,42701004,42701030,900000016
501011022,42751022,0,0,5,1,1,迷宫武器,火,火之,青钢剑,青钢剑,human_robot_icon_atlas_0,42701004,42701030,900000016
501011023,42751023,0,0,5,1,1,迷宫武器,火,火之,青钢剑,青钢剑,human_robot_icon_atlas_0,42701004,42701030,900000016
501011024,42751024,0,0,5,1,1,迷宫武器,火,火之,青钢剑,青钢剑,human_robot_icon_atlas_0,42701004,42701030,900000016
501011025,42751025,0,0,5,1,1,迷宫武器,火,火之,青钢剑,青钢剑,human_robot_icon_atlas_0,42701004,42701030,900000016
501011026,42751026,0,0,5,1,1,迷宫武器,火,火之,青钢剑,青钢剑,human_robot_icon_atlas_0,42701004,42701030,900000016
501011027,42751027,0,0,5,1,1,迷宫武器,火,火之,青钢剑,青钢剑,human_robot_icon_atlas_0,42701004,42701030,900000016
501011028,42751028,0,0,5,1,1,迷宫武器,火,火之,青钢剑,青钢剑,human_robot_icon_atlas_0,42701004,42701030,900000016
501011029,42751029,0,0,5,1,1,迷宫武器,火,火之,青钢剑,青钢剑,human_robot_icon_atlas_0,42701004,42701030,900000016
501011030,42751030,0,0,5,1,1,迷宫武器,火,火之,青钢剑,青钢剑,human_robot_icon_atlas_0,42701004,42701030,900000016
501011031,42751031,0,0,5,1,1,迷宫武器,火,火之,流云剑,流云剑,human_robot_icon_atlas_0,42701004,42701040,900000016
501011032,42751032,0,0,5,1,1,迷宫武器,火,火之,流云剑,流云剑,human_robot_icon_atlas_0,42701004,42701040,900000016
501011033,42751033,0,0,5,1,1,迷宫武器,火,火之,流云剑,流云剑,human_robot_icon_atlas_0,42701004,42701040,900000016
501011034,42751034,0,0,5,1,1,迷宫武器,火,火之,流云剑,流云剑,human_robot_icon_atlas_0,42701004,42701040,900000016
501011035,42751035,0,0,5,1,1,迷宫武器,火,火之,流云剑,流云剑,human_robot_icon_atlas_0,42701004,42701040,900000016
501011036,42751036,0,0,5,1,1,迷宫武器,火,火之,流云剑,流云剑,human_robot_icon_atlas_0,42701004,42701040,900000016
501011037,42751037,0,0,5,1,1,迷宫武器,火,火之,流云剑,流云剑,human_robot_icon_atlas_0,42701004,42701040,900000016
501011038,42751038,0,0,5,1,1,迷宫武器,火,火之,流云剑,流云剑,human_robot_icon_atlas_0,42701004,42701040,900000016
501011039,42751039,0,0,5,1,1,迷宫武器,火,火之,流云剑,流云剑,human_robot_icon_atlas_0,42701004,42701040,900000016
501011040,42751040,0,0,5,1,1,迷宫武器,火,火之,流云剑,流云剑,human_robot_icon_atlas_0,42701004,42701040,900000016
501011041,42751041,0,0,5,1,1,迷宫武器,火,火之,飞虹剑,飞虹剑,human_robot_icon_atlas_0,42701004,42701050,900000016
501011042,42751042,0,0,5,1,1,迷宫武器,火,火之,飞虹剑,飞虹剑,human_robot_icon_atlas_0,42701004,42701050,900000016
501011043,42751043,0,0,5,1,1,迷宫武器,火,火之,飞虹剑,飞虹剑,human_robot_icon_atlas_0,42701004,42701050,900000016
501011044,42751044,0,0,5,1,1,迷宫武器,火,火之,飞虹剑,飞虹剑,human_robot_icon_atlas_0,42701004,42701050,900000016
501011045,42751045,0,0,5,1,1,迷宫武器,火,火之,飞虹剑,飞虹剑,human_robot_icon_atlas_0,42701004,42701050,900000016
501011046,42751046,0,0,5,1,1,迷宫武器,火,火之,飞虹剑,飞虹剑,human_robot_icon_atlas_0,42701004,42701050,900000016
501011047,42751047,0,0,5,1,1,迷宫武器,火,火之,飞虹剑,飞虹剑,human_robot_icon_atlas_0,42701004,42701050,900000016
501011048,42751048,0,0,5,1,1,迷宫武器,火,火之,飞虹剑,飞虹剑,human_robot_icon_atlas_0,42701004,42701050,900000016
501011049,42751049,0,0,5,1,1,迷宫武器,火,火之,飞虹剑,飞虹剑,human_robot_icon_atlas_0,42701004,42701050,900000016
501011050,42751050,0,0,5,1,1,迷宫武器,火,火之,飞虹剑,飞虹剑,human_robot_icon_atlas_0,42701004,42701050,900000016
501011051,42751051,0,0,5,1,1,迷宫武器,火,火之,紫金剑,紫金剑,human_robot_icon_atlas_0,42701004,42701060,900000016
501011052,42751052,0,0,5,1,1,迷宫武器,火,火之,紫金剑,紫金剑,human_robot_icon_atlas_0,42701004,42701060,900000016
501011053,42751053,0,0,5,1,1,迷宫武器,火,火之,紫金剑,紫金剑,human_robot_icon_atlas_0,42701004,42701060,900000016
501011054,42751054,0,0,5,1,1,迷宫武器,火,火之,紫金剑,紫金剑,human_robot_icon_atlas_0,42701004,42701060,900000016
501011055,42751055,0,0,5,1,1,迷宫武器,火,火之,紫金剑,紫金剑,human_robot_icon_atlas_0,42701004,42701060,900000016
501011056,42751056,0,0,5,1,1,迷宫武器,火,火之,紫金剑,紫金剑,human_robot_icon_atlas_0,42701004,42701060,900000016
501011057,42751057,0,0,5,1,1,迷宫武器,火,火之,紫金剑,紫金剑,human_robot_icon_atlas_0,42701004,42701060,900000016
501011058,42751058,0,0,5,1,1,迷宫武器,火,火之,紫金剑,紫金剑,human_robot_icon_atlas_0,42701004,42701060,900000016
501011059,42751059,0,0,5,1,1,迷宫武器,火,火之,紫金剑,紫金剑,human_robot_icon_atlas_0,42701004,42701060,900000016
501011060,42751060,0,0,5,1,1,迷宫武器,火,火之,紫金剑,紫金剑,human_robot_icon_atlas_0,42701004,42701060,900000016
501011061,42751061,0,0,5,1,1,迷宫武器,火,火之,巨阙剑,巨阙剑,human_robot_icon_atlas_0,42701004,42701070,900000016
501011062,42751062,0,0,5,1,1,迷宫武器,火,火之,巨阙剑,巨阙剑,human_robot_icon_atlas_0,42701004,42701070,900000016
501011063,42751063,0,0,5,1,1,迷宫武器,火,火之,巨阙剑,巨阙剑,human_robot_icon_atlas_0,42701004,42701070,900000016
501011064,42751064,0,0,5,1,1,迷宫武器,火,火之,巨阙剑,巨阙剑,human_robot_icon_atlas_0,42701004,42701070,900000016
501011065,42751065,0,0,5,1,1,迷宫武器,火,火之,巨阙剑,巨阙剑,human_robot_icon_atlas_0,42701004,42701070,900000016
501011066,42751066,0,0,5,1,1,迷宫武器,火,火之,巨阙剑,巨阙剑,human_robot_icon_atlas_0,42701004,42701070,900000016
501011067,42751067,0,0,5,1,1,迷宫武器,火,火之,巨阙剑,巨阙剑,human_robot_icon_atlas_0,42701004,42701070,900000016
501011068,42751068,0,0,5,1,1,迷宫武器,火,火之,巨阙剑,巨阙剑,human_robot_icon_atlas_0,42701004,42701070,900000016
501011069,42751069,0,0,5,1,1,迷宫武器,火,火之,巨阙剑,巨阙剑,human_robot_icon_atlas_0,42701004,42701070,900000016
501011070,42751070,0,0,5,1,1,迷宫武器,火,火之,巨阙剑,巨阙剑,human_robot_icon_atlas_0,42701004,42701070,900000016
501011071,42751071,0,0,5,1,1,迷宫武器,火,火之,天罡剑,天罡剑,human_robot_icon_atlas_0,42701004,42701080,900000016
501011072,42751072,0,0,5,1,1,迷宫武器,火,火之,天罡剑,天罡剑,human_robot_icon_atlas_0,42701004,42701080,900000016
501011073,42751073,0,0,5,1,1,迷宫武器,火,火之,天罡剑,天罡剑,human_robot_icon_atlas_0,42701004,42701080,900000016
501011074,42751074,0,0,5,1,1,迷宫武器,火,火之,天罡剑,天罡剑,human_robot_icon_atlas_0,42701004,42701080,900000016
501011075,42751075,0,0,5,1,1,迷宫武器,火,火之,天罡剑,天罡剑,human_robot_icon_atlas_0,42701004,42701080,900000016
501011076,42751076,0,0,5,1,1,迷宫武器,火,火之,天罡剑,天罡剑,human_robot_icon_atlas_0,42701004,42701080,900000016
501011077,42751077,0,0,5,1,1,迷宫武器,火,火之,天罡剑,天罡剑,human_robot_icon_atlas_0,42701004,42701080,900000016
501011078,42751078,0,0,5,1,1,迷宫武器,火,火之,天罡剑,天罡剑,human_robot_icon_atlas_0,42701004,42701080,900000016
501011079,42751079,0,0,5,1,1,迷宫武器,火,火之,天罡剑,天罡剑,human_robot_icon_atlas_0,42701004,42701080,900000016
501011080,42751080,0,0,5,1,1,迷宫武器,火,火之,天罡剑,天罡剑,human_robot_icon_atlas_0,42701004,42701080,900000016
501011081,42751081,0,0,5,1,1,迷宫武器,火,火之,雷荧剑,雷荧剑,human_robot_icon_atlas_0,42701004,42701090,900000016
501011082,42751082,0,0,5,1,1,迷宫武器,火,火之,雷荧剑,雷荧剑,human_robot_icon_atlas_0,42701004,42701090,900000016
501011083,42751083,0,0,5,1,1,迷宫武器,火,火之,雷荧剑,雷荧剑,human_robot_icon_atlas_0,42701004,42701090,900000016
501011084,42751084,0,0,5,1,1,迷宫武器,火,火之,雷荧剑,雷荧剑,human_robot_icon_atlas_0,42701004,42701090,900000016
501011085,42751085,0,0,5,1,1,迷宫武器,火,火之,雷荧剑,雷荧剑,human_robot_icon_atlas_0,42701004,42701090,900000016
501011086,42751086,0,0,5,1,1,迷宫武器,火,火之,雷荧剑,雷荧剑,human_robot_icon_atlas_0,42701004,42701090,900000016
501011087,42751087,0,0,5,1,1,迷宫武器,火,火之,雷荧剑,雷荧剑,human_robot_icon_atlas_0,42701004,42701090,900000016
501011088,42751088,0,0,5,1,1,迷宫武器,火,火之,雷荧剑,雷荧剑,human_robot_icon_atlas_0,42701004,42701090,900000016
501011089,42751089,0,0,5,1,1,迷宫武器,火,火之,雷荧剑,雷荧剑,human_robot_icon_atlas_0,42701004,42701090,900000016
501011090,42751090,0,0,5,1,1,迷宫武器,火,火之,雷荧剑,雷荧剑,human_robot_icon_atlas_0,42701004,42701090,900000016
501011091,42751091,0,0,5,1,1,迷宫武器,火,火之,狮吼剑,狮吼剑,human_robot_icon_atlas_0,42701004,42701100,900000016
501011092,42751092,0,0,5,1,1,迷宫武器,火,火之,狮吼剑,狮吼剑,human_robot_icon_atlas_0,42701004,42701100,900000016
501011093,42751093,0,0,5,1,1,迷宫武器,火,火之,狮吼剑,狮吼剑,human_robot_icon_atlas_0,42701004,42701100,900000016
501011094,42751094,0,0,5,1,1,迷宫武器,火,火之,狮吼剑,狮吼剑,human_robot_icon_atlas_0,42701004,42701100,900000016
501011095,42751095,0,0,5,1,1,迷宫武器,火,火之,狮吼剑,狮吼剑,human_robot_icon_atlas_0,42701004,42701100,900000016
501011096,42751096,0,0,5,1,1,迷宫武器,火,火之,狮吼剑,狮吼剑,human_robot_icon_atlas_0,42701004,42701100,900000016
501011097,42751097,0,0,5,1,1,迷宫武器,火,火之,狮吼剑,狮吼剑,human_robot_icon_atlas_0,42701004,42701100,900000016
501011098,42751098,0,0,5,1,1,迷宫武器,火,火之,狮吼剑,狮吼剑,human_robot_icon_atlas_0,42701004,42701100,900000016
501011099,42751099,0,0,5,1,1,迷宫武器,火,火之,狮吼剑,狮吼剑,human_robot_icon_atlas_0,42701004,42701100,900000016
501011100,42751100,0,0,5,1,1,迷宫武器,火,火之,狮吼剑,狮吼剑,human_robot_icon_atlas_0,42701004,42701100,900000016
501011101,42751101,0,0,5,1,1,迷宫武器,火,火之,灵蛇剑,灵蛇剑,human_robot_icon_atlas_0,42701004,42701110,900000016
501011102,42751102,0,0,5,1,1,迷宫武器,火,火之,灵蛇剑,灵蛇剑,human_robot_icon_atlas_0,42701004,42701110,900000016
501011103,42751103,0,0,5,1,1,迷宫武器,火,火之,灵蛇剑,灵蛇剑,human_robot_icon_atlas_0,42701004,42701110,900000016
501011104,42751104,0,0,5,1,1,迷宫武器,火,火之,灵蛇剑,灵蛇剑,human_robot_icon_atlas_0,42701004,42701110,900000016
501011105,42751105,0,0,5,1,1,迷宫武器,火,火之,灵蛇剑,灵蛇剑,human_robot_icon_atlas_0,42701004,42701110,900000016
501011106,42751106,0,0,5,1,1,迷宫武器,火,火之,灵蛇剑,灵蛇剑,human_robot_icon_atlas_0,42701004,42701110,900000016
501011107,42751107,0,0,5,1,1,迷宫武器,火,火之,灵蛇剑,灵蛇剑,human_robot_icon_atlas_0,42701004,42701110,900000016
501011108,42751108,0,0,5,1,1,迷宫武器,火,火之,灵蛇剑,灵蛇剑,human_robot_icon_atlas_0,42701004,42701110,900000016
501011109,42751109,0,0,5,1,1,迷宫武器,火,火之,灵蛇剑,灵蛇剑,human_robot_icon_atlas_0,42701004,42701110,900000016
501011110,42751110,0,0,5,1,1,迷宫武器,火,火之,灵蛇剑,灵蛇剑,human_robot_icon_atlas_0,42701004,42701110,900000016
501011111,42751111,0,0,5,1,1,迷宫武器,火,火之,朱雀灵剑,朱雀灵剑,human_robot_icon_atlas_0,42701004,42701120,900000016
501011112,42751112,0,0,5,1,1,迷宫武器,火,火之,朱雀灵剑,朱雀灵剑,human_robot_icon_atlas_0,42701004,42701120,900000016
501011113,42751113,0,0,5,1,1,迷宫武器,火,火之,朱雀灵剑,朱雀灵剑,human_robot_icon_atlas_0,42701004,42701120,900000016
501011114,42751114,0,0,5,1,1,迷宫武器,火,火之,朱雀灵剑,朱雀灵剑,human_robot_icon_atlas_0,42701004,42701120,900000016
501011115,42751115,0,0,5,1,1,迷宫武器,火,火之,朱雀灵剑,朱雀灵剑,human_robot_icon_atlas_0,42701004,42701120,900000016
501011116,42751116,0,0,5,1,1,迷宫武器,火,火之,朱雀灵剑,朱雀灵剑,human_robot_icon_atlas_0,42701004,42701120,900000016
501011117,42751117,0,0,5,1,1,迷宫武器,火,火之,朱雀灵剑,朱雀灵剑,human_robot_icon_atlas_0,42701004,42701120,900000016
501011118,42751118,0,0,5,1,1,迷宫武器,火,火之,朱雀灵剑,朱雀灵剑,human_robot_icon_atlas_0,42701004,42701120,900000016
501011119,42751119,0,0,5,1,1,迷宫武器,火,火之,朱雀灵剑,朱雀灵剑,human_robot_icon_atlas_0,42701004,42701120,900000016
501011120,42751120,0,0,5,1,1,迷宫武器,火,火之,朱雀灵剑,朱雀灵剑,human_robot_icon_atlas_0,42701004,42701120,900000016
501011121,42751121,0,0,5,1,1,迷宫武器,火,火之,龙形古剑,龙形古剑,human_robot_icon_atlas_0,42701004,42701130,900000016
501011122,42751122,0,0,5,1,1,迷宫武器,火,火之,龙形古剑,龙形古剑,human_robot_icon_atlas_0,42701004,42701130,900000016
501011123,42751123,0,0,5,1,1,迷宫武器,火,火之,龙形古剑,龙形古剑,human_robot_icon_atlas_0,42701004,42701130,900000016
501011124,42751124,0,0,5,1,1,迷宫武器,火,火之,龙形古剑,龙形古剑,human_robot_icon_atlas_0,42701004,42701130,900000016
501011125,42751125,0,0,5,1,1,迷宫武器,火,火之,龙形古剑,龙形古剑,human_robot_icon_atlas_0,42701004,42701130,900000016
501011126,42751126,0,0,5,1,1,迷宫武器,火,火之,龙形古剑,龙形古剑,human_robot_icon_atlas_0,42701004,42701130,900000016
501011127,42751127,0,0,5,1,1,迷宫武器,火,火之,龙形古剑,龙形古剑,human_robot_icon_atlas_0,42701004,42701130,900000016
501011128,42751128,0,0,5,1,1,迷宫武器,火,火之,龙形古剑,龙形古剑,human_robot_icon_atlas_0,42701004,42701130,900000016
501011129,42751129,0,0,5,1,1,迷宫武器,火,火之,龙形古剑,龙形古剑,human_robot_icon_atlas_0,42701004,42701130,900000016
501011130,42751130,0,0,5,1,1,迷宫武器,火,火之,龙形古剑,龙形古剑,human_robot_icon_atlas_0,42701004,42701130,900000016
501011131,42751131,0,0,5,1,1,迷宫武器,火,火之,龙王古剑,龙王古剑,human_robot_icon_atlas_0,42701004,42701140,900000016
501011132,42751132,0,0,5,1,1,迷宫武器,火,火之,龙王古剑,龙王古剑,human_robot_icon_atlas_0,42701004,42701140,900000016
501011133,42751133,0,0,5,1,1,迷宫武器,火,火之,龙王古剑,龙王古剑,human_robot_icon_atlas_0,42701004,42701140,900000016
501011134,42751134,0,0,5,1,1,迷宫武器,火,火之,龙王古剑,龙王古剑,human_robot_icon_atlas_0,42701004,42701140,900000016
501011135,42751135,0,0,5,1,1,迷宫武器,火,火之,龙王古剑,龙王古剑,human_robot_icon_atlas_0,42701004,42701140,900000016
501011136,42751136,0,0,5,1,1,迷宫武器,火,火之,龙王古剑,龙王古剑,human_robot_icon_atlas_0,42701004,42701140,900000016
501011137,42751137,0,0,5,1,1,迷宫武器,火,火之,龙王古剑,龙王古剑,human_robot_icon_atlas_0,42701004,42701140,900000016
501011138,42751138,0,0,5,1,1,迷宫武器,火,火之,龙王古剑,龙王古剑,human_robot_icon_atlas_0,42701004,42701140,900000016
501011139,42751139,0,0,5,1,1,迷宫武器,火,火之,龙王古剑,龙王古剑,human_robot_icon_atlas_0,42701004,42701140,900000016
501011140,42751140,0,0,5,1,1,迷宫武器,火,火之,龙王古剑,龙王古剑,human_robot_icon_atlas_0,42701004,42701140,900000016
501011141,42751141,0,0,5,1,1,迷宫武器,火,火之,龙皇古剑,龙皇古剑,human_robot_icon_atlas_0,42701004,42701150,900000016
501011142,42751142,0,0,5,1,1,迷宫武器,火,火之,龙皇古剑,龙皇古剑,human_robot_icon_atlas_0,42701004,42701150,900000016
501011143,42751143,0,0,5,1,1,迷宫武器,火,火之,龙皇古剑,龙皇古剑,human_robot_icon_atlas_0,42701004,42701150,900000016
501011144,42751144,0,0,5,1,1,迷宫武器,火,火之,龙皇古剑,龙皇古剑,human_robot_icon_atlas_0,42701004,42701150,900000016
501011145,42751145,0,0,5,1,1,迷宫武器,火,火之,龙皇古剑,龙皇古剑,human_robot_icon_atlas_0,42701004,42701150,900000016
501011146,42751146,0,0,5,1,1,迷宫武器,火,火之,龙皇古剑,龙皇古剑,human_robot_icon_atlas_0,42701004,42701150,900000016
501011147,42751147,0,0,5,1,1,迷宫武器,火,火之,龙皇古剑,龙皇古剑,human_robot_icon_atlas_0,42701004,42701150,900000016
501011148,42751148,0,0,5,1,1,迷宫武器,火,火之,龙皇古剑,龙皇古剑,human_robot_icon_atlas_0,42701004,42701150,900000016
501011149,42751149,0,0,5,1,1,迷宫武器,火,火之,龙皇古剑,龙皇古剑,human_robot_icon_atlas_0,42701004,42701150,900000016
501011150,42751150,0,0,5,1,1,迷宫武器,火,火之,龙皇古剑,龙皇古剑,human_robot_icon_atlas_0,42701004,42701150,900000016
501011151,42751151,0,0,5,1,1,迷宫武器,火,火之,龙神古剑,龙神古剑,human_robot_icon_atlas_0,42701004,42701160,900000016
501011152,42751152,0,0,5,1,1,迷宫武器,火,火之,龙神古剑,龙神古剑,human_robot_icon_atlas_0,42701004,42701160,900000016
501011153,42751153,0,0,5,1,1,迷宫武器,火,火之,龙神古剑,龙神古剑,human_robot_icon_atlas_0,42701004,42701160,900000016
501011154,42751154,0,0,5,1,1,迷宫武器,火,火之,龙神古剑,龙神古剑,human_robot_icon_atlas_0,42701004,42701160,900000016
501011155,42751155,0,0,5,1,1,迷宫武器,火,火之,龙神古剑,龙神古剑,human_robot_icon_atlas_0,42701004,42701160,900000016
501011156,42751156,0,0,5,1,1,迷宫武器,火,火之,龙神古剑,龙神古剑,human_robot_icon_atlas_0,42701004,42701160,900000016
501011157,42751157,0,0,5,1,1,迷宫武器,火,火之,龙神古剑,龙神古剑,human_robot_icon_atlas_0,42701004,42701160,900000016
501011158,42751158,0,0,5,1,1,迷宫武器,火,火之,龙神古剑,龙神古剑,human_robot_icon_atlas_0,42701004,42701160,900000016
501011159,42751159,0,0,5,1,1,迷宫武器,火,火之,龙神古剑,龙神古剑,human_robot_icon_atlas_0,42701004,42701160,900000016
501011160,42751160,0,0,5,1,1,迷宫武器,火,火之,龙神古剑,龙神古剑,human_robot_icon_atlas_0,42701004,42701160,900000016
601011001,42761001,0,0,6,1,1,迷宫武器,火,火之,木剑,铁剑,human_robot_icon_atlas_0,42701001,42701010,900000011
601011002,42761002,0,0,6,1,1,迷宫武器,火,火之,木剑,青钢剑,human_robot_icon_atlas_0,42701002,42701010,900000011
601011003,42761003,0,0,6,1,1,迷宫武器,火,火之,木剑,流云剑,human_robot_icon_atlas_0,42701003,42701010,900000012
601011004,42761004,0,0,6,1,1,迷宫武器,火,火之,木剑,飞虹剑,human_robot_icon_atlas_0,42701004,42701010,900000012
601011005,42761005,0,0,6,1,1,迷宫武器,火,火之,木剑,飞虹剑,human_robot_icon_atlas_0,42701004,42701010,900000013
601011006,42761006,0,0,6,1,1,迷宫武器,火,火之,木剑,飞虹剑,human_robot_icon_atlas_0,42701004,42701010,900000013
601011007,42761007,0,0,6,1,1,迷宫武器,火,火之,木剑,飞虹剑,human_robot_icon_atlas_0,42701004,42701010,900000014
601011008,42761008,0,0,6,1,1,迷宫武器,火,火之,木剑,飞虹剑,human_robot_icon_atlas_0,42701004,42701010,900000014
601011009,42761009,0,0,6,1,1,迷宫武器,火,火之,木剑,飞虹剑,human_robot_icon_atlas_0,42701004,42701010,900000015
601011010,42761010,0,0,6,1,1,迷宫武器,火,火之,木剑,飞虹剑,human_robot_icon_atlas_0,42701004,42701010,900000016
601011011,42761011,0,0,6,1,1,迷宫武器,火,火之,铁剑,铁剑,human_robot_icon_atlas_0,42701004,42701020,900000016
601011012,42761012,0,0,6,1,1,迷宫武器,火,火之,铁剑,铁剑,human_robot_icon_atlas_0,42701004,42701020,900000016
601011013,42761013,0,0,6,1,1,迷宫武器,火,火之,铁剑,铁剑,human_robot_icon_atlas_0,42701004,42701020,900000016
601011014,42761014,0,0,6,1,1,迷宫武器,火,火之,铁剑,铁剑,human_robot_icon_atlas_0,42701004,42701020,900000016
601011015,42761015,0,0,6,1,1,迷宫武器,火,火之,铁剑,铁剑,human_robot_icon_atlas_0,42701004,42701020,900000016
601011016,42761016,0,0,6,1,1,迷宫武器,火,火之,铁剑,铁剑,human_robot_icon_atlas_0,42701004,42701020,900000016
601011017,42761017,0,0,6,1,1,迷宫武器,火,火之,铁剑,铁剑,human_robot_icon_atlas_0,42701004,42701020,900000016
601011018,42761018,0,0,6,1,1,迷宫武器,火,火之,铁剑,铁剑,human_robot_icon_atlas_0,42701004,42701020,900000016
601011019,42761019,0,0,6,1,1,迷宫武器,火,火之,铁剑,铁剑,human_robot_icon_atlas_0,42701004,42701020,900000016
601011020,42761020,0,0,6,1,1,迷宫武器,火,火之,铁剑,铁剑,human_robot_icon_atlas_0,42701004,42701020,900000016
601011021,42761021,0,0,6,1,1,迷宫武器,火,火之,青钢剑,青钢剑,human_robot_icon_atlas_0,42701004,42701030,900000016
601011022,42761022,0,0,6,1,1,迷宫武器,火,火之,青钢剑,青钢剑,human_robot_icon_atlas_0,42701004,42701030,900000016
601011023,42761023,0,0,6,1,1,迷宫武器,火,火之,青钢剑,青钢剑,human_robot_icon_atlas_0,42701004,42701030,900000016
601011024,42761024,0,0,6,1,1,迷宫武器,火,火之,青钢剑,青钢剑,human_robot_icon_atlas_0,42701004,42701030,900000016
601011025,42761025,0,0,6,1,1,迷宫武器,火,火之,青钢剑,青钢剑,human_robot_icon_atlas_0,42701004,42701030,900000016
601011026,42761026,0,0,6,1,1,迷宫武器,火,火之,青钢剑,青钢剑,human_robot_icon_atlas_0,42701004,42701030,900000016
601011027,42761027,0,0,6,1,1,迷宫武器,火,火之,青钢剑,青钢剑,human_robot_icon_atlas_0,42701004,42701030,900000016
601011028,42761028,0,0,6,1,1,迷宫武器,火,火之,青钢剑,青钢剑,human_robot_icon_atlas_0,42701004,42701030,900000016
601011029,42761029,0,0,6,1,1,迷宫武器,火,火之,青钢剑,青钢剑,human_robot_icon_atlas_0,42701004,42701030,900000016
601011030,42761030,0,0,6,1,1,迷宫武器,火,火之,青钢剑,青钢剑,human_robot_icon_atlas_0,42701004,42701030,900000016
601011031,42761031,0,0,6,1,1,迷宫武器,火,火之,流云剑,流云剑,human_robot_icon_atlas_0,42701004,42701040,900000016
601011032,42761032,0,0,6,1,1,迷宫武器,火,火之,流云剑,流云剑,human_robot_icon_atlas_0,42701004,42701040,900000016
601011033,42761033,0,0,6,1,1,迷宫武器,火,火之,流云剑,流云剑,human_robot_icon_atlas_0,42701004,42701040,900000016
601011034,42761034,0,0,6,1,1,迷宫武器,火,火之,流云剑,流云剑,human_robot_icon_atlas_0,42701004,42701040,900000016
601011035,42761035,0,0,6,1,1,迷宫武器,火,火之,流云剑,流云剑,human_robot_icon_atlas_0,42701004,42701040,900000016
601011036,42761036,0,0,6,1,1,迷宫武器,火,火之,流云剑,流云剑,human_robot_icon_atlas_0,42701004,42701040,900000016
601011037,42761037,0,0,6,1,1,迷宫武器,火,火之,流云剑,流云剑,human_robot_icon_atlas_0,42701004,42701040,900000016
601011038,42761038,0,0,6,1,1,迷宫武器,火,火之,流云剑,流云剑,human_robot_icon_atlas_0,42701004,42701040,900000016
601011039,42761039,0,0,6,1,1,迷宫武器,火,火之,流云剑,流云剑,human_robot_icon_atlas_0,42701004,42701040,900000016
601011040,42761040,0,0,6,1,1,迷宫武器,火,火之,流云剑,流云剑,human_robot_icon_atlas_0,42701004,42701040,900000016
601011041,42761041,0,0,6,1,1,迷宫武器,火,火之,飞虹剑,飞虹剑,human_robot_icon_atlas_0,42701004,42701050,900000016
601011042,42761042,0,0,6,1,1,迷宫武器,火,火之,飞虹剑,飞虹剑,human_robot_icon_atlas_0,42701004,42701050,900000016
601011043,42761043,0,0,6,1,1,迷宫武器,火,火之,飞虹剑,飞虹剑,human_robot_icon_atlas_0,42701004,42701050,900000016
601011044,42761044,0,0,6,1,1,迷宫武器,火,火之,飞虹剑,飞虹剑,human_robot_icon_atlas_0,42701004,42701050,900000016
601011045,42761045,0,0,6,1,1,迷宫武器,火,火之,飞虹剑,飞虹剑,human_robot_icon_atlas_0,42701004,42701050,900000016
601011046,42761046,0,0,6,1,1,迷宫武器,火,火之,飞虹剑,飞虹剑,human_robot_icon_atlas_0,42701004,42701050,900000016
601011047,42761047,0,0,6,1,1,迷宫武器,火,火之,飞虹剑,飞虹剑,human_robot_icon_atlas_0,42701004,42701050,900000016
601011048,42761048,0,0,6,1,1,迷宫武器,火,火之,飞虹剑,飞虹剑,human_robot_icon_atlas_0,42701004,42701050,900000016
601011049,42761049,0,0,6,1,1,迷宫武器,火,火之,飞虹剑,飞虹剑,human_robot_icon_atlas_0,42701004,42701050,900000016
601011050,42761050,0,0,6,1,1,迷宫武器,火,火之,飞虹剑,飞虹剑,human_robot_icon_atlas_0,42701004,42701050,900000016
601011051,42761051,0,0,6,1,1,迷宫武器,火,火之,紫金剑,紫金剑,human_robot_icon_atlas_0,42701004,42701060,900000016
601011052,42761052,0,0,6,1,1,迷宫武器,火,火之,紫金剑,紫金剑,human_robot_icon_atlas_0,42701004,42701060,900000016
601011053,42761053,0,0,6,1,1,迷宫武器,火,火之,紫金剑,紫金剑,human_robot_icon_atlas_0,42701004,42701060,900000016
601011054,42761054,0,0,6,1,1,迷宫武器,火,火之,紫金剑,紫金剑,human_robot_icon_atlas_0,42701004,42701060,900000016
601011055,42761055,0,0,6,1,1,迷宫武器,火,火之,紫金剑,紫金剑,human_robot_icon_atlas_0,42701004,42701060,900000016
601011056,42761056,0,0,6,1,1,迷宫武器,火,火之,紫金剑,紫金剑,human_robot_icon_atlas_0,42701004,42701060,900000016
601011057,42761057,0,0,6,1,1,迷宫武器,火,火之,紫金剑,紫金剑,human_robot_icon_atlas_0,42701004,42701060,900000016
601011058,42761058,0,0,6,1,1,迷宫武器,火,火之,紫金剑,紫金剑,human_robot_icon_atlas_0,42701004,42701060,900000016
601011059,42761059,0,0,6,1,1,迷宫武器,火,火之,紫金剑,紫金剑,human_robot_icon_atlas_0,42701004,42701060,900000016
601011060,42761060,0,0,6,1,1,迷宫武器,火,火之,紫金剑,紫金剑,human_robot_icon_atlas_0,42701004,42701060,900000016
601011061,42761061,0,0,6,1,1,迷宫武器,火,火之,巨阙剑,巨阙剑,human_robot_icon_atlas_0,42701004,42701070,900000016
601011062,42761062,0,0,6,1,1,迷宫武器,火,火之,巨阙剑,巨阙剑,human_robot_icon_atlas_0,42701004,42701070,900000016
601011063,42761063,0,0,6,1,1,迷宫武器,火,火之,巨阙剑,巨阙剑,human_robot_icon_atlas_0,42701004,42701070,900000016
601011064,42761064,0,0,6,1,1,迷宫武器,火,火之,巨阙剑,巨阙剑,human_robot_icon_atlas_0,42701004,42701070,900000016
601011065,42761065,0,0,6,1,1,迷宫武器,火,火之,巨阙剑,巨阙剑,human_robot_icon_atlas_0,42701004,42701070,900000016
601011066,42761066,0,0,6,1,1,迷宫武器,火,火之,巨阙剑,巨阙剑,human_robot_icon_atlas_0,42701004,42701070,900000016
601011067,42761067,0,0,6,1,1,迷宫武器,火,火之,巨阙剑,巨阙剑,human_robot_icon_atlas_0,42701004,42701070,900000016
601011068,42761068,0,0,6,1,1,迷宫武器,火,火之,巨阙剑,巨阙剑,human_robot_icon_atlas_0,42701004,42701070,900000016
601011069,42761069,0,0,6,1,1,迷宫武器,火,火之,巨阙剑,巨阙剑,human_robot_icon_atlas_0,42701004,42701070,900000016
601011070,42761070,0,0,6,1,1,迷宫武器,火,火之,巨阙剑,巨阙剑,human_robot_icon_atlas_0,42701004,42701070,900000016
601011071,42761071,0,0,6,1,1,迷宫武器,火,火之,天罡剑,天罡剑,human_robot_icon_atlas_0,42701004,42701080,900000016
601011072,42761072,0,0,6,1,1,迷宫武器,火,火之,天罡剑,天罡剑,human_robot_icon_atlas_0,42701004,42701080,900000016
601011073,42761073,0,0,6,1,1,迷宫武器,火,火之,天罡剑,天罡剑,human_robot_icon_atlas_0,42701004,42701080,900000016
601011074,42761074,0,0,6,1,1,迷宫武器,火,火之,天罡剑,天罡剑,human_robot_icon_atlas_0,42701004,42701080,900000016
601011075,42761075,0,0,6,1,1,迷宫武器,火,火之,天罡剑,天罡剑,human_robot_icon_atlas_0,42701004,42701080,900000016
601011076,42761076,0,0,6,1,1,迷宫武器,火,火之,天罡剑,天罡剑,human_robot_icon_atlas_0,42701004,42701080,900000016
601011077,42761077,0,0,6,1,1,迷宫武器,火,火之,天罡剑,天罡剑,human_robot_icon_atlas_0,42701004,42701080,900000016
601011078,42761078,0,0,6,1,1,迷宫武器,火,火之,天罡剑,天罡剑,human_robot_icon_atlas_0,42701004,42701080,900000016
601011079,42761079,0,0,6,1,1,迷宫武器,火,火之,天罡剑,天罡剑,human_robot_icon_atlas_0,42701004,42701080,900000016
601011080,42761080,0,0,6,1,1,迷宫武器,火,火之,天罡剑,天罡剑,human_robot_icon_atlas_0,42701004,42701080,900000016
601011081,42761081,0,0,6,1,1,迷宫武器,火,火之,雷荧剑,雷荧剑,human_robot_icon_atlas_0,42701004,42701090,900000016
601011082,42761082,0,0,6,1,1,迷宫武器,火,火之,雷荧剑,雷荧剑,human_robot_icon_atlas_0,42701004,42701090,900000016
601011083,42761083,0,0,6,1,1,迷宫武器,火,火之,雷荧剑,雷荧剑,human_robot_icon_atlas_0,42701004,42701090,900000016
601011084,42761084,0,0,6,1,1,迷宫武器,火,火之,雷荧剑,雷荧剑,human_robot_icon_atlas_0,42701004,42701090,900000016
601011085,42761085,0,0,6,1,1,迷宫武器,火,火之,雷荧剑,雷荧剑,human_robot_icon_atlas_0,42701004,42701090,900000016
601011086,42761086,0,0,6,1,1,迷宫武器,火,火之,雷荧剑,雷荧剑,human_robot_icon_atlas_0,42701004,42701090,900000016
601011087,42761087,0,0,6,1,1,迷宫武器,火,火之,雷荧剑,雷荧剑,human_robot_icon_atlas_0,42701004,42701090,900000016
601011088,42761088,0,0,6,1,1,迷宫武器,火,火之,雷荧剑,雷荧剑,human_robot_icon_atlas_0,42701004,42701090,900000016
601011089,42761089,0,0,6,1,1,迷宫武器,火,火之,雷荧剑,雷荧剑,human_robot_icon_atlas_0,42701004,42701090,900000016
601011090,42761090,0,0,6,1,1,迷宫武器,火,火之,雷荧剑,雷荧剑,human_robot_icon_atlas_0,42701004,42701090,900000016
601011091,42761091,0,0,6,1,1,迷宫武器,火,火之,狮吼剑,狮吼剑,human_robot_icon_atlas_0,42701004,42701100,900000016
601011092,42761092,0,0,6,1,1,迷宫武器,火,火之,狮吼剑,狮吼剑,human_robot_icon_atlas_0,42701004,42701100,900000016
601011093,42761093,0,0,6,1,1,迷宫武器,火,火之,狮吼剑,狮吼剑,human_robot_icon_atlas_0,42701004,42701100,900000016
601011094,42761094,0,0,6,1,1,迷宫武器,火,火之,狮吼剑,狮吼剑,human_robot_icon_atlas_0,42701004,42701100,900000016
601011095,42761095,0,0,6,1,1,迷宫武器,火,火之,狮吼剑,狮吼剑,human_robot_icon_atlas_0,42701004,42701100,900000016
601011096,42761096,0,0,6,1,1,迷宫武器,火,火之,狮吼剑,狮吼剑,human_robot_icon_atlas_0,42701004,42701100,900000016
601011097,42761097,0,0,6,1,1,迷宫武器,火,火之,狮吼剑,狮吼剑,human_robot_icon_atlas_0,42701004,42701100,900000016
601011098,42761098,0,0,6,1,1,迷宫武器,火,火之,狮吼剑,狮吼剑,human_robot_icon_atlas_0,42701004,42701100,900000016
601011099,42761099,0,0,6,1,1,迷宫武器,火,火之,狮吼剑,狮吼剑,human_robot_icon_atlas_0,42701004,42701100,900000016
601011100,42761100,0,0,6,1,1,迷宫武器,火,火之,狮吼剑,狮吼剑,human_robot_icon_atlas_0,42701004,42701100,900000016
601011101,42761101,0,0,6,1,1,迷宫武器,火,火之,灵蛇剑,灵蛇剑,human_robot_icon_atlas_0,42701004,42701110,900000016
601011102,42761102,0,0,6,1,1,迷宫武器,火,火之,灵蛇剑,灵蛇剑,human_robot_icon_atlas_0,42701004,42701110,900000016
601011103,42761103,0,0,6,1,1,迷宫武器,火,火之,灵蛇剑,灵蛇剑,human_robot_icon_atlas_0,42701004,42701110,900000016
601011104,42761104,0,0,6,1,1,迷宫武器,火,火之,灵蛇剑,灵蛇剑,human_robot_icon_atlas_0,42701004,42701110,900000016
601011105,42761105,0,0,6,1,1,迷宫武器,火,火之,灵蛇剑,灵蛇剑,human_robot_icon_atlas_0,42701004,42701110,900000016
601011106,42761106,0,0,6,1,1,迷宫武器,火,火之,灵蛇剑,灵蛇剑,human_robot_icon_atlas_0,42701004,42701110,900000016
601011107,42761107,0,0,6,1,1,迷宫武器,火,火之,灵蛇剑,灵蛇剑,human_robot_icon_atlas_0,42701004,42701110,900000016
601011108,42761108,0,0,6,1,1,迷宫武器,火,火之,灵蛇剑,灵蛇剑,human_robot_icon_atlas_0,42701004,42701110,900000016
601011109,42761109,0,0,6,1,1,迷宫武器,火,火之,灵蛇剑,灵蛇剑,human_robot_icon_atlas_0,42701004,42701110,900000016
601011110,42761110,0,0,6,1,1,迷宫武器,火,火之,灵蛇剑,灵蛇剑,human_robot_icon_atlas_0,42701004,42701110,900000016
601011111,42761111,0,0,6,1,1,迷宫武器,火,火之,朱雀灵剑,朱雀灵剑,human_robot_icon_atlas_0,42701004,42701120,900000016
601011112,42761112,0,0,6,1,1,迷宫武器,火,火之,朱雀灵剑,朱雀灵剑,human_robot_icon_atlas_0,42701004,42701120,900000016
601011113,42761113,0,0,6,1,1,迷宫武器,火,火之,朱雀灵剑,朱雀灵剑,human_robot_icon_atlas_0,42701004,42701120,900000016
601011114,42761114,0,0,6,1,1,迷宫武器,火,火之,朱雀灵剑,朱雀灵剑,human_robot_icon_atlas_0,42701004,42701120,900000016
601011115,42761115,0,0,6,1,1,迷宫武器,火,火之,朱雀灵剑,朱雀灵剑,human_robot_icon_atlas_0,42701004,42701120,900000016
601011116,42761116,0,0,6,1,1,迷宫武器,火,火之,朱雀灵剑,朱雀灵剑,human_robot_icon_atlas_0,42701004,42701120,900000016
601011117,42761117,0,0,6,1,1,迷宫武器,火,火之,朱雀灵剑,朱雀灵剑,human_robot_icon_atlas_0,42701004,42701120,900000016
601011118,42761118,0,0,6,1,1,迷宫武器,火,火之,朱雀灵剑,朱雀灵剑,human_robot_icon_atlas_0,42701004,42701120,900000016
601011119,42761119,0,0,6,1,1,迷宫武器,火,火之,朱雀灵剑,朱雀灵剑,human_robot_icon_atlas_0,42701004,42701120,900000016
601011120,42761120,0,0,6,1,1,迷宫武器,火,火之,朱雀灵剑,朱雀灵剑,human_robot_icon_atlas_0,42701004,42701120,900000016
601011121,42761121,0,0,6,1,1,迷宫武器,火,火之,龙形古剑,龙形古剑,human_robot_icon_atlas_0,42701004,42701130,900000016
601011122,42761122,0,0,6,1,1,迷宫武器,火,火之,龙形古剑,龙形古剑,human_robot_icon_atlas_0,42701004,42701130,900000016
601011123,42761123,0,0,6,1,1,迷宫武器,火,火之,龙形古剑,龙形古剑,human_robot_icon_atlas_0,42701004,42701130,900000016
601011124,42761124,0,0,6,1,1,迷宫武器,火,火之,龙形古剑,龙形古剑,human_robot_icon_atlas_0,42701004,42701130,900000016
601011125,42761125,0,0,6,1,1,迷宫武器,火,火之,龙形古剑,龙形古剑,human_robot_icon_atlas_0,42701004,42701130,900000016
601011126,42761126,0,0,6,1,1,迷宫武器,火,火之,龙形古剑,龙形古剑,human_robot_icon_atlas_0,42701004,42701130,900000016
601011127,42761127,0,0,6,1,1,迷宫武器,火,火之,龙形古剑,龙形古剑,human_robot_icon_atlas_0,42701004,42701130,900000016
601011128,42761128,0,0,6,1,1,迷宫武器,火,火之,龙形古剑,龙形古剑,human_robot_icon_atlas_0,42701004,42701130,900000016
601011129,42761129,0,0,6,1,1,迷宫武器,火,火之,龙形古剑,龙形古剑,human_robot_icon_atlas_0,42701004,42701130,900000016
601011130,42761130,0,0,6,1,1,迷宫武器,火,火之,龙形古剑,龙形古剑,human_robot_icon_atlas_0,42701004,42701130,900000016
601011131,42761131,0,0,6,1,1,迷宫武器,火,火之,龙王古剑,龙王古剑,human_robot_icon_atlas_0,42701004,42701140,900000016
601011132,42761132,0,0,6,1,1,迷宫武器,火,火之,龙王古剑,龙王古剑,human_robot_icon_atlas_0,42701004,42701140,900000016
601011133,42761133,0,0,6,1,1,迷宫武器,火,火之,龙王古剑,龙王古剑,human_robot_icon_atlas_0,42701004,42701140,900000016
601011134,42761134,0,0,6,1,1,迷宫武器,火,火之,龙王古剑,龙王古剑,human_robot_icon_atlas_0,42701004,42701140,900000016
601011135,42761135,0,0,6,1,1,迷宫武器,火,火之,龙王古剑,龙王古剑,human_robot_icon_atlas_0,42701004,42701140,900000016
601011136,42761136,0,0,6,1,1,迷宫武器,火,火之,龙王古剑,龙王古剑,human_robot_icon_atlas_0,42701004,42701140,900000016
601011137,42761137,0,0,6,1,1,迷宫武器,火,火之,龙王古剑,龙王古剑,human_robot_icon_atlas_0,42701004,42701140,900000016
601011138,42761138,0,0,6,1,1,迷宫武器,火,火之,龙王古剑,龙王古剑,human_robot_icon_atlas_0,42701004,42701140,900000016
601011139,42761139,0,0,6,1,1,迷宫武器,火,火之,龙王古剑,龙王古剑,human_robot_icon_atlas_0,42701004,42701140,900000016
601011140,42761140,0,0,6,1,1,迷宫武器,火,火之,龙王古剑,龙王古剑,human_robot_icon_atlas_0,42701004,42701140,900000016
601011141,42761141,0,0,6,1,1,迷宫武器,火,火之,龙皇古剑,龙皇古剑,human_robot_icon_atlas_0,42701004,42701150,900000016
601011142,42761142,0,0,6,1,1,迷宫武器,火,火之,龙皇古剑,龙皇古剑,human_robot_icon_atlas_0,42701004,42701150,900000016
601011143,42761143,0,0,6,1,1,迷宫武器,火,火之,龙皇古剑,龙皇古剑,human_robot_icon_atlas_0,42701004,42701150,900000016
601011144,42761144,0,0,6,1,1,迷宫武器,火,火之,龙皇古剑,龙皇古剑,human_robot_icon_atlas_0,42701004,42701150,900000016
601011145,42761145,0,0,6,1,1,迷宫武器,火,火之,龙皇古剑,龙皇古剑,human_robot_icon_atlas_0,42701004,42701150,900000016
601011146,42761146,0,0,6,1,1,迷宫武器,火,火之,龙皇古剑,龙皇古剑,human_robot_icon_atlas_0,42701004,42701150,900000016
601011147,42761147,0,0,6,1,1,迷宫武器,火,火之,龙皇古剑,龙皇古剑,human_robot_icon_atlas_0,42701004,42701150,900000016
601011148,42761148,0,0,6,1,1,迷宫武器,火,火之,龙皇古剑,龙皇古剑,human_robot_icon_atlas_0,42701004,42701150,900000016
601011149,42761149,0,0,6,1,1,迷宫武器,火,火之,龙皇古剑,龙皇古剑,human_robot_icon_atlas_0,42701004,42701150,900000016
601011150,42761150,0,0,6,1,1,迷宫武器,火,火之,龙皇古剑,龙皇古剑,human_robot_icon_atlas_0,42701004,42701150,900000016
601011151,42761151,0,0,6,1,1,迷宫武器,火,火之,龙神古剑,龙神古剑,human_robot_icon_atlas_0,42701004,42701160,900000016
601011152,42761152,0,0,6,1,1,迷宫武器,火,火之,龙神古剑,龙神古剑,human_robot_icon_atlas_0,42701004,42701160,900000016
601011153,42761153,0,0,6,1,1,迷宫武器,火,火之,龙神古剑,龙神古剑,human_robot_icon_atlas_0,42701004,42701160,900000016
601011154,42761154,0,0,6,1,1,迷宫武器,火,火之,龙神古剑,龙神古剑,human_robot_icon_atlas_0,42701004,42701160,900000016
601011155,42761155,0,0,6,1,1,迷宫武器,火,火之,龙神古剑,龙神古剑,human_robot_icon_atlas_0,42701004,42701160,900000016
601011156,42761156,0,0,6,1,1,迷宫武器,火,火之,龙神古剑,龙神古剑,human_robot_icon_atlas_0,42701004,42701160,900000016
601011157,42761157,0,0,6,1,1,迷宫武器,火,火之,龙神古剑,龙神古剑,human_robot_icon_atlas_0,42701004,42701160,900000016
601011158,42761158,0,0,6,1,1,迷宫武器,火,火之,龙神古剑,龙神古剑,human_robot_icon_atlas_0,42701004,42701160,900000016
601011159,42761159,0,0,6,1,1,迷宫武器,火,火之,龙神古剑,龙神古剑,human_robot_icon_atlas_0,42701004,42701160,900000016
601011160,42761160,0,0,6,1,1,迷宫武器,火,火之,龙神古剑,龙神古剑,human_robot_icon_atlas_0,42701004,42701160,900000016
102000001,42612001,0,0,1,2,0,迷宫装备,,,布冠,铁冠,human_robot_icon_atlas_0,42602001,42602010,603
102000002,42612002,0,0,1,2,0,迷宫装备,,,布冠,青钢冠,human_robot_icon_atlas_0,42602002,42602010,603
102000003,42612003,0,0,1,2,0,迷宫装备,,,布冠,流云冠,human_robot_icon_atlas_0,42602003,42602010,603
102000004,42612004,0,0,1,2,0,迷宫装备,,,布冠,飞虹冠,human_robot_icon_atlas_0,42602004,42602010,603
102000005,42612005,0,0,1,2,0,迷宫装备,,,布冠,飞虹冠,human_robot_icon_atlas_0,42602004,42602010,603
102000006,42612006,0,0,1,2,0,迷宫装备,,,布冠,飞虹冠,human_robot_icon_atlas_0,42602004,42602010,603
102000007,42612007,0,0,1,2,0,迷宫装备,,,布冠,飞虹冠,human_robot_icon_atlas_0,42602004,42602010,603
102000008,42612008,0,0,1,2,0,迷宫装备,,,布冠,飞虹冠,human_robot_icon_atlas_0,42602004,42602010,603
102000009,42612009,0,0,1,2,0,迷宫装备,,,布冠,飞虹冠,human_robot_icon_atlas_0,42602004,42602010,603
102000010,42612010,0,0,1,2,0,迷宫装备,,,布冠,飞虹冠,human_robot_icon_atlas_0,42602004,42602010,603
102000011,42612011,0,0,1,2,0,迷宫装备,,,铁头冠,铁头冠,human_robot_icon_atlas_0,42602004,42602020,603
102000012,42612012,0,0,1,2,0,迷宫装备,,,铁头冠,铁头冠,human_robot_icon_atlas_0,42602004,42602020,603
102000013,42612013,0,0,1,2,0,迷宫装备,,,铁头冠,铁头冠,human_robot_icon_atlas_0,42602004,42602020,603
102000014,42612014,0,0,1,2,0,迷宫装备,,,铁头冠,铁头冠,human_robot_icon_atlas_0,42602004,42602020,603
102000015,42612015,0,0,1,2,0,迷宫装备,,,铁头冠,铁头冠,human_robot_icon_atlas_0,42602004,42602020,603
102000016,42612016,0,0,1,2,0,迷宫装备,,,铁头冠,铁头冠,human_robot_icon_atlas_0,42602004,42602020,603
102000017,42612017,0,0,1,2,0,迷宫装备,,,铁头冠,铁头冠,human_robot_icon_atlas_0,42602004,42602020,603
102000018,42612018,0,0,1,2,0,迷宫装备,,,铁头冠,铁头冠,human_robot_icon_atlas_0,42602004,42602020,603
102000019,42612019,0,0,1,2,0,迷宫装备,,,铁头冠,铁头冠,human_robot_icon_atlas_0,42602004,42602020,603
102000020,42612020,0,0,1,2,0,迷宫装备,,,铁头冠,铁头冠,human_robot_icon_atlas_0,42602004,42602020,603
102000021,42612021,0,0,1,2,0,迷宫装备,,,青钢头冠,青钢头冠,human_robot_icon_atlas_0,42602004,42602030,603
102000022,42612022,0,0,1,2,0,迷宫装备,,,青钢头冠,青钢头冠,human_robot_icon_atlas_0,42602004,42602030,603
102000023,42612023,0,0,1,2,0,迷宫装备,,,青钢头冠,青钢头冠,human_robot_icon_atlas_0,42602004,42602030,603
102000024,42612024,0,0,1,2,0,迷宫装备,,,青钢头冠,青钢头冠,human_robot_icon_atlas_0,42602004,42602030,603
102000025,42612025,0,0,1,2,0,迷宫装备,,,青钢头冠,青钢头冠,human_robot_icon_atlas_0,42602004,42602030,603
102000026,42612026,0,0,1,2,0,迷宫装备,,,青钢头冠,青钢头冠,human_robot_icon_atlas_0,42602004,42602030,603
102000027,42612027,0,0,1,2,0,迷宫装备,,,青钢头冠,青钢头冠,human_robot_icon_atlas_0,42602004,42602030,603
102000028,42612028,0,0,1,2,0,迷宫装备,,,青钢头冠,青钢头冠,human_robot_icon_atlas_0,42602004,42602030,603
102000029,42612029,0,0,1,2,0,迷宫装备,,,青钢头冠,青钢头冠,human_robot_icon_atlas_0,42602004,42602030,603
102000030,42612030,0,0,1,2,0,迷宫装备,,,青钢头冠,青钢头冠,human_robot_icon_atlas_0,42602004,42602030,603
102000031,42612031,0,0,1,2,0,迷宫装备,,,流云头冠,流云头冠,human_robot_icon_atlas_0,42602004,42602040,603
102000032,42612032,0,0,1,2,0,迷宫装备,,,流云头冠,流云头冠,human_robot_icon_atlas_0,42602004,42602040,603
102000033,42612033,0,0,1,2,0,迷宫装备,,,流云头冠,流云头冠,human_robot_icon_atlas_0,42602004,42602040,603
102000034,42612034,0,0,1,2,0,迷宫装备,,,流云头冠,流云头冠,human_robot_icon_atlas_0,42602004,42602040,603
102000035,42612035,0,0,1,2,0,迷宫装备,,,流云头冠,流云头冠,human_robot_icon_atlas_0,42602004,42602040,603
102000036,42612036,0,0,1,2,0,迷宫装备,,,流云头冠,流云头冠,human_robot_icon_atlas_0,42602004,42602040,603
102000037,42612037,0,0,1,2,0,迷宫装备,,,流云头冠,流云头冠,human_robot_icon_atlas_0,42602004,42602040,603
102000038,42612038,0,0,1,2,0,迷宫装备,,,流云头冠,流云头冠,human_robot_icon_atlas_0,42602004,42602040,603
102000039,42612039,0,0,1,2,0,迷宫装备,,,流云头冠,流云头冠,human_robot_icon_atlas_0,42602004,42602040,603
102000040,42612040,0,0,1,2,0,迷宫装备,,,流云头冠,流云头冠,human_robot_icon_atlas_0,42602004,42602040,603
102000041,42612041,0,0,1,2,0,迷宫装备,,,飞虹头冠,飞虹头冠,human_robot_icon_atlas_0,42602004,42602050,603
102000042,42612042,0,0,1,2,0,迷宫装备,,,飞虹头冠,飞虹头冠,human_robot_icon_atlas_0,42602004,42602050,603
102000043,42612043,0,0,1,2,0,迷宫装备,,,飞虹头冠,飞虹头冠,human_robot_icon_atlas_0,42602004,42602050,603
102000044,42612044,0,0,1,2,0,迷宫装备,,,飞虹头冠,飞虹头冠,human_robot_icon_atlas_0,42602004,42602050,603
102000045,42612045,0,0,1,2,0,迷宫装备,,,飞虹头冠,飞虹头冠,human_robot_icon_atlas_0,42602004,42602050,603
102000046,42612046,0,0,1,2,0,迷宫装备,,,飞虹头冠,飞虹头冠,human_robot_icon_atlas_0,42602004,42602050,603
102000047,42612047,0,0,1,2,0,迷宫装备,,,飞虹头冠,飞虹头冠,human_robot_icon_atlas_0,42602004,42602050,603
102000048,42612048,0,0,1,2,0,迷宫装备,,,飞虹头冠,飞虹头冠,human_robot_icon_atlas_0,42602004,42602050,603
102000049,42612049,0,0,1,2,0,迷宫装备,,,飞虹头冠,飞虹头冠,human_robot_icon_atlas_0,42602004,42602050,603
102000050,42612050,0,0,1,2,0,迷宫装备,,,飞虹头冠,飞虹头冠,human_robot_icon_atlas_0,42602004,42602050,603
102000051,42612051,0,0,1,2,0,迷宫装备,,,紫金头冠,紫金头冠,human_robot_icon_atlas_0,42602004,42602060,603
102000052,42612052,0,0,1,2,0,迷宫装备,,,紫金头冠,紫金头冠,human_robot_icon_atlas_0,42602004,42602060,603
102000053,42612053,0,0,1,2,0,迷宫装备,,,紫金头冠,紫金头冠,human_robot_icon_atlas_0,42602004,42602060,603
102000054,42612054,0,0,1,2,0,迷宫装备,,,紫金头冠,紫金头冠,human_robot_icon_atlas_0,42602004,42602060,603
102000055,42612055,0,0,1,2,0,迷宫装备,,,紫金头冠,紫金头冠,human_robot_icon_atlas_0,42602004,42602060,603
102000056,42612056,0,0,1,2,0,迷宫装备,,,紫金头冠,紫金头冠,human_robot_icon_atlas_0,42602004,42602060,603
102000057,42612057,0,0,1,2,0,迷宫装备,,,紫金头冠,紫金头冠,human_robot_icon_atlas_0,42602004,42602060,603
102000058,42612058,0,0,1,2,0,迷宫装备,,,紫金头冠,紫金头冠,human_robot_icon_atlas_0,42602004,42602060,603
102000059,42612059,0,0,1,2,0,迷宫装备,,,紫金头冠,紫金头冠,human_robot_icon_atlas_0,42602004,42602060,603
102000060,42612060,0,0,1,2,0,迷宫装备,,,紫金头冠,紫金头冠,human_robot_icon_atlas_0,42602004,42602060,603
102000061,42612061,0,0,1,2,0,迷宫装备,,,巨神头冠,巨神头冠,human_robot_icon_atlas_0,42602004,42602070,603
102000062,42612062,0,0,1,2,0,迷宫装备,,,巨神头冠,巨神头冠,human_robot_icon_atlas_0,42602004,42602070,603
102000063,42612063,0,0,1,2,0,迷宫装备,,,巨神头冠,巨神头冠,human_robot_icon_atlas_0,42602004,42602070,603
102000064,42612064,0,0,1,2,0,迷宫装备,,,巨神头冠,巨神头冠,human_robot_icon_atlas_0,42602004,42602070,603
102000065,42612065,0,0,1,2,0,迷宫装备,,,巨神头冠,巨神头冠,human_robot_icon_atlas_0,42602004,42602070,603
102000066,42612066,0,0,1,2,0,迷宫装备,,,巨神头冠,巨神头冠,human_robot_icon_atlas_0,42602004,42602070,603
102000067,42612067,0,0,1,2,0,迷宫装备,,,巨神头冠,巨神头冠,human_robot_icon_atlas_0,42602004,42602070,603
102000068,42612068,0,0,1,2,0,迷宫装备,,,巨神头冠,巨神头冠,human_robot_icon_atlas_0,42602004,42602070,603
102000069,42612069,0,0,1,2,0,迷宫装备,,,巨神头冠,巨神头冠,human_robot_icon_atlas_0,42602004,42602070,603
102000070,42612070,0,0,1,2,0,迷宫装备,,,巨神头冠,巨神头冠,human_robot_icon_atlas_0,42602004,42602070,603
102000071,42612071,0,0,1,2,0,迷宫装备,,,天罡头冠,天罡头冠,human_robot_icon_atlas_0,42602004,42602080,603
102000072,42612072,0,0,1,2,0,迷宫装备,,,天罡头冠,天罡头冠,human_robot_icon_atlas_0,42602004,42602080,603
102000073,42612073,0,0,1,2,0,迷宫装备,,,天罡头冠,天罡头冠,human_robot_icon_atlas_0,42602004,42602080,603
102000074,42612074,0,0,1,2,0,迷宫装备,,,天罡头冠,天罡头冠,human_robot_icon_atlas_0,42602004,42602080,603
102000075,42612075,0,0,1,2,0,迷宫装备,,,天罡头冠,天罡头冠,human_robot_icon_atlas_0,42602004,42602080,603
102000076,42612076,0,0,1,2,0,迷宫装备,,,天罡头冠,天罡头冠,human_robot_icon_atlas_0,42602004,42602080,603
102000077,42612077,0,0,1,2,0,迷宫装备,,,天罡头冠,天罡头冠,human_robot_icon_atlas_0,42602004,42602080,603
102000078,42612078,0,0,1,2,0,迷宫装备,,,天罡头冠,天罡头冠,human_robot_icon_atlas_0,42602004,42602080,603
102000079,42612079,0,0,1,2,0,迷宫装备,,,天罡头冠,天罡头冠,human_robot_icon_atlas_0,42602004,42602080,603
102000080,42612080,0,0,1,2,0,迷宫装备,,,天罡头冠,天罡头冠,human_robot_icon_atlas_0,42602004,42602080,603
102000081,42612081,0,0,1,2,0,迷宫装备,,,雷神头冠,雷神头冠,human_robot_icon_atlas_0,42602004,42602090,603
102000082,42612082,0,0,1,2,0,迷宫装备,,,雷神头冠,雷神头冠,human_robot_icon_atlas_0,42602004,42602090,603
102000083,42612083,0,0,1,2,0,迷宫装备,,,雷神头冠,雷神头冠,human_robot_icon_atlas_0,42602004,42602090,603
102000084,42612084,0,0,1,2,0,迷宫装备,,,雷神头冠,雷神头冠,human_robot_icon_atlas_0,42602004,42602090,603
102000085,42612085,0,0,1,2,0,迷宫装备,,,雷神头冠,雷神头冠,human_robot_icon_atlas_0,42602004,42602090,603
102000086,42612086,0,0,1,2,0,迷宫装备,,,雷神头冠,雷神头冠,human_robot_icon_atlas_0,42602004,42602090,603
102000087,42612087,0,0,1,2,0,迷宫装备,,,雷神头冠,雷神头冠,human_robot_icon_atlas_0,42602004,42602090,603
102000088,42612088,0,0,1,2,0,迷宫装备,,,雷神头冠,雷神头冠,human_robot_icon_atlas_0,42602004,42602090,603
102000089,42612089,0,0,1,2,0,迷宫装备,,,雷神头冠,雷神头冠,human_robot_icon_atlas_0,42602004,42602090,603
102000090,42612090,0,0,1,2,0,迷宫装备,,,雷神头冠,雷神头冠,human_robot_icon_atlas_0,42602004,42602090,603
102000091,42612091,0,0,1,2,0,迷宫装备,,,狮吼头冠,狮吼头冠,human_robot_icon_atlas_0,42602004,42602100,603
102000092,42612092,0,0,1,2,0,迷宫装备,,,狮吼头冠,狮吼头冠,human_robot_icon_atlas_0,42602004,42602100,603
102000093,42612093,0,0,1,2,0,迷宫装备,,,狮吼头冠,狮吼头冠,human_robot_icon_atlas_0,42602004,42602100,603
102000094,42612094,0,0,1,2,0,迷宫装备,,,狮吼头冠,狮吼头冠,human_robot_icon_atlas_0,42602004,42602100,603
102000095,42612095,0,0,1,2,0,迷宫装备,,,狮吼头冠,狮吼头冠,human_robot_icon_atlas_0,42602004,42602100,603
102000096,42612096,0,0,1,2,0,迷宫装备,,,狮吼头冠,狮吼头冠,human_robot_icon_atlas_0,42602004,42602100,603
102000097,42612097,0,0,1,2,0,迷宫装备,,,狮吼头冠,狮吼头冠,human_robot_icon_atlas_0,42602004,42602100,603
102000098,42612098,0,0,1,2,0,迷宫装备,,,狮吼头冠,狮吼头冠,human_robot_icon_atlas_0,42602004,42602100,603
102000099,42612099,0,0,1,2,0,迷宫装备,,,狮吼头冠,狮吼头冠,human_robot_icon_atlas_0,42602004,42602100,603
102000100,42612100,0,0,1,2,0,迷宫装备,,,狮吼头冠,狮吼头冠,human_robot_icon_atlas_0,42602004,42602100,603
102000101,42612101,0,0,1,2,0,迷宫装备,,,灵蛇头冠,灵蛇头冠,human_robot_icon_atlas_0,42602004,42602110,603
102000102,42612102,0,0,1,2,0,迷宫装备,,,灵蛇头冠,灵蛇头冠,human_robot_icon_atlas_0,42602004,42602110,603
102000103,42612103,0,0,1,2,0,迷宫装备,,,灵蛇头冠,灵蛇头冠,human_robot_icon_atlas_0,42602004,42602110,603
102000104,42612104,0,0,1,2,0,迷宫装备,,,灵蛇头冠,灵蛇头冠,human_robot_icon_atlas_0,42602004,42602110,603
102000105,42612105,0,0,1,2,0,迷宫装备,,,灵蛇头冠,灵蛇头冠,human_robot_icon_atlas_0,42602004,42602110,603
102000106,42612106,0,0,1,2,0,迷宫装备,,,灵蛇头冠,灵蛇头冠,human_robot_icon_atlas_0,42602004,42602110,603
102000107,42612107,0,0,1,2,0,迷宫装备,,,灵蛇头冠,灵蛇头冠,human_robot_icon_atlas_0,42602004,42602110,603
102000108,42612108,0,0,1,2,0,迷宫装备,,,灵蛇头冠,灵蛇头冠,human_robot_icon_atlas_0,42602004,42602110,603
102000109,42612109,0,0,1,2,0,迷宫装备,,,灵蛇头冠,灵蛇头冠,human_robot_icon_atlas_0,42602004,42602110,603
102000110,42612110,0,0,1,2,0,迷宫装备,,,灵蛇头冠,灵蛇头冠,human_robot_icon_atlas_0,42602004,42602110,603
102000111,42612111,0,0,1,2,0,迷宫装备,,,朱雀头冠,朱雀头冠,human_robot_icon_atlas_0,42602004,42602120,603
102000112,42612112,0,0,1,2,0,迷宫装备,,,朱雀头冠,朱雀头冠,human_robot_icon_atlas_0,42602004,42602120,603
102000113,42612113,0,0,1,2,0,迷宫装备,,,朱雀头冠,朱雀头冠,human_robot_icon_atlas_0,42602004,42602120,603
102000114,42612114,0,0,1,2,0,迷宫装备,,,朱雀头冠,朱雀头冠,human_robot_icon_atlas_0,42602004,42602120,603
102000115,42612115,0,0,1,2,0,迷宫装备,,,朱雀头冠,朱雀头冠,human_robot_icon_atlas_0,42602004,42602120,603
102000116,42612116,0,0,1,2,0,迷宫装备,,,朱雀头冠,朱雀头冠,human_robot_icon_atlas_0,42602004,42602120,603
102000117,42612117,0,0,1,2,0,迷宫装备,,,朱雀头冠,朱雀头冠,human_robot_icon_atlas_0,42602004,42602120,603
102000118,42612118,0,0,1,2,0,迷宫装备,,,朱雀头冠,朱雀头冠,human_robot_icon_atlas_0,42602004,42602120,603
102000119,42612119,0,0,1,2,0,迷宫装备,,,朱雀头冠,朱雀头冠,human_robot_icon_atlas_0,42602004,42602120,603
102000120,42612120,0,0,1,2,0,迷宫装备,,,朱雀头冠,朱雀头冠,human_robot_icon_atlas_0,42602004,42602120,603
102000121,42612121,0,0,1,2,0,迷宫装备,,,龙形头冠,龙形头冠,human_robot_icon_atlas_0,42602004,42602130,603
102000122,42612122,0,0,1,2,0,迷宫装备,,,龙形头冠,龙形头冠,human_robot_icon_atlas_0,42602004,42602130,603
102000123,42612123,0,0,1,2,0,迷宫装备,,,龙形头冠,龙形头冠,human_robot_icon_atlas_0,42602004,42602130,603
102000124,42612124,0,0,1,2,0,迷宫装备,,,龙形头冠,龙形头冠,human_robot_icon_atlas_0,42602004,42602130,603
102000125,42612125,0,0,1,2,0,迷宫装备,,,龙形头冠,龙形头冠,human_robot_icon_atlas_0,42602004,42602130,603
102000126,42612126,0,0,1,2,0,迷宫装备,,,龙形头冠,龙形头冠,human_robot_icon_atlas_0,42602004,42602130,603
102000127,42612127,0,0,1,2,0,迷宫装备,,,龙形头冠,龙形头冠,human_robot_icon_atlas_0,42602004,42602130,603
102000128,42612128,0,0,1,2,0,迷宫装备,,,龙形头冠,龙形头冠,human_robot_icon_atlas_0,42602004,42602130,603
102000129,42612129,0,0,1,2,0,迷宫装备,,,龙形头冠,龙形头冠,human_robot_icon_atlas_0,42602004,42602130,603
102000130,42612130,0,0,1,2,0,迷宫装备,,,龙形头冠,龙形头冠,human_robot_icon_atlas_0,42602004,42602130,603
102000131,42612131,0,0,1,2,0,迷宫装备,,,龙王头冠,龙王头冠,human_robot_icon_atlas_0,42602004,42602140,603
102000132,42612132,0,0,1,2,0,迷宫装备,,,龙王头冠,龙王头冠,human_robot_icon_atlas_0,42602004,42602140,603
102000133,42612133,0,0,1,2,0,迷宫装备,,,龙王头冠,龙王头冠,human_robot_icon_atlas_0,42602004,42602140,603
102000134,42612134,0,0,1,2,0,迷宫装备,,,龙王头冠,龙王头冠,human_robot_icon_atlas_0,42602004,42602140,603
102000135,42612135,0,0,1,2,0,迷宫装备,,,龙王头冠,龙王头冠,human_robot_icon_atlas_0,42602004,42602140,603
102000136,42612136,0,0,1,2,0,迷宫装备,,,龙王头冠,龙王头冠,human_robot_icon_atlas_0,42602004,42602140,603
102000137,42612137,0,0,1,2,0,迷宫装备,,,龙王头冠,龙王头冠,human_robot_icon_atlas_0,42602004,42602140,603
102000138,42612138,0,0,1,2,0,迷宫装备,,,龙王头冠,龙王头冠,human_robot_icon_atlas_0,42602004,42602140,603
102000139,42612139,0,0,1,2,0,迷宫装备,,,龙王头冠,龙王头冠,human_robot_icon_atlas_0,42602004,42602140,603
102000140,42612140,0,0,1,2,0,迷宫装备,,,龙王头冠,龙王头冠,human_robot_icon_atlas_0,42602004,42602140,603
102000141,42612141,0,0,1,2,0,迷宫装备,,,龙皇头冠,龙皇头冠,human_robot_icon_atlas_0,42602004,42602150,603
102000142,42612142,0,0,1,2,0,迷宫装备,,,龙皇头冠,龙皇头冠,human_robot_icon_atlas_0,42602004,42602150,603
102000143,42612143,0,0,1,2,0,迷宫装备,,,龙皇头冠,龙皇头冠,human_robot_icon_atlas_0,42602004,42602150,603
102000144,42612144,0,0,1,2,0,迷宫装备,,,龙皇头冠,龙皇头冠,human_robot_icon_atlas_0,42602004,42602150,603
102000145,42612145,0,0,1,2,0,迷宫装备,,,龙皇头冠,龙皇头冠,human_robot_icon_atlas_0,42602004,42602150,603
102000146,42612146,0,0,1,2,0,迷宫装备,,,龙皇头冠,龙皇头冠,human_robot_icon_atlas_0,42602004,42602150,603
102000147,42612147,0,0,1,2,0,迷宫装备,,,龙皇头冠,龙皇头冠,human_robot_icon_atlas_0,42602004,42602150,603
102000148,42612148,0,0,1,2,0,迷宫装备,,,龙皇头冠,龙皇头冠,human_robot_icon_atlas_0,42602004,42602150,603
102000149,42612149,0,0,1,2,0,迷宫装备,,,龙皇头冠,龙皇头冠,human_robot_icon_atlas_0,42602004,42602150,603
102000150,42612150,0,0,1,2,0,迷宫装备,,,龙皇头冠,龙皇头冠,human_robot_icon_atlas_0,42602004,42602150,603
102000151,42612151,0,0,1,2,0,迷宫装备,,,龙神头冠,龙神头冠,human_robot_icon_atlas_0,42602004,42602160,603
102000152,42612152,0,0,1,2,0,迷宫装备,,,龙神头冠,龙神头冠,human_robot_icon_atlas_0,42602004,42602160,603
102000153,42612153,0,0,1,2,0,迷宫装备,,,龙神头冠,龙神头冠,human_robot_icon_atlas_0,42602004,42602160,603
102000154,42612154,0,0,1,2,0,迷宫装备,,,龙神头冠,龙神头冠,human_robot_icon_atlas_0,42602004,42602160,603
102000155,42612155,0,0,1,2,0,迷宫装备,,,龙神头冠,龙神头冠,human_robot_icon_atlas_0,42602004,42602160,603
102000156,42612156,0,0,1,2,0,迷宫装备,,,龙神头冠,龙神头冠,human_robot_icon_atlas_0,42602004,42602160,603
102000157,42612157,0,0,1,2,0,迷宫装备,,,龙神头冠,龙神头冠,human_robot_icon_atlas_0,42602004,42602160,603
102000158,42612158,0,0,1,2,0,迷宫装备,,,龙神头冠,龙神头冠,human_robot_icon_atlas_0,42602004,42602160,603
102000159,42612159,0,0,1,2,0,迷宫装备,,,龙神头冠,龙神头冠,human_robot_icon_atlas_0,42602004,42602160,603
102000160,42612160,0,0,1,2,0,迷宫装备,,,龙神头冠,龙神头冠,human_robot_icon_atlas_0,42602004,42602160,603
103000001,42613001,0,0,1,3,0,迷宫装备,,,布袍,铁铠,human_robot_icon_atlas_0,42603001,42603010,604
103000002,42613002,0,0,1,3,0,迷宫装备,,,布袍,青钢铠,human_robot_icon_atlas_0,42603002,42603010,604
103000003,42613003,0,0,1,3,0,迷宫装备,,,布袍,流云铠,human_robot_icon_atlas_0,42603003,42603010,604
103000004,42613004,0,0,1,3,0,迷宫装备,,,布袍,飞虹铠,human_robot_icon_atlas_0,42603004,42603010,604
103000005,42613005,0,0,1,3,0,迷宫装备,,,布袍,飞虹铠,human_robot_icon_atlas_0,42603004,42603010,604
103000006,42613006,0,0,1,3,0,迷宫装备,,,布袍,飞虹铠,human_robot_icon_atlas_0,42603004,42603010,604
103000007,42613007,0,0,1,3,0,迷宫装备,,,布袍,飞虹铠,human_robot_icon_atlas_0,42603004,42603010,604
103000008,42613008,0,0,1,3,0,迷宫装备,,,布袍,飞虹铠,human_robot_icon_atlas_0,42603004,42603010,604
103000009,42613009,0,0,1,3,0,迷宫装备,,,布袍,飞虹铠,human_robot_icon_atlas_0,42603004,42603010,604
103000010,42613010,0,0,1,3,0,迷宫装备,,,布袍,飞虹铠,human_robot_icon_atlas_0,42603004,42603010,604
103000011,42613011,0,0,1,3,0,迷宫装备,,,铁铠,铁铠,human_robot_icon_atlas_0,42603004,42603020,604
103000012,42613012,0,0,1,3,0,迷宫装备,,,铁铠,铁铠,human_robot_icon_atlas_0,42603004,42603020,604
103000013,42613013,0,0,1,3,0,迷宫装备,,,铁铠,铁铠,human_robot_icon_atlas_0,42603004,42603020,604
103000014,42613014,0,0,1,3,0,迷宫装备,,,铁铠,铁铠,human_robot_icon_atlas_0,42603004,42603020,604
103000015,42613015,0,0,1,3,0,迷宫装备,,,铁铠,铁铠,human_robot_icon_atlas_0,42603004,42603020,604
103000016,42613016,0,0,1,3,0,迷宫装备,,,铁铠,铁铠,human_robot_icon_atlas_0,42603004,42603020,604
103000017,42613017,0,0,1,3,0,迷宫装备,,,铁铠,铁铠,human_robot_icon_atlas_0,42603004,42603020,604
103000018,42613018,0,0,1,3,0,迷宫装备,,,铁铠,铁铠,human_robot_icon_atlas_0,42603004,42603020,604
103000019,42613019,0,0,1,3,0,迷宫装备,,,铁铠,铁铠,human_robot_icon_atlas_0,42603004,42603020,604
103000020,42613020,0,0,1,3,0,迷宫装备,,,铁铠,铁铠,human_robot_icon_atlas_0,42603004,42603020,604
103000021,42613021,0,0,1,3,0,迷宫装备,,,青钢铠,青钢铠,human_robot_icon_atlas_0,42603004,42603030,604
103000022,42613022,0,0,1,3,0,迷宫装备,,,青钢铠,青钢铠,human_robot_icon_atlas_0,42603004,42603030,604
103000023,42613023,0,0,1,3,0,迷宫装备,,,青钢铠,青钢铠,human_robot_icon_atlas_0,42603004,42603030,604
103000024,42613024,0,0,1,3,0,迷宫装备,,,青钢铠,青钢铠,human_robot_icon_atlas_0,42603004,42603030,604
103000025,42613025,0,0,1,3,0,迷宫装备,,,青钢铠,青钢铠,human_robot_icon_atlas_0,42603004,42603030,604
103000026,42613026,0,0,1,3,0,迷宫装备,,,青钢铠,青钢铠,human_robot_icon_atlas_0,42603004,42603030,604
103000027,42613027,0,0,1,3,0,迷宫装备,,,青钢铠,青钢铠,human_robot_icon_atlas_0,42603004,42603030,604
103000028,42613028,0,0,1,3,0,迷宫装备,,,青钢铠,青钢铠,human_robot_icon_atlas_0,42603004,42603030,604
103000029,42613029,0,0,1,3,0,迷宫装备,,,青钢铠,青钢铠,human_robot_icon_atlas_0,42603004,42603030,604
103000030,42613030,0,0,1,3,0,迷宫装备,,,青钢铠,青钢铠,human_robot_icon_atlas_0,42603004,42603030,604
103000031,42613031,0,0,1,3,0,迷宫装备,,,流云铠,流云铠,human_robot_icon_atlas_0,42603004,42603040,604
103000032,42613032,0,0,1,3,0,迷宫装备,,,流云铠,流云铠,human_robot_icon_atlas_0,42603004,42603040,604
103000033,42613033,0,0,1,3,0,迷宫装备,,,流云铠,流云铠,human_robot_icon_atlas_0,42603004,42603040,604
103000034,42613034,0,0,1,3,0,迷宫装备,,,流云铠,流云铠,human_robot_icon_atlas_0,42603004,42603040,604
103000035,42613035,0,0,1,3,0,迷宫装备,,,流云铠,流云铠,human_robot_icon_atlas_0,42603004,42603040,604
103000036,42613036,0,0,1,3,0,迷宫装备,,,流云铠,流云铠,human_robot_icon_atlas_0,42603004,42603040,604
103000037,42613037,0,0,1,3,0,迷宫装备,,,流云铠,流云铠,human_robot_icon_atlas_0,42603004,42603040,604
103000038,42613038,0,0,1,3,0,迷宫装备,,,流云铠,流云铠,human_robot_icon_atlas_0,42603004,42603040,604
103000039,42613039,0,0,1,3,0,迷宫装备,,,流云铠,流云铠,human_robot_icon_atlas_0,42603004,42603040,604
103000040,42613040,0,0,1,3,0,迷宫装备,,,流云铠,流云铠,human_robot_icon_atlas_0,42603004,42603040,604
103000041,42613041,0,0,1,3,0,迷宫装备,,,飞虹铠,飞虹铠,human_robot_icon_atlas_0,42603004,42603050,604
103000042,42613042,0,0,1,3,0,迷宫装备,,,飞虹铠,飞虹铠,human_robot_icon_atlas_0,42603004,42603050,604
103000043,42613043,0,0,1,3,0,迷宫装备,,,飞虹铠,飞虹铠,human_robot_icon_atlas_0,42603004,42603050,604
103000044,42613044,0,0,1,3,0,迷宫装备,,,飞虹铠,飞虹铠,human_robot_icon_atlas_0,42603004,42603050,604
103000045,42613045,0,0,1,3,0,迷宫装备,,,飞虹铠,飞虹铠,human_robot_icon_atlas_0,42603004,42603050,604
103000046,42613046,0,0,1,3,0,迷宫装备,,,飞虹铠,飞虹铠,human_robot_icon_atlas_0,42603004,42603050,604
103000047,42613047,0,0,1,3,0,迷宫装备,,,飞虹铠,飞虹铠,human_robot_icon_atlas_0,42603004,42603050,604
103000048,42613048,0,0,1,3,0,迷宫装备,,,飞虹铠,飞虹铠,human_robot_icon_atlas_0,42603004,42603050,604
103000049,42613049,0,0,1,3,0,迷宫装备,,,飞虹铠,飞虹铠,human_robot_icon_atlas_0,42603004,42603050,604
103000050,42613050,0,0,1,3,0,迷宫装备,,,飞虹铠,飞虹铠,human_robot_icon_atlas_0,42603004,42603050,604
103000051,42613051,0,0,1,3,0,迷宫装备,,,紫金铠,紫金铠,human_robot_icon_atlas_0,42603004,42603060,604
103000052,42613052,0,0,1,3,0,迷宫装备,,,紫金铠,紫金铠,human_robot_icon_atlas_0,42603004,42603060,604
103000053,42613053,0,0,1,3,0,迷宫装备,,,紫金铠,紫金铠,human_robot_icon_atlas_0,42603004,42603060,604
103000054,42613054,0,0,1,3,0,迷宫装备,,,紫金铠,紫金铠,human_robot_icon_atlas_0,42603004,42603060,604
103000055,42613055,0,0,1,3,0,迷宫装备,,,紫金铠,紫金铠,human_robot_icon_atlas_0,42603004,42603060,604
103000056,42613056,0,0,1,3,0,迷宫装备,,,紫金铠,紫金铠,human_robot_icon_atlas_0,42603004,42603060,604
103000057,42613057,0,0,1,3,0,迷宫装备,,,紫金铠,紫金铠,human_robot_icon_atlas_0,42603004,42603060,604
103000058,42613058,0,0,1,3,0,迷宫装备,,,紫金铠,紫金铠,human_robot_icon_atlas_0,42603004,42603060,604
103000059,42613059,0,0,1,3,0,迷宫装备,,,紫金铠,紫金铠,human_robot_icon_atlas_0,42603004,42603060,604
103000060,42613060,0,0,1,3,0,迷宫装备,,,紫金铠,紫金铠,human_robot_icon_atlas_0,42603004,42603060,604
103000061,42613061,0,0,1,3,0,迷宫装备,,,巨神铠,巨神铠,human_robot_icon_atlas_0,42603004,42603070,604
103000062,42613062,0,0,1,3,0,迷宫装备,,,巨神铠,巨神铠,human_robot_icon_atlas_0,42603004,42603070,604
103000063,42613063,0,0,1,3,0,迷宫装备,,,巨神铠,巨神铠,human_robot_icon_atlas_0,42603004,42603070,604
103000064,42613064,0,0,1,3,0,迷宫装备,,,巨神铠,巨神铠,human_robot_icon_atlas_0,42603004,42603070,604
103000065,42613065,0,0,1,3,0,迷宫装备,,,巨神铠,巨神铠,human_robot_icon_atlas_0,42603004,42603070,604
103000066,42613066,0,0,1,3,0,迷宫装备,,,巨神铠,巨神铠,human_robot_icon_atlas_0,42603004,42603070,604
103000067,42613067,0,0,1,3,0,迷宫装备,,,巨神铠,巨神铠,human_robot_icon_atlas_0,42603004,42603070,604
103000068,42613068,0,0,1,3,0,迷宫装备,,,巨神铠,巨神铠,human_robot_icon_atlas_0,42603004,42603070,604
103000069,42613069,0,0,1,3,0,迷宫装备,,,巨神铠,巨神铠,human_robot_icon_atlas_0,42603004,42603070,604
103000070,42613070,0,0,1,3,0,迷宫装备,,,巨神铠,巨神铠,human_robot_icon_atlas_0,42603004,42603070,604
103000071,42613071,0,0,1,3,0,迷宫装备,,,天罡铠,天罡铠,human_robot_icon_atlas_0,42603004,42603080,604
103000072,42613072,0,0,1,3,0,迷宫装备,,,天罡铠,天罡铠,human_robot_icon_atlas_0,42603004,42603080,604
103000073,42613073,0,0,1,3,0,迷宫装备,,,天罡铠,天罡铠,human_robot_icon_atlas_0,42603004,42603080,604
103000074,42613074,0,0,1,3,0,迷宫装备,,,天罡铠,天罡铠,human_robot_icon_atlas_0,42603004,42603080,604
103000075,42613075,0,0,1,3,0,迷宫装备,,,天罡铠,天罡铠,human_robot_icon_atlas_0,42603004,42603080,604
103000076,42613076,0,0,1,3,0,迷宫装备,,,天罡铠,天罡铠,human_robot_icon_atlas_0,42603004,42603080,604
103000077,42613077,0,0,1,3,0,迷宫装备,,,天罡铠,天罡铠,human_robot_icon_atlas_0,42603004,42603080,604
103000078,42613078,0,0,1,3,0,迷宫装备,,,天罡铠,天罡铠,human_robot_icon_atlas_0,42603004,42603080,604
103000079,42613079,0,0,1,3,0,迷宫装备,,,天罡铠,天罡铠,human_robot_icon_atlas_0,42603004,42603080,604
103000080,42613080,0,0,1,3,0,迷宫装备,,,天罡铠,天罡铠,human_robot_icon_atlas_0,42603004,42603080,604
103000081,42613081,0,0,1,3,0,迷宫装备,,,雷神铠,雷神铠,human_robot_icon_atlas_0,42603004,42603090,604
103000082,42613082,0,0,1,3,0,迷宫装备,,,雷神铠,雷神铠,human_robot_icon_atlas_0,42603004,42603090,604
103000083,42613083,0,0,1,3,0,迷宫装备,,,雷神铠,雷神铠,human_robot_icon_atlas_0,42603004,42603090,604
103000084,42613084,0,0,1,3,0,迷宫装备,,,雷神铠,雷神铠,human_robot_icon_atlas_0,42603004,42603090,604
103000085,42613085,0,0,1,3,0,迷宫装备,,,雷神铠,雷神铠,human_robot_icon_atlas_0,42603004,42603090,604
103000086,42613086,0,0,1,3,0,迷宫装备,,,雷神铠,雷神铠,human_robot_icon_atlas_0,42603004,42603090,604
103000087,42613087,0,0,1,3,0,迷宫装备,,,雷神铠,雷神铠,human_robot_icon_atlas_0,42603004,42603090,604
103000088,42613088,0,0,1,3,0,迷宫装备,,,雷神铠,雷神铠,human_robot_icon_atlas_0,42603004,42603090,604
103000089,42613089,0,0,1,3,0,迷宫装备,,,雷神铠,雷神铠,human_robot_icon_atlas_0,42603004,42603090,604
103000090,42613090,0,0,1,3,0,迷宫装备,,,雷神铠,雷神铠,human_robot_icon_atlas_0,42603004,42603090,604
103000091,42613091,0,0,1,3,0,迷宫装备,,,狮吼铠,狮吼铠,human_robot_icon_atlas_0,42603004,42603100,604
103000092,42613092,0,0,1,3,0,迷宫装备,,,狮吼铠,狮吼铠,human_robot_icon_atlas_0,42603004,42603100,604
103000093,42613093,0,0,1,3,0,迷宫装备,,,狮吼铠,狮吼铠,human_robot_icon_atlas_0,42603004,42603100,604
103000094,42613094,0,0,1,3,0,迷宫装备,,,狮吼铠,狮吼铠,human_robot_icon_atlas_0,42603004,42603100,604
103000095,42613095,0,0,1,3,0,迷宫装备,,,狮吼铠,狮吼铠,human_robot_icon_atlas_0,42603004,42603100,604
103000096,42613096,0,0,1,3,0,迷宫装备,,,狮吼铠,狮吼铠,human_robot_icon_atlas_0,42603004,42603100,604
103000097,42613097,0,0,1,3,0,迷宫装备,,,狮吼铠,狮吼铠,human_robot_icon_atlas_0,42603004,42603100,604
103000098,42613098,0,0,1,3,0,迷宫装备,,,狮吼铠,狮吼铠,human_robot_icon_atlas_0,42603004,42603100,604
103000099,42613099,0,0,1,3,0,迷宫装备,,,狮吼铠,狮吼铠,human_robot_icon_atlas_0,42603004,42603100,604
103000100,42613100,0,0,1,3,0,迷宫装备,,,狮吼铠,狮吼铠,human_robot_icon_atlas_0,42603004,42603100,604
103000101,42613101,0,0,1,3,0,迷宫装备,,,灵蛇铠,灵蛇铠,human_robot_icon_atlas_0,42603004,42603110,604
103000102,42613102,0,0,1,3,0,迷宫装备,,,灵蛇铠,灵蛇铠,human_robot_icon_atlas_0,42603004,42603110,604
103000103,42613103,0,0,1,3,0,迷宫装备,,,灵蛇铠,灵蛇铠,human_robot_icon_atlas_0,42603004,42603110,604
103000104,42613104,0,0,1,3,0,迷宫装备,,,灵蛇铠,灵蛇铠,human_robot_icon_atlas_0,42603004,42603110,604
103000105,42613105,0,0,1,3,0,迷宫装备,,,灵蛇铠,灵蛇铠,human_robot_icon_atlas_0,42603004,42603110,604
103000106,42613106,0,0,1,3,0,迷宫装备,,,灵蛇铠,灵蛇铠,human_robot_icon_atlas_0,42603004,42603110,604
103000107,42613107,0,0,1,3,0,迷宫装备,,,灵蛇铠,灵蛇铠,human_robot_icon_atlas_0,42603004,42603110,604
103000108,42613108,0,0,1,3,0,迷宫装备,,,灵蛇铠,灵蛇铠,human_robot_icon_atlas_0,42603004,42603110,604
103000109,42613109,0,0,1,3,0,迷宫装备,,,灵蛇铠,灵蛇铠,human_robot_icon_atlas_0,42603004,42603110,604
103000110,42613110,0,0,1,3,0,迷宫装备,,,灵蛇铠,灵蛇铠,human_robot_icon_atlas_0,42603004,42603110,604
103000111,42613111,0,0,1,3,0,迷宫装备,,,朱雀铠,朱雀铠,human_robot_icon_atlas_0,42603004,42603120,604
103000112,42613112,0,0,1,3,0,迷宫装备,,,朱雀铠,朱雀铠,human_robot_icon_atlas_0,42603004,42603120,604
103000113,42613113,0,0,1,3,0,迷宫装备,,,朱雀铠,朱雀铠,human_robot_icon_atlas_0,42603004,42603120,604
103000114,42613114,0,0,1,3,0,迷宫装备,,,朱雀铠,朱雀铠,human_robot_icon_atlas_0,42603004,42603120,604
103000115,42613115,0,0,1,3,0,迷宫装备,,,朱雀铠,朱雀铠,human_robot_icon_atlas_0,42603004,42603120,604
103000116,42613116,0,0,1,3,0,迷宫装备,,,朱雀铠,朱雀铠,human_robot_icon_atlas_0,42603004,42603120,604
103000117,42613117,0,0,1,3,0,迷宫装备,,,朱雀铠,朱雀铠,human_robot_icon_atlas_0,42603004,42603120,604
103000118,42613118,0,0,1,3,0,迷宫装备,,,朱雀铠,朱雀铠,human_robot_icon_atlas_0,42603004,42603120,604
103000119,42613119,0,0,1,3,0,迷宫装备,,,朱雀铠,朱雀铠,human_robot_icon_atlas_0,42603004,42603120,604
103000120,42613120,0,0,1,3,0,迷宫装备,,,朱雀铠,朱雀铠,human_robot_icon_atlas_0,42603004,42603120,604
103000121,42613121,0,0,1,3,0,迷宫装备,,,龙形铠,龙形铠,human_robot_icon_atlas_0,42603004,42603130,604
103000122,42613122,0,0,1,3,0,迷宫装备,,,龙形铠,龙形铠,human_robot_icon_atlas_0,42603004,42603130,604
103000123,42613123,0,0,1,3,0,迷宫装备,,,龙形铠,龙形铠,human_robot_icon_atlas_0,42603004,42603130,604
103000124,42613124,0,0,1,3,0,迷宫装备,,,龙形铠,龙形铠,human_robot_icon_atlas_0,42603004,42603130,604
103000125,42613125,0,0,1,3,0,迷宫装备,,,龙形铠,龙形铠,human_robot_icon_atlas_0,42603004,42603130,604
103000126,42613126,0,0,1,3,0,迷宫装备,,,龙形铠,龙形铠,human_robot_icon_atlas_0,42603004,42603130,604
103000127,42613127,0,0,1,3,0,迷宫装备,,,龙形铠,龙形铠,human_robot_icon_atlas_0,42603004,42603130,604
103000128,42613128,0,0,1,3,0,迷宫装备,,,龙形铠,龙形铠,human_robot_icon_atlas_0,42603004,42603130,604
103000129,42613129,0,0,1,3,0,迷宫装备,,,龙形铠,龙形铠,human_robot_icon_atlas_0,42603004,42603130,604
103000130,42613130,0,0,1,3,0,迷宫装备,,,龙形铠,龙形铠,human_robot_icon_atlas_0,42603004,42603130,604
103000131,42613131,0,0,1,3,0,迷宫装备,,,龙王铠,龙王铠,human_robot_icon_atlas_0,42603004,42603140,604
103000132,42613132,0,0,1,3,0,迷宫装备,,,龙王铠,龙王铠,human_robot_icon_atlas_0,42603004,42603140,604
103000133,42613133,0,0,1,3,0,迷宫装备,,,龙王铠,龙王铠,human_robot_icon_atlas_0,42603004,42603140,604
103000134,42613134,0,0,1,3,0,迷宫装备,,,龙王铠,龙王铠,human_robot_icon_atlas_0,42603004,42603140,604
103000135,42613135,0,0,1,3,0,迷宫装备,,,龙王铠,龙王铠,human_robot_icon_atlas_0,42603004,42603140,604
103000136,42613136,0,0,1,3,0,迷宫装备,,,龙王铠,龙王铠,human_robot_icon_atlas_0,42603004,42603140,604
103000137,42613137,0,0,1,3,0,迷宫装备,,,龙王铠,龙王铠,human_robot_icon_atlas_0,42603004,42603140,604
103000138,42613138,0,0,1,3,0,迷宫装备,,,龙王铠,龙王铠,human_robot_icon_atlas_0,42603004,42603140,604
103000139,42613139,0,0,1,3,0,迷宫装备,,,龙王铠,龙王铠,human_robot_icon_atlas_0,42603004,42603140,604
103000140,42613140,0,0,1,3,0,迷宫装备,,,龙王铠,龙王铠,human_robot_icon_atlas_0,42603004,42603140,604
103000141,42613141,0,0,1,3,0,迷宫装备,,,龙皇铠,龙皇铠,human_robot_icon_atlas_0,42603004,42603150,604
103000142,42613142,0,0,1,3,0,迷宫装备,,,龙皇铠,龙皇铠,human_robot_icon_atlas_0,42603004,42603150,604
103000143,42613143,0,0,1,3,0,迷宫装备,,,龙皇铠,龙皇铠,human_robot_icon_atlas_0,42603004,42603150,604
103000144,42613144,0,0,1,3,0,迷宫装备,,,龙皇铠,龙皇铠,human_robot_icon_atlas_0,42603004,42603150,604
103000145,42613145,0,0,1,3,0,迷宫装备,,,龙皇铠,龙皇铠,human_robot_icon_atlas_0,42603004,42603150,604
103000146,42613146,0,0,1,3,0,迷宫装备,,,龙皇铠,龙皇铠,human_robot_icon_atlas_0,42603004,42603150,604
103000147,42613147,0,0,1,3,0,迷宫装备,,,龙皇铠,龙皇铠,human_robot_icon_atlas_0,42603004,42603150,604
103000148,42613148,0,0,1,3,0,迷宫装备,,,龙皇铠,龙皇铠,human_robot_icon_atlas_0,42603004,42603150,604
103000149,42613149,0,0,1,3,0,迷宫装备,,,龙皇铠,龙皇铠,human_robot_icon_atlas_0,42603004,42603150,604
103000150,42613150,0,0,1,3,0,迷宫装备,,,龙皇铠,龙皇铠,human_robot_icon_atlas_0,42603004,42603150,604
103000151,42613151,0,0,1,3,0,迷宫装备,,,龙神铠,龙神铠,human_robot_icon_atlas_0,42603004,42603160,604
103000152,42613152,0,0,1,3,0,迷宫装备,,,龙神铠,龙神铠,human_robot_icon_atlas_0,42603004,42603160,604
103000153,42613153,0,0,1,3,0,迷宫装备,,,龙神铠,龙神铠,human_robot_icon_atlas_0,42603004,42603160,604
103000154,42613154,0,0,1,3,0,迷宫装备,,,龙神铠,龙神铠,human_robot_icon_atlas_0,42603004,42603160,604
103000155,42613155,0,0,1,3,0,迷宫装备,,,龙神铠,龙神铠,human_robot_icon_atlas_0,42603004,42603160,604
103000156,42613156,0,0,1,3,0,迷宫装备,,,龙神铠,龙神铠,human_robot_icon_atlas_0,42603004,42603160,604
103000157,42613157,0,0,1,3,0,迷宫装备,,,龙神铠,龙神铠,human_robot_icon_atlas_0,42603004,42603160,604
103000158,42613158,0,0,1,3,0,迷宫装备,,,龙神铠,龙神铠,human_robot_icon_atlas_0,42603004,42603160,604
103000159,42613159,0,0,1,3,0,迷宫装备,,,龙神铠,龙神铠,human_robot_icon_atlas_0,42603004,42603160,604
103000160,42613160,0,0,1,3,0,迷宫装备,,,龙神铠,龙神铠,human_robot_icon_atlas_0,42603004,42603160,604
106000001,42616001,0,0,1,6,0,迷宫装备,,,布鞋,铁履,human_robot_icon_atlas_0,42606001,42606010,601
106000002,42616002,0,0,1,6,0,迷宫装备,,,布鞋,青钢履,human_robot_icon_atlas_0,42606002,42606010,601
106000003,42616003,0,0,1,6,0,迷宫装备,,,布鞋,流云履,human_robot_icon_atlas_0,42606003,42606010,601
106000004,42616004,0,0,1,6,0,迷宫装备,,,布鞋,飞虹履,human_robot_icon_atlas_0,42606004,42606010,601
106000005,42616005,0,0,1,6,0,迷宫装备,,,布鞋,飞虹履,human_robot_icon_atlas_0,42606004,42606010,601
106000006,42616006,0,0,1,6,0,迷宫装备,,,布鞋,飞虹履,human_robot_icon_atlas_0,42606004,42606010,601
106000007,42616007,0,0,1,6,0,迷宫装备,,,布鞋,飞虹履,human_robot_icon_atlas_0,42606004,42606010,601
106000008,42616008,0,0,1,6,0,迷宫装备,,,布鞋,飞虹履,human_robot_icon_atlas_0,42606004,42606010,601
106000009,42616009,0,0,1,6,0,迷宫装备,,,布鞋,飞虹履,human_robot_icon_atlas_0,42606004,42606010,601
106000010,42616010,0,0,1,6,0,迷宫装备,,,布鞋,飞虹履,human_robot_icon_atlas_0,42606004,42606010,601
106000011,42616011,0,0,1,6,0,迷宫装备,,,铁履,铁履,human_robot_icon_atlas_0,42606004,42606020,601
106000012,42616012,0,0,1,6,0,迷宫装备,,,铁履,铁履,human_robot_icon_atlas_0,42606004,42606020,601
106000013,42616013,0,0,1,6,0,迷宫装备,,,铁履,铁履,human_robot_icon_atlas_0,42606004,42606020,601
106000014,42616014,0,0,1,6,0,迷宫装备,,,铁履,铁履,human_robot_icon_atlas_0,42606004,42606020,601
106000015,42616015,0,0,1,6,0,迷宫装备,,,铁履,铁履,human_robot_icon_atlas_0,42606004,42606020,601
106000016,42616016,0,0,1,6,0,迷宫装备,,,铁履,铁履,human_robot_icon_atlas_0,42606004,42606020,601
106000017,42616017,0,0,1,6,0,迷宫装备,,,铁履,铁履,human_robot_icon_atlas_0,42606004,42606020,601
106000018,42616018,0,0,1,6,0,迷宫装备,,,铁履,铁履,human_robot_icon_atlas_0,42606004,42606020,601
106000019,42616019,0,0,1,6,0,迷宫装备,,,铁履,铁履,human_robot_icon_atlas_0,42606004,42606020,601
106000020,42616020,0,0,1,6,0,迷宫装备,,,铁履,铁履,human_robot_icon_atlas_0,42606004,42606020,601
106000021,42616021,0,0,1,6,0,迷宫装备,,,青钢履,青钢履,human_robot_icon_atlas_0,42606004,42606030,601
106000022,42616022,0,0,1,6,0,迷宫装备,,,青钢履,青钢履,human_robot_icon_atlas_0,42606004,42606030,601
106000023,42616023,0,0,1,6,0,迷宫装备,,,青钢履,青钢履,human_robot_icon_atlas_0,42606004,42606030,601
106000024,42616024,0,0,1,6,0,迷宫装备,,,青钢履,青钢履,human_robot_icon_atlas_0,42606004,42606030,601
106000025,42616025,0,0,1,6,0,迷宫装备,,,青钢履,青钢履,human_robot_icon_atlas_0,42606004,42606030,601
106000026,42616026,0,0,1,6,0,迷宫装备,,,青钢履,青钢履,human_robot_icon_atlas_0,42606004,42606030,601
106000027,42616027,0,0,1,6,0,迷宫装备,,,青钢履,青钢履,human_robot_icon_atlas_0,42606004,42606030,601
106000028,42616028,0,0,1,6,0,迷宫装备,,,青钢履,青钢履,human_robot_icon_atlas_0,42606004,42606030,601
106000029,42616029,0,0,1,6,0,迷宫装备,,,青钢履,青钢履,human_robot_icon_atlas_0,42606004,42606030,601
106000030,42616030,0,0,1,6,0,迷宫装备,,,青钢履,青钢履,human_robot_icon_atlas_0,42606004,42606030,601
106000031,42616031,0,0,1,6,0,迷宫装备,,,流云履,流云履,human_robot_icon_atlas_0,42606004,42606040,601
106000032,42616032,0,0,1,6,0,迷宫装备,,,流云履,流云履,human_robot_icon_atlas_0,42606004,42606040,601
106000033,42616033,0,0,1,6,0,迷宫装备,,,流云履,流云履,human_robot_icon_atlas_0,42606004,42606040,601
106000034,42616034,0,0,1,6,0,迷宫装备,,,流云履,流云履,human_robot_icon_atlas_0,42606004,42606040,601
106000035,42616035,0,0,1,6,0,迷宫装备,,,流云履,流云履,human_robot_icon_atlas_0,42606004,42606040,601
106000036,42616036,0,0,1,6,0,迷宫装备,,,流云履,流云履,human_robot_icon_atlas_0,42606004,42606040,601
106000037,42616037,0,0,1,6,0,迷宫装备,,,流云履,流云履,human_robot_icon_atlas_0,42606004,42606040,601
106000038,42616038,0,0,1,6,0,迷宫装备,,,流云履,流云履,human_robot_icon_atlas_0,42606004,42606040,601
106000039,42616039,0,0,1,6,0,迷宫装备,,,流云履,流云履,human_robot_icon_atlas_0,42606004,42606040,601
106000040,42616040,0,0,1,6,0,迷宫装备,,,流云履,流云履,human_robot_icon_atlas_0,42606004,42606040,601
106000041,42616041,0,0,1,6,0,迷宫装备,,,飞虹履,飞虹履,human_robot_icon_atlas_0,42606004,42606050,601
106000042,42616042,0,0,1,6,0,迷宫装备,,,飞虹履,飞虹履,human_robot_icon_atlas_0,42606004,42606050,601
106000043,42616043,0,0,1,6,0,迷宫装备,,,飞虹履,飞虹履,human_robot_icon_atlas_0,42606004,42606050,601
106000044,42616044,0,0,1,6,0,迷宫装备,,,飞虹履,飞虹履,human_robot_icon_atlas_0,42606004,42606050,601
106000045,42616045,0,0,1,6,0,迷宫装备,,,飞虹履,飞虹履,human_robot_icon_atlas_0,42606004,42606050,601
106000046,42616046,0,0,1,6,0,迷宫装备,,,飞虹履,飞虹履,human_robot_icon_atlas_0,42606004,42606050,601
106000047,42616047,0,0,1,6,0,迷宫装备,,,飞虹履,飞虹履,human_robot_icon_atlas_0,42606004,42606050,601
106000048,42616048,0,0,1,6,0,迷宫装备,,,飞虹履,飞虹履,human_robot_icon_atlas_0,42606004,42606050,601
106000049,42616049,0,0,1,6,0,迷宫装备,,,飞虹履,飞虹履,human_robot_icon_atlas_0,42606004,42606050,601
106000050,42616050,0,0,1,6,0,迷宫装备,,,飞虹履,飞虹履,human_robot_icon_atlas_0,42606004,42606050,601
106000051,42616051,0,0,1,6,0,迷宫装备,,,紫金履,紫金履,human_robot_icon_atlas_0,42606004,42606060,601
106000052,42616052,0,0,1,6,0,迷宫装备,,,紫金履,紫金履,human_robot_icon_atlas_0,42606004,42606060,601
106000053,42616053,0,0,1,6,0,迷宫装备,,,紫金履,紫金履,human_robot_icon_atlas_0,42606004,42606060,601
106000054,42616054,0,0,1,6,0,迷宫装备,,,紫金履,紫金履,human_robot_icon_atlas_0,42606004,42606060,601
106000055,42616055,0,0,1,6,0,迷宫装备,,,紫金履,紫金履,human_robot_icon_atlas_0,42606004,42606060,601
106000056,42616056,0,0,1,6,0,迷宫装备,,,紫金履,紫金履,human_robot_icon_atlas_0,42606004,42606060,601
106000057,42616057,0,0,1,6,0,迷宫装备,,,紫金履,紫金履,human_robot_icon_atlas_0,42606004,42606060,601
106000058,42616058,0,0,1,6,0,迷宫装备,,,紫金履,紫金履,human_robot_icon_atlas_0,42606004,42606060,601
106000059,42616059,0,0,1,6,0,迷宫装备,,,紫金履,紫金履,human_robot_icon_atlas_0,42606004,42606060,601
106000060,42616060,0,0,1,6,0,迷宫装备,,,紫金履,紫金履,human_robot_icon_atlas_0,42606004,42606060,601
106000061,42616061,0,0,1,6,0,迷宫装备,,,巨神履,巨神履,human_robot_icon_atlas_0,42606004,42606070,601
106000062,42616062,0,0,1,6,0,迷宫装备,,,巨神履,巨神履,human_robot_icon_atlas_0,42606004,42606070,601
106000063,42616063,0,0,1,6,0,迷宫装备,,,巨神履,巨神履,human_robot_icon_atlas_0,42606004,42606070,601
106000064,42616064,0,0,1,6,0,迷宫装备,,,巨神履,巨神履,human_robot_icon_atlas_0,42606004,42606070,601
106000065,42616065,0,0,1,6,0,迷宫装备,,,巨神履,巨神履,human_robot_icon_atlas_0,42606004,42606070,601
106000066,42616066,0,0,1,6,0,迷宫装备,,,巨神履,巨神履,human_robot_icon_atlas_0,42606004,42606070,601
106000067,42616067,0,0,1,6,0,迷宫装备,,,巨神履,巨神履,human_robot_icon_atlas_0,42606004,42606070,601
106000068,42616068,0,0,1,6,0,迷宫装备,,,巨神履,巨神履,human_robot_icon_atlas_0,42606004,42606070,601
106000069,42616069,0,0,1,6,0,迷宫装备,,,巨神履,巨神履,human_robot_icon_atlas_0,42606004,42606070,601
106000070,42616070,0,0,1,6,0,迷宫装备,,,巨神履,巨神履,human_robot_icon_atlas_0,42606004,42606070,601
106000071,42616071,0,0,1,6,0,迷宫装备,,,天罡履,天罡履,human_robot_icon_atlas_0,42606004,42606080,601
106000072,42616072,0,0,1,6,0,迷宫装备,,,天罡履,天罡履,human_robot_icon_atlas_0,42606004,42606080,601
106000073,42616073,0,0,1,6,0,迷宫装备,,,天罡履,天罡履,human_robot_icon_atlas_0,42606004,42606080,601
106000074,42616074,0,0,1,6,0,迷宫装备,,,天罡履,天罡履,human_robot_icon_atlas_0,42606004,42606080,601
106000075,42616075,0,0,1,6,0,迷宫装备,,,天罡履,天罡履,human_robot_icon_atlas_0,42606004,42606080,601
106000076,42616076,0,0,1,6,0,迷宫装备,,,天罡履,天罡履,human_robot_icon_atlas_0,42606004,42606080,601
106000077,42616077,0,0,1,6,0,迷宫装备,,,天罡履,天罡履,human_robot_icon_atlas_0,42606004,42606080,601
106000078,42616078,0,0,1,6,0,迷宫装备,,,天罡履,天罡履,human_robot_icon_atlas_0,42606004,42606080,601
106000079,42616079,0,0,1,6,0,迷宫装备,,,天罡履,天罡履,human_robot_icon_atlas_0,42606004,42606080,601
106000080,42616080,0,0,1,6,0,迷宫装备,,,天罡履,天罡履,human_robot_icon_atlas_0,42606004,42606080,601
106000081,42616081,0,0,1,6,0,迷宫装备,,,雷神履,雷神履,human_robot_icon_atlas_0,42606004,42606090,601
106000082,42616082,0,0,1,6,0,迷宫装备,,,雷神履,雷神履,human_robot_icon_atlas_0,42606004,42606090,601
106000083,42616083,0,0,1,6,0,迷宫装备,,,雷神履,雷神履,human_robot_icon_atlas_0,42606004,42606090,601
106000084,42616084,0,0,1,6,0,迷宫装备,,,雷神履,雷神履,human_robot_icon_atlas_0,42606004,42606090,601
106000085,42616085,0,0,1,6,0,迷宫装备,,,雷神履,雷神履,human_robot_icon_atlas_0,42606004,42606090,601
106000086,42616086,0,0,1,6,0,迷宫装备,,,雷神履,雷神履,human_robot_icon_atlas_0,42606004,42606090,601
106000087,42616087,0,0,1,6,0,迷宫装备,,,雷神履,雷神履,human_robot_icon_atlas_0,42606004,42606090,601
106000088,42616088,0,0,1,6,0,迷宫装备,,,雷神履,雷神履,human_robot_icon_atlas_0,42606004,42606090,601
106000089,42616089,0,0,1,6,0,迷宫装备,,,雷神履,雷神履,human_robot_icon_atlas_0,42606004,42606090,601
106000090,42616090,0,0,1,6,0,迷宫装备,,,雷神履,雷神履,human_robot_icon_atlas_0,42606004,42606090,601
106000091,42616091,0,0,1,6,0,迷宫装备,,,狮吼履,狮吼履,human_robot_icon_atlas_0,42606004,42606100,601
106000092,42616092,0,0,1,6,0,迷宫装备,,,狮吼履,狮吼履,human_robot_icon_atlas_0,42606004,42606100,601
106000093,42616093,0,0,1,6,0,迷宫装备,,,狮吼履,狮吼履,human_robot_icon_atlas_0,42606004,42606100,601
106000094,42616094,0,0,1,6,0,迷宫装备,,,狮吼履,狮吼履,human_robot_icon_atlas_0,42606004,42606100,601
106000095,42616095,0,0,1,6,0,迷宫装备,,,狮吼履,狮吼履,human_robot_icon_atlas_0,42606004,42606100,601
106000096,42616096,0,0,1,6,0,迷宫装备,,,狮吼履,狮吼履,human_robot_icon_atlas_0,42606004,42606100,601
106000097,42616097,0,0,1,6,0,迷宫装备,,,狮吼履,狮吼履,human_robot_icon_atlas_0,42606004,42606100,601
106000098,42616098,0,0,1,6,0,迷宫装备,,,狮吼履,狮吼履,human_robot_icon_atlas_0,42606004,42606100,601
106000099,42616099,0,0,1,6,0,迷宫装备,,,狮吼履,狮吼履,human_robot_icon_atlas_0,42606004,42606100,601
106000100,42616100,0,0,1,6,0,迷宫装备,,,狮吼履,狮吼履,human_robot_icon_atlas_0,42606004,42606100,601
106000101,42616101,0,0,1,6,0,迷宫装备,,,灵蛇履,灵蛇履,human_robot_icon_atlas_0,42606004,42606110,601
106000102,42616102,0,0,1,6,0,迷宫装备,,,灵蛇履,灵蛇履,human_robot_icon_atlas_0,42606004,42606110,601
106000103,42616103,0,0,1,6,0,迷宫装备,,,灵蛇履,灵蛇履,human_robot_icon_atlas_0,42606004,42606110,601
106000104,42616104,0,0,1,6,0,迷宫装备,,,灵蛇履,灵蛇履,human_robot_icon_atlas_0,42606004,42606110,601
106000105,42616105,0,0,1,6,0,迷宫装备,,,灵蛇履,灵蛇履,human_robot_icon_atlas_0,42606004,42606110,601
106000106,42616106,0,0,1,6,0,迷宫装备,,,灵蛇履,灵蛇履,human_robot_icon_atlas_0,42606004,42606110,601
106000107,42616107,0,0,1,6,0,迷宫装备,,,灵蛇履,灵蛇履,human_robot_icon_atlas_0,42606004,42606110,601
106000108,42616108,0,0,1,6,0,迷宫装备,,,灵蛇履,灵蛇履,human_robot_icon_atlas_0,42606004,42606110,601
106000109,42616109,0,0,1,6,0,迷宫装备,,,灵蛇履,灵蛇履,human_robot_icon_atlas_0,42606004,42606110,601
106000110,42616110,0,0,1,6,0,迷宫装备,,,灵蛇履,灵蛇履,human_robot_icon_atlas_0,42606004,42606110,601
106000111,42616111,0,0,1,6,0,迷宫装备,,,朱雀履,朱雀履,human_robot_icon_atlas_0,42606004,42606120,601
106000112,42616112,0,0,1,6,0,迷宫装备,,,朱雀履,朱雀履,human_robot_icon_atlas_0,42606004,42606120,601
106000113,42616113,0,0,1,6,0,迷宫装备,,,朱雀履,朱雀履,human_robot_icon_atlas_0,42606004,42606120,601
106000114,42616114,0,0,1,6,0,迷宫装备,,,朱雀履,朱雀履,human_robot_icon_atlas_0,42606004,42606120,601
106000115,42616115,0,0,1,6,0,迷宫装备,,,朱雀履,朱雀履,human_robot_icon_atlas_0,42606004,42606120,601
106000116,42616116,0,0,1,6,0,迷宫装备,,,朱雀履,朱雀履,human_robot_icon_atlas_0,42606004,42606120,601
106000117,42616117,0,0,1,6,0,迷宫装备,,,朱雀履,朱雀履,human_robot_icon_atlas_0,42606004,42606120,601
106000118,42616118,0,0,1,6,0,迷宫装备,,,朱雀履,朱雀履,human_robot_icon_atlas_0,42606004,42606120,601
106000119,42616119,0,0,1,6,0,迷宫装备,,,朱雀履,朱雀履,human_robot_icon_atlas_0,42606004,42606120,601
106000120,42616120,0,0,1,6,0,迷宫装备,,,朱雀履,朱雀履,human_robot_icon_atlas_0,42606004,42606120,601
106000121,42616121,0,0,1,6,0,迷宫装备,,,龙形履,龙形履,human_robot_icon_atlas_0,42606004,42606130,601
106000122,42616122,0,0,1,6,0,迷宫装备,,,龙形履,龙形履,human_robot_icon_atlas_0,42606004,42606130,601
106000123,42616123,0,0,1,6,0,迷宫装备,,,龙形履,龙形履,human_robot_icon_atlas_0,42606004,42606130,601
106000124,42616124,0,0,1,6,0,迷宫装备,,,龙形履,龙形履,human_robot_icon_atlas_0,42606004,42606130,601
106000125,42616125,0,0,1,6,0,迷宫装备,,,龙形履,龙形履,human_robot_icon_atlas_0,42606004,42606130,601
106000126,42616126,0,0,1,6,0,迷宫装备,,,龙形履,龙形履,human_robot_icon_atlas_0,42606004,42606130,601
106000127,42616127,0,0,1,6,0,迷宫装备,,,龙形履,龙形履,human_robot_icon_atlas_0,42606004,42606130,601
106000128,42616128,0,0,1,6,0,迷宫装备,,,龙形履,龙形履,human_robot_icon_atlas_0,42606004,42606130,601
106000129,42616129,0,0,1,6,0,迷宫装备,,,龙形履,龙形履,human_robot_icon_atlas_0,42606004,42606130,601
106000130,42616130,0,0,1,6,0,迷宫装备,,,龙形履,龙形履,human_robot_icon_atlas_0,42606004,42606130,601
106000131,42616131,0,0,1,6,0,迷宫装备,,,龙王履,龙王履,human_robot_icon_atlas_0,42606004,42606140,601
106000132,42616132,0,0,1,6,0,迷宫装备,,,龙王履,龙王履,human_robot_icon_atlas_0,42606004,42606140,601
106000133,42616133,0,0,1,6,0,迷宫装备,,,龙王履,龙王履,human_robot_icon_atlas_0,42606004,42606140,601
106000134,42616134,0,0,1,6,0,迷宫装备,,,龙王履,龙王履,human_robot_icon_atlas_0,42606004,42606140,601
106000135,42616135,0,0,1,6,0,迷宫装备,,,龙王履,龙王履,human_robot_icon_atlas_0,42606004,42606140,601
106000136,42616136,0,0,1,6,0,迷宫装备,,,龙王履,龙王履,human_robot_icon_atlas_0,42606004,42606140,601
106000137,42616137,0,0,1,6,0,迷宫装备,,,龙王履,龙王履,human_robot_icon_atlas_0,42606004,42606140,601
106000138,42616138,0,0,1,6,0,迷宫装备,,,龙王履,龙王履,human_robot_icon_atlas_0,42606004,42606140,601
106000139,42616139,0,0,1,6,0,迷宫装备,,,龙王履,龙王履,human_robot_icon_atlas_0,42606004,42606140,601
106000140,42616140,0,0,1,6,0,迷宫装备,,,龙王履,龙王履,human_robot_icon_atlas_0,42606004,42606140,601
106000141,42616141,0,0,1,6,0,迷宫装备,,,龙皇履,龙皇履,human_robot_icon_atlas_0,42606004,42606150,601
106000142,42616142,0,0,1,6,0,迷宫装备,,,龙皇履,龙皇履,human_robot_icon_atlas_0,42606004,42606150,601
106000143,42616143,0,0,1,6,0,迷宫装备,,,龙皇履,龙皇履,human_robot_icon_atlas_0,42606004,42606150,601
106000144,42616144,0,0,1,6,0,迷宫装备,,,龙皇履,龙皇履,human_robot_icon_atlas_0,42606004,42606150,601
106000145,42616145,0,0,1,6,0,迷宫装备,,,龙皇履,龙皇履,human_robot_icon_atlas_0,42606004,42606150,601
106000146,42616146,0,0,1,6,0,迷宫装备,,,龙皇履,龙皇履,human_robot_icon_atlas_0,42606004,42606150,601
106000147,42616147,0,0,1,6,0,迷宫装备,,,龙皇履,龙皇履,human_robot_icon_atlas_0,42606004,42606150,601
106000148,42616148,0,0,1,6,0,迷宫装备,,,龙皇履,龙皇履,human_robot_icon_atlas_0,42606004,42606150,601
106000149,42616149,0,0,1,6,0,迷宫装备,,,龙皇履,龙皇履,human_robot_icon_atlas_0,42606004,42606150,601
106000150,42616150,0,0,1,6,0,迷宫装备,,,龙皇履,龙皇履,human_robot_icon_atlas_0,42606004,42606150,601
106000151,42616151,0,0,1,6,0,迷宫装备,,,龙神履,龙神履,human_robot_icon_atlas_0,42606004,42606160,601
106000152,42616152,0,0,1,6,0,迷宫装备,,,龙神履,龙神履,human_robot_icon_atlas_0,42606004,42606160,601
106000153,42616153,0,0,1,6,0,迷宫装备,,,龙神履,龙神履,human_robot_icon_atlas_0,42606004,42606160,601
106000154,42616154,0,0,1,6,0,迷宫装备,,,龙神履,龙神履,human_robot_icon_atlas_0,42606004,42606160,601
106000155,42616155,0,0,1,6,0,迷宫装备,,,龙神履,龙神履,human_robot_icon_atlas_0,42606004,42606160,601
106000156,42616156,0,0,1,6,0,迷宫装备,,,龙神履,龙神履,human_robot_icon_atlas_0,42606004,42606160,601
106000157,42616157,0,0,1,6,0,迷宫装备,,,龙神履,龙神履,human_robot_icon_atlas_0,42606004,42606160,601
106000158,42616158,0,0,1,6,0,迷宫装备,,,龙神履,龙神履,human_robot_icon_atlas_0,42606004,42606160,601
106000159,42616159,0,0,1,6,0,迷宫装备,,,龙神履,龙神履,human_robot_icon_atlas_0,42606004,42606160,601
106000160,42616160,0,0,1,6,0,迷宫装备,,,龙神履,龙神履,human_robot_icon_atlas_0,42606004,42606160,601
302000001,42632001,0,0,3,2,0,迷宫装备,,,布冠,铁冠,human_robot_icon_atlas_0,42602001,42602010,603
302000002,42632002,0,0,3,2,0,迷宫装备,,,布冠,青钢冠,human_robot_icon_atlas_0,42602002,42602010,603
302000003,42632003,0,0,3,2,0,迷宫装备,,,布冠,流云冠,human_robot_icon_atlas_0,42602003,42602010,603
302000004,42632004,0,0,3,2,0,迷宫装备,,,布冠,飞虹冠,human_robot_icon_atlas_0,42602004,42602010,603
302000005,42632005,0,0,3,2,0,迷宫装备,,,布冠,飞虹冠,human_robot_icon_atlas_0,42602004,42602010,603
302000006,42632006,0,0,3,2,0,迷宫装备,,,布冠,飞虹冠,human_robot_icon_atlas_0,42602004,42602010,603
302000007,42632007,0,0,3,2,0,迷宫装备,,,布冠,飞虹冠,human_robot_icon_atlas_0,42602004,42602010,603
302000008,42632008,0,0,3,2,0,迷宫装备,,,布冠,飞虹冠,human_robot_icon_atlas_0,42602004,42602010,603
302000009,42632009,0,0,3,2,0,迷宫装备,,,布冠,飞虹冠,human_robot_icon_atlas_0,42602004,42602010,603
302000010,42632010,0,0,3,2,0,迷宫装备,,,布冠,飞虹冠,human_robot_icon_atlas_0,42602004,42602010,603
302000011,42632011,0,0,3,2,0,迷宫装备,,,铁头冠,铁头冠,human_robot_icon_atlas_0,42602004,42602020,603
302000012,42632012,0,0,3,2,0,迷宫装备,,,铁头冠,铁头冠,human_robot_icon_atlas_0,42602004,42602020,603
302000013,42632013,0,0,3,2,0,迷宫装备,,,铁头冠,铁头冠,human_robot_icon_atlas_0,42602004,42602020,603
302000014,42632014,0,0,3,2,0,迷宫装备,,,铁头冠,铁头冠,human_robot_icon_atlas_0,42602004,42602020,603
302000015,42632015,0,0,3,2,0,迷宫装备,,,铁头冠,铁头冠,human_robot_icon_atlas_0,42602004,42602020,603
302000016,42632016,0,0,3,2,0,迷宫装备,,,铁头冠,铁头冠,human_robot_icon_atlas_0,42602004,42602020,603
302000017,42632017,0,0,3,2,0,迷宫装备,,,铁头冠,铁头冠,human_robot_icon_atlas_0,42602004,42602020,603
302000018,42632018,0,0,3,2,0,迷宫装备,,,铁头冠,铁头冠,human_robot_icon_atlas_0,42602004,42602020,603
302000019,42632019,0,0,3,2,0,迷宫装备,,,铁头冠,铁头冠,human_robot_icon_atlas_0,42602004,42602020,603
302000020,42632020,0,0,3,2,0,迷宫装备,,,铁头冠,铁头冠,human_robot_icon_atlas_0,42602004,42602020,603
302000021,42632021,0,0,3,2,0,迷宫装备,,,青钢头冠,青钢头冠,human_robot_icon_atlas_0,42602004,42602030,603
302000022,42632022,0,0,3,2,0,迷宫装备,,,青钢头冠,青钢头冠,human_robot_icon_atlas_0,42602004,42602030,603
302000023,42632023,0,0,3,2,0,迷宫装备,,,青钢头冠,青钢头冠,human_robot_icon_atlas_0,42602004,42602030,603
302000024,42632024,0,0,3,2,0,迷宫装备,,,青钢头冠,青钢头冠,human_robot_icon_atlas_0,42602004,42602030,603
302000025,42632025,0,0,3,2,0,迷宫装备,,,青钢头冠,青钢头冠,human_robot_icon_atlas_0,42602004,42602030,603
302000026,42632026,0,0,3,2,0,迷宫装备,,,青钢头冠,青钢头冠,human_robot_icon_atlas_0,42602004,42602030,603
302000027,42632027,0,0,3,2,0,迷宫装备,,,青钢头冠,青钢头冠,human_robot_icon_atlas_0,42602004,42602030,603
302000028,42632028,0,0,3,2,0,迷宫装备,,,青钢头冠,青钢头冠,human_robot_icon_atlas_0,42602004,42602030,603
302000029,42632029,0,0,3,2,0,迷宫装备,,,青钢头冠,青钢头冠,human_robot_icon_atlas_0,42602004,42602030,603
302000030,42632030,0,0,3,2,0,迷宫装备,,,青钢头冠,青钢头冠,human_robot_icon_atlas_0,42602004,42602030,603
302000031,42632031,0,0,3,2,0,迷宫装备,,,流云头冠,流云头冠,human_robot_icon_atlas_0,42602004,42602040,603
302000032,42632032,0,0,3,2,0,迷宫装备,,,流云头冠,流云头冠,human_robot_icon_atlas_0,42602004,42602040,603
302000033,42632033,0,0,3,2,0,迷宫装备,,,流云头冠,流云头冠,human_robot_icon_atlas_0,42602004,42602040,603
302000034,42632034,0,0,3,2,0,迷宫装备,,,流云头冠,流云头冠,human_robot_icon_atlas_0,42602004,42602040,603
302000035,42632035,0,0,3,2,0,迷宫装备,,,流云头冠,流云头冠,human_robot_icon_atlas_0,42602004,42602040,603
302000036,42632036,0,0,3,2,0,迷宫装备,,,流云头冠,流云头冠,human_robot_icon_atlas_0,42602004,42602040,603
302000037,42632037,0,0,3,2,0,迷宫装备,,,流云头冠,流云头冠,human_robot_icon_atlas_0,42602004,42602040,603
302000038,42632038,0,0,3,2,0,迷宫装备,,,流云头冠,流云头冠,human_robot_icon_atlas_0,42602004,42602040,603
302000039,42632039,0,0,3,2,0,迷宫装备,,,流云头冠,流云头冠,human_robot_icon_atlas_0,42602004,42602040,603
302000040,42632040,0,0,3,2,0,迷宫装备,,,流云头冠,流云头冠,human_robot_icon_atlas_0,42602004,42602040,603
302000041,42632041,0,0,3,2,0,迷宫装备,,,飞虹头冠,飞虹头冠,human_robot_icon_atlas_0,42602004,42602050,603
302000042,42632042,0,0,3,2,0,迷宫装备,,,飞虹头冠,飞虹头冠,human_robot_icon_atlas_0,42602004,42602050,603
302000043,42632043,0,0,3,2,0,迷宫装备,,,飞虹头冠,飞虹头冠,human_robot_icon_atlas_0,42602004,42602050,603
302000044,42632044,0,0,3,2,0,迷宫装备,,,飞虹头冠,飞虹头冠,human_robot_icon_atlas_0,42602004,42602050,603
302000045,42632045,0,0,3,2,0,迷宫装备,,,飞虹头冠,飞虹头冠,human_robot_icon_atlas_0,42602004,42602050,603
302000046,42632046,0,0,3,2,0,迷宫装备,,,飞虹头冠,飞虹头冠,human_robot_icon_atlas_0,42602004,42602050,603
302000047,42632047,0,0,3,2,0,迷宫装备,,,飞虹头冠,飞虹头冠,human_robot_icon_atlas_0,42602004,42602050,603
302000048,42632048,0,0,3,2,0,迷宫装备,,,飞虹头冠,飞虹头冠,human_robot_icon_atlas_0,42602004,42602050,603
302000049,42632049,0,0,3,2,0,迷宫装备,,,飞虹头冠,飞虹头冠,human_robot_icon_atlas_0,42602004,42602050,603
302000050,42632050,0,0,3,2,0,迷宫装备,,,飞虹头冠,飞虹头冠,human_robot_icon_atlas_0,42602004,42602050,603
302000051,42632051,0,0,3,2,0,迷宫装备,,,紫金头冠,紫金头冠,human_robot_icon_atlas_0,42602004,42602060,603
302000052,42632052,0,0,3,2,0,迷宫装备,,,紫金头冠,紫金头冠,human_robot_icon_atlas_0,42602004,42602060,603
302000053,42632053,0,0,3,2,0,迷宫装备,,,紫金头冠,紫金头冠,human_robot_icon_atlas_0,42602004,42602060,603
302000054,42632054,0,0,3,2,0,迷宫装备,,,紫金头冠,紫金头冠,human_robot_icon_atlas_0,42602004,42602060,603
302000055,42632055,0,0,3,2,0,迷宫装备,,,紫金头冠,紫金头冠,human_robot_icon_atlas_0,42602004,42602060,603
302000056,42632056,0,0,3,2,0,迷宫装备,,,紫金头冠,紫金头冠,human_robot_icon_atlas_0,42602004,42602060,603
302000057,42632057,0,0,3,2,0,迷宫装备,,,紫金头冠,紫金头冠,human_robot_icon_atlas_0,42602004,42602060,603
302000058,42632058,0,0,3,2,0,迷宫装备,,,紫金头冠,紫金头冠,human_robot_icon_atlas_0,42602004,42602060,603
302000059,42632059,0,0,3,2,0,迷宫装备,,,紫金头冠,紫金头冠,human_robot_icon_atlas_0,42602004,42602060,603
302000060,42632060,0,0,3,2,0,迷宫装备,,,紫金头冠,紫金头冠,human_robot_icon_atlas_0,42602004,42602060,603
302000061,42632061,0,0,3,2,0,迷宫装备,,,巨神头冠,巨神头冠,human_robot_icon_atlas_0,42602004,42602070,603
302000062,42632062,0,0,3,2,0,迷宫装备,,,巨神头冠,巨神头冠,human_robot_icon_atlas_0,42602004,42602070,603
302000063,42632063,0,0,3,2,0,迷宫装备,,,巨神头冠,巨神头冠,human_robot_icon_atlas_0,42602004,42602070,603
302000064,42632064,0,0,3,2,0,迷宫装备,,,巨神头冠,巨神头冠,human_robot_icon_atlas_0,42602004,42602070,603
302000065,42632065,0,0,3,2,0,迷宫装备,,,巨神头冠,巨神头冠,human_robot_icon_atlas_0,42602004,42602070,603
302000066,42632066,0,0,3,2,0,迷宫装备,,,巨神头冠,巨神头冠,human_robot_icon_atlas_0,42602004,42602070,603
302000067,42632067,0,0,3,2,0,迷宫装备,,,巨神头冠,巨神头冠,human_robot_icon_atlas_0,42602004,42602070,603
302000068,42632068,0,0,3,2,0,迷宫装备,,,巨神头冠,巨神头冠,human_robot_icon_atlas_0,42602004,42602070,603
302000069,42632069,0,0,3,2,0,迷宫装备,,,巨神头冠,巨神头冠,human_robot_icon_atlas_0,42602004,42602070,603
302000070,42632070,0,0,3,2,0,迷宫装备,,,巨神头冠,巨神头冠,human_robot_icon_atlas_0,42602004,42602070,603
302000071,42632071,0,0,3,2,0,迷宫装备,,,天罡头冠,天罡头冠,human_robot_icon_atlas_0,42602004,42602080,603
302000072,42632072,0,0,3,2,0,迷宫装备,,,天罡头冠,天罡头冠,human_robot_icon_atlas_0,42602004,42602080,603
302000073,42632073,0,0,3,2,0,迷宫装备,,,天罡头冠,天罡头冠,human_robot_icon_atlas_0,42602004,42602080,603
302000074,42632074,0,0,3,2,0,迷宫装备,,,天罡头冠,天罡头冠,human_robot_icon_atlas_0,42602004,42602080,603
302000075,42632075,0,0,3,2,0,迷宫装备,,,天罡头冠,天罡头冠,human_robot_icon_atlas_0,42602004,42602080,603
302000076,42632076,0,0,3,2,0,迷宫装备,,,天罡头冠,天罡头冠,human_robot_icon_atlas_0,42602004,42602080,603
302000077,42632077,0,0,3,2,0,迷宫装备,,,天罡头冠,天罡头冠,human_robot_icon_atlas_0,42602004,42602080,603
302000078,42632078,0,0,3,2,0,迷宫装备,,,天罡头冠,天罡头冠,human_robot_icon_atlas_0,42602004,42602080,603
302000079,42632079,0,0,3,2,0,迷宫装备,,,天罡头冠,天罡头冠,human_robot_icon_atlas_0,42602004,42602080,603
302000080,42632080,0,0,3,2,0,迷宫装备,,,天罡头冠,天罡头冠,human_robot_icon_atlas_0,42602004,42602080,603
302000081,42632081,0,0,3,2,0,迷宫装备,,,雷神头冠,雷神头冠,human_robot_icon_atlas_0,42602004,42602090,603
302000082,42632082,0,0,3,2,0,迷宫装备,,,雷神头冠,雷神头冠,human_robot_icon_atlas_0,42602004,42602090,603
302000083,42632083,0,0,3,2,0,迷宫装备,,,雷神头冠,雷神头冠,human_robot_icon_atlas_0,42602004,42602090,603
302000084,42632084,0,0,3,2,0,迷宫装备,,,雷神头冠,雷神头冠,human_robot_icon_atlas_0,42602004,42602090,603
302000085,42632085,0,0,3,2,0,迷宫装备,,,雷神头冠,雷神头冠,human_robot_icon_atlas_0,42602004,42602090,603
302000086,42632086,0,0,3,2,0,迷宫装备,,,雷神头冠,雷神头冠,human_robot_icon_atlas_0,42602004,42602090,603
302000087,42632087,0,0,3,2,0,迷宫装备,,,雷神头冠,雷神头冠,human_robot_icon_atlas_0,42602004,42602090,603
302000088,42632088,0,0,3,2,0,迷宫装备,,,雷神头冠,雷神头冠,human_robot_icon_atlas_0,42602004,42602090,603
302000089,42632089,0,0,3,2,0,迷宫装备,,,雷神头冠,雷神头冠,human_robot_icon_atlas_0,42602004,42602090,603
302000090,42632090,0,0,3,2,0,迷宫装备,,,雷神头冠,雷神头冠,human_robot_icon_atlas_0,42602004,42602090,603
302000091,42632091,0,0,3,2,0,迷宫装备,,,狮吼头冠,狮吼头冠,human_robot_icon_atlas_0,42602004,42602100,603
302000092,42632092,0,0,3,2,0,迷宫装备,,,狮吼头冠,狮吼头冠,human_robot_icon_atlas_0,42602004,42602100,603
302000093,42632093,0,0,3,2,0,迷宫装备,,,狮吼头冠,狮吼头冠,human_robot_icon_atlas_0,42602004,42602100,603
302000094,42632094,0,0,3,2,0,迷宫装备,,,狮吼头冠,狮吼头冠,human_robot_icon_atlas_0,42602004,42602100,603
302000095,42632095,0,0,3,2,0,迷宫装备,,,狮吼头冠,狮吼头冠,human_robot_icon_atlas_0,42602004,42602100,603
302000096,42632096,0,0,3,2,0,迷宫装备,,,狮吼头冠,狮吼头冠,human_robot_icon_atlas_0,42602004,42602100,603
302000097,42632097,0,0,3,2,0,迷宫装备,,,狮吼头冠,狮吼头冠,human_robot_icon_atlas_0,42602004,42602100,603
302000098,42632098,0,0,3,2,0,迷宫装备,,,狮吼头冠,狮吼头冠,human_robot_icon_atlas_0,42602004,42602100,603
302000099,42632099,0,0,3,2,0,迷宫装备,,,狮吼头冠,狮吼头冠,human_robot_icon_atlas_0,42602004,42602100,603
302000100,42632100,0,0,3,2,0,迷宫装备,,,狮吼头冠,狮吼头冠,human_robot_icon_atlas_0,42602004,42602100,603
302000101,42632101,0,0,3,2,0,迷宫装备,,,灵蛇头冠,灵蛇头冠,human_robot_icon_atlas_0,42602004,42602110,603
302000102,42632102,0,0,3,2,0,迷宫装备,,,灵蛇头冠,灵蛇头冠,human_robot_icon_atlas_0,42602004,42602110,603
302000103,42632103,0,0,3,2,0,迷宫装备,,,灵蛇头冠,灵蛇头冠,human_robot_icon_atlas_0,42602004,42602110,603
302000104,42632104,0,0,3,2,0,迷宫装备,,,灵蛇头冠,灵蛇头冠,human_robot_icon_atlas_0,42602004,42602110,603
302000105,42632105,0,0,3,2,0,迷宫装备,,,灵蛇头冠,灵蛇头冠,human_robot_icon_atlas_0,42602004,42602110,603
302000106,42632106,0,0,3,2,0,迷宫装备,,,灵蛇头冠,灵蛇头冠,human_robot_icon_atlas_0,42602004,42602110,603
302000107,42632107,0,0,3,2,0,迷宫装备,,,灵蛇头冠,灵蛇头冠,human_robot_icon_atlas_0,42602004,42602110,603
302000108,42632108,0,0,3,2,0,迷宫装备,,,灵蛇头冠,灵蛇头冠,human_robot_icon_atlas_0,42602004,42602110,603
302000109,42632109,0,0,3,2,0,迷宫装备,,,灵蛇头冠,灵蛇头冠,human_robot_icon_atlas_0,42602004,42602110,603
302000110,42632110,0,0,3,2,0,迷宫装备,,,灵蛇头冠,灵蛇头冠,human_robot_icon_atlas_0,42602004,42602110,603
302000111,42632111,0,0,3,2,0,迷宫装备,,,朱雀头冠,朱雀头冠,human_robot_icon_atlas_0,42602004,42602120,603
302000112,42632112,0,0,3,2,0,迷宫装备,,,朱雀头冠,朱雀头冠,human_robot_icon_atlas_0,42602004,42602120,603
302000113,42632113,0,0,3,2,0,迷宫装备,,,朱雀头冠,朱雀头冠,human_robot_icon_atlas_0,42602004,42602120,603
302000114,42632114,0,0,3,2,0,迷宫装备,,,朱雀头冠,朱雀头冠,human_robot_icon_atlas_0,42602004,42602120,603
302000115,42632115,0,0,3,2,0,迷宫装备,,,朱雀头冠,朱雀头冠,human_robot_icon_atlas_0,42602004,42602120,603
302000116,42632116,0,0,3,2,0,迷宫装备,,,朱雀头冠,朱雀头冠,human_robot_icon_atlas_0,42602004,42602120,603
302000117,42632117,0,0,3,2,0,迷宫装备,,,朱雀头冠,朱雀头冠,human_robot_icon_atlas_0,42602004,42602120,603
302000118,42632118,0,0,3,2,0,迷宫装备,,,朱雀头冠,朱雀头冠,human_robot_icon_atlas_0,42602004,42602120,603
302000119,42632119,0,0,3,2,0,迷宫装备,,,朱雀头冠,朱雀头冠,human_robot_icon_atlas_0,42602004,42602120,603
302000120,42632120,0,0,3,2,0,迷宫装备,,,朱雀头冠,朱雀头冠,human_robot_icon_atlas_0,42602004,42602120,603
302000121,42632121,0,0,3,2,0,迷宫装备,,,龙形头冠,龙形头冠,human_robot_icon_atlas_0,42602004,42602130,603
302000122,42632122,0,0,3,2,0,迷宫装备,,,龙形头冠,龙形头冠,human_robot_icon_atlas_0,42602004,42602130,603
302000123,42632123,0,0,3,2,0,迷宫装备,,,龙形头冠,龙形头冠,human_robot_icon_atlas_0,42602004,42602130,603
302000124,42632124,0,0,3,2,0,迷宫装备,,,龙形头冠,龙形头冠,human_robot_icon_atlas_0,42602004,42602130,603
302000125,42632125,0,0,3,2,0,迷宫装备,,,龙形头冠,龙形头冠,human_robot_icon_atlas_0,42602004,42602130,603
302000126,42632126,0,0,3,2,0,迷宫装备,,,龙形头冠,龙形头冠,human_robot_icon_atlas_0,42602004,42602130,603
302000127,42632127,0,0,3,2,0,迷宫装备,,,龙形头冠,龙形头冠,human_robot_icon_atlas_0,42602004,42602130,603
302000128,42632128,0,0,3,2,0,迷宫装备,,,龙形头冠,龙形头冠,human_robot_icon_atlas_0,42602004,42602130,603
302000129,42632129,0,0,3,2,0,迷宫装备,,,龙形头冠,龙形头冠,human_robot_icon_atlas_0,42602004,42602130,603
302000130,42632130,0,0,3,2,0,迷宫装备,,,龙形头冠,龙形头冠,human_robot_icon_atlas_0,42602004,42602130,603
302000131,42632131,0,0,3,2,0,迷宫装备,,,龙王头冠,龙王头冠,human_robot_icon_atlas_0,42602004,42602140,603
302000132,42632132,0,0,3,2,0,迷宫装备,,,龙王头冠,龙王头冠,human_robot_icon_atlas_0,42602004,42602140,603
302000133,42632133,0,0,3,2,0,迷宫装备,,,龙王头冠,龙王头冠,human_robot_icon_atlas_0,42602004,42602140,603
302000134,42632134,0,0,3,2,0,迷宫装备,,,龙王头冠,龙王头冠,human_robot_icon_atlas_0,42602004,42602140,603
302000135,42632135,0,0,3,2,0,迷宫装备,,,龙王头冠,龙王头冠,human_robot_icon_atlas_0,42602004,42602140,603
302000136,42632136,0,0,3,2,0,迷宫装备,,,龙王头冠,龙王头冠,human_robot_icon_atlas_0,42602004,42602140,603
302000137,42632137,0,0,3,2,0,迷宫装备,,,龙王头冠,龙王头冠,human_robot_icon_atlas_0,42602004,42602140,603
302000138,42632138,0,0,3,2,0,迷宫装备,,,龙王头冠,龙王头冠,human_robot_icon_atlas_0,42602004,42602140,603
302000139,42632139,0,0,3,2,0,迷宫装备,,,龙王头冠,龙王头冠,human_robot_icon_atlas_0,42602004,42602140,603
302000140,42632140,0,0,3,2,0,迷宫装备,,,龙王头冠,龙王头冠,human_robot_icon_atlas_0,42602004,42602140,603
302000141,42632141,0,0,3,2,0,迷宫装备,,,龙皇头冠,龙皇头冠,human_robot_icon_atlas_0,42602004,42602150,603
302000142,42632142,0,0,3,2,0,迷宫装备,,,龙皇头冠,龙皇头冠,human_robot_icon_atlas_0,42602004,42602150,603
302000143,42632143,0,0,3,2,0,迷宫装备,,,龙皇头冠,龙皇头冠,human_robot_icon_atlas_0,42602004,42602150,603
302000144,42632144,0,0,3,2,0,迷宫装备,,,龙皇头冠,龙皇头冠,human_robot_icon_atlas_0,42602004,42602150,603
302000145,42632145,0,0,3,2,0,迷宫装备,,,龙皇头冠,龙皇头冠,human_robot_icon_atlas_0,42602004,42602150,603
302000146,42632146,0,0,3,2,0,迷宫装备,,,龙皇头冠,龙皇头冠,human_robot_icon_atlas_0,42602004,42602150,603
302000147,42632147,0,0,3,2,0,迷宫装备,,,龙皇头冠,龙皇头冠,human_robot_icon_atlas_0,42602004,42602150,603
302000148,42632148,0,0,3,2,0,迷宫装备,,,龙皇头冠,龙皇头冠,human_robot_icon_atlas_0,42602004,42602150,603
302000149,42632149,0,0,3,2,0,迷宫装备,,,龙皇头冠,龙皇头冠,human_robot_icon_atlas_0,42602004,42602150,603
302000150,42632150,0,0,3,2,0,迷宫装备,,,龙皇头冠,龙皇头冠,human_robot_icon_atlas_0,42602004,42602150,603
302000151,42632151,0,0,3,2,0,迷宫装备,,,龙神头冠,龙神头冠,human_robot_icon_atlas_0,42602004,42602160,603
302000152,42632152,0,0,3,2,0,迷宫装备,,,龙神头冠,龙神头冠,human_robot_icon_atlas_0,42602004,42602160,603
302000153,42632153,0,0,3,2,0,迷宫装备,,,龙神头冠,龙神头冠,human_robot_icon_atlas_0,42602004,42602160,603
302000154,42632154,0,0,3,2,0,迷宫装备,,,龙神头冠,龙神头冠,human_robot_icon_atlas_0,42602004,42602160,603
302000155,42632155,0,0,3,2,0,迷宫装备,,,龙神头冠,龙神头冠,human_robot_icon_atlas_0,42602004,42602160,603
302000156,42632156,0,0,3,2,0,迷宫装备,,,龙神头冠,龙神头冠,human_robot_icon_atlas_0,42602004,42602160,603
302000157,42632157,0,0,3,2,0,迷宫装备,,,龙神头冠,龙神头冠,human_robot_icon_atlas_0,42602004,42602160,603
302000158,42632158,0,0,3,2,0,迷宫装备,,,龙神头冠,龙神头冠,human_robot_icon_atlas_0,42602004,42602160,603
302000159,42632159,0,0,3,2,0,迷宫装备,,,龙神头冠,龙神头冠,human_robot_icon_atlas_0,42602004,42602160,603
302000160,42632160,0,0,3,2,0,迷宫装备,,,龙神头冠,龙神头冠,human_robot_icon_atlas_0,42602004,42602160,603
303000001,42633001,0,0,3,3,0,迷宫装备,,,布袍,铁铠,human_robot_icon_atlas_0,42603001,42603010,604
303000002,42633002,0,0,3,3,0,迷宫装备,,,布袍,青钢铠,human_robot_icon_atlas_0,42603002,42603010,604
303000003,42633003,0,0,3,3,0,迷宫装备,,,布袍,流云铠,human_robot_icon_atlas_0,42603003,42603010,604
303000004,42633004,0,0,3,3,0,迷宫装备,,,布袍,飞虹铠,human_robot_icon_atlas_0,42603004,42603010,604
303000005,42633005,0,0,3,3,0,迷宫装备,,,布袍,飞虹铠,human_robot_icon_atlas_0,42603004,42603010,604
303000006,42633006,0,0,3,3,0,迷宫装备,,,布袍,飞虹铠,human_robot_icon_atlas_0,42603004,42603010,604
303000007,42633007,0,0,3,3,0,迷宫装备,,,布袍,飞虹铠,human_robot_icon_atlas_0,42603004,42603010,604
303000008,42633008,0,0,3,3,0,迷宫装备,,,布袍,飞虹铠,human_robot_icon_atlas_0,42603004,42603010,604
303000009,42633009,0,0,3,3,0,迷宫装备,,,布袍,飞虹铠,human_robot_icon_atlas_0,42603004,42603010,604
303000010,42633010,0,0,3,3,0,迷宫装备,,,布袍,飞虹铠,human_robot_icon_atlas_0,42603004,42603010,604
303000011,42633011,0,0,3,3,0,迷宫装备,,,铁铠,铁铠,human_robot_icon_atlas_0,42603004,42603020,604
303000012,42633012,0,0,3,3,0,迷宫装备,,,铁铠,铁铠,human_robot_icon_atlas_0,42603004,42603020,604
303000013,42633013,0,0,3,3,0,迷宫装备,,,铁铠,铁铠,human_robot_icon_atlas_0,42603004,42603020,604
303000014,42633014,0,0,3,3,0,迷宫装备,,,铁铠,铁铠,human_robot_icon_atlas_0,42603004,42603020,604
303000015,42633015,0,0,3,3,0,迷宫装备,,,铁铠,铁铠,human_robot_icon_atlas_0,42603004,42603020,604
303000016,42633016,0,0,3,3,0,迷宫装备,,,铁铠,铁铠,human_robot_icon_atlas_0,42603004,42603020,604
303000017,42633017,0,0,3,3,0,迷宫装备,,,铁铠,铁铠,human_robot_icon_atlas_0,42603004,42603020,604
303000018,42633018,0,0,3,3,0,迷宫装备,,,铁铠,铁铠,human_robot_icon_atlas_0,42603004,42603020,604
303000019,42633019,0,0,3,3,0,迷宫装备,,,铁铠,铁铠,human_robot_icon_atlas_0,42603004,42603020,604
303000020,42633020,0,0,3,3,0,迷宫装备,,,铁铠,铁铠,human_robot_icon_atlas_0,42603004,42603020,604
303000021,42633021,0,0,3,3,0,迷宫装备,,,青钢铠,青钢铠,human_robot_icon_atlas_0,42603004,42603030,604
303000022,42633022,0,0,3,3,0,迷宫装备,,,青钢铠,青钢铠,human_robot_icon_atlas_0,42603004,42603030,604
303000023,42633023,0,0,3,3,0,迷宫装备,,,青钢铠,青钢铠,human_robot_icon_atlas_0,42603004,42603030,604
303000024,42633024,0,0,3,3,0,迷宫装备,,,青钢铠,青钢铠,human_robot_icon_atlas_0,42603004,42603030,604
303000025,42633025,0,0,3,3,0,迷宫装备,,,青钢铠,青钢铠,human_robot_icon_atlas_0,42603004,42603030,604
303000026,42633026,0,0,3,3,0,迷宫装备,,,青钢铠,青钢铠,human_robot_icon_atlas_0,42603004,42603030,604
303000027,42633027,0,0,3,3,0,迷宫装备,,,青钢铠,青钢铠,human_robot_icon_atlas_0,42603004,42603030,604
303000028,42633028,0,0,3,3,0,迷宫装备,,,青钢铠,青钢铠,human_robot_icon_atlas_0,42603004,42603030,604
303000029,42633029,0,0,3,3,0,迷宫装备,,,青钢铠,青钢铠,human_robot_icon_atlas_0,42603004,42603030,604
303000030,42633030,0,0,3,3,0,迷宫装备,,,青钢铠,青钢铠,human_robot_icon_atlas_0,42603004,42603030,604
303000031,42633031,0,0,3,3,0,迷宫装备,,,流云铠,流云铠,human_robot_icon_atlas_0,42603004,42603040,604
303000032,42633032,0,0,3,3,0,迷宫装备,,,流云铠,流云铠,human_robot_icon_atlas_0,42603004,42603040,604
303000033,42633033,0,0,3,3,0,迷宫装备,,,流云铠,流云铠,human_robot_icon_atlas_0,42603004,42603040,604
303000034,42633034,0,0,3,3,0,迷宫装备,,,流云铠,流云铠,human_robot_icon_atlas_0,42603004,42603040,604
303000035,42633035,0,0,3,3,0,迷宫装备,,,流云铠,流云铠,human_robot_icon_atlas_0,42603004,42603040,604
303000036,42633036,0,0,3,3,0,迷宫装备,,,流云铠,流云铠,human_robot_icon_atlas_0,42603004,42603040,604
303000037,42633037,0,0,3,3,0,迷宫装备,,,流云铠,流云铠,human_robot_icon_atlas_0,42603004,42603040,604
303000038,42633038,0,0,3,3,0,迷宫装备,,,流云铠,流云铠,human_robot_icon_atlas_0,42603004,42603040,604
303000039,42633039,0,0,3,3,0,迷宫装备,,,流云铠,流云铠,human_robot_icon_atlas_0,42603004,42603040,604
303000040,42633040,0,0,3,3,0,迷宫装备,,,流云铠,流云铠,human_robot_icon_atlas_0,42603004,42603040,604
303000041,42633041,0,0,3,3,0,迷宫装备,,,飞虹铠,飞虹铠,human_robot_icon_atlas_0,42603004,42603050,604
303000042,42633042,0,0,3,3,0,迷宫装备,,,飞虹铠,飞虹铠,human_robot_icon_atlas_0,42603004,42603050,604
303000043,42633043,0,0,3,3,0,迷宫装备,,,飞虹铠,飞虹铠,human_robot_icon_atlas_0,42603004,42603050,604
303000044,42633044,0,0,3,3,0,迷宫装备,,,飞虹铠,飞虹铠,human_robot_icon_atlas_0,42603004,42603050,604
303000045,42633045,0,0,3,3,0,迷宫装备,,,飞虹铠,飞虹铠,human_robot_icon_atlas_0,42603004,42603050,604
303000046,42633046,0,0,3,3,0,迷宫装备,,,飞虹铠,飞虹铠,human_robot_icon_atlas_0,42603004,42603050,604
303000047,42633047,0,0,3,3,0,迷宫装备,,,飞虹铠,飞虹铠,human_robot_icon_atlas_0,42603004,42603050,604
303000048,42633048,0,0,3,3,0,迷宫装备,,,飞虹铠,飞虹铠,human_robot_icon_atlas_0,42603004,42603050,604
303000049,42633049,0,0,3,3,0,迷宫装备,,,飞虹铠,飞虹铠,human_robot_icon_atlas_0,42603004,42603050,604
303000050,42633050,0,0,3,3,0,迷宫装备,,,飞虹铠,飞虹铠,human_robot_icon_atlas_0,42603004,42603050,604
303000051,42633051,0,0,3,3,0,迷宫装备,,,紫金铠,紫金铠,human_robot_icon_atlas_0,42603004,42603060,604
303000052,42633052,0,0,3,3,0,迷宫装备,,,紫金铠,紫金铠,human_robot_icon_atlas_0,42603004,42603060,604
303000053,42633053,0,0,3,3,0,迷宫装备,,,紫金铠,紫金铠,human_robot_icon_atlas_0,42603004,42603060,604
303000054,42633054,0,0,3,3,0,迷宫装备,,,紫金铠,紫金铠,human_robot_icon_atlas_0,42603004,42603060,604
303000055,42633055,0,0,3,3,0,迷宫装备,,,紫金铠,紫金铠,human_robot_icon_atlas_0,42603004,42603060,604
303000056,42633056,0,0,3,3,0,迷宫装备,,,紫金铠,紫金铠,human_robot_icon_atlas_0,42603004,42603060,604
303000057,42633057,0,0,3,3,0,迷宫装备,,,紫金铠,紫金铠,human_robot_icon_atlas_0,42603004,42603060,604
303000058,42633058,0,0,3,3,0,迷宫装备,,,紫金铠,紫金铠,human_robot_icon_atlas_0,42603004,42603060,604
303000059,42633059,0,0,3,3,0,迷宫装备,,,紫金铠,紫金铠,human_robot_icon_atlas_0,42603004,42603060,604
303000060,42633060,0,0,3,3,0,迷宫装备,,,紫金铠,紫金铠,human_robot_icon_atlas_0,42603004,42603060,604
303000061,42633061,0,0,3,3,0,迷宫装备,,,巨神铠,巨神铠,human_robot_icon_atlas_0,42603004,42603070,604
303000062,42633062,0,0,3,3,0,迷宫装备,,,巨神铠,巨神铠,human_robot_icon_atlas_0,42603004,42603070,604
303000063,42633063,0,0,3,3,0,迷宫装备,,,巨神铠,巨神铠,human_robot_icon_atlas_0,42603004,42603070,604
303000064,42633064,0,0,3,3,0,迷宫装备,,,巨神铠,巨神铠,human_robot_icon_atlas_0,42603004,42603070,604
303000065,42633065,0,0,3,3,0,迷宫装备,,,巨神铠,巨神铠,human_robot_icon_atlas_0,42603004,42603070,604
303000066,42633066,0,0,3,3,0,迷宫装备,,,巨神铠,巨神铠,human_robot_icon_atlas_0,42603004,42603070,604
303000067,42633067,0,0,3,3,0,迷宫装备,,,巨神铠,巨神铠,human_robot_icon_atlas_0,42603004,42603070,604
303000068,42633068,0,0,3,3,0,迷宫装备,,,巨神铠,巨神铠,human_robot_icon_atlas_0,42603004,42603070,604
303000069,42633069,0,0,3,3,0,迷宫装备,,,巨神铠,巨神铠,human_robot_icon_atlas_0,42603004,42603070,604
303000070,42633070,0,0,3,3,0,迷宫装备,,,巨神铠,巨神铠,human_robot_icon_atlas_0,42603004,42603070,604
303000071,42633071,0,0,3,3,0,迷宫装备,,,天罡铠,天罡铠,human_robot_icon_atlas_0,42603004,42603080,604
303000072,42633072,0,0,3,3,0,迷宫装备,,,天罡铠,天罡铠,human_robot_icon_atlas_0,42603004,42603080,604
303000073,42633073,0,0,3,3,0,迷宫装备,,,天罡铠,天罡铠,human_robot_icon_atlas_0,42603004,42603080,604
303000074,42633074,0,0,3,3,0,迷宫装备,,,天罡铠,天罡铠,human_robot_icon_atlas_0,42603004,42603080,604
303000075,42633075,0,0,3,3,0,迷宫装备,,,天罡铠,天罡铠,human_robot_icon_atlas_0,42603004,42603080,604
303000076,42633076,0,0,3,3,0,迷宫装备,,,天罡铠,天罡铠,human_robot_icon_atlas_0,42603004,42603080,604
303000077,42633077,0,0,3,3,0,迷宫装备,,,天罡铠,天罡铠,human_robot_icon_atlas_0,42603004,42603080,604
303000078,42633078,0,0,3,3,0,迷宫装备,,,天罡铠,天罡铠,human_robot_icon_atlas_0,42603004,42603080,604
303000079,42633079,0,0,3,3,0,迷宫装备,,,天罡铠,天罡铠,human_robot_icon_atlas_0,42603004,42603080,604
303000080,42633080,0,0,3,3,0,迷宫装备,,,天罡铠,天罡铠,human_robot_icon_atlas_0,42603004,42603080,604
303000081,42633081,0,0,3,3,0,迷宫装备,,,雷神铠,雷神铠,human_robot_icon_atlas_0,42603004,42603090,604
303000082,42633082,0,0,3,3,0,迷宫装备,,,雷神铠,雷神铠,human_robot_icon_atlas_0,42603004,42603090,604
303000083,42633083,0,0,3,3,0,迷宫装备,,,雷神铠,雷神铠,human_robot_icon_atlas_0,42603004,42603090,604
303000084,42633084,0,0,3,3,0,迷宫装备,,,雷神铠,雷神铠,human_robot_icon_atlas_0,42603004,42603090,604
303000085,42633085,0,0,3,3,0,迷宫装备,,,雷神铠,雷神铠,human_robot_icon_atlas_0,42603004,42603090,604
303000086,42633086,0,0,3,3,0,迷宫装备,,,雷神铠,雷神铠,human_robot_icon_atlas_0,42603004,42603090,604
303000087,42633087,0,0,3,3,0,迷宫装备,,,雷神铠,雷神铠,human_robot_icon_atlas_0,42603004,42603090,604
303000088,42633088,0,0,3,3,0,迷宫装备,,,雷神铠,雷神铠,human_robot_icon_atlas_0,42603004,42603090,604
303000089,42633089,0,0,3,3,0,迷宫装备,,,雷神铠,雷神铠,human_robot_icon_atlas_0,42603004,42603090,604
303000090,42633090,0,0,3,3,0,迷宫装备,,,雷神铠,雷神铠,human_robot_icon_atlas_0,42603004,42603090,604
303000091,42633091,0,0,3,3,0,迷宫装备,,,狮吼铠,狮吼铠,human_robot_icon_atlas_0,42603004,42603100,604
303000092,42633092,0,0,3,3,0,迷宫装备,,,狮吼铠,狮吼铠,human_robot_icon_atlas_0,42603004,42603100,604
303000093,42633093,0,0,3,3,0,迷宫装备,,,狮吼铠,狮吼铠,human_robot_icon_atlas_0,42603004,42603100,604
303000094,42633094,0,0,3,3,0,迷宫装备,,,狮吼铠,狮吼铠,human_robot_icon_atlas_0,42603004,42603100,604
303000095,42633095,0,0,3,3,0,迷宫装备,,,狮吼铠,狮吼铠,human_robot_icon_atlas_0,42603004,42603100,604
303000096,42633096,0,0,3,3,0,迷宫装备,,,狮吼铠,狮吼铠,human_robot_icon_atlas_0,42603004,42603100,604
303000097,42633097,0,0,3,3,0,迷宫装备,,,狮吼铠,狮吼铠,human_robot_icon_atlas_0,42603004,42603100,604
303000098,42633098,0,0,3,3,0,迷宫装备,,,狮吼铠,狮吼铠,human_robot_icon_atlas_0,42603004,42603100,604
303000099,42633099,0,0,3,3,0,迷宫装备,,,狮吼铠,狮吼铠,human_robot_icon_atlas_0,42603004,42603100,604
303000100,42633100,0,0,3,3,0,迷宫装备,,,狮吼铠,狮吼铠,human_robot_icon_atlas_0,42603004,42603100,604
303000101,42633101,0,0,3,3,0,迷宫装备,,,灵蛇铠,灵蛇铠,human_robot_icon_atlas_0,42603004,42603110,604
303000102,42633102,0,0,3,3,0,迷宫装备,,,灵蛇铠,灵蛇铠,human_robot_icon_atlas_0,42603004,42603110,604
303000103,42633103,0,0,3,3,0,迷宫装备,,,灵蛇铠,灵蛇铠,human_robot_icon_atlas_0,42603004,42603110,604
303000104,42633104,0,0,3,3,0,迷宫装备,,,灵蛇铠,灵蛇铠,human_robot_icon_atlas_0,42603004,42603110,604
303000105,42633105,0,0,3,3,0,迷宫装备,,,灵蛇铠,灵蛇铠,human_robot_icon_atlas_0,42603004,42603110,604
303000106,42633106,0,0,3,3,0,迷宫装备,,,灵蛇铠,灵蛇铠,human_robot_icon_atlas_0,42603004,42603110,604
303000107,42633107,0,0,3,3,0,迷宫装备,,,灵蛇铠,灵蛇铠,human_robot_icon_atlas_0,42603004,42603110,604
303000108,42633108,0,0,3,3,0,迷宫装备,,,灵蛇铠,灵蛇铠,human_robot_icon_atlas_0,42603004,42603110,604
303000109,42633109,0,0,3,3,0,迷宫装备,,,灵蛇铠,灵蛇铠,human_robot_icon_atlas_0,42603004,42603110,604
303000110,42633110,0,0,3,3,0,迷宫装备,,,灵蛇铠,灵蛇铠,human_robot_icon_atlas_0,42603004,42603110,604
303000111,42633111,0,0,3,3,0,迷宫装备,,,朱雀铠,朱雀铠,human_robot_icon_atlas_0,42603004,42603120,604
303000112,42633112,0,0,3,3,0,迷宫装备,,,朱雀铠,朱雀铠,human_robot_icon_atlas_0,42603004,42603120,604
303000113,42633113,0,0,3,3,0,迷宫装备,,,朱雀铠,朱雀铠,human_robot_icon_atlas_0,42603004,42603120,604
303000114,42633114,0,0,3,3,0,迷宫装备,,,朱雀铠,朱雀铠,human_robot_icon_atlas_0,42603004,42603120,604
303000115,42633115,0,0,3,3,0,迷宫装备,,,朱雀铠,朱雀铠,human_robot_icon_atlas_0,42603004,42603120,604
303000116,42633116,0,0,3,3,0,迷宫装备,,,朱雀铠,朱雀铠,human_robot_icon_atlas_0,42603004,42603120,604
303000117,42633117,0,0,3,3,0,迷宫装备,,,朱雀铠,朱雀铠,human_robot_icon_atlas_0,42603004,42603120,604
303000118,42633118,0,0,3,3,0,迷宫装备,,,朱雀铠,朱雀铠,human_robot_icon_atlas_0,42603004,42603120,604
303000119,42633119,0,0,3,3,0,迷宫装备,,,朱雀铠,朱雀铠,human_robot_icon_atlas_0,42603004,42603120,604
303000120,42633120,0,0,3,3,0,迷宫装备,,,朱雀铠,朱雀铠,human_robot_icon_atlas_0,42603004,42603120,604
303000121,42633121,0,0,3,3,0,迷宫装备,,,龙形铠,龙形铠,human_robot_icon_atlas_0,42603004,42603130,604
303000122,42633122,0,0,3,3,0,迷宫装备,,,龙形铠,龙形铠,human_robot_icon_atlas_0,42603004,42603130,604
303000123,42633123,0,0,3,3,0,迷宫装备,,,龙形铠,龙形铠,human_robot_icon_atlas_0,42603004,42603130,604
303000124,42633124,0,0,3,3,0,迷宫装备,,,龙形铠,龙形铠,human_robot_icon_atlas_0,42603004,42603130,604
303000125,42633125,0,0,3,3,0,迷宫装备,,,龙形铠,龙形铠,human_robot_icon_atlas_0,42603004,42603130,604
303000126,42633126,0,0,3,3,0,迷宫装备,,,龙形铠,龙形铠,human_robot_icon_atlas_0,42603004,42603130,604
303000127,42633127,0,0,3,3,0,迷宫装备,,,龙形铠,龙形铠,human_robot_icon_atlas_0,42603004,42603130,604
303000128,42633128,0,0,3,3,0,迷宫装备,,,龙形铠,龙形铠,human_robot_icon_atlas_0,42603004,42603130,604
303000129,42633129,0,0,3,3,0,迷宫装备,,,龙形铠,龙形铠,human_robot_icon_atlas_0,42603004,42603130,604
303000130,42633130,0,0,3,3,0,迷宫装备,,,龙形铠,龙形铠,human_robot_icon_atlas_0,42603004,42603130,604
303000131,42633131,0,0,3,3,0,迷宫装备,,,龙王铠,龙王铠,human_robot_icon_atlas_0,42603004,42603140,604
303000132,42633132,0,0,3,3,0,迷宫装备,,,龙王铠,龙王铠,human_robot_icon_atlas_0,42603004,42603140,604
303000133,42633133,0,0,3,3,0,迷宫装备,,,龙王铠,龙王铠,human_robot_icon_atlas_0,42603004,42603140,604
303000134,42633134,0,0,3,3,0,迷宫装备,,,龙王铠,龙王铠,human_robot_icon_atlas_0,42603004,42603140,604
303000135,42633135,0,0,3,3,0,迷宫装备,,,龙王铠,龙王铠,human_robot_icon_atlas_0,42603004,42603140,604
303000136,42633136,0,0,3,3,0,迷宫装备,,,龙王铠,龙王铠,human_robot_icon_atlas_0,42603004,42603140,604
303000137,42633137,0,0,3,3,0,迷宫装备,,,龙王铠,龙王铠,human_robot_icon_atlas_0,42603004,42603140,604
303000138,42633138,0,0,3,3,0,迷宫装备,,,龙王铠,龙王铠,human_robot_icon_atlas_0,42603004,42603140,604
303000139,42633139,0,0,3,3,0,迷宫装备,,,龙王铠,龙王铠,human_robot_icon_atlas_0,42603004,42603140,604
303000140,42633140,0,0,3,3,0,迷宫装备,,,龙王铠,龙王铠,human_robot_icon_atlas_0,42603004,42603140,604
303000141,42633141,0,0,3,3,0,迷宫装备,,,龙皇铠,龙皇铠,human_robot_icon_atlas_0,42603004,42603150,604
303000142,42633142,0,0,3,3,0,迷宫装备,,,龙皇铠,龙皇铠,human_robot_icon_atlas_0,42603004,42603150,604
303000143,42633143,0,0,3,3,0,迷宫装备,,,龙皇铠,龙皇铠,human_robot_icon_atlas_0,42603004,42603150,604
303000144,42633144,0,0,3,3,0,迷宫装备,,,龙皇铠,龙皇铠,human_robot_icon_atlas_0,42603004,42603150,604
303000145,42633145,0,0,3,3,0,迷宫装备,,,龙皇铠,龙皇铠,human_robot_icon_atlas_0,42603004,42603150,604
303000146,42633146,0,0,3,3,0,迷宫装备,,,龙皇铠,龙皇铠,human_robot_icon_atlas_0,42603004,42603150,604
303000147,42633147,0,0,3,3,0,迷宫装备,,,龙皇铠,龙皇铠,human_robot_icon_atlas_0,42603004,42603150,604
303000148,42633148,0,0,3,3,0,迷宫装备,,,龙皇铠,龙皇铠,human_robot_icon_atlas_0,42603004,42603150,604
303000149,42633149,0,0,3,3,0,迷宫装备,,,龙皇铠,龙皇铠,human_robot_icon_atlas_0,42603004,42603150,604
303000150,42633150,0,0,3,3,0,迷宫装备,,,龙皇铠,龙皇铠,human_robot_icon_atlas_0,42603004,42603150,604
303000151,42633151,0,0,3,3,0,迷宫装备,,,龙神铠,龙神铠,human_robot_icon_atlas_0,42603004,42603160,604
303000152,42633152,0,0,3,3,0,迷宫装备,,,龙神铠,龙神铠,human_robot_icon_atlas_0,42603004,42603160,604
303000153,42633153,0,0,3,3,0,迷宫装备,,,龙神铠,龙神铠,human_robot_icon_atlas_0,42603004,42603160,604
303000154,42633154,0,0,3,3,0,迷宫装备,,,龙神铠,龙神铠,human_robot_icon_atlas_0,42603004,42603160,604
303000155,42633155,0,0,3,3,0,迷宫装备,,,龙神铠,龙神铠,human_robot_icon_atlas_0,42603004,42603160,604
303000156,42633156,0,0,3,3,0,迷宫装备,,,龙神铠,龙神铠,human_robot_icon_atlas_0,42603004,42603160,604
303000157,42633157,0,0,3,3,0,迷宫装备,,,龙神铠,龙神铠,human_robot_icon_atlas_0,42603004,42603160,604
303000158,42633158,0,0,3,3,0,迷宫装备,,,龙神铠,龙神铠,human_robot_icon_atlas_0,42603004,42603160,604
303000159,42633159,0,0,3,3,0,迷宫装备,,,龙神铠,龙神铠,human_robot_icon_atlas_0,42603004,42603160,604
303000160,42633160,0,0,3,3,0,迷宫装备,,,龙神铠,龙神铠,human_robot_icon_atlas_0,42603004,42603160,604
306000001,42636001,0,0,3,6,0,迷宫装备,,,布鞋,铁履,human_robot_icon_atlas_0,42606001,42606010,601
306000002,42636002,0,0,3,6,0,迷宫装备,,,布鞋,青钢履,human_robot_icon_atlas_0,42606002,42606010,601
306000003,42636003,0,0,3,6,0,迷宫装备,,,布鞋,流云履,human_robot_icon_atlas_0,42606003,42606010,601
306000004,42636004,0,0,3,6,0,迷宫装备,,,布鞋,飞虹履,human_robot_icon_atlas_0,42606004,42606010,601
306000005,42636005,0,0,3,6,0,迷宫装备,,,布鞋,飞虹履,human_robot_icon_atlas_0,42606004,42606010,601
306000006,42636006,0,0,3,6,0,迷宫装备,,,布鞋,飞虹履,human_robot_icon_atlas_0,42606004,42606010,601
306000007,42636007,0,0,3,6,0,迷宫装备,,,布鞋,飞虹履,human_robot_icon_atlas_0,42606004,42606010,601
306000008,42636008,0,0,3,6,0,迷宫装备,,,布鞋,飞虹履,human_robot_icon_atlas_0,42606004,42606010,601
306000009,42636009,0,0,3,6,0,迷宫装备,,,布鞋,飞虹履,human_robot_icon_atlas_0,42606004,42606010,601
306000010,42636010,0,0,3,6,0,迷宫装备,,,布鞋,飞虹履,human_robot_icon_atlas_0,42606004,42606010,601
306000011,42636011,0,0,3,6,0,迷宫装备,,,铁履,铁履,human_robot_icon_atlas_0,42606004,42606020,601
306000012,42636012,0,0,3,6,0,迷宫装备,,,铁履,铁履,human_robot_icon_atlas_0,42606004,42606020,601
306000013,42636013,0,0,3,6,0,迷宫装备,,,铁履,铁履,human_robot_icon_atlas_0,42606004,42606020,601
306000014,42636014,0,0,3,6,0,迷宫装备,,,铁履,铁履,human_robot_icon_atlas_0,42606004,42606020,601
306000015,42636015,0,0,3,6,0,迷宫装备,,,铁履,铁履,human_robot_icon_atlas_0,42606004,42606020,601
306000016,42636016,0,0,3,6,0,迷宫装备,,,铁履,铁履,human_robot_icon_atlas_0,42606004,42606020,601
306000017,42636017,0,0,3,6,0,迷宫装备,,,铁履,铁履,human_robot_icon_atlas_0,42606004,42606020,601
306000018,42636018,0,0,3,6,0,迷宫装备,,,铁履,铁履,human_robot_icon_atlas_0,42606004,42606020,601
306000019,42636019,0,0,3,6,0,迷宫装备,,,铁履,铁履,human_robot_icon_atlas_0,42606004,42606020,601
306000020,42636020,0,0,3,6,0,迷宫装备,,,铁履,铁履,human_robot_icon_atlas_0,42606004,42606020,601
306000021,42636021,0,0,3,6,0,迷宫装备,,,青钢履,青钢履,human_robot_icon_atlas_0,42606004,42606030,601
306000022,42636022,0,0,3,6,0,迷宫装备,,,青钢履,青钢履,human_robot_icon_atlas_0,42606004,42606030,601
306000023,42636023,0,0,3,6,0,迷宫装备,,,青钢履,青钢履,human_robot_icon_atlas_0,42606004,42606030,601
306000024,42636024,0,0,3,6,0,迷宫装备,,,青钢履,青钢履,human_robot_icon_atlas_0,42606004,42606030,601
306000025,42636025,0,0,3,6,0,迷宫装备,,,青钢履,青钢履,human_robot_icon_atlas_0,42606004,42606030,601
306000026,42636026,0,0,3,6,0,迷宫装备,,,青钢履,青钢履,human_robot_icon_atlas_0,42606004,42606030,601
306000027,42636027,0,0,3,6,0,迷宫装备,,,青钢履,青钢履,human_robot_icon_atlas_0,42606004,42606030,601
306000028,42636028,0,0,3,6,0,迷宫装备,,,青钢履,青钢履,human_robot_icon_atlas_0,42606004,42606030,601
306000029,42636029,0,0,3,6,0,迷宫装备,,,青钢履,青钢履,human_robot_icon_atlas_0,42606004,42606030,601
306000030,42636030,0,0,3,6,0,迷宫装备,,,青钢履,青钢履,human_robot_icon_atlas_0,42606004,42606030,601
306000031,42636031,0,0,3,6,0,迷宫装备,,,流云履,流云履,human_robot_icon_atlas_0,42606004,42606040,601
306000032,42636032,0,0,3,6,0,迷宫装备,,,流云履,流云履,human_robot_icon_atlas_0,42606004,42606040,601
306000033,42636033,0,0,3,6,0,迷宫装备,,,流云履,流云履,human_robot_icon_atlas_0,42606004,42606040,601
306000034,42636034,0,0,3,6,0,迷宫装备,,,流云履,流云履,human_robot_icon_atlas_0,42606004,42606040,601
306000035,42636035,0,0,3,6,0,迷宫装备,,,流云履,流云履,human_robot_icon_atlas_0,42606004,42606040,601
306000036,42636036,0,0,3,6,0,迷宫装备,,,流云履,流云履,human_robot_icon_atlas_0,42606004,42606040,601
306000037,42636037,0,0,3,6,0,迷宫装备,,,流云履,流云履,human_robot_icon_atlas_0,42606004,42606040,601
306000038,42636038,0,0,3,6,0,迷宫装备,,,流云履,流云履,human_robot_icon_atlas_0,42606004,42606040,601
306000039,42636039,0,0,3,6,0,迷宫装备,,,流云履,流云履,human_robot_icon_atlas_0,42606004,42606040,601
306000040,42636040,0,0,3,6,0,迷宫装备,,,流云履,流云履,human_robot_icon_atlas_0,42606004,42606040,601
306000041,42636041,0,0,3,6,0,迷宫装备,,,飞虹履,飞虹履,human_robot_icon_atlas_0,42606004,42606050,601
306000042,42636042,0,0,3,6,0,迷宫装备,,,飞虹履,飞虹履,human_robot_icon_atlas_0,42606004,42606050,601
306000043,42636043,0,0,3,6,0,迷宫装备,,,飞虹履,飞虹履,human_robot_icon_atlas_0,42606004,42606050,601
306000044,42636044,0,0,3,6,0,迷宫装备,,,飞虹履,飞虹履,human_robot_icon_atlas_0,42606004,42606050,601
306000045,42636045,0,0,3,6,0,迷宫装备,,,飞虹履,飞虹履,human_robot_icon_atlas_0,42606004,42606050,601
306000046,42636046,0,0,3,6,0,迷宫装备,,,飞虹履,飞虹履,human_robot_icon_atlas_0,42606004,42606050,601
306000047,42636047,0,0,3,6,0,迷宫装备,,,飞虹履,飞虹履,human_robot_icon_atlas_0,42606004,42606050,601
306000048,42636048,0,0,3,6,0,迷宫装备,,,飞虹履,飞虹履,human_robot_icon_atlas_0,42606004,42606050,601
306000049,42636049,0,0,3,6,0,迷宫装备,,,飞虹履,飞虹履,human_robot_icon_atlas_0,42606004,42606050,601
306000050,42636050,0,0,3,6,0,迷宫装备,,,飞虹履,飞虹履,human_robot_icon_atlas_0,42606004,42606050,601
306000051,42636051,0,0,3,6,0,迷宫装备,,,紫金履,紫金履,human_robot_icon_atlas_0,42606004,42606060,601
306000052,42636052,0,0,3,6,0,迷宫装备,,,紫金履,紫金履,human_robot_icon_atlas_0,42606004,42606060,601
306000053,42636053,0,0,3,6,0,迷宫装备,,,紫金履,紫金履,human_robot_icon_atlas_0,42606004,42606060,601
306000054,42636054,0,0,3,6,0,迷宫装备,,,紫金履,紫金履,human_robot_icon_atlas_0,42606004,42606060,601
306000055,42636055,0,0,3,6,0,迷宫装备,,,紫金履,紫金履,human_robot_icon_atlas_0,42606004,42606060,601
306000056,42636056,0,0,3,6,0,迷宫装备,,,紫金履,紫金履,human_robot_icon_atlas_0,42606004,42606060,601
306000057,42636057,0,0,3,6,0,迷宫装备,,,紫金履,紫金履,human_robot_icon_atlas_0,42606004,42606060,601
306000058,42636058,0,0,3,6,0,迷宫装备,,,紫金履,紫金履,human_robot_icon_atlas_0,42606004,42606060,601
306000059,42636059,0,0,3,6,0,迷宫装备,,,紫金履,紫金履,human_robot_icon_atlas_0,42606004,42606060,601
306000060,42636060,0,0,3,6,0,迷宫装备,,,紫金履,紫金履,human_robot_icon_atlas_0,42606004,42606060,601
306000061,42636061,0,0,3,6,0,迷宫装备,,,巨神履,巨神履,human_robot_icon_atlas_0,42606004,42606070,601
306000062,42636062,0,0,3,6,0,迷宫装备,,,巨神履,巨神履,human_robot_icon_atlas_0,42606004,42606070,601
306000063,42636063,0,0,3,6,0,迷宫装备,,,巨神履,巨神履,human_robot_icon_atlas_0,42606004,42606070,601
306000064,42636064,0,0,3,6,0,迷宫装备,,,巨神履,巨神履,human_robot_icon_atlas_0,42606004,42606070,601
306000065,42636065,0,0,3,6,0,迷宫装备,,,巨神履,巨神履,human_robot_icon_atlas_0,42606004,42606070,601
306000066,42636066,0,0,3,6,0,迷宫装备,,,巨神履,巨神履,human_robot_icon_atlas_0,42606004,42606070,601
306000067,42636067,0,0,3,6,0,迷宫装备,,,巨神履,巨神履,human_robot_icon_atlas_0,42606004,42606070,601
306000068,42636068,0,0,3,6,0,迷宫装备,,,巨神履,巨神履,human_robot_icon_atlas_0,42606004,42606070,601
306000069,42636069,0,0,3,6,0,迷宫装备,,,巨神履,巨神履,human_robot_icon_atlas_0,42606004,42606070,601
306000070,42636070,0,0,3,6,0,迷宫装备,,,巨神履,巨神履,human_robot_icon_atlas_0,42606004,42606070,601
306000071,42636071,0,0,3,6,0,迷宫装备,,,天罡履,天罡履,human_robot_icon_atlas_0,42606004,42606080,601
306000072,42636072,0,0,3,6,0,迷宫装备,,,天罡履,天罡履,human_robot_icon_atlas_0,42606004,42606080,601
306000073,42636073,0,0,3,6,0,迷宫装备,,,天罡履,天罡履,human_robot_icon_atlas_0,42606004,42606080,601
306000074,42636074,0,0,3,6,0,迷宫装备,,,天罡履,天罡履,human_robot_icon_atlas_0,42606004,42606080,601
306000075,42636075,0,0,3,6,0,迷宫装备,,,天罡履,天罡履,human_robot_icon_atlas_0,42606004,42606080,601
306000076,42636076,0,0,3,6,0,迷宫装备,,,天罡履,天罡履,human_robot_icon_atlas_0,42606004,42606080,601
306000077,42636077,0,0,3,6,0,迷宫装备,,,天罡履,天罡履,human_robot_icon_atlas_0,42606004,42606080,601
306000078,42636078,0,0,3,6,0,迷宫装备,,,天罡履,天罡履,human_robot_icon_atlas_0,42606004,42606080,601
306000079,42636079,0,0,3,6,0,迷宫装备,,,天罡履,天罡履,human_robot_icon_atlas_0,42606004,42606080,601
306000080,42636080,0,0,3,6,0,迷宫装备,,,天罡履,天罡履,human_robot_icon_atlas_0,42606004,42606080,601
306000081,42636081,0,0,3,6,0,迷宫装备,,,雷神履,雷神履,human_robot_icon_atlas_0,42606004,42606090,601
306000082,42636082,0,0,3,6,0,迷宫装备,,,雷神履,雷神履,human_robot_icon_atlas_0,42606004,42606090,601
306000083,42636083,0,0,3,6,0,迷宫装备,,,雷神履,雷神履,human_robot_icon_atlas_0,42606004,42606090,601
306000084,42636084,0,0,3,6,0,迷宫装备,,,雷神履,雷神履,human_robot_icon_atlas_0,42606004,42606090,601
306000085,42636085,0,0,3,6,0,迷宫装备,,,雷神履,雷神履,human_robot_icon_atlas_0,42606004,42606090,601
306000086,42636086,0,0,3,6,0,迷宫装备,,,雷神履,雷神履,human_robot_icon_atlas_0,42606004,42606090,601
306000087,42636087,0,0,3,6,0,迷宫装备,,,雷神履,雷神履,human_robot_icon_atlas_0,42606004,42606090,601
306000088,42636088,0,0,3,6,0,迷宫装备,,,雷神履,雷神履,human_robot_icon_atlas_0,42606004,42606090,601
306000089,42636089,0,0,3,6,0,迷宫装备,,,雷神履,雷神履,human_robot_icon_atlas_0,42606004,42606090,601
306000090,42636090,0,0,3,6,0,迷宫装备,,,雷神履,雷神履,human_robot_icon_atlas_0,42606004,42606090,601
306000091,42636091,0,0,3,6,0,迷宫装备,,,狮吼履,狮吼履,human_robot_icon_atlas_0,42606004,42606100,601
306000092,42636092,0,0,3,6,0,迷宫装备,,,狮吼履,狮吼履,human_robot_icon_atlas_0,42606004,42606100,601
306000093,42636093,0,0,3,6,0,迷宫装备,,,狮吼履,狮吼履,human_robot_icon_atlas_0,42606004,42606100,601
306000094,42636094,0,0,3,6,0,迷宫装备,,,狮吼履,狮吼履,human_robot_icon_atlas_0,42606004,42606100,601
306000095,42636095,0,0,3,6,0,迷宫装备,,,狮吼履,狮吼履,human_robot_icon_atlas_0,42606004,42606100,601
306000096,42636096,0,0,3,6,0,迷宫装备,,,狮吼履,狮吼履,human_robot_icon_atlas_0,42606004,42606100,601
306000097,42636097,0,0,3,6,0,迷宫装备,,,狮吼履,狮吼履,human_robot_icon_atlas_0,42606004,42606100,601
306000098,42636098,0,0,3,6,0,迷宫装备,,,狮吼履,狮吼履,human_robot_icon_atlas_0,42606004,42606100,601
306000099,42636099,0,0,3,6,0,迷宫装备,,,狮吼履,狮吼履,human_robot_icon_atlas_0,42606004,42606100,601
306000100,42636100,0,0,3,6,0,迷宫装备,,,狮吼履,狮吼履,human_robot_icon_atlas_0,42606004,42606100,601
306000101,42636101,0,0,3,6,0,迷宫装备,,,灵蛇履,灵蛇履,human_robot_icon_atlas_0,42606004,42606110,601
306000102,42636102,0,0,3,6,0,迷宫装备,,,灵蛇履,灵蛇履,human_robot_icon_atlas_0,42606004,42606110,601
306000103,42636103,0,0,3,6,0,迷宫装备,,,灵蛇履,灵蛇履,human_robot_icon_atlas_0,42606004,42606110,601
306000104,42636104,0,0,3,6,0,迷宫装备,,,灵蛇履,灵蛇履,human_robot_icon_atlas_0,42606004,42606110,601
306000105,42636105,0,0,3,6,0,迷宫装备,,,灵蛇履,灵蛇履,human_robot_icon_atlas_0,42606004,42606110,601
306000106,42636106,0,0,3,6,0,迷宫装备,,,灵蛇履,灵蛇履,human_robot_icon_atlas_0,42606004,42606110,601
306000107,42636107,0,0,3,6,0,迷宫装备,,,灵蛇履,灵蛇履,human_robot_icon_atlas_0,42606004,42606110,601
306000108,42636108,0,0,3,6,0,迷宫装备,,,灵蛇履,灵蛇履,human_robot_icon_atlas_0,42606004,42606110,601
306000109,42636109,0,0,3,6,0,迷宫装备,,,灵蛇履,灵蛇履,human_robot_icon_atlas_0,42606004,42606110,601
306000110,42636110,0,0,3,6,0,迷宫装备,,,灵蛇履,灵蛇履,human_robot_icon_atlas_0,42606004,42606110,601
306000111,42636111,0,0,3,6,0,迷宫装备,,,朱雀履,朱雀履,human_robot_icon_atlas_0,42606004,42606120,601
306000112,42636112,0,0,3,6,0,迷宫装备,,,朱雀履,朱雀履,human_robot_icon_atlas_0,42606004,42606120,601
306000113,42636113,0,0,3,6,0,迷宫装备,,,朱雀履,朱雀履,human_robot_icon_atlas_0,42606004,42606120,601
306000114,42636114,0,0,3,6,0,迷宫装备,,,朱雀履,朱雀履,human_robot_icon_atlas_0,42606004,42606120,601
306000115,42636115,0,0,3,6,0,迷宫装备,,,朱雀履,朱雀履,human_robot_icon_atlas_0,42606004,42606120,601
306000116,42636116,0,0,3,6,0,迷宫装备,,,朱雀履,朱雀履,human_robot_icon_atlas_0,42606004,42606120,601
306000117,42636117,0,0,3,6,0,迷宫装备,,,朱雀履,朱雀履,human_robot_icon_atlas_0,42606004,42606120,601
306000118,42636118,0,0,3,6,0,迷宫装备,,,朱雀履,朱雀履,human_robot_icon_atlas_0,42606004,42606120,601
306000119,42636119,0,0,3,6,0,迷宫装备,,,朱雀履,朱雀履,human_robot_icon_atlas_0,42606004,42606120,601
306000120,42636120,0,0,3,6,0,迷宫装备,,,朱雀履,朱雀履,human_robot_icon_atlas_0,42606004,42606120,601
306000121,42636121,0,0,3,6,0,迷宫装备,,,龙形履,龙形履,human_robot_icon_atlas_0,42606004,42606130,601
306000122,42636122,0,0,3,6,0,迷宫装备,,,龙形履,龙形履,human_robot_icon_atlas_0,42606004,42606130,601
306000123,42636123,0,0,3,6,0,迷宫装备,,,龙形履,龙形履,human_robot_icon_atlas_0,42606004,42606130,601
306000124,42636124,0,0,3,6,0,迷宫装备,,,龙形履,龙形履,human_robot_icon_atlas_0,42606004,42606130,601
306000125,42636125,0,0,3,6,0,迷宫装备,,,龙形履,龙形履,human_robot_icon_atlas_0,42606004,42606130,601
306000126,42636126,0,0,3,6,0,迷宫装备,,,龙形履,龙形履,human_robot_icon_atlas_0,42606004,42606130,601
306000127,42636127,0,0,3,6,0,迷宫装备,,,龙形履,龙形履,human_robot_icon_atlas_0,42606004,42606130,601
306000128,42636128,0,0,3,6,0,迷宫装备,,,龙形履,龙形履,human_robot_icon_atlas_0,42606004,42606130,601
306000129,42636129,0,0,3,6,0,迷宫装备,,,龙形履,龙形履,human_robot_icon_atlas_0,42606004,42606130,601
306000130,42636130,0,0,3,6,0,迷宫装备,,,龙形履,龙形履,human_robot_icon_atlas_0,42606004,42606130,601
306000131,42636131,0,0,3,6,0,迷宫装备,,,龙王履,龙王履,human_robot_icon_atlas_0,42606004,42606140,601
306000132,42636132,0,0,3,6,0,迷宫装备,,,龙王履,龙王履,human_robot_icon_atlas_0,42606004,42606140,601
306000133,42636133,0,0,3,6,0,迷宫装备,,,龙王履,龙王履,human_robot_icon_atlas_0,42606004,42606140,601
306000134,42636134,0,0,3,6,0,迷宫装备,,,龙王履,龙王履,human_robot_icon_atlas_0,42606004,42606140,601
306000135,42636135,0,0,3,6,0,迷宫装备,,,龙王履,龙王履,human_robot_icon_atlas_0,42606004,42606140,601
306000136,42636136,0,0,3,6,0,迷宫装备,,,龙王履,龙王履,human_robot_icon_atlas_0,42606004,42606140,601
306000137,42636137,0,0,3,6,0,迷宫装备,,,龙王履,龙王履,human_robot_icon_atlas_0,42606004,42606140,601
306000138,42636138,0,0,3,6,0,迷宫装备,,,龙王履,龙王履,human_robot_icon_atlas_0,42606004,42606140,601
306000139,42636139,0,0,3,6,0,迷宫装备,,,龙王履,龙王履,human_robot_icon_atlas_0,42606004,42606140,601
306000140,42636140,0,0,3,6,0,迷宫装备,,,龙王履,龙王履,human_robot_icon_atlas_0,42606004,42606140,601
306000141,42636141,0,0,3,6,0,迷宫装备,,,龙皇履,龙皇履,human_robot_icon_atlas_0,42606004,42606150,601
306000142,42636142,0,0,3,6,0,迷宫装备,,,龙皇履,龙皇履,human_robot_icon_atlas_0,42606004,42606150,601
306000143,42636143,0,0,3,6,0,迷宫装备,,,龙皇履,龙皇履,human_robot_icon_atlas_0,42606004,42606150,601
306000144,42636144,0,0,3,6,0,迷宫装备,,,龙皇履,龙皇履,human_robot_icon_atlas_0,42606004,42606150,601
306000145,42636145,0,0,3,6,0,迷宫装备,,,龙皇履,龙皇履,human_robot_icon_atlas_0,42606004,42606150,601
306000146,42636146,0,0,3,6,0,迷宫装备,,,龙皇履,龙皇履,human_robot_icon_atlas_0,42606004,42606150,601
306000147,42636147,0,0,3,6,0,迷宫装备,,,龙皇履,龙皇履,human_robot_icon_atlas_0,42606004,42606150,601
306000148,42636148,0,0,3,6,0,迷宫装备,,,龙皇履,龙皇履,human_robot_icon_atlas_0,42606004,42606150,601
306000149,42636149,0,0,3,6,0,迷宫装备,,,龙皇履,龙皇履,human_robot_icon_atlas_0,42606004,42606150,601
306000150,42636150,0,0,3,6,0,迷宫装备,,,龙皇履,龙皇履,human_robot_icon_atlas_0,42606004,42606150,601
306000151,42636151,0,0,3,6,0,迷宫装备,,,龙神履,龙神履,human_robot_icon_atlas_0,42606004,42606160,601
306000152,42636152,0,0,3,6,0,迷宫装备,,,龙神履,龙神履,human_robot_icon_atlas_0,42606004,42606160,601
306000153,42636153,0,0,3,6,0,迷宫装备,,,龙神履,龙神履,human_robot_icon_atlas_0,42606004,42606160,601
306000154,42636154,0,0,3,6,0,迷宫装备,,,龙神履,龙神履,human_robot_icon_atlas_0,42606004,42606160,601
306000155,42636155,0,0,3,6,0,迷宫装备,,,龙神履,龙神履,human_robot_icon_atlas_0,42606004,42606160,601
306000156,42636156,0,0,3,6,0,迷宫装备,,,龙神履,龙神履,human_robot_icon_atlas_0,42606004,42606160,601
306000157,42636157,0,0,3,6,0,迷宫装备,,,龙神履,龙神履,human_robot_icon_atlas_0,42606004,42606160,601
306000158,42636158,0,0,3,6,0,迷宫装备,,,龙神履,龙神履,human_robot_icon_atlas_0,42606004,42606160,601
306000159,42636159,0,0,3,6,0,迷宫装备,,,龙神履,龙神履,human_robot_icon_atlas_0,42606004,42606160,601
306000160,42636160,0,0,3,6,0,迷宫装备,,,龙神履,龙神履,human_robot_icon_atlas_0,42606004,42606160,601
502000001,42652001,0,0,5,2,0,迷宫装备,,,布冠,铁冠,human_robot_icon_atlas_0,42602001,42602010,603
502000002,42652002,0,0,5,2,0,迷宫装备,,,布冠,青钢冠,human_robot_icon_atlas_0,42602002,42602010,603
502000003,42652003,0,0,5,2,0,迷宫装备,,,布冠,流云冠,human_robot_icon_atlas_0,42602003,42602010,603
502000004,42652004,0,0,5,2,0,迷宫装备,,,布冠,飞虹冠,human_robot_icon_atlas_0,42602004,42602010,603
502000005,42652005,0,0,5,2,0,迷宫装备,,,布冠,飞虹冠,human_robot_icon_atlas_0,42602004,42602010,603
502000006,42652006,0,0,5,2,0,迷宫装备,,,布冠,飞虹冠,human_robot_icon_atlas_0,42602004,42602010,603
502000007,42652007,0,0,5,2,0,迷宫装备,,,布冠,飞虹冠,human_robot_icon_atlas_0,42602004,42602010,603
502000008,42652008,0,0,5,2,0,迷宫装备,,,布冠,飞虹冠,human_robot_icon_atlas_0,42602004,42602010,603
502000009,42652009,0,0,5,2,0,迷宫装备,,,布冠,飞虹冠,human_robot_icon_atlas_0,42602004,42602010,603
502000010,42652010,0,0,5,2,0,迷宫装备,,,布冠,飞虹冠,human_robot_icon_atlas_0,42602004,42602010,603
502000011,42652011,0,0,5,2,0,迷宫装备,,,铁头冠,铁头冠,human_robot_icon_atlas_0,42602004,42602020,603
502000012,42652012,0,0,5,2,0,迷宫装备,,,铁头冠,铁头冠,human_robot_icon_atlas_0,42602004,42602020,603
502000013,42652013,0,0,5,2,0,迷宫装备,,,铁头冠,铁头冠,human_robot_icon_atlas_0,42602004,42602020,603
502000014,42652014,0,0,5,2,0,迷宫装备,,,铁头冠,铁头冠,human_robot_icon_atlas_0,42602004,42602020,603
502000015,42652015,0,0,5,2,0,迷宫装备,,,铁头冠,铁头冠,human_robot_icon_atlas_0,42602004,42602020,603
502000016,42652016,0,0,5,2,0,迷宫装备,,,铁头冠,铁头冠,human_robot_icon_atlas_0,42602004,42602020,603
502000017,42652017,0,0,5,2,0,迷宫装备,,,铁头冠,铁头冠,human_robot_icon_atlas_0,42602004,42602020,603
502000018,42652018,0,0,5,2,0,迷宫装备,,,铁头冠,铁头冠,human_robot_icon_atlas_0,42602004,42602020,603
502000019,42652019,0,0,5,2,0,迷宫装备,,,铁头冠,铁头冠,human_robot_icon_atlas_0,42602004,42602020,603
502000020,42652020,0,0,5,2,0,迷宫装备,,,铁头冠,铁头冠,human_robot_icon_atlas_0,42602004,42602020,603
502000021,42652021,0,0,5,2,0,迷宫装备,,,青钢头冠,青钢头冠,human_robot_icon_atlas_0,42602004,42602030,603
502000022,42652022,0,0,5,2,0,迷宫装备,,,青钢头冠,青钢头冠,human_robot_icon_atlas_0,42602004,42602030,603
502000023,42652023,0,0,5,2,0,迷宫装备,,,青钢头冠,青钢头冠,human_robot_icon_atlas_0,42602004,42602030,603
502000024,42652024,0,0,5,2,0,迷宫装备,,,青钢头冠,青钢头冠,human_robot_icon_atlas_0,42602004,42602030,603
502000025,42652025,0,0,5,2,0,迷宫装备,,,青钢头冠,青钢头冠,human_robot_icon_atlas_0,42602004,42602030,603
502000026,42652026,0,0,5,2,0,迷宫装备,,,青钢头冠,青钢头冠,human_robot_icon_atlas_0,42602004,42602030,603
502000027,42652027,0,0,5,2,0,迷宫装备,,,青钢头冠,青钢头冠,human_robot_icon_atlas_0,42602004,42602030,603
502000028,42652028,0,0,5,2,0,迷宫装备,,,青钢头冠,青钢头冠,human_robot_icon_atlas_0,42602004,42602030,603
502000029,42652029,0,0,5,2,0,迷宫装备,,,青钢头冠,青钢头冠,human_robot_icon_atlas_0,42602004,42602030,603
502000030,42652030,0,0,5,2,0,迷宫装备,,,青钢头冠,青钢头冠,human_robot_icon_atlas_0,42602004,42602030,603
502000031,42652031,0,0,5,2,0,迷宫装备,,,流云头冠,流云头冠,human_robot_icon_atlas_0,42602004,42602040,603
502000032,42652032,0,0,5,2,0,迷宫装备,,,流云头冠,流云头冠,human_robot_icon_atlas_0,42602004,42602040,603
502000033,42652033,0,0,5,2,0,迷宫装备,,,流云头冠,流云头冠,human_robot_icon_atlas_0,42602004,42602040,603
502000034,42652034,0,0,5,2,0,迷宫装备,,,流云头冠,流云头冠,human_robot_icon_atlas_0,42602004,42602040,603
502000035,42652035,0,0,5,2,0,迷宫装备,,,流云头冠,流云头冠,human_robot_icon_atlas_0,42602004,42602040,603
502000036,42652036,0,0,5,2,0,迷宫装备,,,流云头冠,流云头冠,human_robot_icon_atlas_0,42602004,42602040,603
502000037,42652037,0,0,5,2,0,迷宫装备,,,流云头冠,流云头冠,human_robot_icon_atlas_0,42602004,42602040,603
502000038,42652038,0,0,5,2,0,迷宫装备,,,流云头冠,流云头冠,human_robot_icon_atlas_0,42602004,42602040,603
502000039,42652039,0,0,5,2,0,迷宫装备,,,流云头冠,流云头冠,human_robot_icon_atlas_0,42602004,42602040,603
502000040,42652040,0,0,5,2,0,迷宫装备,,,流云头冠,流云头冠,human_robot_icon_atlas_0,42602004,42602040,603
502000041,42652041,0,0,5,2,0,迷宫装备,,,飞虹头冠,飞虹头冠,human_robot_icon_atlas_0,42602004,42602050,603
502000042,42652042,0,0,5,2,0,迷宫装备,,,飞虹头冠,飞虹头冠,human_robot_icon_atlas_0,42602004,42602050,603
502000043,42652043,0,0,5,2,0,迷宫装备,,,飞虹头冠,飞虹头冠,human_robot_icon_atlas_0,42602004,42602050,603
502000044,42652044,0,0,5,2,0,迷宫装备,,,飞虹头冠,飞虹头冠,human_robot_icon_atlas_0,42602004,42602050,603
502000045,42652045,0,0,5,2,0,迷宫装备,,,飞虹头冠,飞虹头冠,human_robot_icon_atlas_0,42602004,42602050,603
502000046,42652046,0,0,5,2,0,迷宫装备,,,飞虹头冠,飞虹头冠,human_robot_icon_atlas_0,42602004,42602050,603
502000047,42652047,0,0,5,2,0,迷宫装备,,,飞虹头冠,飞虹头冠,human_robot_icon_atlas_0,42602004,42602050,603
502000048,42652048,0,0,5,2,0,迷宫装备,,,飞虹头冠,飞虹头冠,human_robot_icon_atlas_0,42602004,42602050,603
502000049,42652049,0,0,5,2,0,迷宫装备,,,飞虹头冠,飞虹头冠,human_robot_icon_atlas_0,42602004,42602050,603
502000050,42652050,0,0,5,2,0,迷宫装备,,,飞虹头冠,飞虹头冠,human_robot_icon_atlas_0,42602004,42602050,603
502000051,42652051,0,0,5,2,0,迷宫装备,,,紫金头冠,紫金头冠,human_robot_icon_atlas_0,42602004,42602060,603
502000052,42652052,0,0,5,2,0,迷宫装备,,,紫金头冠,紫金头冠,human_robot_icon_atlas_0,42602004,42602060,603
502000053,42652053,0,0,5,2,0,迷宫装备,,,紫金头冠,紫金头冠,human_robot_icon_atlas_0,42602004,42602060,603
502000054,42652054,0,0,5,2,0,迷宫装备,,,紫金头冠,紫金头冠,human_robot_icon_atlas_0,42602004,42602060,603
502000055,42652055,0,0,5,2,0,迷宫装备,,,紫金头冠,紫金头冠,human_robot_icon_atlas_0,42602004,42602060,603
502000056,42652056,0,0,5,2,0,迷宫装备,,,紫金头冠,紫金头冠,human_robot_icon_atlas_0,42602004,42602060,603
502000057,42652057,0,0,5,2,0,迷宫装备,,,紫金头冠,紫金头冠,human_robot_icon_atlas_0,42602004,42602060,603
502000058,42652058,0,0,5,2,0,迷宫装备,,,紫金头冠,紫金头冠,human_robot_icon_atlas_0,42602004,42602060,603
502000059,42652059,0,0,5,2,0,迷宫装备,,,紫金头冠,紫金头冠,human_robot_icon_atlas_0,42602004,42602060,603
502000060,42652060,0,0,5,2,0,迷宫装备,,,紫金头冠,紫金头冠,human_robot_icon_atlas_0,42602004,42602060,603
502000061,42652061,0,0,5,2,0,迷宫装备,,,巨神头冠,巨神头冠,human_robot_icon_atlas_0,42602004,42602070,603
502000062,42652062,0,0,5,2,0,迷宫装备,,,巨神头冠,巨神头冠,human_robot_icon_atlas_0,42602004,42602070,603
502000063,42652063,0,0,5,2,0,迷宫装备,,,巨神头冠,巨神头冠,human_robot_icon_atlas_0,42602004,42602070,603
502000064,42652064,0,0,5,2,0,迷宫装备,,,巨神头冠,巨神头冠,human_robot_icon_atlas_0,42602004,42602070,603
502000065,42652065,0,0,5,2,0,迷宫装备,,,巨神头冠,巨神头冠,human_robot_icon_atlas_0,42602004,42602070,603
502000066,42652066,0,0,5,2,0,迷宫装备,,,巨神头冠,巨神头冠,human_robot_icon_atlas_0,42602004,42602070,603
502000067,42652067,0,0,5,2,0,迷宫装备,,,巨神头冠,巨神头冠,human_robot_icon_atlas_0,42602004,42602070,603
502000068,42652068,0,0,5,2,0,迷宫装备,,,巨神头冠,巨神头冠,human_robot_icon_atlas_0,42602004,42602070,603
502000069,42652069,0,0,5,2,0,迷宫装备,,,巨神头冠,巨神头冠,human_robot_icon_atlas_0,42602004,42602070,603
502000070,42652070,0,0,5,2,0,迷宫装备,,,巨神头冠,巨神头冠,human_robot_icon_atlas_0,42602004,42602070,603
502000071,42652071,0,0,5,2,0,迷宫装备,,,天罡头冠,天罡头冠,human_robot_icon_atlas_0,42602004,42602080,603
502000072,42652072,0,0,5,2,0,迷宫装备,,,天罡头冠,天罡头冠,human_robot_icon_atlas_0,42602004,42602080,603
502000073,42652073,0,0,5,2,0,迷宫装备,,,天罡头冠,天罡头冠,human_robot_icon_atlas_0,42602004,42602080,603
502000074,42652074,0,0,5,2,0,迷宫装备,,,天罡头冠,天罡头冠,human_robot_icon_atlas_0,42602004,42602080,603
502000075,42652075,0,0,5,2,0,迷宫装备,,,天罡头冠,天罡头冠,human_robot_icon_atlas_0,42602004,42602080,603
502000076,42652076,0,0,5,2,0,迷宫装备,,,天罡头冠,天罡头冠,human_robot_icon_atlas_0,42602004,42602080,603
502000077,42652077,0,0,5,2,0,迷宫装备,,,天罡头冠,天罡头冠,human_robot_icon_atlas_0,42602004,42602080,603
502000078,42652078,0,0,5,2,0,迷宫装备,,,天罡头冠,天罡头冠,human_robot_icon_atlas_0,42602004,42602080,603
502000079,42652079,0,0,5,2,0,迷宫装备,,,天罡头冠,天罡头冠,human_robot_icon_atlas_0,42602004,42602080,603
502000080,42652080,0,0,5,2,0,迷宫装备,,,天罡头冠,天罡头冠,human_robot_icon_atlas_0,42602004,42602080,603
502000081,42652081,0,0,5,2,0,迷宫装备,,,雷神头冠,雷神头冠,human_robot_icon_atlas_0,42602004,42602090,603
502000082,42652082,0,0,5,2,0,迷宫装备,,,雷神头冠,雷神头冠,human_robot_icon_atlas_0,42602004,42602090,603
502000083,42652083,0,0,5,2,0,迷宫装备,,,雷神头冠,雷神头冠,human_robot_icon_atlas_0,42602004,42602090,603
502000084,42652084,0,0,5,2,0,迷宫装备,,,雷神头冠,雷神头冠,human_robot_icon_atlas_0,42602004,42602090,603
502000085,42652085,0,0,5,2,0,迷宫装备,,,雷神头冠,雷神头冠,human_robot_icon_atlas_0,42602004,42602090,603
502000086,42652086,0,0,5,2,0,迷宫装备,,,雷神头冠,雷神头冠,human_robot_icon_atlas_0,42602004,42602090,603
502000087,42652087,0,0,5,2,0,迷宫装备,,,雷神头冠,雷神头冠,human_robot_icon_atlas_0,42602004,42602090,603
502000088,42652088,0,0,5,2,0,迷宫装备,,,雷神头冠,雷神头冠,human_robot_icon_atlas_0,42602004,42602090,603
502000089,42652089,0,0,5,2,0,迷宫装备,,,雷神头冠,雷神头冠,human_robot_icon_atlas_0,42602004,42602090,603
502000090,42652090,0,0,5,2,0,迷宫装备,,,雷神头冠,雷神头冠,human_robot_icon_atlas_0,42602004,42602090,603
502000091,42652091,0,0,5,2,0,迷宫装备,,,狮吼头冠,狮吼头冠,human_robot_icon_atlas_0,42602004,42602100,603
502000092,42652092,0,0,5,2,0,迷宫装备,,,狮吼头冠,狮吼头冠,human_robot_icon_atlas_0,42602004,42602100,603
502000093,42652093,0,0,5,2,0,迷宫装备,,,狮吼头冠,狮吼头冠,human_robot_icon_atlas_0,42602004,42602100,603
502000094,42652094,0,0,5,2,0,迷宫装备,,,狮吼头冠,狮吼头冠,human_robot_icon_atlas_0,42602004,42602100,603
502000095,42652095,0,0,5,2,0,迷宫装备,,,狮吼头冠,狮吼头冠,human_robot_icon_atlas_0,42602004,42602100,603
502000096,42652096,0,0,5,2,0,迷宫装备,,,狮吼头冠,狮吼头冠,human_robot_icon_atlas_0,42602004,42602100,603
502000097,42652097,0,0,5,2,0,迷宫装备,,,狮吼头冠,狮吼头冠,human_robot_icon_atlas_0,42602004,42602100,603
502000098,42652098,0,0,5,2,0,迷宫装备,,,狮吼头冠,狮吼头冠,human_robot_icon_atlas_0,42602004,42602100,603
502000099,42652099,0,0,5,2,0,迷宫装备,,,狮吼头冠,狮吼头冠,human_robot_icon_atlas_0,42602004,42602100,603
502000100,42652100,0,0,5,2,0,迷宫装备,,,狮吼头冠,狮吼头冠,human_robot_icon_atlas_0,42602004,42602100,603
502000101,42652101,0,0,5,2,0,迷宫装备,,,灵蛇头冠,灵蛇头冠,human_robot_icon_atlas_0,42602004,42602110,603
502000102,42652102,0,0,5,2,0,迷宫装备,,,灵蛇头冠,灵蛇头冠,human_robot_icon_atlas_0,42602004,42602110,603
502000103,42652103,0,0,5,2,0,迷宫装备,,,灵蛇头冠,灵蛇头冠,human_robot_icon_atlas_0,42602004,42602110,603
502000104,42652104,0,0,5,2,0,迷宫装备,,,灵蛇头冠,灵蛇头冠,human_robot_icon_atlas_0,42602004,42602110,603
502000105,42652105,0,0,5,2,0,迷宫装备,,,灵蛇头冠,灵蛇头冠,human_robot_icon_atlas_0,42602004,42602110,603
502000106,42652106,0,0,5,2,0,迷宫装备,,,灵蛇头冠,灵蛇头冠,human_robot_icon_atlas_0,42602004,42602110,603
502000107,42652107,0,0,5,2,0,迷宫装备,,,灵蛇头冠,灵蛇头冠,human_robot_icon_atlas_0,42602004,42602110,603
502000108,42652108,0,0,5,2,0,迷宫装备,,,灵蛇头冠,灵蛇头冠,human_robot_icon_atlas_0,42602004,42602110,603
502000109,42652109,0,0,5,2,0,迷宫装备,,,灵蛇头冠,灵蛇头冠,human_robot_icon_atlas_0,42602004,42602110,603
502000110,42652110,0,0,5,2,0,迷宫装备,,,灵蛇头冠,灵蛇头冠,human_robot_icon_atlas_0,42602004,42602110,603
502000111,42652111,0,0,5,2,0,迷宫装备,,,朱雀头冠,朱雀头冠,human_robot_icon_atlas_0,42602004,42602120,603
502000112,42652112,0,0,5,2,0,迷宫装备,,,朱雀头冠,朱雀头冠,human_robot_icon_atlas_0,42602004,42602120,603
502000113,42652113,0,0,5,2,0,迷宫装备,,,朱雀头冠,朱雀头冠,human_robot_icon_atlas_0,42602004,42602120,603
502000114,42652114,0,0,5,2,0,迷宫装备,,,朱雀头冠,朱雀头冠,human_robot_icon_atlas_0,42602004,42602120,603
502000115,42652115,0,0,5,2,0,迷宫装备,,,朱雀头冠,朱雀头冠,human_robot_icon_atlas_0,42602004,42602120,603
502000116,42652116,0,0,5,2,0,迷宫装备,,,朱雀头冠,朱雀头冠,human_robot_icon_atlas_0,42602004,42602120,603
502000117,42652117,0,0,5,2,0,迷宫装备,,,朱雀头冠,朱雀头冠,human_robot_icon_atlas_0,42602004,42602120,603
502000118,42652118,0,0,5,2,0,迷宫装备,,,朱雀头冠,朱雀头冠,human_robot_icon_atlas_0,42602004,42602120,603
502000119,42652119,0,0,5,2,0,迷宫装备,,,朱雀头冠,朱雀头冠,human_robot_icon_atlas_0,42602004,42602120,603
502000120,42652120,0,0,5,2,0,迷宫装备,,,朱雀头冠,朱雀头冠,human_robot_icon_atlas_0,42602004,42602120,603
502000121,42652121,0,0,5,2,0,迷宫装备,,,龙形头冠,龙形头冠,human_robot_icon_atlas_0,42602004,42602130,603
502000122,42652122,0,0,5,2,0,迷宫装备,,,龙形头冠,龙形头冠,human_robot_icon_atlas_0,42602004,42602130,603
502000123,42652123,0,0,5,2,0,迷宫装备,,,龙形头冠,龙形头冠,human_robot_icon_atlas_0,42602004,42602130,603
502000124,42652124,0,0,5,2,0,迷宫装备,,,龙形头冠,龙形头冠,human_robot_icon_atlas_0,42602004,42602130,603
502000125,42652125,0,0,5,2,0,迷宫装备,,,龙形头冠,龙形头冠,human_robot_icon_atlas_0,42602004,42602130,603
502000126,42652126,0,0,5,2,0,迷宫装备,,,龙形头冠,龙形头冠,human_robot_icon_atlas_0,42602004,42602130,603
502000127,42652127,0,0,5,2,0,迷宫装备,,,龙形头冠,龙形头冠,human_robot_icon_atlas_0,42602004,42602130,603
502000128,42652128,0,0,5,2,0,迷宫装备,,,龙形头冠,龙形头冠,human_robot_icon_atlas_0,42602004,42602130,603
502000129,42652129,0,0,5,2,0,迷宫装备,,,龙形头冠,龙形头冠,human_robot_icon_atlas_0,42602004,42602130,603
502000130,42652130,0,0,5,2,0,迷宫装备,,,龙形头冠,龙形头冠,human_robot_icon_atlas_0,42602004,42602130,603
502000131,42652131,0,0,5,2,0,迷宫装备,,,龙王头冠,龙王头冠,human_robot_icon_atlas_0,42602004,42602140,603
502000132,42652132,0,0,5,2,0,迷宫装备,,,龙王头冠,龙王头冠,human_robot_icon_atlas_0,42602004,42602140,603
502000133,42652133,0,0,5,2,0,迷宫装备,,,龙王头冠,龙王头冠,human_robot_icon_atlas_0,42602004,42602140,603
502000134,42652134,0,0,5,2,0,迷宫装备,,,龙王头冠,龙王头冠,human_robot_icon_atlas_0,42602004,42602140,603
502000135,42652135,0,0,5,2,0,迷宫装备,,,龙王头冠,龙王头冠,human_robot_icon_atlas_0,42602004,42602140,603
502000136,42652136,0,0,5,2,0,迷宫装备,,,龙王头冠,龙王头冠,human_robot_icon_atlas_0,42602004,42602140,603
502000137,42652137,0,0,5,2,0,迷宫装备,,,龙王头冠,龙王头冠,human_robot_icon_atlas_0,42602004,42602140,603
502000138,42652138,0,0,5,2,0,迷宫装备,,,龙王头冠,龙王头冠,human_robot_icon_atlas_0,42602004,42602140,603
502000139,42652139,0,0,5,2,0,迷宫装备,,,龙王头冠,龙王头冠,human_robot_icon_atlas_0,42602004,42602140,603
502000140,42652140,0,0,5,2,0,迷宫装备,,,龙王头冠,龙王头冠,human_robot_icon_atlas_0,42602004,42602140,603
502000141,42652141,0,0,5,2,0,迷宫装备,,,龙皇头冠,龙皇头冠,human_robot_icon_atlas_0,42602004,42602150,603
502000142,42652142,0,0,5,2,0,迷宫装备,,,龙皇头冠,龙皇头冠,human_robot_icon_atlas_0,42602004,42602150,603
502000143,42652143,0,0,5,2,0,迷宫装备,,,龙皇头冠,龙皇头冠,human_robot_icon_atlas_0,42602004,42602150,603
502000144,42652144,0,0,5,2,0,迷宫装备,,,龙皇头冠,龙皇头冠,human_robot_icon_atlas_0,42602004,42602150,603
502000145,42652145,0,0,5,2,0,迷宫装备,,,龙皇头冠,龙皇头冠,human_robot_icon_atlas_0,42602004,42602150,603
502000146,42652146,0,0,5,2,0,迷宫装备,,,龙皇头冠,龙皇头冠,human_robot_icon_atlas_0,42602004,42602150,603
502000147,42652147,0,0,5,2,0,迷宫装备,,,龙皇头冠,龙皇头冠,human_robot_icon_atlas_0,42602004,42602150,603
502000148,42652148,0,0,5,2,0,迷宫装备,,,龙皇头冠,龙皇头冠,human_robot_icon_atlas_0,42602004,42602150,603
502000149,42652149,0,0,5,2,0,迷宫装备,,,龙皇头冠,龙皇头冠,human_robot_icon_atlas_0,42602004,42602150,603
502000150,42652150,0,0,5,2,0,迷宫装备,,,龙皇头冠,龙皇头冠,human_robot_icon_atlas_0,42602004,42602150,603
502000151,42652151,0,0,5,2,0,迷宫装备,,,龙神头冠,龙神头冠,human_robot_icon_atlas_0,42602004,42602160,603
502000152,42652152,0,0,5,2,0,迷宫装备,,,龙神头冠,龙神头冠,human_robot_icon_atlas_0,42602004,42602160,603
502000153,42652153,0,0,5,2,0,迷宫装备,,,龙神头冠,龙神头冠,human_robot_icon_atlas_0,42602004,42602160,603
502000154,42652154,0,0,5,2,0,迷宫装备,,,龙神头冠,龙神头冠,human_robot_icon_atlas_0,42602004,42602160,603
502000155,42652155,0,0,5,2,0,迷宫装备,,,龙神头冠,龙神头冠,human_robot_icon_atlas_0,42602004,42602160,603
502000156,42652156,0,0,5,2,0,迷宫装备,,,龙神头冠,龙神头冠,human_robot_icon_atlas_0,42602004,42602160,603
502000157,42652157,0,0,5,2,0,迷宫装备,,,龙神头冠,龙神头冠,human_robot_icon_atlas_0,42602004,42602160,603
502000158,42652158,0,0,5,2,0,迷宫装备,,,龙神头冠,龙神头冠,human_robot_icon_atlas_0,42602004,42602160,603
502000159,42652159,0,0,5,2,0,迷宫装备,,,龙神头冠,龙神头冠,human_robot_icon_atlas_0,42602004,42602160,603
502000160,42652160,0,0,5,2,0,迷宫装备,,,龙神头冠,龙神头冠,human_robot_icon_atlas_0,42602004,42602160,603
503000001,42653001,0,0,5,3,0,迷宫装备,,,布袍,铁铠,human_robot_icon_atlas_0,42603001,42603001,604
503000002,42653002,0,0,5,3,0,迷宫装备,,,布袍,青钢铠,human_robot_icon_atlas_0,42603002,42603002,604
503000003,42653003,0,0,5,3,0,迷宫装备,,,布袍,流云铠,human_robot_icon_atlas_0,42603003,42603003,604
503000004,42653004,0,0,5,3,0,迷宫装备,,,布袍,飞虹铠,human_robot_icon_atlas_0,42603004,42603004,604
503000005,42653005,0,0,5,3,0,迷宫装备,,,布袍,飞虹铠,human_robot_icon_atlas_0,42603004,42603010,604
503000006,42653006,0,0,5,3,0,迷宫装备,,,布袍,飞虹铠,human_robot_icon_atlas_0,42603004,42603010,604
503000007,42653007,0,0,5,3,0,迷宫装备,,,布袍,飞虹铠,human_robot_icon_atlas_0,42603004,42603010,604
503000008,42653008,0,0,5,3,0,迷宫装备,,,布袍,飞虹铠,human_robot_icon_atlas_0,42603004,42603010,604
503000009,42653009,0,0,5,3,0,迷宫装备,,,布袍,飞虹铠,human_robot_icon_atlas_0,42603004,42603010,604
503000010,42653010,0,0,5,3,0,迷宫装备,,,布袍,飞虹铠,human_robot_icon_atlas_0,42603004,42603010,604
503000011,42653011,0,0,5,3,0,迷宫装备,,,铁铠,铁铠,human_robot_icon_atlas_0,42603004,42603020,604
503000012,42653012,0,0,5,3,0,迷宫装备,,,铁铠,铁铠,human_robot_icon_atlas_0,42603004,42603020,604
503000013,42653013,0,0,5,3,0,迷宫装备,,,铁铠,铁铠,human_robot_icon_atlas_0,42603004,42603020,604
503000014,42653014,0,0,5,3,0,迷宫装备,,,铁铠,铁铠,human_robot_icon_atlas_0,42603004,42603020,604
503000015,42653015,0,0,5,3,0,迷宫装备,,,铁铠,铁铠,human_robot_icon_atlas_0,42603004,42603020,604
503000016,42653016,0,0,5,3,0,迷宫装备,,,铁铠,铁铠,human_robot_icon_atlas_0,42603004,42603020,604
503000017,42653017,0,0,5,3,0,迷宫装备,,,铁铠,铁铠,human_robot_icon_atlas_0,42603004,42603020,604
503000018,42653018,0,0,5,3,0,迷宫装备,,,铁铠,铁铠,human_robot_icon_atlas_0,42603004,42603020,604
503000019,42653019,0,0,5,3,0,迷宫装备,,,铁铠,铁铠,human_robot_icon_atlas_0,42603004,42603020,604
503000020,42653020,0,0,5,3,0,迷宫装备,,,铁铠,铁铠,human_robot_icon_atlas_0,42603004,42603020,604
503000021,42653021,0,0,5,3,0,迷宫装备,,,青钢铠,青钢铠,human_robot_icon_atlas_0,42603004,42603030,604
503000022,42653022,0,0,5,3,0,迷宫装备,,,青钢铠,青钢铠,human_robot_icon_atlas_0,42603004,42603030,604
503000023,42653023,0,0,5,3,0,迷宫装备,,,青钢铠,青钢铠,human_robot_icon_atlas_0,42603004,42603030,604
503000024,42653024,0,0,5,3,0,迷宫装备,,,青钢铠,青钢铠,human_robot_icon_atlas_0,42603004,42603030,604
503000025,42653025,0,0,5,3,0,迷宫装备,,,青钢铠,青钢铠,human_robot_icon_atlas_0,42603004,42603030,604
503000026,42653026,0,0,5,3,0,迷宫装备,,,青钢铠,青钢铠,human_robot_icon_atlas_0,42603004,42603030,604
503000027,42653027,0,0,5,3,0,迷宫装备,,,青钢铠,青钢铠,human_robot_icon_atlas_0,42603004,42603030,604
503000028,42653028,0,0,5,3,0,迷宫装备,,,青钢铠,青钢铠,human_robot_icon_atlas_0,42603004,42603030,604
503000029,42653029,0,0,5,3,0,迷宫装备,,,青钢铠,青钢铠,human_robot_icon_atlas_0,42603004,42603030,604
503000030,42653030,0,0,5,3,0,迷宫装备,,,青钢铠,青钢铠,human_robot_icon_atlas_0,42603004,42603030,604
503000031,42653031,0,0,5,3,0,迷宫装备,,,流云铠,流云铠,human_robot_icon_atlas_0,42603004,42603040,604
503000032,42653032,0,0,5,3,0,迷宫装备,,,流云铠,流云铠,human_robot_icon_atlas_0,42603004,42603040,604
503000033,42653033,0,0,5,3,0,迷宫装备,,,流云铠,流云铠,human_robot_icon_atlas_0,42603004,42603040,604
503000034,42653034,0,0,5,3,0,迷宫装备,,,流云铠,流云铠,human_robot_icon_atlas_0,42603004,42603040,604
503000035,42653035,0,0,5,3,0,迷宫装备,,,流云铠,流云铠,human_robot_icon_atlas_0,42603004,42603040,604
503000036,42653036,0,0,5,3,0,迷宫装备,,,流云铠,流云铠,human_robot_icon_atlas_0,42603004,42603040,604
503000037,42653037,0,0,5,3,0,迷宫装备,,,流云铠,流云铠,human_robot_icon_atlas_0,42603004,42603040,604
503000038,42653038,0,0,5,3,0,迷宫装备,,,流云铠,流云铠,human_robot_icon_atlas_0,42603004,42603040,604
503000039,42653039,0,0,5,3,0,迷宫装备,,,流云铠,流云铠,human_robot_icon_atlas_0,42603004,42603040,604
503000040,42653040,0,0,5,3,0,迷宫装备,,,流云铠,流云铠,human_robot_icon_atlas_0,42603004,42603040,604
503000041,42653041,0,0,5,3,0,迷宫装备,,,飞虹铠,飞虹铠,human_robot_icon_atlas_0,42603004,42603050,604
503000042,42653042,0,0,5,3,0,迷宫装备,,,飞虹铠,飞虹铠,human_robot_icon_atlas_0,42603004,42603050,604
503000043,42653043,0,0,5,3,0,迷宫装备,,,飞虹铠,飞虹铠,human_robot_icon_atlas_0,42603004,42603050,604
503000044,42653044,0,0,5,3,0,迷宫装备,,,飞虹铠,飞虹铠,human_robot_icon_atlas_0,42603004,42603050,604
503000045,42653045,0,0,5,3,0,迷宫装备,,,飞虹铠,飞虹铠,human_robot_icon_atlas_0,42603004,42603050,604
503000046,42653046,0,0,5,3,0,迷宫装备,,,飞虹铠,飞虹铠,human_robot_icon_atlas_0,42603004,42603050,604
503000047,42653047,0,0,5,3,0,迷宫装备,,,飞虹铠,飞虹铠,human_robot_icon_atlas_0,42603004,42603050,604
503000048,42653048,0,0,5,3,0,迷宫装备,,,飞虹铠,飞虹铠,human_robot_icon_atlas_0,42603004,42603050,604
503000049,42653049,0,0,5,3,0,迷宫装备,,,飞虹铠,飞虹铠,human_robot_icon_atlas_0,42603004,42603050,604
503000050,42653050,0,0,5,3,0,迷宫装备,,,飞虹铠,飞虹铠,human_robot_icon_atlas_0,42603004,42603050,604
503000051,42653051,0,0,5,3,0,迷宫装备,,,紫金铠,紫金铠,human_robot_icon_atlas_0,42603004,42603060,604
503000052,42653052,0,0,5,3,0,迷宫装备,,,紫金铠,紫金铠,human_robot_icon_atlas_0,42603004,42603060,604
503000053,42653053,0,0,5,3,0,迷宫装备,,,紫金铠,紫金铠,human_robot_icon_atlas_0,42603004,42603060,604
503000054,42653054,0,0,5,3,0,迷宫装备,,,紫金铠,紫金铠,human_robot_icon_atlas_0,42603004,42603060,604
503000055,42653055,0,0,5,3,0,迷宫装备,,,紫金铠,紫金铠,human_robot_icon_atlas_0,42603004,42603060,604
503000056,42653056,0,0,5,3,0,迷宫装备,,,紫金铠,紫金铠,human_robot_icon_atlas_0,42603004,42603060,604
503000057,42653057,0,0,5,3,0,迷宫装备,,,紫金铠,紫金铠,human_robot_icon_atlas_0,42603004,42603060,604
503000058,42653058,0,0,5,3,0,迷宫装备,,,紫金铠,紫金铠,human_robot_icon_atlas_0,42603004,42603060,604
503000059,42653059,0,0,5,3,0,迷宫装备,,,紫金铠,紫金铠,human_robot_icon_atlas_0,42603004,42603060,604
503000060,42653060,0,0,5,3,0,迷宫装备,,,紫金铠,紫金铠,human_robot_icon_atlas_0,42603004,42603060,604
503000061,42653061,0,0,5,3,0,迷宫装备,,,巨神铠,巨神铠,human_robot_icon_atlas_0,42603004,42603070,604
503000062,42653062,0,0,5,3,0,迷宫装备,,,巨神铠,巨神铠,human_robot_icon_atlas_0,42603004,42603070,604
503000063,42653063,0,0,5,3,0,迷宫装备,,,巨神铠,巨神铠,human_robot_icon_atlas_0,42603004,42603070,604
503000064,42653064,0,0,5,3,0,迷宫装备,,,巨神铠,巨神铠,human_robot_icon_atlas_0,42603004,42603070,604
503000065,42653065,0,0,5,3,0,迷宫装备,,,巨神铠,巨神铠,human_robot_icon_atlas_0,42603004,42603070,604
503000066,42653066,0,0,5,3,0,迷宫装备,,,巨神铠,巨神铠,human_robot_icon_atlas_0,42603004,42603070,604
503000067,42653067,0,0,5,3,0,迷宫装备,,,巨神铠,巨神铠,human_robot_icon_atlas_0,42603004,42603070,604
503000068,42653068,0,0,5,3,0,迷宫装备,,,巨神铠,巨神铠,human_robot_icon_atlas_0,42603004,42603070,604
503000069,42653069,0,0,5,3,0,迷宫装备,,,巨神铠,巨神铠,human_robot_icon_atlas_0,42603004,42603070,604
503000070,42653070,0,0,5,3,0,迷宫装备,,,巨神铠,巨神铠,human_robot_icon_atlas_0,42603004,42603070,604
503000071,42653071,0,0,5,3,0,迷宫装备,,,天罡铠,天罡铠,human_robot_icon_atlas_0,42603004,42603080,604
503000072,42653072,0,0,5,3,0,迷宫装备,,,天罡铠,天罡铠,human_robot_icon_atlas_0,42603004,42603080,604
503000073,42653073,0,0,5,3,0,迷宫装备,,,天罡铠,天罡铠,human_robot_icon_atlas_0,42603004,42603080,604
503000074,42653074,0,0,5,3,0,迷宫装备,,,天罡铠,天罡铠,human_robot_icon_atlas_0,42603004,42603080,604
503000075,42653075,0,0,5,3,0,迷宫装备,,,天罡铠,天罡铠,human_robot_icon_atlas_0,42603004,42603080,604
503000076,42653076,0,0,5,3,0,迷宫装备,,,天罡铠,天罡铠,human_robot_icon_atlas_0,42603004,42603080,604
503000077,42653077,0,0,5,3,0,迷宫装备,,,天罡铠,天罡铠,human_robot_icon_atlas_0,42603004,42603080,604
503000078,42653078,0,0,5,3,0,迷宫装备,,,天罡铠,天罡铠,human_robot_icon_atlas_0,42603004,42603080,604
503000079,42653079,0,0,5,3,0,迷宫装备,,,天罡铠,天罡铠,human_robot_icon_atlas_0,42603004,42603080,604
503000080,42653080,0,0,5,3,0,迷宫装备,,,天罡铠,天罡铠,human_robot_icon_atlas_0,42603004,42603080,604
503000081,42653081,0,0,5,3,0,迷宫装备,,,雷神铠,雷神铠,human_robot_icon_atlas_0,42603004,42603090,604
503000082,42653082,0,0,5,3,0,迷宫装备,,,雷神铠,雷神铠,human_robot_icon_atlas_0,42603004,42603090,604
503000083,42653083,0,0,5,3,0,迷宫装备,,,雷神铠,雷神铠,human_robot_icon_atlas_0,42603004,42603090,604
503000084,42653084,0,0,5,3,0,迷宫装备,,,雷神铠,雷神铠,human_robot_icon_atlas_0,42603004,42603090,604
503000085,42653085,0,0,5,3,0,迷宫装备,,,雷神铠,雷神铠,human_robot_icon_atlas_0,42603004,42603090,604
503000086,42653086,0,0,5,3,0,迷宫装备,,,雷神铠,雷神铠,human_robot_icon_atlas_0,42603004,42603090,604
503000087,42653087,0,0,5,3,0,迷宫装备,,,雷神铠,雷神铠,human_robot_icon_atlas_0,42603004,42603090,604
503000088,42653088,0,0,5,3,0,迷宫装备,,,雷神铠,雷神铠,human_robot_icon_atlas_0,42603004,42603090,604
503000089,42653089,0,0,5,3,0,迷宫装备,,,雷神铠,雷神铠,human_robot_icon_atlas_0,42603004,42603090,604
503000090,42653090,0,0,5,3,0,迷宫装备,,,雷神铠,雷神铠,human_robot_icon_atlas_0,42603004,42603090,604
503000091,42653091,0,0,5,3,0,迷宫装备,,,狮吼铠,狮吼铠,human_robot_icon_atlas_0,42603004,42603100,604
503000092,42653092,0,0,5,3,0,迷宫装备,,,狮吼铠,狮吼铠,human_robot_icon_atlas_0,42603004,42603100,604
503000093,42653093,0,0,5,3,0,迷宫装备,,,狮吼铠,狮吼铠,human_robot_icon_atlas_0,42603004,42603100,604
503000094,42653094,0,0,5,3,0,迷宫装备,,,狮吼铠,狮吼铠,human_robot_icon_atlas_0,42603004,42603100,604
503000095,42653095,0,0,5,3,0,迷宫装备,,,狮吼铠,狮吼铠,human_robot_icon_atlas_0,42603004,42603100,604
503000096,42653096,0,0,5,3,0,迷宫装备,,,狮吼铠,狮吼铠,human_robot_icon_atlas_0,42603004,42603100,604
503000097,42653097,0,0,5,3,0,迷宫装备,,,狮吼铠,狮吼铠,human_robot_icon_atlas_0,42603004,42603100,604
503000098,42653098,0,0,5,3,0,迷宫装备,,,狮吼铠,狮吼铠,human_robot_icon_atlas_0,42603004,42603100,604
503000099,42653099,0,0,5,3,0,迷宫装备,,,狮吼铠,狮吼铠,human_robot_icon_atlas_0,42603004,42603100,604
503000100,42653100,0,0,5,3,0,迷宫装备,,,狮吼铠,狮吼铠,human_robot_icon_atlas_0,42603004,42603100,604
503000101,42653101,0,0,5,3,0,迷宫装备,,,灵蛇铠,灵蛇铠,human_robot_icon_atlas_0,42603004,42603110,604
503000102,42653102,0,0,5,3,0,迷宫装备,,,灵蛇铠,灵蛇铠,human_robot_icon_atlas_0,42603004,42603110,604
503000103,42653103,0,0,5,3,0,迷宫装备,,,灵蛇铠,灵蛇铠,human_robot_icon_atlas_0,42603004,42603110,604
503000104,42653104,0,0,5,3,0,迷宫装备,,,灵蛇铠,灵蛇铠,human_robot_icon_atlas_0,42603004,42603110,604
503000105,42653105,0,0,5,3,0,迷宫装备,,,灵蛇铠,灵蛇铠,human_robot_icon_atlas_0,42603004,42603110,604
503000106,42653106,0,0,5,3,0,迷宫装备,,,灵蛇铠,灵蛇铠,human_robot_icon_atlas_0,42603004,42603110,604
503000107,42653107,0,0,5,3,0,迷宫装备,,,灵蛇铠,灵蛇铠,human_robot_icon_atlas_0,42603004,42603110,604
503000108,42653108,0,0,5,3,0,迷宫装备,,,灵蛇铠,灵蛇铠,human_robot_icon_atlas_0,42603004,42603110,604
503000109,42653109,0,0,5,3,0,迷宫装备,,,灵蛇铠,灵蛇铠,human_robot_icon_atlas_0,42603004,42603110,604
503000110,42653110,0,0,5,3,0,迷宫装备,,,灵蛇铠,灵蛇铠,human_robot_icon_atlas_0,42603004,42603110,604
503000111,42653111,0,0,5,3,0,迷宫装备,,,朱雀铠,朱雀铠,human_robot_icon_atlas_0,42603004,42603120,604
503000112,42653112,0,0,5,3,0,迷宫装备,,,朱雀铠,朱雀铠,human_robot_icon_atlas_0,42603004,42603120,604
503000113,42653113,0,0,5,3,0,迷宫装备,,,朱雀铠,朱雀铠,human_robot_icon_atlas_0,42603004,42603120,604
503000114,42653114,0,0,5,3,0,迷宫装备,,,朱雀铠,朱雀铠,human_robot_icon_atlas_0,42603004,42603120,604
503000115,42653115,0,0,5,3,0,迷宫装备,,,朱雀铠,朱雀铠,human_robot_icon_atlas_0,42603004,42603120,604
503000116,42653116,0,0,5,3,0,迷宫装备,,,朱雀铠,朱雀铠,human_robot_icon_atlas_0,42603004,42603120,604
503000117,42653117,0,0,5,3,0,迷宫装备,,,朱雀铠,朱雀铠,human_robot_icon_atlas_0,42603004,42603120,604
503000118,42653118,0,0,5,3,0,迷宫装备,,,朱雀铠,朱雀铠,human_robot_icon_atlas_0,42603004,42603120,604
503000119,42653119,0,0,5,3,0,迷宫装备,,,朱雀铠,朱雀铠,human_robot_icon_atlas_0,42603004,42603120,604
503000120,42653120,0,0,5,3,0,迷宫装备,,,朱雀铠,朱雀铠,human_robot_icon_atlas_0,42603004,42603120,604
503000121,42653121,0,0,5,3,0,迷宫装备,,,龙形铠,龙形铠,human_robot_icon_atlas_0,42603004,42603130,604
503000122,42653122,0,0,5,3,0,迷宫装备,,,龙形铠,龙形铠,human_robot_icon_atlas_0,42603004,42603130,604
503000123,42653123,0,0,5,3,0,迷宫装备,,,龙形铠,龙形铠,human_robot_icon_atlas_0,42603004,42603130,604
503000124,42653124,0,0,5,3,0,迷宫装备,,,龙形铠,龙形铠,human_robot_icon_atlas_0,42603004,42603130,604
503000125,42653125,0,0,5,3,0,迷宫装备,,,龙形铠,龙形铠,human_robot_icon_atlas_0,42603004,42603130,604
503000126,42653126,0,0,5,3,0,迷宫装备,,,龙形铠,龙形铠,human_robot_icon_atlas_0,42603004,42603130,604
503000127,42653127,0,0,5,3,0,迷宫装备,,,龙形铠,龙形铠,human_robot_icon_atlas_0,42603004,42603130,604
503000128,42653128,0,0,5,3,0,迷宫装备,,,龙形铠,龙形铠,human_robot_icon_atlas_0,42603004,42603130,604
503000129,42653129,0,0,5,3,0,迷宫装备,,,龙形铠,龙形铠,human_robot_icon_atlas_0,42603004,42603130,604
503000130,42653130,0,0,5,3,0,迷宫装备,,,龙形铠,龙形铠,human_robot_icon_atlas_0,42603004,42603130,604
503000131,42653131,0,0,5,3,0,迷宫装备,,,龙王铠,龙王铠,human_robot_icon_atlas_0,42603004,42603140,604
503000132,42653132,0,0,5,3,0,迷宫装备,,,龙王铠,龙王铠,human_robot_icon_atlas_0,42603004,42603140,604
503000133,42653133,0,0,5,3,0,迷宫装备,,,龙王铠,龙王铠,human_robot_icon_atlas_0,42603004,42603140,604
503000134,42653134,0,0,5,3,0,迷宫装备,,,龙王铠,龙王铠,human_robot_icon_atlas_0,42603004,42603140,604
503000135,42653135,0,0,5,3,0,迷宫装备,,,龙王铠,龙王铠,human_robot_icon_atlas_0,42603004,42603140,604
503000136,42653136,0,0,5,3,0,迷宫装备,,,龙王铠,龙王铠,human_robot_icon_atlas_0,42603004,42603140,604
503000137,42653137,0,0,5,3,0,迷宫装备,,,龙王铠,龙王铠,human_robot_icon_atlas_0,42603004,42603140,604
503000138,42653138,0,0,5,3,0,迷宫装备,,,龙王铠,龙王铠,human_robot_icon_atlas_0,42603004,42603140,604
503000139,42653139,0,0,5,3,0,迷宫装备,,,龙王铠,龙王铠,human_robot_icon_atlas_0,42603004,42603140,604
503000140,42653140,0,0,5,3,0,迷宫装备,,,龙王铠,龙王铠,human_robot_icon_atlas_0,42603004,42603140,604
503000141,42653141,0,0,5,3,0,迷宫装备,,,龙皇铠,龙皇铠,human_robot_icon_atlas_0,42603004,42603150,604
503000142,42653142,0,0,5,3,0,迷宫装备,,,龙皇铠,龙皇铠,human_robot_icon_atlas_0,42603004,42603150,604
503000143,42653143,0,0,5,3,0,迷宫装备,,,龙皇铠,龙皇铠,human_robot_icon_atlas_0,42603004,42603150,604
503000144,42653144,0,0,5,3,0,迷宫装备,,,龙皇铠,龙皇铠,human_robot_icon_atlas_0,42603004,42603150,604
503000145,42653145,0,0,5,3,0,迷宫装备,,,龙皇铠,龙皇铠,human_robot_icon_atlas_0,42603004,42603150,604
503000146,42653146,0,0,5,3,0,迷宫装备,,,龙皇铠,龙皇铠,human_robot_icon_atlas_0,42603004,42603150,604
503000147,42653147,0,0,5,3,0,迷宫装备,,,龙皇铠,龙皇铠,human_robot_icon_atlas_0,42603004,42603150,604
503000148,42653148,0,0,5,3,0,迷宫装备,,,龙皇铠,龙皇铠,human_robot_icon_atlas_0,42603004,42603150,604
503000149,42653149,0,0,5,3,0,迷宫装备,,,龙皇铠,龙皇铠,human_robot_icon_atlas_0,42603004,42603150,604
503000150,42653150,0,0,5,3,0,迷宫装备,,,龙皇铠,龙皇铠,human_robot_icon_atlas_0,42603004,42603150,604
503000151,42653151,0,0,5,3,0,迷宫装备,,,龙神铠,龙神铠,human_robot_icon_atlas_0,42603004,42603160,604
503000152,42653152,0,0,5,3,0,迷宫装备,,,龙神铠,龙神铠,human_robot_icon_atlas_0,42603004,42603160,604
503000153,42653153,0,0,5,3,0,迷宫装备,,,龙神铠,龙神铠,human_robot_icon_atlas_0,42603004,42603160,604
503000154,42653154,0,0,5,3,0,迷宫装备,,,龙神铠,龙神铠,human_robot_icon_atlas_0,42603004,42603160,604
503000155,42653155,0,0,5,3,0,迷宫装备,,,龙神铠,龙神铠,human_robot_icon_atlas_0,42603004,42603160,604
503000156,42653156,0,0,5,3,0,迷宫装备,,,龙神铠,龙神铠,human_robot_icon_atlas_0,42603004,42603160,604
503000157,42653157,0,0,5,3,0,迷宫装备,,,龙神铠,龙神铠,human_robot_icon_atlas_0,42603004,42603160,604
503000158,42653158,0,0,5,3,0,迷宫装备,,,龙神铠,龙神铠,human_robot_icon_atlas_0,42603004,42603160,604
503000159,42653159,0,0,5,3,0,迷宫装备,,,龙神铠,龙神铠,human_robot_icon_atlas_0,42603004,42603160,604
503000160,42653160,0,0,5,3,0,迷宫装备,,,龙神铠,龙神铠,human_robot_icon_atlas_0,42603004,42603160,604
506000001,42656001,0,0,5,6,0,迷宫装备,,,布鞋,铁履,human_robot_icon_atlas_0,42606001,42606001,601
506000002,42656002,0,0,5,6,0,迷宫装备,,,布鞋,青钢履,human_robot_icon_atlas_0,42606002,42606002,601
506000003,42656003,0,0,5,6,0,迷宫装备,,,布鞋,流云履,human_robot_icon_atlas_0,42606003,42606003,601
506000004,42656004,0,0,5,6,0,迷宫装备,,,布鞋,飞虹履,human_robot_icon_atlas_0,42606004,42606004,601
506000005,42656005,0,0,5,6,0,迷宫装备,,,布鞋,飞虹履,human_robot_icon_atlas_0,42606004,42606010,601
506000006,42656006,0,0,5,6,0,迷宫装备,,,布鞋,飞虹履,human_robot_icon_atlas_0,42606004,42606010,601
506000007,42656007,0,0,5,6,0,迷宫装备,,,布鞋,飞虹履,human_robot_icon_atlas_0,42606004,42606010,601
506000008,42656008,0,0,5,6,0,迷宫装备,,,布鞋,飞虹履,human_robot_icon_atlas_0,42606004,42606010,601
506000009,42656009,0,0,5,6,0,迷宫装备,,,布鞋,飞虹履,human_robot_icon_atlas_0,42606004,42606010,601
506000010,42656010,0,0,5,6,0,迷宫装备,,,布鞋,飞虹履,human_robot_icon_atlas_0,42606004,42606010,601
506000011,42656011,0,0,5,6,0,迷宫装备,,,铁履,铁履,human_robot_icon_atlas_0,42606004,42606020,601
506000012,42656012,0,0,5,6,0,迷宫装备,,,铁履,铁履,human_robot_icon_atlas_0,42606004,42606020,601
506000013,42656013,0,0,5,6,0,迷宫装备,,,铁履,铁履,human_robot_icon_atlas_0,42606004,42606020,601
506000014,42656014,0,0,5,6,0,迷宫装备,,,铁履,铁履,human_robot_icon_atlas_0,42606004,42606020,601
506000015,42656015,0,0,5,6,0,迷宫装备,,,铁履,铁履,human_robot_icon_atlas_0,42606004,42606020,601
506000016,42656016,0,0,5,6,0,迷宫装备,,,铁履,铁履,human_robot_icon_atlas_0,42606004,42606020,601
506000017,42656017,0,0,5,6,0,迷宫装备,,,铁履,铁履,human_robot_icon_atlas_0,42606004,42606020,601
506000018,42656018,0,0,5,6,0,迷宫装备,,,铁履,铁履,human_robot_icon_atlas_0,42606004,42606020,601
506000019,42656019,0,0,5,6,0,迷宫装备,,,铁履,铁履,human_robot_icon_atlas_0,42606004,42606020,601
506000020,42656020,0,0,5,6,0,迷宫装备,,,铁履,铁履,human_robot_icon_atlas_0,42606004,42606020,601
506000021,42656021,0,0,5,6,0,迷宫装备,,,青钢履,青钢履,human_robot_icon_atlas_0,42606004,42606030,601
506000022,42656022,0,0,5,6,0,迷宫装备,,,青钢履,青钢履,human_robot_icon_atlas_0,42606004,42606030,601
506000023,42656023,0,0,5,6,0,迷宫装备,,,青钢履,青钢履,human_robot_icon_atlas_0,42606004,42606030,601
506000024,42656024,0,0,5,6,0,迷宫装备,,,青钢履,青钢履,human_robot_icon_atlas_0,42606004,42606030,601
506000025,42656025,0,0,5,6,0,迷宫装备,,,青钢履,青钢履,human_robot_icon_atlas_0,42606004,42606030,601
506000026,42656026,0,0,5,6,0,迷宫装备,,,青钢履,青钢履,human_robot_icon_atlas_0,42606004,42606030,601
506000027,42656027,0,0,5,6,0,迷宫装备,,,青钢履,青钢履,human_robot_icon_atlas_0,42606004,42606030,601
506000028,42656028,0,0,5,6,0,迷宫装备,,,青钢履,青钢履,human_robot_icon_atlas_0,42606004,42606030,601
506000029,42656029,0,0,5,6,0,迷宫装备,,,青钢履,青钢履,human_robot_icon_atlas_0,42606004,42606030,601
506000030,42656030,0,0,5,6,0,迷宫装备,,,青钢履,青钢履,human_robot_icon_atlas_0,42606004,42606030,601
506000031,42656031,0,0,5,6,0,迷宫装备,,,流云履,流云履,human_robot_icon_atlas_0,42606004,42606040,601
506000032,42656032,0,0,5,6,0,迷宫装备,,,流云履,流云履,human_robot_icon_atlas_0,42606004,42606040,601
506000033,42656033,0,0,5,6,0,迷宫装备,,,流云履,流云履,human_robot_icon_atlas_0,42606004,42606040,601
506000034,42656034,0,0,5,6,0,迷宫装备,,,流云履,流云履,human_robot_icon_atlas_0,42606004,42606040,601
506000035,42656035,0,0,5,6,0,迷宫装备,,,流云履,流云履,human_robot_icon_atlas_0,42606004,42606040,601
506000036,42656036,0,0,5,6,0,迷宫装备,,,流云履,流云履,human_robot_icon_atlas_0,42606004,42606040,601
506000037,42656037,0,0,5,6,0,迷宫装备,,,流云履,流云履,human_robot_icon_atlas_0,42606004,42606040,601
506000038,42656038,0,0,5,6,0,迷宫装备,,,流云履,流云履,human_robot_icon_atlas_0,42606004,42606040,601
506000039,42656039,0,0,5,6,0,迷宫装备,,,流云履,流云履,human_robot_icon_atlas_0,42606004,42606040,601
506000040,42656040,0,0,5,6,0,迷宫装备,,,流云履,流云履,human_robot_icon_atlas_0,42606004,42606040,601
506000041,42656041,0,0,5,6,0,迷宫装备,,,飞虹履,飞虹履,human_robot_icon_atlas_0,42606004,42606050,601
506000042,42656042,0,0,5,6,0,迷宫装备,,,飞虹履,飞虹履,human_robot_icon_atlas_0,42606004,42606050,601
506000043,42656043,0,0,5,6,0,迷宫装备,,,飞虹履,飞虹履,human_robot_icon_atlas_0,42606004,42606050,601
506000044,42656044,0,0,5,6,0,迷宫装备,,,飞虹履,飞虹履,human_robot_icon_atlas_0,42606004,42606050,601
506000045,42656045,0,0,5,6,0,迷宫装备,,,飞虹履,飞虹履,human_robot_icon_atlas_0,42606004,42606050,601
506000046,42656046,0,0,5,6,0,迷宫装备,,,飞虹履,飞虹履,human_robot_icon_atlas_0,42606004,42606050,601
506000047,42656047,0,0,5,6,0,迷宫装备,,,飞虹履,飞虹履,human_robot_icon_atlas_0,42606004,42606050,601
506000048,42656048,0,0,5,6,0,迷宫装备,,,飞虹履,飞虹履,human_robot_icon_atlas_0,42606004,42606050,601
506000049,42656049,0,0,5,6,0,迷宫装备,,,飞虹履,飞虹履,human_robot_icon_atlas_0,42606004,42606050,601
506000050,42656050,0,0,5,6,0,迷宫装备,,,飞虹履,飞虹履,human_robot_icon_atlas_0,42606004,42606050,601
506000051,42656051,0,0,5,6,0,迷宫装备,,,紫金履,紫金履,human_robot_icon_atlas_0,42606004,42606060,601
506000052,42656052,0,0,5,6,0,迷宫装备,,,紫金履,紫金履,human_robot_icon_atlas_0,42606004,42606060,601
506000053,42656053,0,0,5,6,0,迷宫装备,,,紫金履,紫金履,human_robot_icon_atlas_0,42606004,42606060,601
506000054,42656054,0,0,5,6,0,迷宫装备,,,紫金履,紫金履,human_robot_icon_atlas_0,42606004,42606060,601
506000055,42656055,0,0,5,6,0,迷宫装备,,,紫金履,紫金履,human_robot_icon_atlas_0,42606004,42606060,601
506000056,42656056,0,0,5,6,0,迷宫装备,,,紫金履,紫金履,human_robot_icon_atlas_0,42606004,42606060,601
506000057,42656057,0,0,5,6,0,迷宫装备,,,紫金履,紫金履,human_robot_icon_atlas_0,42606004,42606060,601
506000058,42656058,0,0,5,6,0,迷宫装备,,,紫金履,紫金履,human_robot_icon_atlas_0,42606004,42606060,601
506000059,42656059,0,0,5,6,0,迷宫装备,,,紫金履,紫金履,human_robot_icon_atlas_0,42606004,42606060,601
506000060,42656060,0,0,5,6,0,迷宫装备,,,紫金履,紫金履,human_robot_icon_atlas_0,42606004,42606060,601
506000061,42656061,0,0,5,6,0,迷宫装备,,,巨神履,巨神履,human_robot_icon_atlas_0,42606004,42606070,601
506000062,42656062,0,0,5,6,0,迷宫装备,,,巨神履,巨神履,human_robot_icon_atlas_0,42606004,42606070,601
506000063,42656063,0,0,5,6,0,迷宫装备,,,巨神履,巨神履,human_robot_icon_atlas_0,42606004,42606070,601
506000064,42656064,0,0,5,6,0,迷宫装备,,,巨神履,巨神履,human_robot_icon_atlas_0,42606004,42606070,601
506000065,42656065,0,0,5,6,0,迷宫装备,,,巨神履,巨神履,human_robot_icon_atlas_0,42606004,42606070,601
506000066,42656066,0,0,5,6,0,迷宫装备,,,巨神履,巨神履,human_robot_icon_atlas_0,42606004,42606070,601
506000067,42656067,0,0,5,6,0,迷宫装备,,,巨神履,巨神履,human_robot_icon_atlas_0,42606004,42606070,601
506000068,42656068,0,0,5,6,0,迷宫装备,,,巨神履,巨神履,human_robot_icon_atlas_0,42606004,42606070,601
506000069,42656069,0,0,5,6,0,迷宫装备,,,巨神履,巨神履,human_robot_icon_atlas_0,42606004,42606070,601
506000070,42656070,0,0,5,6,0,迷宫装备,,,巨神履,巨神履,human_robot_icon_atlas_0,42606004,42606070,601
506000071,42656071,0,0,5,6,0,迷宫装备,,,天罡履,天罡履,human_robot_icon_atlas_0,42606004,42606080,601
506000072,42656072,0,0,5,6,0,迷宫装备,,,天罡履,天罡履,human_robot_icon_atlas_0,42606004,42606080,601
506000073,42656073,0,0,5,6,0,迷宫装备,,,天罡履,天罡履,human_robot_icon_atlas_0,42606004,42606080,601
506000074,42656074,0,0,5,6,0,迷宫装备,,,天罡履,天罡履,human_robot_icon_atlas_0,42606004,42606080,601
506000075,42656075,0,0,5,6,0,迷宫装备,,,天罡履,天罡履,human_robot_icon_atlas_0,42606004,42606080,601
506000076,42656076,0,0,5,6,0,迷宫装备,,,天罡履,天罡履,human_robot_icon_atlas_0,42606004,42606080,601
506000077,42656077,0,0,5,6,0,迷宫装备,,,天罡履,天罡履,human_robot_icon_atlas_0,42606004,42606080,601
506000078,42656078,0,0,5,6,0,迷宫装备,,,天罡履,天罡履,human_robot_icon_atlas_0,42606004,42606080,601
506000079,42656079,0,0,5,6,0,迷宫装备,,,天罡履,天罡履,human_robot_icon_atlas_0,42606004,42606080,601
506000080,42656080,0,0,5,6,0,迷宫装备,,,天罡履,天罡履,human_robot_icon_atlas_0,42606004,42606080,601
506000081,42656081,0,0,5,6,0,迷宫装备,,,雷神履,雷神履,human_robot_icon_atlas_0,42606004,42606090,601
506000082,42656082,0,0,5,6,0,迷宫装备,,,雷神履,雷神履,human_robot_icon_atlas_0,42606004,42606090,601
506000083,42656083,0,0,5,6,0,迷宫装备,,,雷神履,雷神履,human_robot_icon_atlas_0,42606004,42606090,601
506000084,42656084,0,0,5,6,0,迷宫装备,,,雷神履,雷神履,human_robot_icon_atlas_0,42606004,42606090,601
506000085,42656085,0,0,5,6,0,迷宫装备,,,雷神履,雷神履,human_robot_icon_atlas_0,42606004,42606090,601
506000086,42656086,0,0,5,6,0,迷宫装备,,,雷神履,雷神履,human_robot_icon_atlas_0,42606004,42606090,601
506000087,42656087,0,0,5,6,0,迷宫装备,,,雷神履,雷神履,human_robot_icon_atlas_0,42606004,42606090,601
506000088,42656088,0,0,5,6,0,迷宫装备,,,雷神履,雷神履,human_robot_icon_atlas_0,42606004,42606090,601
506000089,42656089,0,0,5,6,0,迷宫装备,,,雷神履,雷神履,human_robot_icon_atlas_0,42606004,42606090,601
506000090,42656090,0,0,5,6,0,迷宫装备,,,雷神履,雷神履,human_robot_icon_atlas_0,42606004,42606090,601
506000091,42656091,0,0,5,6,0,迷宫装备,,,狮吼履,狮吼履,human_robot_icon_atlas_0,42606004,42606100,601
506000092,42656092,0,0,5,6,0,迷宫装备,,,狮吼履,狮吼履,human_robot_icon_atlas_0,42606004,42606100,601
506000093,42656093,0,0,5,6,0,迷宫装备,,,狮吼履,狮吼履,human_robot_icon_atlas_0,42606004,42606100,601
506000094,42656094,0,0,5,6,0,迷宫装备,,,狮吼履,狮吼履,human_robot_icon_atlas_0,42606004,42606100,601
506000095,42656095,0,0,5,6,0,迷宫装备,,,狮吼履,狮吼履,human_robot_icon_atlas_0,42606004,42606100,601
506000096,42656096,0,0,5,6,0,迷宫装备,,,狮吼履,狮吼履,human_robot_icon_atlas_0,42606004,42606100,601
506000097,42656097,0,0,5,6,0,迷宫装备,,,狮吼履,狮吼履,human_robot_icon_atlas_0,42606004,42606100,601
506000098,42656098,0,0,5,6,0,迷宫装备,,,狮吼履,狮吼履,human_robot_icon_atlas_0,42606004,42606100,601
506000099,42656099,0,0,5,6,0,迷宫装备,,,狮吼履,狮吼履,human_robot_icon_atlas_0,42606004,42606100,601
506000100,42656100,0,0,5,6,0,迷宫装备,,,狮吼履,狮吼履,human_robot_icon_atlas_0,42606004,42606100,601
506000101,42656101,0,0,5,6,0,迷宫装备,,,灵蛇履,灵蛇履,human_robot_icon_atlas_0,42606004,42606110,601
506000102,42656102,0,0,5,6,0,迷宫装备,,,灵蛇履,灵蛇履,human_robot_icon_atlas_0,42606004,42606110,601
506000103,42656103,0,0,5,6,0,迷宫装备,,,灵蛇履,灵蛇履,human_robot_icon_atlas_0,42606004,42606110,601
506000104,42656104,0,0,5,6,0,迷宫装备,,,灵蛇履,灵蛇履,human_robot_icon_atlas_0,42606004,42606110,601
506000105,42656105,0,0,5,6,0,迷宫装备,,,灵蛇履,灵蛇履,human_robot_icon_atlas_0,42606004,42606110,601
506000106,42656106,0,0,5,6,0,迷宫装备,,,灵蛇履,灵蛇履,human_robot_icon_atlas_0,42606004,42606110,601
506000107,42656107,0,0,5,6,0,迷宫装备,,,灵蛇履,灵蛇履,human_robot_icon_atlas_0,42606004,42606110,601
506000108,42656108,0,0,5,6,0,迷宫装备,,,灵蛇履,灵蛇履,human_robot_icon_atlas_0,42606004,42606110,601
506000109,42656109,0,0,5,6,0,迷宫装备,,,灵蛇履,灵蛇履,human_robot_icon_atlas_0,42606004,42606110,601
506000110,42656110,0,0,5,6,0,迷宫装备,,,灵蛇履,灵蛇履,human_robot_icon_atlas_0,42606004,42606110,601
506000111,42656111,0,0,5,6,0,迷宫装备,,,朱雀履,朱雀履,human_robot_icon_atlas_0,42606004,42606120,601
506000112,42656112,0,0,5,6,0,迷宫装备,,,朱雀履,朱雀履,human_robot_icon_atlas_0,42606004,42606120,601
506000113,42656113,0,0,5,6,0,迷宫装备,,,朱雀履,朱雀履,human_robot_icon_atlas_0,42606004,42606120,601
506000114,42656114,0,0,5,6,0,迷宫装备,,,朱雀履,朱雀履,human_robot_icon_atlas_0,42606004,42606120,601
506000115,42656115,0,0,5,6,0,迷宫装备,,,朱雀履,朱雀履,human_robot_icon_atlas_0,42606004,42606120,601
506000116,42656116,0,0,5,6,0,迷宫装备,,,朱雀履,朱雀履,human_robot_icon_atlas_0,42606004,42606120,601
506000117,42656117,0,0,5,6,0,迷宫装备,,,朱雀履,朱雀履,human_robot_icon_atlas_0,42606004,42606120,601
506000118,42656118,0,0,5,6,0,迷宫装备,,,朱雀履,朱雀履,human_robot_icon_atlas_0,42606004,42606120,601
506000119,42656119,0,0,5,6,0,迷宫装备,,,朱雀履,朱雀履,human_robot_icon_atlas_0,42606004,42606120,601
506000120,42656120,0,0,5,6,0,迷宫装备,,,朱雀履,朱雀履,human_robot_icon_atlas_0,42606004,42606120,601
506000121,42656121,0,0,5,6,0,迷宫装备,,,龙形履,龙形履,human_robot_icon_atlas_0,42606004,42606130,601
506000122,42656122,0,0,5,6,0,迷宫装备,,,龙形履,龙形履,human_robot_icon_atlas_0,42606004,42606130,601
506000123,42656123,0,0,5,6,0,迷宫装备,,,龙形履,龙形履,human_robot_icon_atlas_0,42606004,42606130,601
506000124,42656124,0,0,5,6,0,迷宫装备,,,龙形履,龙形履,human_robot_icon_atlas_0,42606004,42606130,601
506000125,42656125,0,0,5,6,0,迷宫装备,,,龙形履,龙形履,human_robot_icon_atlas_0,42606004,42606130,601
506000126,42656126,0,0,5,6,0,迷宫装备,,,龙形履,龙形履,human_robot_icon_atlas_0,42606004,42606130,601
506000127,42656127,0,0,5,6,0,迷宫装备,,,龙形履,龙形履,human_robot_icon_atlas_0,42606004,42606130,601
506000128,42656128,0,0,5,6,0,迷宫装备,,,龙形履,龙形履,human_robot_icon_atlas_0,42606004,42606130,601
506000129,42656129,0,0,5,6,0,迷宫装备,,,龙形履,龙形履,human_robot_icon_atlas_0,42606004,42606130,601
506000130,42656130,0,0,5,6,0,迷宫装备,,,龙形履,龙形履,human_robot_icon_atlas_0,42606004,42606130,601
506000131,42656131,0,0,5,6,0,迷宫装备,,,龙王履,龙王履,human_robot_icon_atlas_0,42606004,42606140,601
506000132,42656132,0,0,5,6,0,迷宫装备,,,龙王履,龙王履,human_robot_icon_atlas_0,42606004,42606140,601
506000133,42656133,0,0,5,6,0,迷宫装备,,,龙王履,龙王履,human_robot_icon_atlas_0,42606004,42606140,601
506000134,42656134,0,0,5,6,0,迷宫装备,,,龙王履,龙王履,human_robot_icon_atlas_0,42606004,42606140,601
506000135,42656135,0,0,5,6,0,迷宫装备,,,龙王履,龙王履,human_robot_icon_atlas_0,42606004,42606140,601
506000136,42656136,0,0,5,6,0,迷宫装备,,,龙王履,龙王履,human_robot_icon_atlas_0,42606004,42606140,601
506000137,42656137,0,0,5,6,0,迷宫装备,,,龙王履,龙王履,human_robot_icon_atlas_0,42606004,42606140,601
506000138,42656138,0,0,5,6,0,迷宫装备,,,龙王履,龙王履,human_robot_icon_atlas_0,42606004,42606140,601
506000139,42656139,0,0,5,6,0,迷宫装备,,,龙王履,龙王履,human_robot_icon_atlas_0,42606004,42606140,601
506000140,42656140,0,0,5,6,0,迷宫装备,,,龙王履,龙王履,human_robot_icon_atlas_0,42606004,42606140,601
506000141,42656141,0,0,5,6,0,迷宫装备,,,龙皇履,龙皇履,human_robot_icon_atlas_0,42606004,42606150,601
506000142,42656142,0,0,5,6,0,迷宫装备,,,龙皇履,龙皇履,human_robot_icon_atlas_0,42606004,42606150,601
506000143,42656143,0,0,5,6,0,迷宫装备,,,龙皇履,龙皇履,human_robot_icon_atlas_0,42606004,42606150,601
506000144,42656144,0,0,5,6,0,迷宫装备,,,龙皇履,龙皇履,human_robot_icon_atlas_0,42606004,42606150,601
506000145,42656145,0,0,5,6,0,迷宫装备,,,龙皇履,龙皇履,human_robot_icon_atlas_0,42606004,42606150,601
506000146,42656146,0,0,5,6,0,迷宫装备,,,龙皇履,龙皇履,human_robot_icon_atlas_0,42606004,42606150,601
506000147,42656147,0,0,5,6,0,迷宫装备,,,龙皇履,龙皇履,human_robot_icon_atlas_0,42606004,42606150,601
506000148,42656148,0,0,5,6,0,迷宫装备,,,龙皇履,龙皇履,human_robot_icon_atlas_0,42606004,42606150,601
506000149,42656149,0,0,5,6,0,迷宫装备,,,龙皇履,龙皇履,human_robot_icon_atlas_0,42606004,42606150,601
506000150,42656150,0,0,5,6,0,迷宫装备,,,龙皇履,龙皇履,human_robot_icon_atlas_0,42606004,42606150,601
506000151,42656151,0,0,5,6,0,迷宫装备,,,龙神履,龙神履,human_robot_icon_atlas_0,42606004,42606160,601
506000152,42656152,0,0,5,6,0,迷宫装备,,,龙神履,龙神履,human_robot_icon_atlas_0,42606004,42606160,601
506000153,42656153,0,0,5,6,0,迷宫装备,,,龙神履,龙神履,human_robot_icon_atlas_0,42606004,42606160,601
506000154,42656154,0,0,5,6,0,迷宫装备,,,龙神履,龙神履,human_robot_icon_atlas_0,42606004,42606160,601
506000155,42656155,0,0,5,6,0,迷宫装备,,,龙神履,龙神履,human_robot_icon_atlas_0,42606004,42606160,601
506000156,42656156,0,0,5,6,0,迷宫装备,,,龙神履,龙神履,human_robot_icon_atlas_0,42606004,42606160,601
506000157,42656157,0,0,5,6,0,迷宫装备,,,龙神履,龙神履,human_robot_icon_atlas_0,42606004,42606160,601
506000158,42656158,0,0,5,6,0,迷宫装备,,,龙神履,龙神履,human_robot_icon_atlas_0,42606004,42606160,601
506000159,42656159,0,0,5,6,0,迷宫装备,,,龙神履,龙神履,human_robot_icon_atlas_0,42606004,42606160,601
506000160,42656160,0,0,5,6,0,迷宫装备,,,龙神履,龙神履,human_robot_icon_atlas_0,42606004,42606160,601
602000001,42662001,0,0,6,2,0,迷宫装备,,,布冠,铁冠,human_robot_icon_atlas_0,42602001,42602010,603
602000002,42662002,0,0,6,2,0,迷宫装备,,,布冠,青钢冠,human_robot_icon_atlas_0,42602002,42602010,603
602000003,42662003,0,0,6,2,0,迷宫装备,,,布冠,流云冠,human_robot_icon_atlas_0,42602003,42602010,603
602000004,42662004,0,0,6,2,0,迷宫装备,,,布冠,飞虹冠,human_robot_icon_atlas_0,42602004,42602010,603
602000005,42662005,0,0,6,2,0,迷宫装备,,,布冠,飞虹冠,human_robot_icon_atlas_0,42602004,42602010,603
602000006,42662006,0,0,6,2,0,迷宫装备,,,布冠,飞虹冠,human_robot_icon_atlas_0,42602004,42602010,603
602000007,42662007,0,0,6,2,0,迷宫装备,,,布冠,飞虹冠,human_robot_icon_atlas_0,42602004,42602010,603
602000008,42662008,0,0,6,2,0,迷宫装备,,,布冠,飞虹冠,human_robot_icon_atlas_0,42602004,42602010,603
602000009,42662009,0,0,6,2,0,迷宫装备,,,布冠,飞虹冠,human_robot_icon_atlas_0,42602004,42602010,603
602000010,42662010,0,0,6,2,0,迷宫装备,,,布冠,飞虹冠,human_robot_icon_atlas_0,42602004,42602010,603
602000011,42662011,0,0,6,2,0,迷宫装备,,,铁头冠,铁头冠,human_robot_icon_atlas_0,42602004,42602020,603
602000012,42662012,0,0,6,2,0,迷宫装备,,,铁头冠,铁头冠,human_robot_icon_atlas_0,42602004,42602020,603
602000013,42662013,0,0,6,2,0,迷宫装备,,,铁头冠,铁头冠,human_robot_icon_atlas_0,42602004,42602020,603
602000014,42662014,0,0,6,2,0,迷宫装备,,,铁头冠,铁头冠,human_robot_icon_atlas_0,42602004,42602020,603
602000015,42662015,0,0,6,2,0,迷宫装备,,,铁头冠,铁头冠,human_robot_icon_atlas_0,42602004,42602020,603
602000016,42662016,0,0,6,2,0,迷宫装备,,,铁头冠,铁头冠,human_robot_icon_atlas_0,42602004,42602020,603
602000017,42662017,0,0,6,2,0,迷宫装备,,,铁头冠,铁头冠,human_robot_icon_atlas_0,42602004,42602020,603
602000018,42662018,0,0,6,2,0,迷宫装备,,,铁头冠,铁头冠,human_robot_icon_atlas_0,42602004,42602020,603
602000019,42662019,0,0,6,2,0,迷宫装备,,,铁头冠,铁头冠,human_robot_icon_atlas_0,42602004,42602020,603
602000020,42662020,0,0,6,2,0,迷宫装备,,,铁头冠,铁头冠,human_robot_icon_atlas_0,42602004,42602020,603
602000021,42662021,0,0,6,2,0,迷宫装备,,,青钢头冠,青钢头冠,human_robot_icon_atlas_0,42602004,42602030,603
602000022,42662022,0,0,6,2,0,迷宫装备,,,青钢头冠,青钢头冠,human_robot_icon_atlas_0,42602004,42602030,603
602000023,42662023,0,0,6,2,0,迷宫装备,,,青钢头冠,青钢头冠,human_robot_icon_atlas_0,42602004,42602030,603
602000024,42662024,0,0,6,2,0,迷宫装备,,,青钢头冠,青钢头冠,human_robot_icon_atlas_0,42602004,42602030,603
602000025,42662025,0,0,6,2,0,迷宫装备,,,青钢头冠,青钢头冠,human_robot_icon_atlas_0,42602004,42602030,603
602000026,42662026,0,0,6,2,0,迷宫装备,,,青钢头冠,青钢头冠,human_robot_icon_atlas_0,42602004,42602030,603
602000027,42662027,0,0,6,2,0,迷宫装备,,,青钢头冠,青钢头冠,human_robot_icon_atlas_0,42602004,42602030,603
602000028,42662028,0,0,6,2,0,迷宫装备,,,青钢头冠,青钢头冠,human_robot_icon_atlas_0,42602004,42602030,603
602000029,42662029,0,0,6,2,0,迷宫装备,,,青钢头冠,青钢头冠,human_robot_icon_atlas_0,42602004,42602030,603
602000030,42662030,0,0,6,2,0,迷宫装备,,,青钢头冠,青钢头冠,human_robot_icon_atlas_0,42602004,42602030,603
602000031,42662031,0,0,6,2,0,迷宫装备,,,流云头冠,流云头冠,human_robot_icon_atlas_0,42602004,42602040,603
602000032,42662032,0,0,6,2,0,迷宫装备,,,流云头冠,流云头冠,human_robot_icon_atlas_0,42602004,42602040,603
602000033,42662033,0,0,6,2,0,迷宫装备,,,流云头冠,流云头冠,human_robot_icon_atlas_0,42602004,42602040,603
602000034,42662034,0,0,6,2,0,迷宫装备,,,流云头冠,流云头冠,human_robot_icon_atlas_0,42602004,42602040,603
602000035,42662035,0,0,6,2,0,迷宫装备,,,流云头冠,流云头冠,human_robot_icon_atlas_0,42602004,42602040,603
602000036,42662036,0,0,6,2,0,迷宫装备,,,流云头冠,流云头冠,human_robot_icon_atlas_0,42602004,42602040,603
602000037,42662037,0,0,6,2,0,迷宫装备,,,流云头冠,流云头冠,human_robot_icon_atlas_0,42602004,42602040,603
602000038,42662038,0,0,6,2,0,迷宫装备,,,流云头冠,流云头冠,human_robot_icon_atlas_0,42602004,42602040,603
602000039,42662039,0,0,6,2,0,迷宫装备,,,流云头冠,流云头冠,human_robot_icon_atlas_0,42602004,42602040,603
602000040,42662040,0,0,6,2,0,迷宫装备,,,流云头冠,流云头冠,human_robot_icon_atlas_0,42602004,42602040,603
602000041,42662041,0,0,6,2,0,迷宫装备,,,飞虹头冠,飞虹头冠,human_robot_icon_atlas_0,42602004,42602050,603
602000042,42662042,0,0,6,2,0,迷宫装备,,,飞虹头冠,飞虹头冠,human_robot_icon_atlas_0,42602004,42602050,603
602000043,42662043,0,0,6,2,0,迷宫装备,,,飞虹头冠,飞虹头冠,human_robot_icon_atlas_0,42602004,42602050,603
602000044,42662044,0,0,6,2,0,迷宫装备,,,飞虹头冠,飞虹头冠,human_robot_icon_atlas_0,42602004,42602050,603
602000045,42662045,0,0,6,2,0,迷宫装备,,,飞虹头冠,飞虹头冠,human_robot_icon_atlas_0,42602004,42602050,603
602000046,42662046,0,0,6,2,0,迷宫装备,,,飞虹头冠,飞虹头冠,human_robot_icon_atlas_0,42602004,42602050,603
602000047,42662047,0,0,6,2,0,迷宫装备,,,飞虹头冠,飞虹头冠,human_robot_icon_atlas_0,42602004,42602050,603
602000048,42662048,0,0,6,2,0,迷宫装备,,,飞虹头冠,飞虹头冠,human_robot_icon_atlas_0,42602004,42602050,603
602000049,42662049,0,0,6,2,0,迷宫装备,,,飞虹头冠,飞虹头冠,human_robot_icon_atlas_0,42602004,42602050,603
602000050,42662050,0,0,6,2,0,迷宫装备,,,飞虹头冠,飞虹头冠,human_robot_icon_atlas_0,42602004,42602050,603
602000051,42662051,0,0,6,2,0,迷宫装备,,,紫金头冠,紫金头冠,human_robot_icon_atlas_0,42602004,42602060,603
602000052,42662052,0,0,6,2,0,迷宫装备,,,紫金头冠,紫金头冠,human_robot_icon_atlas_0,42602004,42602060,603
602000053,42662053,0,0,6,2,0,迷宫装备,,,紫金头冠,紫金头冠,human_robot_icon_atlas_0,42602004,42602060,603
602000054,42662054,0,0,6,2,0,迷宫装备,,,紫金头冠,紫金头冠,human_robot_icon_atlas_0,42602004,42602060,603
602000055,42662055,0,0,6,2,0,迷宫装备,,,紫金头冠,紫金头冠,human_robot_icon_atlas_0,42602004,42602060,603
602000056,42662056,0,0,6,2,0,迷宫装备,,,紫金头冠,紫金头冠,human_robot_icon_atlas_0,42602004,42602060,603
602000057,42662057,0,0,6,2,0,迷宫装备,,,紫金头冠,紫金头冠,human_robot_icon_atlas_0,42602004,42602060,603
602000058,42662058,0,0,6,2,0,迷宫装备,,,紫金头冠,紫金头冠,human_robot_icon_atlas_0,42602004,42602060,603
602000059,42662059,0,0,6,2,0,迷宫装备,,,紫金头冠,紫金头冠,human_robot_icon_atlas_0,42602004,42602060,603
602000060,42662060,0,0,6,2,0,迷宫装备,,,紫金头冠,紫金头冠,human_robot_icon_atlas_0,42602004,42602060,603
602000061,42662061,0,0,6,2,0,迷宫装备,,,巨神头冠,巨神头冠,human_robot_icon_atlas_0,42602004,42602070,603
602000062,42662062,0,0,6,2,0,迷宫装备,,,巨神头冠,巨神头冠,human_robot_icon_atlas_0,42602004,42602070,603
602000063,42662063,0,0,6,2,0,迷宫装备,,,巨神头冠,巨神头冠,human_robot_icon_atlas_0,42602004,42602070,603
602000064,42662064,0,0,6,2,0,迷宫装备,,,巨神头冠,巨神头冠,human_robot_icon_atlas_0,42602004,42602070,603
602000065,42662065,0,0,6,2,0,迷宫装备,,,巨神头冠,巨神头冠,human_robot_icon_atlas_0,42602004,42602070,603
602000066,42662066,0,0,6,2,0,迷宫装备,,,巨神头冠,巨神头冠,human_robot_icon_atlas_0,42602004,42602070,603
602000067,42662067,0,0,6,2,0,迷宫装备,,,巨神头冠,巨神头冠,human_robot_icon_atlas_0,42602004,42602070,603
602000068,42662068,0,0,6,2,0,迷宫装备,,,巨神头冠,巨神头冠,human_robot_icon_atlas_0,42602004,42602070,603
602000069,42662069,0,0,6,2,0,迷宫装备,,,巨神头冠,巨神头冠,human_robot_icon_atlas_0,42602004,42602070,603
602000070,42662070,0,0,6,2,0,迷宫装备,,,巨神头冠,巨神头冠,human_robot_icon_atlas_0,42602004,42602070,603
602000071,42662071,0,0,6,2,0,迷宫装备,,,天罡头冠,天罡头冠,human_robot_icon_atlas_0,42602004,42602080,603
602000072,42662072,0,0,6,2,0,迷宫装备,,,天罡头冠,天罡头冠,human_robot_icon_atlas_0,42602004,42602080,603
602000073,42662073,0,0,6,2,0,迷宫装备,,,天罡头冠,天罡头冠,human_robot_icon_atlas_0,42602004,42602080,603
602000074,42662074,0,0,6,2,0,迷宫装备,,,天罡头冠,天罡头冠,human_robot_icon_atlas_0,42602004,42602080,603
602000075,42662075,0,0,6,2,0,迷宫装备,,,天罡头冠,天罡头冠,human_robot_icon_atlas_0,42602004,42602080,603
602000076,42662076,0,0,6,2,0,迷宫装备,,,天罡头冠,天罡头冠,human_robot_icon_atlas_0,42602004,42602080,603
602000077,42662077,0,0,6,2,0,迷宫装备,,,天罡头冠,天罡头冠,human_robot_icon_atlas_0,42602004,42602080,603
602000078,42662078,0,0,6,2,0,迷宫装备,,,天罡头冠,天罡头冠,human_robot_icon_atlas_0,42602004,42602080,603
602000079,42662079,0,0,6,2,0,迷宫装备,,,天罡头冠,天罡头冠,human_robot_icon_atlas_0,42602004,42602080,603
602000080,42662080,0,0,6,2,0,迷宫装备,,,天罡头冠,天罡头冠,human_robot_icon_atlas_0,42602004,42602080,603
602000081,42662081,0,0,6,2,0,迷宫装备,,,雷神头冠,雷神头冠,human_robot_icon_atlas_0,42602004,42602090,603
602000082,42662082,0,0,6,2,0,迷宫装备,,,雷神头冠,雷神头冠,human_robot_icon_atlas_0,42602004,42602090,603
602000083,42662083,0,0,6,2,0,迷宫装备,,,雷神头冠,雷神头冠,human_robot_icon_atlas_0,42602004,42602090,603
602000084,42662084,0,0,6,2,0,迷宫装备,,,雷神头冠,雷神头冠,human_robot_icon_atlas_0,42602004,42602090,603
602000085,42662085,0,0,6,2,0,迷宫装备,,,雷神头冠,雷神头冠,human_robot_icon_atlas_0,42602004,42602090,603
602000086,42662086,0,0,6,2,0,迷宫装备,,,雷神头冠,雷神头冠,human_robot_icon_atlas_0,42602004,42602090,603
602000087,42662087,0,0,6,2,0,迷宫装备,,,雷神头冠,雷神头冠,human_robot_icon_atlas_0,42602004,42602090,603
602000088,42662088,0,0,6,2,0,迷宫装备,,,雷神头冠,雷神头冠,human_robot_icon_atlas_0,42602004,42602090,603
602000089,42662089,0,0,6,2,0,迷宫装备,,,雷神头冠,雷神头冠,human_robot_icon_atlas_0,42602004,42602090,603
602000090,42662090,0,0,6,2,0,迷宫装备,,,雷神头冠,雷神头冠,human_robot_icon_atlas_0,42602004,42602090,603
602000091,42662091,0,0,6,2,0,迷宫装备,,,狮吼头冠,狮吼头冠,human_robot_icon_atlas_0,42602004,42602100,603
602000092,42662092,0,0,6,2,0,迷宫装备,,,狮吼头冠,狮吼头冠,human_robot_icon_atlas_0,42602004,42602100,603
602000093,42662093,0,0,6,2,0,迷宫装备,,,狮吼头冠,狮吼头冠,human_robot_icon_atlas_0,42602004,42602100,603
602000094,42662094,0,0,6,2,0,迷宫装备,,,狮吼头冠,狮吼头冠,human_robot_icon_atlas_0,42602004,42602100,603
602000095,42662095,0,0,6,2,0,迷宫装备,,,狮吼头冠,狮吼头冠,human_robot_icon_atlas_0,42602004,42602100,603
602000096,42662096,0,0,6,2,0,迷宫装备,,,狮吼头冠,狮吼头冠,human_robot_icon_atlas_0,42602004,42602100,603
602000097,42662097,0,0,6,2,0,迷宫装备,,,狮吼头冠,狮吼头冠,human_robot_icon_atlas_0,42602004,42602100,603
602000098,42662098,0,0,6,2,0,迷宫装备,,,狮吼头冠,狮吼头冠,human_robot_icon_atlas_0,42602004,42602100,603
602000099,42662099,0,0,6,2,0,迷宫装备,,,狮吼头冠,狮吼头冠,human_robot_icon_atlas_0,42602004,42602100,603
602000100,42662100,0,0,6,2,0,迷宫装备,,,狮吼头冠,狮吼头冠,human_robot_icon_atlas_0,42602004,42602100,603
602000101,42662101,0,0,6,2,0,迷宫装备,,,灵蛇头冠,灵蛇头冠,human_robot_icon_atlas_0,42602004,42602110,603
602000102,42662102,0,0,6,2,0,迷宫装备,,,灵蛇头冠,灵蛇头冠,human_robot_icon_atlas_0,42602004,42602110,603
602000103,42662103,0,0,6,2,0,迷宫装备,,,灵蛇头冠,灵蛇头冠,human_robot_icon_atlas_0,42602004,42602110,603
602000104,42662104,0,0,6,2,0,迷宫装备,,,灵蛇头冠,灵蛇头冠,human_robot_icon_atlas_0,42602004,42602110,603
602000105,42662105,0,0,6,2,0,迷宫装备,,,灵蛇头冠,灵蛇头冠,human_robot_icon_atlas_0,42602004,42602110,603
602000106,42662106,0,0,6,2,0,迷宫装备,,,灵蛇头冠,灵蛇头冠,human_robot_icon_atlas_0,42602004,42602110,603
602000107,42662107,0,0,6,2,0,迷宫装备,,,灵蛇头冠,灵蛇头冠,human_robot_icon_atlas_0,42602004,42602110,603
602000108,42662108,0,0,6,2,0,迷宫装备,,,灵蛇头冠,灵蛇头冠,human_robot_icon_atlas_0,42602004,42602110,603
602000109,42662109,0,0,6,2,0,迷宫装备,,,灵蛇头冠,灵蛇头冠,human_robot_icon_atlas_0,42602004,42602110,603
602000110,42662110,0,0,6,2,0,迷宫装备,,,灵蛇头冠,灵蛇头冠,human_robot_icon_atlas_0,42602004,42602110,603
602000111,42662111,0,0,6,2,0,迷宫装备,,,朱雀头冠,朱雀头冠,human_robot_icon_atlas_0,42602004,42602120,603
602000112,42662112,0,0,6,2,0,迷宫装备,,,朱雀头冠,朱雀头冠,human_robot_icon_atlas_0,42602004,42602120,603
602000113,42662113,0,0,6,2,0,迷宫装备,,,朱雀头冠,朱雀头冠,human_robot_icon_atlas_0,42602004,42602120,603
602000114,42662114,0,0,6,2,0,迷宫装备,,,朱雀头冠,朱雀头冠,human_robot_icon_atlas_0,42602004,42602120,603
602000115,42662115,0,0,6,2,0,迷宫装备,,,朱雀头冠,朱雀头冠,human_robot_icon_atlas_0,42602004,42602120,603
602000116,42662116,0,0,6,2,0,迷宫装备,,,朱雀头冠,朱雀头冠,human_robot_icon_atlas_0,42602004,42602120,603
602000117,42662117,0,0,6,2,0,迷宫装备,,,朱雀头冠,朱雀头冠,human_robot_icon_atlas_0,42602004,42602120,603
602000118,42662118,0,0,6,2,0,迷宫装备,,,朱雀头冠,朱雀头冠,human_robot_icon_atlas_0,42602004,42602120,603
602000119,42662119,0,0,6,2,0,迷宫装备,,,朱雀头冠,朱雀头冠,human_robot_icon_atlas_0,42602004,42602120,603
602000120,42662120,0,0,6,2,0,迷宫装备,,,朱雀头冠,朱雀头冠,human_robot_icon_atlas_0,42602004,42602120,603
602000121,42662121,0,0,6,2,0,迷宫装备,,,龙形头冠,龙形头冠,human_robot_icon_atlas_0,42602004,42602130,603
602000122,42662122,0,0,6,2,0,迷宫装备,,,龙形头冠,龙形头冠,human_robot_icon_atlas_0,42602004,42602130,603
602000123,42662123,0,0,6,2,0,迷宫装备,,,龙形头冠,龙形头冠,human_robot_icon_atlas_0,42602004,42602130,603
602000124,42662124,0,0,6,2,0,迷宫装备,,,龙形头冠,龙形头冠,human_robot_icon_atlas_0,42602004,42602130,603
602000125,42662125,0,0,6,2,0,迷宫装备,,,龙形头冠,龙形头冠,human_robot_icon_atlas_0,42602004,42602130,603
602000126,42662126,0,0,6,2,0,迷宫装备,,,龙形头冠,龙形头冠,human_robot_icon_atlas_0,42602004,42602130,603
602000127,42662127,0,0,6,2,0,迷宫装备,,,龙形头冠,龙形头冠,human_robot_icon_atlas_0,42602004,42602130,603
602000128,42662128,0,0,6,2,0,迷宫装备,,,龙形头冠,龙形头冠,human_robot_icon_atlas_0,42602004,42602130,603
602000129,42662129,0,0,6,2,0,迷宫装备,,,龙形头冠,龙形头冠,human_robot_icon_atlas_0,42602004,42602130,603
602000130,42662130,0,0,6,2,0,迷宫装备,,,龙形头冠,龙形头冠,human_robot_icon_atlas_0,42602004,42602130,603
602000131,42662131,0,0,6,2,0,迷宫装备,,,龙王头冠,龙王头冠,human_robot_icon_atlas_0,42602004,42602140,603
602000132,42662132,0,0,6,2,0,迷宫装备,,,龙王头冠,龙王头冠,human_robot_icon_atlas_0,42602004,42602140,603
602000133,42662133,0,0,6,2,0,迷宫装备,,,龙王头冠,龙王头冠,human_robot_icon_atlas_0,42602004,42602140,603
602000134,42662134,0,0,6,2,0,迷宫装备,,,龙王头冠,龙王头冠,human_robot_icon_atlas_0,42602004,42602140,603
602000135,42662135,0,0,6,2,0,迷宫装备,,,龙王头冠,龙王头冠,human_robot_icon_atlas_0,42602004,42602140,603
602000136,42662136,0,0,6,2,0,迷宫装备,,,龙王头冠,龙王头冠,human_robot_icon_atlas_0,42602004,42602140,603
602000137,42662137,0,0,6,2,0,迷宫装备,,,龙王头冠,龙王头冠,human_robot_icon_atlas_0,42602004,42602140,603
602000138,42662138,0,0,6,2,0,迷宫装备,,,龙王头冠,龙王头冠,human_robot_icon_atlas_0,42602004,42602140,603
602000139,42662139,0,0,6,2,0,迷宫装备,,,龙王头冠,龙王头冠,human_robot_icon_atlas_0,42602004,42602140,603
602000140,42662140,0,0,6,2,0,迷宫装备,,,龙王头冠,龙王头冠,human_robot_icon_atlas_0,42602004,42602140,603
602000141,42662141,0,0,6,2,0,迷宫装备,,,龙皇头冠,龙皇头冠,human_robot_icon_atlas_0,42602004,42602150,603
602000142,42662142,0,0,6,2,0,迷宫装备,,,龙皇头冠,龙皇头冠,human_robot_icon_atlas_0,42602004,42602150,603
602000143,42662143,0,0,6,2,0,迷宫装备,,,龙皇头冠,龙皇头冠,human_robot_icon_atlas_0,42602004,42602150,603
602000144,42662144,0,0,6,2,0,迷宫装备,,,龙皇头冠,龙皇头冠,human_robot_icon_atlas_0,42602004,42602150,603
602000145,42662145,0,0,6,2,0,迷宫装备,,,龙皇头冠,龙皇头冠,human_robot_icon_atlas_0,42602004,42602150,603
602000146,42662146,0,0,6,2,0,迷宫装备,,,龙皇头冠,龙皇头冠,human_robot_icon_atlas_0,42602004,42602150,603
602000147,42662147,0,0,6,2,0,迷宫装备,,,龙皇头冠,龙皇头冠,human_robot_icon_atlas_0,42602004,42602150,603
602000148,42662148,0,0,6,2,0,迷宫装备,,,龙皇头冠,龙皇头冠,human_robot_icon_atlas_0,42602004,42602150,603
602000149,42662149,0,0,6,2,0,迷宫装备,,,龙皇头冠,龙皇头冠,human_robot_icon_atlas_0,42602004,42602150,603
602000150,42662150,0,0,6,2,0,迷宫装备,,,龙皇头冠,龙皇头冠,human_robot_icon_atlas_0,42602004,42602150,603
602000151,42662151,0,0,6,2,0,迷宫装备,,,龙神头冠,龙神头冠,human_robot_icon_atlas_0,42602004,42602160,603
602000152,42662152,0,0,6,2,0,迷宫装备,,,龙神头冠,龙神头冠,human_robot_icon_atlas_0,42602004,42602160,603
602000153,42662153,0,0,6,2,0,迷宫装备,,,龙神头冠,龙神头冠,human_robot_icon_atlas_0,42602004,42602160,603
602000154,42662154,0,0,6,2,0,迷宫装备,,,龙神头冠,龙神头冠,human_robot_icon_atlas_0,42602004,42602160,603
602000155,42662155,0,0,6,2,0,迷宫装备,,,龙神头冠,龙神头冠,human_robot_icon_atlas_0,42602004,42602160,603
602000156,42662156,0,0,6,2,0,迷宫装备,,,龙神头冠,龙神头冠,human_robot_icon_atlas_0,42602004,42602160,603
602000157,42662157,0,0,6,2,0,迷宫装备,,,龙神头冠,龙神头冠,human_robot_icon_atlas_0,42602004,42602160,603
602000158,42662158,0,0,6,2,0,迷宫装备,,,龙神头冠,龙神头冠,human_robot_icon_atlas_0,42602004,42602160,603
602000159,42662159,0,0,6,2,0,迷宫装备,,,龙神头冠,龙神头冠,human_robot_icon_atlas_0,42602004,42602160,603
602000160,42662160,0,0,6,2,0,迷宫装备,,,龙神头冠,龙神头冠,human_robot_icon_atlas_0,42602004,42602160,603
603000001,42663001,0,0,6,3,0,迷宫装备,,,布袍,铁铠,human_robot_icon_atlas_0,42603001,42603010,604
603000002,42663002,0,0,6,3,0,迷宫装备,,,布袍,青钢铠,human_robot_icon_atlas_0,42603002,42603010,604
603000003,42663003,0,0,6,3,0,迷宫装备,,,布袍,流云铠,human_robot_icon_atlas_0,42603003,42603010,604
603000004,42663004,0,0,6,3,0,迷宫装备,,,布袍,飞虹铠,human_robot_icon_atlas_0,42603004,42603010,604
603000005,42663005,0,0,6,3,0,迷宫装备,,,布袍,飞虹铠,human_robot_icon_atlas_0,42603004,42603010,604
603000006,42663006,0,0,6,3,0,迷宫装备,,,布袍,飞虹铠,human_robot_icon_atlas_0,42603004,42603010,604
603000007,42663007,0,0,6,3,0,迷宫装备,,,布袍,飞虹铠,human_robot_icon_atlas_0,42603004,42603010,604
603000008,42663008,0,0,6,3,0,迷宫装备,,,布袍,飞虹铠,human_robot_icon_atlas_0,42603004,42603010,604
603000009,42663009,0,0,6,3,0,迷宫装备,,,布袍,飞虹铠,human_robot_icon_atlas_0,42603004,42603010,604
603000010,42663010,0,0,6,3,0,迷宫装备,,,布袍,飞虹铠,human_robot_icon_atlas_0,42603004,42603010,604
603000011,42663011,0,0,6,3,0,迷宫装备,,,铁铠,铁铠,human_robot_icon_atlas_0,42603004,42603020,604
603000012,42663012,0,0,6,3,0,迷宫装备,,,铁铠,铁铠,human_robot_icon_atlas_0,42603004,42603020,604
603000013,42663013,0,0,6,3,0,迷宫装备,,,铁铠,铁铠,human_robot_icon_atlas_0,42603004,42603020,604
603000014,42663014,0,0,6,3,0,迷宫装备,,,铁铠,铁铠,human_robot_icon_atlas_0,42603004,42603020,604
603000015,42663015,0,0,6,3,0,迷宫装备,,,铁铠,铁铠,human_robot_icon_atlas_0,42603004,42603020,604
603000016,42663016,0,0,6,3,0,迷宫装备,,,铁铠,铁铠,human_robot_icon_atlas_0,42603004,42603020,604
603000017,42663017,0,0,6,3,0,迷宫装备,,,铁铠,铁铠,human_robot_icon_atlas_0,42603004,42603020,604
603000018,42663018,0,0,6,3,0,迷宫装备,,,铁铠,铁铠,human_robot_icon_atlas_0,42603004,42603020,604
603000019,42663019,0,0,6,3,0,迷宫装备,,,铁铠,铁铠,human_robot_icon_atlas_0,42603004,42603020,604
603000020,42663020,0,0,6,3,0,迷宫装备,,,铁铠,铁铠,human_robot_icon_atlas_0,42603004,42603020,604
603000021,42663021,0,0,6,3,0,迷宫装备,,,青钢铠,青钢铠,human_robot_icon_atlas_0,42603004,42603030,604
603000022,42663022,0,0,6,3,0,迷宫装备,,,青钢铠,青钢铠,human_robot_icon_atlas_0,42603004,42603030,604
603000023,42663023,0,0,6,3,0,迷宫装备,,,青钢铠,青钢铠,human_robot_icon_atlas_0,42603004,42603030,604
603000024,42663024,0,0,6,3,0,迷宫装备,,,青钢铠,青钢铠,human_robot_icon_atlas_0,42603004,42603030,604
603000025,42663025,0,0,6,3,0,迷宫装备,,,青钢铠,青钢铠,human_robot_icon_atlas_0,42603004,42603030,604
603000026,42663026,0,0,6,3,0,迷宫装备,,,青钢铠,青钢铠,human_robot_icon_atlas_0,42603004,42603030,604
603000027,42663027,0,0,6,3,0,迷宫装备,,,青钢铠,青钢铠,human_robot_icon_atlas_0,42603004,42603030,604
603000028,42663028,0,0,6,3,0,迷宫装备,,,青钢铠,青钢铠,human_robot_icon_atlas_0,42603004,42603030,604
603000029,42663029,0,0,6,3,0,迷宫装备,,,青钢铠,青钢铠,human_robot_icon_atlas_0,42603004,42603030,604
603000030,42663030,0,0,6,3,0,迷宫装备,,,青钢铠,青钢铠,human_robot_icon_atlas_0,42603004,42603030,604
603000031,42663031,0,0,6,3,0,迷宫装备,,,流云铠,流云铠,human_robot_icon_atlas_0,42603004,42603040,604
603000032,42663032,0,0,6,3,0,迷宫装备,,,流云铠,流云铠,human_robot_icon_atlas_0,42603004,42603040,604
603000033,42663033,0,0,6,3,0,迷宫装备,,,流云铠,流云铠,human_robot_icon_atlas_0,42603004,42603040,604
603000034,42663034,0,0,6,3,0,迷宫装备,,,流云铠,流云铠,human_robot_icon_atlas_0,42603004,42603040,604
603000035,42663035,0,0,6,3,0,迷宫装备,,,流云铠,流云铠,human_robot_icon_atlas_0,42603004,42603040,604
603000036,42663036,0,0,6,3,0,迷宫装备,,,流云铠,流云铠,human_robot_icon_atlas_0,42603004,42603040,604
603000037,42663037,0,0,6,3,0,迷宫装备,,,流云铠,流云铠,human_robot_icon_atlas_0,42603004,42603040,604
603000038,42663038,0,0,6,3,0,迷宫装备,,,流云铠,流云铠,human_robot_icon_atlas_0,42603004,42603040,604
603000039,42663039,0,0,6,3,0,迷宫装备,,,流云铠,流云铠,human_robot_icon_atlas_0,42603004,42603040,604
603000040,42663040,0,0,6,3,0,迷宫装备,,,流云铠,流云铠,human_robot_icon_atlas_0,42603004,42603040,604
603000041,42663041,0,0,6,3,0,迷宫装备,,,飞虹铠,飞虹铠,human_robot_icon_atlas_0,42603004,42603050,604
603000042,42663042,0,0,6,3,0,迷宫装备,,,飞虹铠,飞虹铠,human_robot_icon_atlas_0,42603004,42603050,604
603000043,42663043,0,0,6,3,0,迷宫装备,,,飞虹铠,飞虹铠,human_robot_icon_atlas_0,42603004,42603050,604
603000044,42663044,0,0,6,3,0,迷宫装备,,,飞虹铠,飞虹铠,human_robot_icon_atlas_0,42603004,42603050,604
603000045,42663045,0,0,6,3,0,迷宫装备,,,飞虹铠,飞虹铠,human_robot_icon_atlas_0,42603004,42603050,604
603000046,42663046,0,0,6,3,0,迷宫装备,,,飞虹铠,飞虹铠,human_robot_icon_atlas_0,42603004,42603050,604
603000047,42663047,0,0,6,3,0,迷宫装备,,,飞虹铠,飞虹铠,human_robot_icon_atlas_0,42603004,42603050,604
603000048,42663048,0,0,6,3,0,迷宫装备,,,飞虹铠,飞虹铠,human_robot_icon_atlas_0,42603004,42603050,604
603000049,42663049,0,0,6,3,0,迷宫装备,,,飞虹铠,飞虹铠,human_robot_icon_atlas_0,42603004,42603050,604
603000050,42663050,0,0,6,3,0,迷宫装备,,,飞虹铠,飞虹铠,human_robot_icon_atlas_0,42603004,42603050,604
603000051,42663051,0,0,6,3,0,迷宫装备,,,紫金铠,紫金铠,human_robot_icon_atlas_0,42603004,42603060,604
603000052,42663052,0,0,6,3,0,迷宫装备,,,紫金铠,紫金铠,human_robot_icon_atlas_0,42603004,42603060,604
603000053,42663053,0,0,6,3,0,迷宫装备,,,紫金铠,紫金铠,human_robot_icon_atlas_0,42603004,42603060,604
603000054,42663054,0,0,6,3,0,迷宫装备,,,紫金铠,紫金铠,human_robot_icon_atlas_0,42603004,42603060,604
603000055,42663055,0,0,6,3,0,迷宫装备,,,紫金铠,紫金铠,human_robot_icon_atlas_0,42603004,42603060,604
603000056,42663056,0,0,6,3,0,迷宫装备,,,紫金铠,紫金铠,human_robot_icon_atlas_0,42603004,42603060,604
603000057,42663057,0,0,6,3,0,迷宫装备,,,紫金铠,紫金铠,human_robot_icon_atlas_0,42603004,42603060,604
603000058,42663058,0,0,6,3,0,迷宫装备,,,紫金铠,紫金铠,human_robot_icon_atlas_0,42603004,42603060,604
603000059,42663059,0,0,6,3,0,迷宫装备,,,紫金铠,紫金铠,human_robot_icon_atlas_0,42603004,42603060,604
603000060,42663060,0,0,6,3,0,迷宫装备,,,紫金铠,紫金铠,human_robot_icon_atlas_0,42603004,42603060,604
603000061,42663061,0,0,6,3,0,迷宫装备,,,巨神铠,巨神铠,human_robot_icon_atlas_0,42603004,42603070,604
603000062,42663062,0,0,6,3,0,迷宫装备,,,巨神铠,巨神铠,human_robot_icon_atlas_0,42603004,42603070,604
603000063,42663063,0,0,6,3,0,迷宫装备,,,巨神铠,巨神铠,human_robot_icon_atlas_0,42603004,42603070,604
603000064,42663064,0,0,6,3,0,迷宫装备,,,巨神铠,巨神铠,human_robot_icon_atlas_0,42603004,42603070,604
603000065,42663065,0,0,6,3,0,迷宫装备,,,巨神铠,巨神铠,human_robot_icon_atlas_0,42603004,42603070,604
603000066,42663066,0,0,6,3,0,迷宫装备,,,巨神铠,巨神铠,human_robot_icon_atlas_0,42603004,42603070,604
603000067,42663067,0,0,6,3,0,迷宫装备,,,巨神铠,巨神铠,human_robot_icon_atlas_0,42603004,42603070,604
603000068,42663068,0,0,6,3,0,迷宫装备,,,巨神铠,巨神铠,human_robot_icon_atlas_0,42603004,42603070,604
603000069,42663069,0,0,6,3,0,迷宫装备,,,巨神铠,巨神铠,human_robot_icon_atlas_0,42603004,42603070,604
603000070,42663070,0,0,6,3,0,迷宫装备,,,巨神铠,巨神铠,human_robot_icon_atlas_0,42603004,42603070,604
603000071,42663071,0,0,6,3,0,迷宫装备,,,天罡铠,天罡铠,human_robot_icon_atlas_0,42603004,42603080,604
603000072,42663072,0,0,6,3,0,迷宫装备,,,天罡铠,天罡铠,human_robot_icon_atlas_0,42603004,42603080,604
603000073,42663073,0,0,6,3,0,迷宫装备,,,天罡铠,天罡铠,human_robot_icon_atlas_0,42603004,42603080,604
603000074,42663074,0,0,6,3,0,迷宫装备,,,天罡铠,天罡铠,human_robot_icon_atlas_0,42603004,42603080,604
603000075,42663075,0,0,6,3,0,迷宫装备,,,天罡铠,天罡铠,human_robot_icon_atlas_0,42603004,42603080,604
603000076,42663076,0,0,6,3,0,迷宫装备,,,天罡铠,天罡铠,human_robot_icon_atlas_0,42603004,42603080,604
603000077,42663077,0,0,6,3,0,迷宫装备,,,天罡铠,天罡铠,human_robot_icon_atlas_0,42603004,42603080,604
603000078,42663078,0,0,6,3,0,迷宫装备,,,天罡铠,天罡铠,human_robot_icon_atlas_0,42603004,42603080,604
603000079,42663079,0,0,6,3,0,迷宫装备,,,天罡铠,天罡铠,human_robot_icon_atlas_0,42603004,42603080,604
603000080,42663080,0,0,6,3,0,迷宫装备,,,天罡铠,天罡铠,human_robot_icon_atlas_0,42603004,42603080,604
603000081,42663081,0,0,6,3,0,迷宫装备,,,雷神铠,雷神铠,human_robot_icon_atlas_0,42603004,42603090,604
603000082,42663082,0,0,6,3,0,迷宫装备,,,雷神铠,雷神铠,human_robot_icon_atlas_0,42603004,42603090,604
603000083,42663083,0,0,6,3,0,迷宫装备,,,雷神铠,雷神铠,human_robot_icon_atlas_0,42603004,42603090,604
603000084,42663084,0,0,6,3,0,迷宫装备,,,雷神铠,雷神铠,human_robot_icon_atlas_0,42603004,42603090,604
603000085,42663085,0,0,6,3,0,迷宫装备,,,雷神铠,雷神铠,human_robot_icon_atlas_0,42603004,42603090,604
603000086,42663086,0,0,6,3,0,迷宫装备,,,雷神铠,雷神铠,human_robot_icon_atlas_0,42603004,42603090,604
603000087,42663087,0,0,6,3,0,迷宫装备,,,雷神铠,雷神铠,human_robot_icon_atlas_0,42603004,42603090,604
603000088,42663088,0,0,6,3,0,迷宫装备,,,雷神铠,雷神铠,human_robot_icon_atlas_0,42603004,42603090,604
603000089,42663089,0,0,6,3,0,迷宫装备,,,雷神铠,雷神铠,human_robot_icon_atlas_0,42603004,42603090,604
603000090,42663090,0,0,6,3,0,迷宫装备,,,雷神铠,雷神铠,human_robot_icon_atlas_0,42603004,42603090,604
603000091,42663091,0,0,6,3,0,迷宫装备,,,狮吼铠,狮吼铠,human_robot_icon_atlas_0,42603004,42603100,604
603000092,42663092,0,0,6,3,0,迷宫装备,,,狮吼铠,狮吼铠,human_robot_icon_atlas_0,42603004,42603100,604
603000093,42663093,0,0,6,3,0,迷宫装备,,,狮吼铠,狮吼铠,human_robot_icon_atlas_0,42603004,42603100,604
603000094,42663094,0,0,6,3,0,迷宫装备,,,狮吼铠,狮吼铠,human_robot_icon_atlas_0,42603004,42603100,604
603000095,42663095,0,0,6,3,0,迷宫装备,,,狮吼铠,狮吼铠,human_robot_icon_atlas_0,42603004,42603100,604
603000096,42663096,0,0,6,3,0,迷宫装备,,,狮吼铠,狮吼铠,human_robot_icon_atlas_0,42603004,42603100,604
603000097,42663097,0,0,6,3,0,迷宫装备,,,狮吼铠,狮吼铠,human_robot_icon_atlas_0,42603004,42603100,604
603000098,42663098,0,0,6,3,0,迷宫装备,,,狮吼铠,狮吼铠,human_robot_icon_atlas_0,42603004,42603100,604
603000099,42663099,0,0,6,3,0,迷宫装备,,,狮吼铠,狮吼铠,human_robot_icon_atlas_0,42603004,42603100,604
603000100,42663100,0,0,6,3,0,迷宫装备,,,狮吼铠,狮吼铠,human_robot_icon_atlas_0,42603004,42603100,604
603000101,42663101,0,0,6,3,0,迷宫装备,,,灵蛇铠,灵蛇铠,human_robot_icon_atlas_0,42603004,42603110,604
603000102,42663102,0,0,6,3,0,迷宫装备,,,灵蛇铠,灵蛇铠,human_robot_icon_atlas_0,42603004,42603110,604
603000103,42663103,0,0,6,3,0,迷宫装备,,,灵蛇铠,灵蛇铠,human_robot_icon_atlas_0,42603004,42603110,604
603000104,42663104,0,0,6,3,0,迷宫装备,,,灵蛇铠,灵蛇铠,human_robot_icon_atlas_0,42603004,42603110,604
603000105,42663105,0,0,6,3,0,迷宫装备,,,灵蛇铠,灵蛇铠,human_robot_icon_atlas_0,42603004,42603110,604
603000106,42663106,0,0,6,3,0,迷宫装备,,,灵蛇铠,灵蛇铠,human_robot_icon_atlas_0,42603004,42603110,604
603000107,42663107,0,0,6,3,0,迷宫装备,,,灵蛇铠,灵蛇铠,human_robot_icon_atlas_0,42603004,42603110,604
603000108,42663108,0,0,6,3,0,迷宫装备,,,灵蛇铠,灵蛇铠,human_robot_icon_atlas_0,42603004,42603110,604
603000109,42663109,0,0,6,3,0,迷宫装备,,,灵蛇铠,灵蛇铠,human_robot_icon_atlas_0,42603004,42603110,604
603000110,42663110,0,0,6,3,0,迷宫装备,,,灵蛇铠,灵蛇铠,human_robot_icon_atlas_0,42603004,42603110,604
603000111,42663111,0,0,6,3,0,迷宫装备,,,朱雀铠,朱雀铠,human_robot_icon_atlas_0,42603004,42603120,604
603000112,42663112,0,0,6,3,0,迷宫装备,,,朱雀铠,朱雀铠,human_robot_icon_atlas_0,42603004,42603120,604
603000113,42663113,0,0,6,3,0,迷宫装备,,,朱雀铠,朱雀铠,human_robot_icon_atlas_0,42603004,42603120,604
603000114,42663114,0,0,6,3,0,迷宫装备,,,朱雀铠,朱雀铠,human_robot_icon_atlas_0,42603004,42603120,604
603000115,42663115,0,0,6,3,0,迷宫装备,,,朱雀铠,朱雀铠,human_robot_icon_atlas_0,42603004,42603120,604
603000116,42663116,0,0,6,3,0,迷宫装备,,,朱雀铠,朱雀铠,human_robot_icon_atlas_0,42603004,42603120,604
603000117,42663117,0,0,6,3,0,迷宫装备,,,朱雀铠,朱雀铠,human_robot_icon_atlas_0,42603004,42603120,604
603000118,42663118,0,0,6,3,0,迷宫装备,,,朱雀铠,朱雀铠,human_robot_icon_atlas_0,42603004,42603120,604
603000119,42663119,0,0,6,3,0,迷宫装备,,,朱雀铠,朱雀铠,human_robot_icon_atlas_0,42603004,42603120,604
603000120,42663120,0,0,6,3,0,迷宫装备,,,朱雀铠,朱雀铠,human_robot_icon_atlas_0,42603004,42603120,604
603000121,42663121,0,0,6,3,0,迷宫装备,,,龙形铠,龙形铠,human_robot_icon_atlas_0,42603004,42603130,604
603000122,42663122,0,0,6,3,0,迷宫装备,,,龙形铠,龙形铠,human_robot_icon_atlas_0,42603004,42603130,604
603000123,42663123,0,0,6,3,0,迷宫装备,,,龙形铠,龙形铠,human_robot_icon_atlas_0,42603004,42603130,604
603000124,42663124,0,0,6,3,0,迷宫装备,,,龙形铠,龙形铠,human_robot_icon_atlas_0,42603004,42603130,604
603000125,42663125,0,0,6,3,0,迷宫装备,,,龙形铠,龙形铠,human_robot_icon_atlas_0,42603004,42603130,604
603000126,42663126,0,0,6,3,0,迷宫装备,,,龙形铠,龙形铠,human_robot_icon_atlas_0,42603004,42603130,604
603000127,42663127,0,0,6,3,0,迷宫装备,,,龙形铠,龙形铠,human_robot_icon_atlas_0,42603004,42603130,604
603000128,42663128,0,0,6,3,0,迷宫装备,,,龙形铠,龙形铠,human_robot_icon_atlas_0,42603004,42603130,604
603000129,42663129,0,0,6,3,0,迷宫装备,,,龙形铠,龙形铠,human_robot_icon_atlas_0,42603004,42603130,604
603000130,42663130,0,0,6,3,0,迷宫装备,,,龙形铠,龙形铠,human_robot_icon_atlas_0,42603004,42603130,604
603000131,42663131,0,0,6,3,0,迷宫装备,,,龙王铠,龙王铠,human_robot_icon_atlas_0,42603004,42603140,604
603000132,42663132,0,0,6,3,0,迷宫装备,,,龙王铠,龙王铠,human_robot_icon_atlas_0,42603004,42603140,604
603000133,42663133,0,0,6,3,0,迷宫装备,,,龙王铠,龙王铠,human_robot_icon_atlas_0,42603004,42603140,604
603000134,42663134,0,0,6,3,0,迷宫装备,,,龙王铠,龙王铠,human_robot_icon_atlas_0,42603004,42603140,604
603000135,42663135,0,0,6,3,0,迷宫装备,,,龙王铠,龙王铠,human_robot_icon_atlas_0,42603004,42603140,604
603000136,42663136,0,0,6,3,0,迷宫装备,,,龙王铠,龙王铠,human_robot_icon_atlas_0,42603004,42603140,604
603000137,42663137,0,0,6,3,0,迷宫装备,,,龙王铠,龙王铠,human_robot_icon_atlas_0,42603004,42603140,604
603000138,42663138,0,0,6,3,0,迷宫装备,,,龙王铠,龙王铠,human_robot_icon_atlas_0,42603004,42603140,604
603000139,42663139,0,0,6,3,0,迷宫装备,,,龙王铠,龙王铠,human_robot_icon_atlas_0,42603004,42603140,604
603000140,42663140,0,0,6,3,0,迷宫装备,,,龙王铠,龙王铠,human_robot_icon_atlas_0,42603004,42603140,604
603000141,42663141,0,0,6,3,0,迷宫装备,,,龙皇铠,龙皇铠,human_robot_icon_atlas_0,42603004,42603150,604
603000142,42663142,0,0,6,3,0,迷宫装备,,,龙皇铠,龙皇铠,human_robot_icon_atlas_0,42603004,42603150,604
603000143,42663143,0,0,6,3,0,迷宫装备,,,龙皇铠,龙皇铠,human_robot_icon_atlas_0,42603004,42603150,604
603000144,42663144,0,0,6,3,0,迷宫装备,,,龙皇铠,龙皇铠,human_robot_icon_atlas_0,42603004,42603150,604
603000145,42663145,0,0,6,3,0,迷宫装备,,,龙皇铠,龙皇铠,human_robot_icon_atlas_0,42603004,42603150,604
603000146,42663146,0,0,6,3,0,迷宫装备,,,龙皇铠,龙皇铠,human_robot_icon_atlas_0,42603004,42603150,604
603000147,42663147,0,0,6,3,0,迷宫装备,,,龙皇铠,龙皇铠,human_robot_icon_atlas_0,42603004,42603150,604
603000148,42663148,0,0,6,3,0,迷宫装备,,,龙皇铠,龙皇铠,human_robot_icon_atlas_0,42603004,42603150,604
603000149,42663149,0,0,6,3,0,迷宫装备,,,龙皇铠,龙皇铠,human_robot_icon_atlas_0,42603004,42603150,604
603000150,42663150,0,0,6,3,0,迷宫装备,,,龙皇铠,龙皇铠,human_robot_icon_atlas_0,42603004,42603150,604
603000151,42663151,0,0,6,3,0,迷宫装备,,,龙神铠,龙神铠,human_robot_icon_atlas_0,42603004,42603160,604
603000152,42663152,0,0,6,3,0,迷宫装备,,,龙神铠,龙神铠,human_robot_icon_atlas_0,42603004,42603160,604
603000153,42663153,0,0,6,3,0,迷宫装备,,,龙神铠,龙神铠,human_robot_icon_atlas_0,42603004,42603160,604
603000154,42663154,0,0,6,3,0,迷宫装备,,,龙神铠,龙神铠,human_robot_icon_atlas_0,42603004,42603160,604
603000155,42663155,0,0,6,3,0,迷宫装备,,,龙神铠,龙神铠,human_robot_icon_atlas_0,42603004,42603160,604
603000156,42663156,0,0,6,3,0,迷宫装备,,,龙神铠,龙神铠,human_robot_icon_atlas_0,42603004,42603160,604
603000157,42663157,0,0,6,3,0,迷宫装备,,,龙神铠,龙神铠,human_robot_icon_atlas_0,42603004,42603160,604
603000158,42663158,0,0,6,3,0,迷宫装备,,,龙神铠,龙神铠,human_robot_icon_atlas_0,42603004,42603160,604
603000159,42663159,0,0,6,3,0,迷宫装备,,,龙神铠,龙神铠,human_robot_icon_atlas_0,42603004,42603160,604
603000160,42663160,0,0,6,3,0,迷宫装备,,,龙神铠,龙神铠,human_robot_icon_atlas_0,42603004,42603160,604
606000001,42666001,0,0,6,6,0,迷宫装备,,,布鞋,铁履,human_robot_icon_atlas_0,42606001,42606001,601
606000002,42666002,0,0,6,6,0,迷宫装备,,,布鞋,青钢履,human_robot_icon_atlas_0,42606002,42606002,601
606000003,42666003,0,0,6,6,0,迷宫装备,,,布鞋,流云履,human_robot_icon_atlas_0,42606003,42606003,601
606000004,42666004,0,0,6,6,0,迷宫装备,,,布鞋,飞虹履,human_robot_icon_atlas_0,42606004,42606004,601
606000005,42666005,0,0,6,6,0,迷宫装备,,,布鞋,飞虹履,human_robot_icon_atlas_0,42606004,42606010,601
606000006,42666006,0,0,6,6,0,迷宫装备,,,布鞋,飞虹履,human_robot_icon_atlas_0,42606004,42606010,601
606000007,42666007,0,0,6,6,0,迷宫装备,,,布鞋,飞虹履,human_robot_icon_atlas_0,42606004,42606010,601
606000008,42666008,0,0,6,6,0,迷宫装备,,,布鞋,飞虹履,human_robot_icon_atlas_0,42606004,42606010,601
606000009,42666009,0,0,6,6,0,迷宫装备,,,布鞋,飞虹履,human_robot_icon_atlas_0,42606004,42606010,601
606000010,42666010,0,0,6,6,0,迷宫装备,,,布鞋,飞虹履,human_robot_icon_atlas_0,42606004,42606010,601
606000011,42666011,0,0,6,6,0,迷宫装备,,,铁履,铁履,human_robot_icon_atlas_0,42606004,42606020,601
606000012,42666012,0,0,6,6,0,迷宫装备,,,铁履,铁履,human_robot_icon_atlas_0,42606004,42606020,601
606000013,42666013,0,0,6,6,0,迷宫装备,,,铁履,铁履,human_robot_icon_atlas_0,42606004,42606020,601
606000014,42666014,0,0,6,6,0,迷宫装备,,,铁履,铁履,human_robot_icon_atlas_0,42606004,42606020,601
606000015,42666015,0,0,6,6,0,迷宫装备,,,铁履,铁履,human_robot_icon_atlas_0,42606004,42606020,601
606000016,42666016,0,0,6,6,0,迷宫装备,,,铁履,铁履,human_robot_icon_atlas_0,42606004,42606020,601
606000017,42666017,0,0,6,6,0,迷宫装备,,,铁履,铁履,human_robot_icon_atlas_0,42606004,42606020,601
606000018,42666018,0,0,6,6,0,迷宫装备,,,铁履,铁履,human_robot_icon_atlas_0,42606004,42606020,601
606000019,42666019,0,0,6,6,0,迷宫装备,,,铁履,铁履,human_robot_icon_atlas_0,42606004,42606020,601
606000020,42666020,0,0,6,6,0,迷宫装备,,,铁履,铁履,human_robot_icon_atlas_0,42606004,42606020,601
606000021,42666021,0,0,6,6,0,迷宫装备,,,青钢履,青钢履,human_robot_icon_atlas_0,42606004,42606030,601
606000022,42666022,0,0,6,6,0,迷宫装备,,,青钢履,青钢履,human_robot_icon_atlas_0,42606004,42606030,601
606000023,42666023,0,0,6,6,0,迷宫装备,,,青钢履,青钢履,human_robot_icon_atlas_0,42606004,42606030,601
606000024,42666024,0,0,6,6,0,迷宫装备,,,青钢履,青钢履,human_robot_icon_atlas_0,42606004,42606030,601
606000025,42666025,0,0,6,6,0,迷宫装备,,,青钢履,青钢履,human_robot_icon_atlas_0,42606004,42606030,601
606000026,42666026,0,0,6,6,0,迷宫装备,,,青钢履,青钢履,human_robot_icon_atlas_0,42606004,42606030,601
606000027,42666027,0,0,6,6,0,迷宫装备,,,青钢履,青钢履,human_robot_icon_atlas_0,42606004,42606030,601
606000028,42666028,0,0,6,6,0,迷宫装备,,,青钢履,青钢履,human_robot_icon_atlas_0,42606004,42606030,601
606000029,42666029,0,0,6,6,0,迷宫装备,,,青钢履,青钢履,human_robot_icon_atlas_0,42606004,42606030,601
606000030,42666030,0,0,6,6,0,迷宫装备,,,青钢履,青钢履,human_robot_icon_atlas_0,42606004,42606030,601
606000031,42666031,0,0,6,6,0,迷宫装备,,,流云履,流云履,human_robot_icon_atlas_0,42606004,42606040,601
606000032,42666032,0,0,6,6,0,迷宫装备,,,流云履,流云履,human_robot_icon_atlas_0,42606004,42606040,601
606000033,42666033,0,0,6,6,0,迷宫装备,,,流云履,流云履,human_robot_icon_atlas_0,42606004,42606040,601
606000034,42666034,0,0,6,6,0,迷宫装备,,,流云履,流云履,human_robot_icon_atlas_0,42606004,42606040,601
606000035,42666035,0,0,6,6,0,迷宫装备,,,流云履,流云履,human_robot_icon_atlas_0,42606004,42606040,601
606000036,42666036,0,0,6,6,0,迷宫装备,,,流云履,流云履,human_robot_icon_atlas_0,42606004,42606040,601
606000037,42666037,0,0,6,6,0,迷宫装备,,,流云履,流云履,human_robot_icon_atlas_0,42606004,42606040,601
606000038,42666038,0,0,6,6,0,迷宫装备,,,流云履,流云履,human_robot_icon_atlas_0,42606004,42606040,601
606000039,42666039,0,0,6,6,0,迷宫装备,,,流云履,流云履,human_robot_icon_atlas_0,42606004,42606040,601
606000040,42666040,0,0,6,6,0,迷宫装备,,,流云履,流云履,human_robot_icon_atlas_0,42606004,42606040,601
606000041,42666041,0,0,6,6,0,迷宫装备,,,飞虹履,飞虹履,human_robot_icon_atlas_0,42606004,42606050,601
606000042,42666042,0,0,6,6,0,迷宫装备,,,飞虹履,飞虹履,human_robot_icon_atlas_0,42606004,42606050,601
606000043,42666043,0,0,6,6,0,迷宫装备,,,飞虹履,飞虹履,human_robot_icon_atlas_0,42606004,42606050,601
606000044,42666044,0,0,6,6,0,迷宫装备,,,飞虹履,飞虹履,human_robot_icon_atlas_0,42606004,42606050,601
606000045,42666045,0,0,6,6,0,迷宫装备,,,飞虹履,飞虹履,human_robot_icon_atlas_0,42606004,42606050,601
606000046,42666046,0,0,6,6,0,迷宫装备,,,飞虹履,飞虹履,human_robot_icon_atlas_0,42606004,42606050,601
606000047,42666047,0,0,6,6,0,迷宫装备,,,飞虹履,飞虹履,human_robot_icon_atlas_0,42606004,42606050,601
606000048,42666048,0,0,6,6,0,迷宫装备,,,飞虹履,飞虹履,human_robot_icon_atlas_0,42606004,42606050,601
606000049,42666049,0,0,6,6,0,迷宫装备,,,飞虹履,飞虹履,human_robot_icon_atlas_0,42606004,42606050,601
606000050,42666050,0,0,6,6,0,迷宫装备,,,飞虹履,飞虹履,human_robot_icon_atlas_0,42606004,42606050,601
606000051,42666051,0,0,6,6,0,迷宫装备,,,紫金履,紫金履,human_robot_icon_atlas_0,42606004,42606060,601
606000052,42666052,0,0,6,6,0,迷宫装备,,,紫金履,紫金履,human_robot_icon_atlas_0,42606004,42606060,601
606000053,42666053,0,0,6,6,0,迷宫装备,,,紫金履,紫金履,human_robot_icon_atlas_0,42606004,42606060,601
606000054,42666054,0,0,6,6,0,迷宫装备,,,紫金履,紫金履,human_robot_icon_atlas_0,42606004,42606060,601
606000055,42666055,0,0,6,6,0,迷宫装备,,,紫金履,紫金履,human_robot_icon_atlas_0,42606004,42606060,601
606000056,42666056,0,0,6,6,0,迷宫装备,,,紫金履,紫金履,human_robot_icon_atlas_0,42606004,42606060,601
606000057,42666057,0,0,6,6,0,迷宫装备,,,紫金履,紫金履,human_robot_icon_atlas_0,42606004,42606060,601
606000058,42666058,0,0,6,6,0,迷宫装备,,,紫金履,紫金履,human_robot_icon_atlas_0,42606004,42606060,601
606000059,42666059,0,0,6,6,0,迷宫装备,,,紫金履,紫金履,human_robot_icon_atlas_0,42606004,42606060,601
606000060,42666060,0,0,6,6,0,迷宫装备,,,紫金履,紫金履,human_robot_icon_atlas_0,42606004,42606060,601
606000061,42666061,0,0,6,6,0,迷宫装备,,,巨神履,巨神履,human_robot_icon_atlas_0,42606004,42606070,601
606000062,42666062,0,0,6,6,0,迷宫装备,,,巨神履,巨神履,human_robot_icon_atlas_0,42606004,42606070,601
606000063,42666063,0,0,6,6,0,迷宫装备,,,巨神履,巨神履,human_robot_icon_atlas_0,42606004,42606070,601
606000064,42666064,0,0,6,6,0,迷宫装备,,,巨神履,巨神履,human_robot_icon_atlas_0,42606004,42606070,601
606000065,42666065,0,0,6,6,0,迷宫装备,,,巨神履,巨神履,human_robot_icon_atlas_0,42606004,42606070,601
606000066,42666066,0,0,6,6,0,迷宫装备,,,巨神履,巨神履,human_robot_icon_atlas_0,42606004,42606070,601
606000067,42666067,0,0,6,6,0,迷宫装备,,,巨神履,巨神履,human_robot_icon_atlas_0,42606004,42606070,601
606000068,42666068,0,0,6,6,0,迷宫装备,,,巨神履,巨神履,human_robot_icon_atlas_0,42606004,42606070,601
606000069,42666069,0,0,6,6,0,迷宫装备,,,巨神履,巨神履,human_robot_icon_atlas_0,42606004,42606070,601
606000070,42666070,0,0,6,6,0,迷宫装备,,,巨神履,巨神履,human_robot_icon_atlas_0,42606004,42606070,601
606000071,42666071,0,0,6,6,0,迷宫装备,,,天罡履,天罡履,human_robot_icon_atlas_0,42606004,42606080,601
606000072,42666072,0,0,6,6,0,迷宫装备,,,天罡履,天罡履,human_robot_icon_atlas_0,42606004,42606080,601
606000073,42666073,0,0,6,6,0,迷宫装备,,,天罡履,天罡履,human_robot_icon_atlas_0,42606004,42606080,601
606000074,42666074,0,0,6,6,0,迷宫装备,,,天罡履,天罡履,human_robot_icon_atlas_0,42606004,42606080,601
606000075,42666075,0,0,6,6,0,迷宫装备,,,天罡履,天罡履,human_robot_icon_atlas_0,42606004,42606080,601
606000076,42666076,0,0,6,6,0,迷宫装备,,,天罡履,天罡履,human_robot_icon_atlas_0,42606004,42606080,601
606000077,42666077,0,0,6,6,0,迷宫装备,,,天罡履,天罡履,human_robot_icon_atlas_0,42606004,42606080,601
606000078,42666078,0,0,6,6,0,迷宫装备,,,天罡履,天罡履,human_robot_icon_atlas_0,42606004,42606080,601
606000079,42666079,0,0,6,6,0,迷宫装备,,,天罡履,天罡履,human_robot_icon_atlas_0,42606004,42606080,601
606000080,42666080,0,0,6,6,0,迷宫装备,,,天罡履,天罡履,human_robot_icon_atlas_0,42606004,42606080,601
606000081,42666081,0,0,6,6,0,迷宫装备,,,雷神履,雷神履,human_robot_icon_atlas_0,42606004,42606090,601
606000082,42666082,0,0,6,6,0,迷宫装备,,,雷神履,雷神履,human_robot_icon_atlas_0,42606004,42606090,601
606000083,42666083,0,0,6,6,0,迷宫装备,,,雷神履,雷神履,human_robot_icon_atlas_0,42606004,42606090,601
606000084,42666084,0,0,6,6,0,迷宫装备,,,雷神履,雷神履,human_robot_icon_atlas_0,42606004,42606090,601
606000085,42666085,0,0,6,6,0,迷宫装备,,,雷神履,雷神履,human_robot_icon_atlas_0,42606004,42606090,601
606000086,42666086,0,0,6,6,0,迷宫装备,,,雷神履,雷神履,human_robot_icon_atlas_0,42606004,42606090,601
606000087,42666087,0,0,6,6,0,迷宫装备,,,雷神履,雷神履,human_robot_icon_atlas_0,42606004,42606090,601
606000088,42666088,0,0,6,6,0,迷宫装备,,,雷神履,雷神履,human_robot_icon_atlas_0,42606004,42606090,601
606000089,42666089,0,0,6,6,0,迷宫装备,,,雷神履,雷神履,human_robot_icon_atlas_0,42606004,42606090,601
606000090,42666090,0,0,6,6,0,迷宫装备,,,雷神履,雷神履,human_robot_icon_atlas_0,42606004,42606090,601
606000091,42666091,0,0,6,6,0,迷宫装备,,,狮吼履,狮吼履,human_robot_icon_atlas_0,42606004,42606100,601
606000092,42666092,0,0,6,6,0,迷宫装备,,,狮吼履,狮吼履,human_robot_icon_atlas_0,42606004,42606100,601
606000093,42666093,0,0,6,6,0,迷宫装备,,,狮吼履,狮吼履,human_robot_icon_atlas_0,42606004,42606100,601
606000094,42666094,0,0,6,6,0,迷宫装备,,,狮吼履,狮吼履,human_robot_icon_atlas_0,42606004,42606100,601
606000095,42666095,0,0,6,6,0,迷宫装备,,,狮吼履,狮吼履,human_robot_icon_atlas_0,42606004,42606100,601
606000096,42666096,0,0,6,6,0,迷宫装备,,,狮吼履,狮吼履,human_robot_icon_atlas_0,42606004,42606100,601
606000097,42666097,0,0,6,6,0,迷宫装备,,,狮吼履,狮吼履,human_robot_icon_atlas_0,42606004,42606100,601
606000098,42666098,0,0,6,6,0,迷宫装备,,,狮吼履,狮吼履,human_robot_icon_atlas_0,42606004,42606100,601
606000099,42666099,0,0,6,6,0,迷宫装备,,,狮吼履,狮吼履,human_robot_icon_atlas_0,42606004,42606100,601
606000100,42666100,0,0,6,6,0,迷宫装备,,,狮吼履,狮吼履,human_robot_icon_atlas_0,42606004,42606100,601
606000101,42666101,0,0,6,6,0,迷宫装备,,,灵蛇履,灵蛇履,human_robot_icon_atlas_0,42606004,42606110,601
606000102,42666102,0,0,6,6,0,迷宫装备,,,灵蛇履,灵蛇履,human_robot_icon_atlas_0,42606004,42606110,601
606000103,42666103,0,0,6,6,0,迷宫装备,,,灵蛇履,灵蛇履,human_robot_icon_atlas_0,42606004,42606110,601
606000104,42666104,0,0,6,6,0,迷宫装备,,,灵蛇履,灵蛇履,human_robot_icon_atlas_0,42606004,42606110,601
606000105,42666105,0,0,6,6,0,迷宫装备,,,灵蛇履,灵蛇履,human_robot_icon_atlas_0,42606004,42606110,601
606000106,42666106,0,0,6,6,0,迷宫装备,,,灵蛇履,灵蛇履,human_robot_icon_atlas_0,42606004,42606110,601
606000107,42666107,0,0,6,6,0,迷宫装备,,,灵蛇履,灵蛇履,human_robot_icon_atlas_0,42606004,42606110,601
606000108,42666108,0,0,6,6,0,迷宫装备,,,灵蛇履,灵蛇履,human_robot_icon_atlas_0,42606004,42606110,601
606000109,42666109,0,0,6,6,0,迷宫装备,,,灵蛇履,灵蛇履,human_robot_icon_atlas_0,42606004,42606110,601
606000110,42666110,0,0,6,6,0,迷宫装备,,,灵蛇履,灵蛇履,human_robot_icon_atlas_0,42606004,42606110,601
606000111,42666111,0,0,6,6,0,迷宫装备,,,朱雀履,朱雀履,human_robot_icon_atlas_0,42606004,42606120,601
606000112,42666112,0,0,6,6,0,迷宫装备,,,朱雀履,朱雀履,human_robot_icon_atlas_0,42606004,42606120,601
606000113,42666113,0,0,6,6,0,迷宫装备,,,朱雀履,朱雀履,human_robot_icon_atlas_0,42606004,42606120,601
606000114,42666114,0,0,6,6,0,迷宫装备,,,朱雀履,朱雀履,human_robot_icon_atlas_0,42606004,42606120,601
606000115,42666115,0,0,6,6,0,迷宫装备,,,朱雀履,朱雀履,human_robot_icon_atlas_0,42606004,42606120,601
606000116,42666116,0,0,6,6,0,迷宫装备,,,朱雀履,朱雀履,human_robot_icon_atlas_0,42606004,42606120,601
606000117,42666117,0,0,6,6,0,迷宫装备,,,朱雀履,朱雀履,human_robot_icon_atlas_0,42606004,42606120,601
606000118,42666118,0,0,6,6,0,迷宫装备,,,朱雀履,朱雀履,human_robot_icon_atlas_0,42606004,42606120,601
606000119,42666119,0,0,6,6,0,迷宫装备,,,朱雀履,朱雀履,human_robot_icon_atlas_0,42606004,42606120,601
606000120,42666120,0,0,6,6,0,迷宫装备,,,朱雀履,朱雀履,human_robot_icon_atlas_0,42606004,42606120,601
606000121,42666121,0,0,6,6,0,迷宫装备,,,龙形履,龙形履,human_robot_icon_atlas_0,42606004,42606130,601
606000122,42666122,0,0,6,6,0,迷宫装备,,,龙形履,龙形履,human_robot_icon_atlas_0,42606004,42606130,601
606000123,42666123,0,0,6,6,0,迷宫装备,,,龙形履,龙形履,human_robot_icon_atlas_0,42606004,42606130,601
606000124,42666124,0,0,6,6,0,迷宫装备,,,龙形履,龙形履,human_robot_icon_atlas_0,42606004,42606130,601
606000125,42666125,0,0,6,6,0,迷宫装备,,,龙形履,龙形履,human_robot_icon_atlas_0,42606004,42606130,601
606000126,42666126,0,0,6,6,0,迷宫装备,,,龙形履,龙形履,human_robot_icon_atlas_0,42606004,42606130,601
606000127,42666127,0,0,6,6,0,迷宫装备,,,龙形履,龙形履,human_robot_icon_atlas_0,42606004,42606130,601
606000128,42666128,0,0,6,6,0,迷宫装备,,,龙形履,龙形履,human_robot_icon_atlas_0,42606004,42606130,601
606000129,42666129,0,0,6,6,0,迷宫装备,,,龙形履,龙形履,human_robot_icon_atlas_0,42606004,42606130,601
606000130,42666130,0,0,6,6,0,迷宫装备,,,龙形履,龙形履,human_robot_icon_atlas_0,42606004,42606130,601
606000131,42666131,0,0,6,6,0,迷宫装备,,,龙王履,龙王履,human_robot_icon_atlas_0,42606004,42606140,601
606000132,42666132,0,0,6,6,0,迷宫装备,,,龙王履,龙王履,human_robot_icon_atlas_0,42606004,42606140,601
606000133,42666133,0,0,6,6,0,迷宫装备,,,龙王履,龙王履,human_robot_icon_atlas_0,42606004,42606140,601
606000134,42666134,0,0,6,6,0,迷宫装备,,,龙王履,龙王履,human_robot_icon_atlas_0,42606004,42606140,601
606000135,42666135,0,0,6,6,0,迷宫装备,,,龙王履,龙王履,human_robot_icon_atlas_0,42606004,42606140,601
606000136,42666136,0,0,6,6,0,迷宫装备,,,龙王履,龙王履,human_robot_icon_atlas_0,42606004,42606140,601
606000137,42666137,0,0,6,6,0,迷宫装备,,,龙王履,龙王履,human_robot_icon_atlas_0,42606004,42606140,601
606000138,42666138,0,0,6,6,0,迷宫装备,,,龙王履,龙王履,human_robot_icon_atlas_0,42606004,42606140,601
606000139,42666139,0,0,6,6,0,迷宫装备,,,龙王履,龙王履,human_robot_icon_atlas_0,42606004,42606140,601
606000140,42666140,0,0,6,6,0,迷宫装备,,,龙王履,龙王履,human_robot_icon_atlas_0,42606004,42606140,601
606000141,42666141,0,0,6,6,0,迷宫装备,,,龙皇履,龙皇履,human_robot_icon_atlas_0,42606004,42606150,601
606000142,42666142,0,0,6,6,0,迷宫装备,,,龙皇履,龙皇履,human_robot_icon_atlas_0,42606004,42606150,601
606000143,42666143,0,0,6,6,0,迷宫装备,,,龙皇履,龙皇履,human_robot_icon_atlas_0,42606004,42606150,601
606000144,42666144,0,0,6,6,0,迷宫装备,,,龙皇履,龙皇履,human_robot_icon_atlas_0,42606004,42606150,601
606000145,42666145,0,0,6,6,0,迷宫装备,,,龙皇履,龙皇履,human_robot_icon_atlas_0,42606004,42606150,601
606000146,42666146,0,0,6,6,0,迷宫装备,,,龙皇履,龙皇履,human_robot_icon_atlas_0,42606004,42606150,601
606000147,42666147,0,0,6,6,0,迷宫装备,,,龙皇履,龙皇履,human_robot_icon_atlas_0,42606004,42606150,601
606000148,42666148,0,0,6,6,0,迷宫装备,,,龙皇履,龙皇履,human_robot_icon_atlas_0,42606004,42606150,601
606000149,42666149,0,0,6,6,0,迷宫装备,,,龙皇履,龙皇履,human_robot_icon_atlas_0,42606004,42606150,601
606000150,42666150,0,0,6,6,0,迷宫装备,,,龙皇履,龙皇履,human_robot_icon_atlas_0,42606004,42606150,601
606000151,42666151,0,0,6,6,0,迷宫装备,,,龙神履,龙神履,human_robot_icon_atlas_0,42606004,42606160,601
606000152,42666152,0,0,6,6,0,迷宫装备,,,龙神履,龙神履,human_robot_icon_atlas_0,42606004,42606160,601
606000153,42666153,0,0,6,6,0,迷宫装备,,,龙神履,龙神履,human_robot_icon_atlas_0,42606004,42606160,601
606000154,42666154,0,0,6,6,0,迷宫装备,,,龙神履,龙神履,human_robot_icon_atlas_0,42606004,42606160,601
606000155,42666155,0,0,6,6,0,迷宫装备,,,龙神履,龙神履,human_robot_icon_atlas_0,42606004,42606160,601
606000156,42666156,0,0,6,6,0,迷宫装备,,,龙神履,龙神履,human_robot_icon_atlas_0,42606004,42606160,601
606000157,42666157,0,0,6,6,0,迷宫装备,,,龙神履,龙神履,human_robot_icon_atlas_0,42606004,42606160,601
606000158,42666158,0,0,6,6,0,迷宫装备,,,龙神履,龙神履,human_robot_icon_atlas_0,42606004,42606160,601
606000159,42666159,0,0,6,6,0,迷宫装备,,,龙神履,龙神履,human_robot_icon_atlas_0,42606004,42606160,601
606000160,42666160,0,0,6,6,0,迷宫装备,,,龙神履,龙神履,human_robot_icon_atlas_0,42606004,42606160,601
802000001,42682001,0,0,8,2,0,迷宫装备,,,布冠,布冠,human_robot_icon_atlas_0,42602001,42602010,603
802000002,42682002,0,0,8,2,0,迷宫装备,,,布冠,布冠,human_robot_icon_atlas_0,42602002,42602010,603
802000003,42682003,0,0,8,2,0,迷宫装备,,,布冠,布冠,human_robot_icon_atlas_0,42602003,42602010,603
802000004,42682004,0,0,8,2,0,迷宫装备,,,布冠,布冠,human_robot_icon_atlas_0,42602004,42602010,603
802000005,42682005,0,0,8,2,0,迷宫装备,,,布冠,布冠,human_robot_icon_atlas_0,42602004,42602010,603
802000006,42682006,0,0,8,2,0,迷宫装备,,,布冠,布冠,human_robot_icon_atlas_0,42602004,42602010,603
802000007,42682007,0,0,8,2,0,迷宫装备,,,布冠,布冠,human_robot_icon_atlas_0,42602004,42602010,603
802000008,42682008,0,0,8,2,0,迷宫装备,,,布冠,布冠,human_robot_icon_atlas_0,42602004,42602010,603
802000009,42682009,0,0,8,2,0,迷宫装备,,,布冠,布冠,human_robot_icon_atlas_0,42602004,42602010,603
802000010,42682010,0,0,8,2,0,迷宫装备,,,布冠,布冠,human_robot_icon_atlas_0,42602004,42602010,603
802000011,42682011,0,0,8,2,0,迷宫装备,,,铁头冠,铁头冠,human_robot_icon_atlas_0,42602004,42602020,603
802000012,42682012,0,0,8,2,0,迷宫装备,,,铁头冠,铁头冠,human_robot_icon_atlas_0,42602004,42602020,603
802000013,42682013,0,0,8,2,0,迷宫装备,,,铁头冠,铁头冠,human_robot_icon_atlas_0,42602004,42602020,603
802000014,42682014,0,0,8,2,0,迷宫装备,,,铁头冠,铁头冠,human_robot_icon_atlas_0,42602004,42602020,603
802000015,42682015,0,0,8,2,0,迷宫装备,,,铁头冠,铁头冠,human_robot_icon_atlas_0,42602004,42602020,603
802000016,42682016,0,0,8,2,0,迷宫装备,,,铁头冠,铁头冠,human_robot_icon_atlas_0,42602004,42602020,603
802000017,42682017,0,0,8,2,0,迷宫装备,,,铁头冠,铁头冠,human_robot_icon_atlas_0,42602004,42602020,603
802000018,42682018,0,0,8,2,0,迷宫装备,,,铁头冠,铁头冠,human_robot_icon_atlas_0,42602004,42602020,603
802000019,42682019,0,0,8,2,0,迷宫装备,,,铁头冠,铁头冠,human_robot_icon_atlas_0,42602004,42602020,603
802000020,42682020,0,0,8,2,0,迷宫装备,,,铁头冠,铁头冠,human_robot_icon_atlas_0,42602004,42602020,603
802000021,42682021,0,0,8,2,0,迷宫装备,,,青钢头冠,青钢头冠,human_robot_icon_atlas_0,42602004,42602030,603
802000022,42682022,0,0,8,2,0,迷宫装备,,,青钢头冠,青钢头冠,human_robot_icon_atlas_0,42602004,42602030,603
802000023,42682023,0,0,8,2,0,迷宫装备,,,青钢头冠,青钢头冠,human_robot_icon_atlas_0,42602004,42602030,603
802000024,42682024,0,0,8,2,0,迷宫装备,,,青钢头冠,青钢头冠,human_robot_icon_atlas_0,42602004,42602030,603
802000025,42682025,0,0,8,2,0,迷宫装备,,,青钢头冠,青钢头冠,human_robot_icon_atlas_0,42602004,42602030,603
802000026,42682026,0,0,8,2,0,迷宫装备,,,青钢头冠,青钢头冠,human_robot_icon_atlas_0,42602004,42602030,603
802000027,42682027,0,0,8,2,0,迷宫装备,,,青钢头冠,青钢头冠,human_robot_icon_atlas_0,42602004,42602030,603
802000028,42682028,0,0,8,2,0,迷宫装备,,,青钢头冠,青钢头冠,human_robot_icon_atlas_0,42602004,42602030,603
802000029,42682029,0,0,8,2,0,迷宫装备,,,青钢头冠,青钢头冠,human_robot_icon_atlas_0,42602004,42602030,603
802000030,42682030,0,0,8,2,0,迷宫装备,,,青钢头冠,青钢头冠,human_robot_icon_atlas_0,42602004,42602030,603
802000031,42682031,0,0,8,2,0,迷宫装备,,,流云头冠,流云头冠,human_robot_icon_atlas_0,42602004,42602040,603
802000032,42682032,0,0,8,2,0,迷宫装备,,,流云头冠,流云头冠,human_robot_icon_atlas_0,42602004,42602040,603
802000033,42682033,0,0,8,2,0,迷宫装备,,,流云头冠,流云头冠,human_robot_icon_atlas_0,42602004,42602040,603
802000034,42682034,0,0,8,2,0,迷宫装备,,,流云头冠,流云头冠,human_robot_icon_atlas_0,42602004,42602040,603
802000035,42682035,0,0,8,2,0,迷宫装备,,,流云头冠,流云头冠,human_robot_icon_atlas_0,42602004,42602040,603
802000036,42682036,0,0,8,2,0,迷宫装备,,,流云头冠,流云头冠,human_robot_icon_atlas_0,42602004,42602040,603
802000037,42682037,0,0,8,2,0,迷宫装备,,,流云头冠,流云头冠,human_robot_icon_atlas_0,42602004,42602040,603
802000038,42682038,0,0,8,2,0,迷宫装备,,,流云头冠,流云头冠,human_robot_icon_atlas_0,42602004,42602040,603
802000039,42682039,0,0,8,2,0,迷宫装备,,,流云头冠,流云头冠,human_robot_icon_atlas_0,42602004,42602040,603
802000040,42682040,0,0,8,2,0,迷宫装备,,,流云头冠,流云头冠,human_robot_icon_atlas_0,42602004,42602040,603
802000041,42682041,0,0,8,2,0,迷宫装备,,,飞虹头冠,飞虹头冠,human_robot_icon_atlas_0,42602004,42602050,603
802000042,42682042,0,0,8,2,0,迷宫装备,,,飞虹头冠,飞虹头冠,human_robot_icon_atlas_0,42602004,42602050,603
802000043,42682043,0,0,8,2,0,迷宫装备,,,飞虹头冠,飞虹头冠,human_robot_icon_atlas_0,42602004,42602050,603
802000044,42682044,0,0,8,2,0,迷宫装备,,,飞虹头冠,飞虹头冠,human_robot_icon_atlas_0,42602004,42602050,603
802000045,42682045,0,0,8,2,0,迷宫装备,,,飞虹头冠,飞虹头冠,human_robot_icon_atlas_0,42602004,42602050,603
802000046,42682046,0,0,8,2,0,迷宫装备,,,飞虹头冠,飞虹头冠,human_robot_icon_atlas_0,42602004,42602050,603
802000047,42682047,0,0,8,2,0,迷宫装备,,,飞虹头冠,飞虹头冠,human_robot_icon_atlas_0,42602004,42602050,603
802000048,42682048,0,0,8,2,0,迷宫装备,,,飞虹头冠,飞虹头冠,human_robot_icon_atlas_0,42602004,42602050,603
802000049,42682049,0,0,8,2,0,迷宫装备,,,飞虹头冠,飞虹头冠,human_robot_icon_atlas_0,42602004,42602050,603
802000050,42682050,0,0,8,2,0,迷宫装备,,,飞虹头冠,飞虹头冠,human_robot_icon_atlas_0,42602004,42602050,603
802000051,42682051,0,0,8,2,0,迷宫装备,,,紫金头冠,紫金头冠,human_robot_icon_atlas_0,42602004,42602060,603
802000052,42682052,0,0,8,2,0,迷宫装备,,,紫金头冠,紫金头冠,human_robot_icon_atlas_0,42602004,42602060,603
802000053,42682053,0,0,8,2,0,迷宫装备,,,紫金头冠,紫金头冠,human_robot_icon_atlas_0,42602004,42602060,603
802000054,42682054,0,0,8,2,0,迷宫装备,,,紫金头冠,紫金头冠,human_robot_icon_atlas_0,42602004,42602060,603
802000055,42682055,0,0,8,2,0,迷宫装备,,,紫金头冠,紫金头冠,human_robot_icon_atlas_0,42602004,42602060,603
802000056,42682056,0,0,8,2,0,迷宫装备,,,紫金头冠,紫金头冠,human_robot_icon_atlas_0,42602004,42602060,603
802000057,42682057,0,0,8,2,0,迷宫装备,,,紫金头冠,紫金头冠,human_robot_icon_atlas_0,42602004,42602060,603
802000058,42682058,0,0,8,2,0,迷宫装备,,,紫金头冠,紫金头冠,human_robot_icon_atlas_0,42602004,42602060,603
802000059,42682059,0,0,8,2,0,迷宫装备,,,紫金头冠,紫金头冠,human_robot_icon_atlas_0,42602004,42602060,603
802000060,42682060,0,0,8,2,0,迷宫装备,,,紫金头冠,紫金头冠,human_robot_icon_atlas_0,42602004,42602060,603
802000061,42682061,0,0,8,2,0,迷宫装备,,,巨神头冠,巨神头冠,human_robot_icon_atlas_0,42602004,42602070,603
802000062,42682062,0,0,8,2,0,迷宫装备,,,巨神头冠,巨神头冠,human_robot_icon_atlas_0,42602004,42602070,603
802000063,42682063,0,0,8,2,0,迷宫装备,,,巨神头冠,巨神头冠,human_robot_icon_atlas_0,42602004,42602070,603
802000064,42682064,0,0,8,2,0,迷宫装备,,,巨神头冠,巨神头冠,human_robot_icon_atlas_0,42602004,42602070,603
802000065,42682065,0,0,8,2,0,迷宫装备,,,巨神头冠,巨神头冠,human_robot_icon_atlas_0,42602004,42602070,603
802000066,42682066,0,0,8,2,0,迷宫装备,,,巨神头冠,巨神头冠,human_robot_icon_atlas_0,42602004,42602070,603
802000067,42682067,0,0,8,2,0,迷宫装备,,,巨神头冠,巨神头冠,human_robot_icon_atlas_0,42602004,42602070,603
802000068,42682068,0,0,8,2,0,迷宫装备,,,巨神头冠,巨神头冠,human_robot_icon_atlas_0,42602004,42602070,603
802000069,42682069,0,0,8,2,0,迷宫装备,,,巨神头冠,巨神头冠,human_robot_icon_atlas_0,42602004,42602070,603
802000070,42682070,0,0,8,2,0,迷宫装备,,,巨神头冠,巨神头冠,human_robot_icon_atlas_0,42602004,42602070,603
802000071,42682071,0,0,8,2,0,迷宫装备,,,天罡头冠,天罡头冠,human_robot_icon_atlas_0,42602004,42602080,603
802000072,42682072,0,0,8,2,0,迷宫装备,,,天罡头冠,天罡头冠,human_robot_icon_atlas_0,42602004,42602080,603
802000073,42682073,0,0,8,2,0,迷宫装备,,,天罡头冠,天罡头冠,human_robot_icon_atlas_0,42602004,42602080,603
802000074,42682074,0,0,8,2,0,迷宫装备,,,天罡头冠,天罡头冠,human_robot_icon_atlas_0,42602004,42602080,603
802000075,42682075,0,0,8,2,0,迷宫装备,,,天罡头冠,天罡头冠,human_robot_icon_atlas_0,42602004,42602080,603
802000076,42682076,0,0,8,2,0,迷宫装备,,,天罡头冠,天罡头冠,human_robot_icon_atlas_0,42602004,42602080,603
802000077,42682077,0,0,8,2,0,迷宫装备,,,天罡头冠,天罡头冠,human_robot_icon_atlas_0,42602004,42602080,603
802000078,42682078,0,0,8,2,0,迷宫装备,,,天罡头冠,天罡头冠,human_robot_icon_atlas_0,42602004,42602080,603
802000079,42682079,0,0,8,2,0,迷宫装备,,,天罡头冠,天罡头冠,human_robot_icon_atlas_0,42602004,42602080,603
802000080,42682080,0,0,8,2,0,迷宫装备,,,天罡头冠,天罡头冠,human_robot_icon_atlas_0,42602004,42602080,603
802000081,42682081,0,0,8,2,0,迷宫装备,,,雷神头冠,雷神头冠,human_robot_icon_atlas_0,42602004,42602090,603
802000082,42682082,0,0,8,2,0,迷宫装备,,,雷神头冠,雷神头冠,human_robot_icon_atlas_0,42602004,42602090,603
802000083,42682083,0,0,8,2,0,迷宫装备,,,雷神头冠,雷神头冠,human_robot_icon_atlas_0,42602004,42602090,603
802000084,42682084,0,0,8,2,0,迷宫装备,,,雷神头冠,雷神头冠,human_robot_icon_atlas_0,42602004,42602090,603
802000085,42682085,0,0,8,2,0,迷宫装备,,,雷神头冠,雷神头冠,human_robot_icon_atlas_0,42602004,42602090,603
802000086,42682086,0,0,8,2,0,迷宫装备,,,雷神头冠,雷神头冠,human_robot_icon_atlas_0,42602004,42602090,603
802000087,42682087,0,0,8,2,0,迷宫装备,,,雷神头冠,雷神头冠,human_robot_icon_atlas_0,42602004,42602090,603
802000088,42682088,0,0,8,2,0,迷宫装备,,,雷神头冠,雷神头冠,human_robot_icon_atlas_0,42602004,42602090,603
802000089,42682089,0,0,8,2,0,迷宫装备,,,雷神头冠,雷神头冠,human_robot_icon_atlas_0,42602004,42602090,603
802000090,42682090,0,0,8,2,0,迷宫装备,,,雷神头冠,雷神头冠,human_robot_icon_atlas_0,42602004,42602090,603
802000091,42682091,0,0,8,2,0,迷宫装备,,,狮吼头冠,狮吼头冠,human_robot_icon_atlas_0,42602004,42602100,603
802000092,42682092,0,0,8,2,0,迷宫装备,,,狮吼头冠,狮吼头冠,human_robot_icon_atlas_0,42602004,42602100,603
802000093,42682093,0,0,8,2,0,迷宫装备,,,狮吼头冠,狮吼头冠,human_robot_icon_atlas_0,42602004,42602100,603
802000094,42682094,0,0,8,2,0,迷宫装备,,,狮吼头冠,狮吼头冠,human_robot_icon_atlas_0,42602004,42602100,603
802000095,42682095,0,0,8,2,0,迷宫装备,,,狮吼头冠,狮吼头冠,human_robot_icon_atlas_0,42602004,42602100,603
802000096,42682096,0,0,8,2,0,迷宫装备,,,狮吼头冠,狮吼头冠,human_robot_icon_atlas_0,42602004,42602100,603
802000097,42682097,0,0,8,2,0,迷宫装备,,,狮吼头冠,狮吼头冠,human_robot_icon_atlas_0,42602004,42602100,603
802000098,42682098,0,0,8,2,0,迷宫装备,,,狮吼头冠,狮吼头冠,human_robot_icon_atlas_0,42602004,42602100,603
802000099,42682099,0,0,8,2,0,迷宫装备,,,狮吼头冠,狮吼头冠,human_robot_icon_atlas_0,42602004,42602100,603
802000100,42682100,0,0,8,2,0,迷宫装备,,,狮吼头冠,狮吼头冠,human_robot_icon_atlas_0,42602004,42602100,603
802000101,42682101,0,0,8,2,0,迷宫装备,,,灵蛇头冠,灵蛇头冠,human_robot_icon_atlas_0,42602004,42602110,603
802000102,42682102,0,0,8,2,0,迷宫装备,,,灵蛇头冠,灵蛇头冠,human_robot_icon_atlas_0,42602004,42602110,603
802000103,42682103,0,0,8,2,0,迷宫装备,,,灵蛇头冠,灵蛇头冠,human_robot_icon_atlas_0,42602004,42602110,603
802000104,42682104,0,0,8,2,0,迷宫装备,,,灵蛇头冠,灵蛇头冠,human_robot_icon_atlas_0,42602004,42602110,603
802000105,42682105,0,0,8,2,0,迷宫装备,,,灵蛇头冠,灵蛇头冠,human_robot_icon_atlas_0,42602004,42602110,603
802000106,42682106,0,0,8,2,0,迷宫装备,,,灵蛇头冠,灵蛇头冠,human_robot_icon_atlas_0,42602004,42602110,603
802000107,42682107,0,0,8,2,0,迷宫装备,,,灵蛇头冠,灵蛇头冠,human_robot_icon_atlas_0,42602004,42602110,603
802000108,42682108,0,0,8,2,0,迷宫装备,,,灵蛇头冠,灵蛇头冠,human_robot_icon_atlas_0,42602004,42602110,603
802000109,42682109,0,0,8,2,0,迷宫装备,,,灵蛇头冠,灵蛇头冠,human_robot_icon_atlas_0,42602004,42602110,603
802000110,42682110,0,0,8,2,0,迷宫装备,,,灵蛇头冠,灵蛇头冠,human_robot_icon_atlas_0,42602004,42602110,603
802000111,42682111,0,0,8,2,0,迷宫装备,,,朱雀头冠,朱雀头冠,human_robot_icon_atlas_0,42602004,42602120,603
802000112,42682112,0,0,8,2,0,迷宫装备,,,朱雀头冠,朱雀头冠,human_robot_icon_atlas_0,42602004,42602120,603
802000113,42682113,0,0,8,2,0,迷宫装备,,,朱雀头冠,朱雀头冠,human_robot_icon_atlas_0,42602004,42602120,603
802000114,42682114,0,0,8,2,0,迷宫装备,,,朱雀头冠,朱雀头冠,human_robot_icon_atlas_0,42602004,42602120,603
802000115,42682115,0,0,8,2,0,迷宫装备,,,朱雀头冠,朱雀头冠,human_robot_icon_atlas_0,42602004,42602120,603
802000116,42682116,0,0,8,2,0,迷宫装备,,,朱雀头冠,朱雀头冠,human_robot_icon_atlas_0,42602004,42602120,603
802000117,42682117,0,0,8,2,0,迷宫装备,,,朱雀头冠,朱雀头冠,human_robot_icon_atlas_0,42602004,42602120,603
802000118,42682118,0,0,8,2,0,迷宫装备,,,朱雀头冠,朱雀头冠,human_robot_icon_atlas_0,42602004,42602120,603
802000119,42682119,0,0,8,2,0,迷宫装备,,,朱雀头冠,朱雀头冠,human_robot_icon_atlas_0,42602004,42602120,603
802000120,42682120,0,0,8,2,0,迷宫装备,,,朱雀头冠,朱雀头冠,human_robot_icon_atlas_0,42602004,42602120,603
802000121,42682121,0,0,8,2,0,迷宫装备,,,龙形头冠,龙形头冠,human_robot_icon_atlas_0,42602004,42602130,603
802000122,42682122,0,0,8,2,0,迷宫装备,,,龙形头冠,龙形头冠,human_robot_icon_atlas_0,42602004,42602130,603
802000123,42682123,0,0,8,2,0,迷宫装备,,,龙形头冠,龙形头冠,human_robot_icon_atlas_0,42602004,42602130,603
802000124,42682124,0,0,8,2,0,迷宫装备,,,龙形头冠,龙形头冠,human_robot_icon_atlas_0,42602004,42602130,603
802000125,42682125,0,0,8,2,0,迷宫装备,,,龙形头冠,龙形头冠,human_robot_icon_atlas_0,42602004,42602130,603
802000126,42682126,0,0,8,2,0,迷宫装备,,,龙形头冠,龙形头冠,human_robot_icon_atlas_0,42602004,42602130,603
802000127,42682127,0,0,8,2,0,迷宫装备,,,龙形头冠,龙形头冠,human_robot_icon_atlas_0,42602004,42602130,603
802000128,42682128,0,0,8,2,0,迷宫装备,,,龙形头冠,龙形头冠,human_robot_icon_atlas_0,42602004,42602130,603
802000129,42682129,0,0,8,2,0,迷宫装备,,,龙形头冠,龙形头冠,human_robot_icon_atlas_0,42602004,42602130,603
802000130,42682130,0,0,8,2,0,迷宫装备,,,龙形头冠,龙形头冠,human_robot_icon_atlas_0,42602004,42602130,603
802000131,42682131,0,0,8,2,0,迷宫装备,,,龙王头冠,龙王头冠,human_robot_icon_atlas_0,42602004,42602140,603
802000132,42682132,0,0,8,2,0,迷宫装备,,,龙王头冠,龙王头冠,human_robot_icon_atlas_0,42602004,42602140,603
802000133,42682133,0,0,8,2,0,迷宫装备,,,龙王头冠,龙王头冠,human_robot_icon_atlas_0,42602004,42602140,603
802000134,42682134,0,0,8,2,0,迷宫装备,,,龙王头冠,龙王头冠,human_robot_icon_atlas_0,42602004,42602140,603
802000135,42682135,0,0,8,2,0,迷宫装备,,,龙王头冠,龙王头冠,human_robot_icon_atlas_0,42602004,42602140,603
802000136,42682136,0,0,8,2,0,迷宫装备,,,龙王头冠,龙王头冠,human_robot_icon_atlas_0,42602004,42602140,603
802000137,42682137,0,0,8,2,0,迷宫装备,,,龙王头冠,龙王头冠,human_robot_icon_atlas_0,42602004,42602140,603
802000138,42682138,0,0,8,2,0,迷宫装备,,,龙王头冠,龙王头冠,human_robot_icon_atlas_0,42602004,42602140,603
802000139,42682139,0,0,8,2,0,迷宫装备,,,龙王头冠,龙王头冠,human_robot_icon_atlas_0,42602004,42602140,603
802000140,42682140,0,0,8,2,0,迷宫装备,,,龙王头冠,龙王头冠,human_robot_icon_atlas_0,42602004,42602140,603
802000141,42682141,0,0,8,2,0,迷宫装备,,,龙皇头冠,龙皇头冠,human_robot_icon_atlas_0,42602004,42602150,603
802000142,42682142,0,0,8,2,0,迷宫装备,,,龙皇头冠,龙皇头冠,human_robot_icon_atlas_0,42602004,42602150,603
802000143,42682143,0,0,8,2,0,迷宫装备,,,龙皇头冠,龙皇头冠,human_robot_icon_atlas_0,42602004,42602150,603
802000144,42682144,0,0,8,2,0,迷宫装备,,,龙皇头冠,龙皇头冠,human_robot_icon_atlas_0,42602004,42602150,603
802000145,42682145,0,0,8,2,0,迷宫装备,,,龙皇头冠,龙皇头冠,human_robot_icon_atlas_0,42602004,42602150,603
802000146,42682146,0,0,8,2,0,迷宫装备,,,龙皇头冠,龙皇头冠,human_robot_icon_atlas_0,42602004,42602150,603
802000147,42682147,0,0,8,2,0,迷宫装备,,,龙皇头冠,龙皇头冠,human_robot_icon_atlas_0,42602004,42602150,603
802000148,42682148,0,0,8,2,0,迷宫装备,,,龙皇头冠,龙皇头冠,human_robot_icon_atlas_0,42602004,42602150,603
802000149,42682149,0,0,8,2,0,迷宫装备,,,龙皇头冠,龙皇头冠,human_robot_icon_atlas_0,42602004,42602150,603
802000150,42682150,0,0,8,2,0,迷宫装备,,,龙皇头冠,龙皇头冠,human_robot_icon_atlas_0,42602004,42602150,603
802000151,42682151,0,0,8,2,0,迷宫装备,,,龙神头冠,龙神头冠,human_robot_icon_atlas_0,42602004,42602160,603
802000152,42682152,0,0,8,2,0,迷宫装备,,,龙神头冠,龙神头冠,human_robot_icon_atlas_0,42602004,42602160,603
802000153,42682153,0,0,8,2,0,迷宫装备,,,龙神头冠,龙神头冠,human_robot_icon_atlas_0,42602004,42602160,603
802000154,42682154,0,0,8,2,0,迷宫装备,,,龙神头冠,龙神头冠,human_robot_icon_atlas_0,42602004,42602160,603
802000155,42682155,0,0,8,2,0,迷宫装备,,,龙神头冠,龙神头冠,human_robot_icon_atlas_0,42602004,42602160,603
802000156,42682156,0,0,8,2,0,迷宫装备,,,龙神头冠,龙神头冠,human_robot_icon_atlas_0,42602004,42602160,603
802000157,42682157,0,0,8,2,0,迷宫装备,,,龙神头冠,龙神头冠,human_robot_icon_atlas_0,42602004,42602160,603
802000158,42682158,0,0,8,2,0,迷宫装备,,,龙神头冠,龙神头冠,human_robot_icon_atlas_0,42602004,42602160,603
802000159,42682159,0,0,8,2,0,迷宫装备,,,龙神头冠,龙神头冠,human_robot_icon_atlas_0,42602004,42602160,603
802000160,42682160,0,0,8,2,0,迷宫装备,,,龙神头冠,龙神头冠,human_robot_icon_atlas_0,42602004,42602160,603
803000001,42683001,0,0,8,3,0,迷宫装备,,,布袍,铁铠,human_robot_icon_atlas_0,42603001,42603010,604
803000002,42683002,0,0,8,3,0,迷宫装备,,,布袍,青钢铠,human_robot_icon_atlas_0,42603002,42603010,604
803000003,42683003,0,0,8,3,0,迷宫装备,,,布袍,流云铠,human_robot_icon_atlas_0,42603003,42603010,604
803000004,42683004,0,0,8,3,0,迷宫装备,,,布袍,飞虹铠,human_robot_icon_atlas_0,42603004,42603010,604
803000005,42683005,0,0,8,3,0,迷宫装备,,,布袍,飞虹铠,human_robot_icon_atlas_0,42603004,42603010,604
803000006,42683006,0,0,8,3,0,迷宫装备,,,布袍,飞虹铠,human_robot_icon_atlas_0,42603004,42603010,604
803000007,42683007,0,0,8,3,0,迷宫装备,,,布袍,飞虹铠,human_robot_icon_atlas_0,42603004,42603010,604
803000008,42683008,0,0,8,3,0,迷宫装备,,,布袍,飞虹铠,human_robot_icon_atlas_0,42603004,42603010,604
803000009,42683009,0,0,8,3,0,迷宫装备,,,布袍,飞虹铠,human_robot_icon_atlas_0,42603004,42603010,604
803000010,42683010,0,0,8,3,0,迷宫装备,,,布袍,飞虹铠,human_robot_icon_atlas_0,42603004,42603010,604
803000011,42683011,0,0,8,3,0,迷宫装备,,,铁铠,铁铠,human_robot_icon_atlas_0,42603004,42603020,604
803000012,42683012,0,0,8,3,0,迷宫装备,,,铁铠,铁铠,human_robot_icon_atlas_0,42603004,42603020,604
803000013,42683013,0,0,8,3,0,迷宫装备,,,铁铠,铁铠,human_robot_icon_atlas_0,42603004,42603020,604
803000014,42683014,0,0,8,3,0,迷宫装备,,,铁铠,铁铠,human_robot_icon_atlas_0,42603004,42603020,604
803000015,42683015,0,0,8,3,0,迷宫装备,,,铁铠,铁铠,human_robot_icon_atlas_0,42603004,42603020,604
803000016,42683016,0,0,8,3,0,迷宫装备,,,铁铠,铁铠,human_robot_icon_atlas_0,42603004,42603020,604
803000017,42683017,0,0,8,3,0,迷宫装备,,,铁铠,铁铠,human_robot_icon_atlas_0,42603004,42603020,604
803000018,42683018,0,0,8,3,0,迷宫装备,,,铁铠,铁铠,human_robot_icon_atlas_0,42603004,42603020,604
803000019,42683019,0,0,8,3,0,迷宫装备,,,铁铠,铁铠,human_robot_icon_atlas_0,42603004,42603020,604
803000020,42683020,0,0,8,3,0,迷宫装备,,,铁铠,铁铠,human_robot_icon_atlas_0,42603004,42603020,604
803000021,42683021,0,0,8,3,0,迷宫装备,,,青钢铠,青钢铠,human_robot_icon_atlas_0,42603004,42603030,604
803000022,42683022,0,0,8,3,0,迷宫装备,,,青钢铠,青钢铠,human_robot_icon_atlas_0,42603004,42603030,604
803000023,42683023,0,0,8,3,0,迷宫装备,,,青钢铠,青钢铠,human_robot_icon_atlas_0,42603004,42603030,604
803000024,42683024,0,0,8,3,0,迷宫装备,,,青钢铠,青钢铠,human_robot_icon_atlas_0,42603004,42603030,604
803000025,42683025,0,0,8,3,0,迷宫装备,,,青钢铠,青钢铠,human_robot_icon_atlas_0,42603004,42603030,604
803000026,42683026,0,0,8,3,0,迷宫装备,,,青钢铠,青钢铠,human_robot_icon_atlas_0,42603004,42603030,604
803000027,42683027,0,0,8,3,0,迷宫装备,,,青钢铠,青钢铠,human_robot_icon_atlas_0,42603004,42603030,604
803000028,42683028,0,0,8,3,0,迷宫装备,,,青钢铠,青钢铠,human_robot_icon_atlas_0,42603004,42603030,604
803000029,42683029,0,0,8,3,0,迷宫装备,,,青钢铠,青钢铠,human_robot_icon_atlas_0,42603004,42603030,604
803000030,42683030,0,0,8,3,0,迷宫装备,,,青钢铠,青钢铠,human_robot_icon_atlas_0,42603004,42603030,604
803000031,42683031,0,0,8,3,0,迷宫装备,,,流云铠,流云铠,human_robot_icon_atlas_0,42603004,42603040,604
803000032,42683032,0,0,8,3,0,迷宫装备,,,流云铠,流云铠,human_robot_icon_atlas_0,42603004,42603040,604
803000033,42683033,0,0,8,3,0,迷宫装备,,,流云铠,流云铠,human_robot_icon_atlas_0,42603004,42603040,604
803000034,42683034,0,0,8,3,0,迷宫装备,,,流云铠,流云铠,human_robot_icon_atlas_0,42603004,42603040,604
803000035,42683035,0,0,8,3,0,迷宫装备,,,流云铠,流云铠,human_robot_icon_atlas_0,42603004,42603040,604
803000036,42683036,0,0,8,3,0,迷宫装备,,,流云铠,流云铠,human_robot_icon_atlas_0,42603004,42603040,604
803000037,42683037,0,0,8,3,0,迷宫装备,,,流云铠,流云铠,human_robot_icon_atlas_0,42603004,42603040,604
803000038,42683038,0,0,8,3,0,迷宫装备,,,流云铠,流云铠,human_robot_icon_atlas_0,42603004,42603040,604
803000039,42683039,0,0,8,3,0,迷宫装备,,,流云铠,流云铠,human_robot_icon_atlas_0,42603004,42603040,604
803000040,42683040,0,0,8,3,0,迷宫装备,,,流云铠,流云铠,human_robot_icon_atlas_0,42603004,42603040,604
803000041,42683041,0,0,8,3,0,迷宫装备,,,飞虹铠,飞虹铠,human_robot_icon_atlas_0,42603004,42603050,604
803000042,42683042,0,0,8,3,0,迷宫装备,,,飞虹铠,飞虹铠,human_robot_icon_atlas_0,42603004,42603050,604
803000043,42683043,0,0,8,3,0,迷宫装备,,,飞虹铠,飞虹铠,human_robot_icon_atlas_0,42603004,42603050,604
803000044,42683044,0,0,8,3,0,迷宫装备,,,飞虹铠,飞虹铠,human_robot_icon_atlas_0,42603004,42603050,604
803000045,42683045,0,0,8,3,0,迷宫装备,,,飞虹铠,飞虹铠,human_robot_icon_atlas_0,42603004,42603050,604
803000046,42683046,0,0,8,3,0,迷宫装备,,,飞虹铠,飞虹铠,human_robot_icon_atlas_0,42603004,42603050,604
803000047,42683047,0,0,8,3,0,迷宫装备,,,飞虹铠,飞虹铠,human_robot_icon_atlas_0,42603004,42603050,604
803000048,42683048,0,0,8,3,0,迷宫装备,,,飞虹铠,飞虹铠,human_robot_icon_atlas_0,42603004,42603050,604
803000049,42683049,0,0,8,3,0,迷宫装备,,,飞虹铠,飞虹铠,human_robot_icon_atlas_0,42603004,42603050,604
803000050,42683050,0,0,8,3,0,迷宫装备,,,飞虹铠,飞虹铠,human_robot_icon_atlas_0,42603004,42603050,604
803000051,42683051,0,0,8,3,0,迷宫装备,,,紫金铠,紫金铠,human_robot_icon_atlas_0,42603004,42603060,604
803000052,42683052,0,0,8,3,0,迷宫装备,,,紫金铠,紫金铠,human_robot_icon_atlas_0,42603004,42603060,604
803000053,42683053,0,0,8,3,0,迷宫装备,,,紫金铠,紫金铠,human_robot_icon_atlas_0,42603004,42603060,604
803000054,42683054,0,0,8,3,0,迷宫装备,,,紫金铠,紫金铠,human_robot_icon_atlas_0,42603004,42603060,604
803000055,42683055,0,0,8,3,0,迷宫装备,,,紫金铠,紫金铠,human_robot_icon_atlas_0,42603004,42603060,604
803000056,42683056,0,0,8,3,0,迷宫装备,,,紫金铠,紫金铠,human_robot_icon_atlas_0,42603004,42603060,604
803000057,42683057,0,0,8,3,0,迷宫装备,,,紫金铠,紫金铠,human_robot_icon_atlas_0,42603004,42603060,604
803000058,42683058,0,0,8,3,0,迷宫装备,,,紫金铠,紫金铠,human_robot_icon_atlas_0,42603004,42603060,604
803000059,42683059,0,0,8,3,0,迷宫装备,,,紫金铠,紫金铠,human_robot_icon_atlas_0,42603004,42603060,604
803000060,42683060,0,0,8,3,0,迷宫装备,,,紫金铠,紫金铠,human_robot_icon_atlas_0,42603004,42603060,604
803000061,42683061,0,0,8,3,0,迷宫装备,,,巨神铠,巨神铠,human_robot_icon_atlas_0,42603004,42603070,604
803000062,42683062,0,0,8,3,0,迷宫装备,,,巨神铠,巨神铠,human_robot_icon_atlas_0,42603004,42603070,604
803000063,42683063,0,0,8,3,0,迷宫装备,,,巨神铠,巨神铠,human_robot_icon_atlas_0,42603004,42603070,604
803000064,42683064,0,0,8,3,0,迷宫装备,,,巨神铠,巨神铠,human_robot_icon_atlas_0,42603004,42603070,604
803000065,42683065,0,0,8,3,0,迷宫装备,,,巨神铠,巨神铠,human_robot_icon_atlas_0,42603004,42603070,604
803000066,42683066,0,0,8,3,0,迷宫装备,,,巨神铠,巨神铠,human_robot_icon_atlas_0,42603004,42603070,604
803000067,42683067,0,0,8,3,0,迷宫装备,,,巨神铠,巨神铠,human_robot_icon_atlas_0,42603004,42603070,604
803000068,42683068,0,0,8,3,0,迷宫装备,,,巨神铠,巨神铠,human_robot_icon_atlas_0,42603004,42603070,604
803000069,42683069,0,0,8,3,0,迷宫装备,,,巨神铠,巨神铠,human_robot_icon_atlas_0,42603004,42603070,604
803000070,42683070,0,0,8,3,0,迷宫装备,,,巨神铠,巨神铠,human_robot_icon_atlas_0,42603004,42603070,604
803000071,42683071,0,0,8,3,0,迷宫装备,,,天罡铠,天罡铠,human_robot_icon_atlas_0,42603004,42603080,604
803000072,42683072,0,0,8,3,0,迷宫装备,,,天罡铠,天罡铠,human_robot_icon_atlas_0,42603004,42603080,604
803000073,42683073,0,0,8,3,0,迷宫装备,,,天罡铠,天罡铠,human_robot_icon_atlas_0,42603004,42603080,604
803000074,42683074,0,0,8,3,0,迷宫装备,,,天罡铠,天罡铠,human_robot_icon_atlas_0,42603004,42603080,604
803000075,42683075,0,0,8,3,0,迷宫装备,,,天罡铠,天罡铠,human_robot_icon_atlas_0,42603004,42603080,604
803000076,42683076,0,0,8,3,0,迷宫装备,,,天罡铠,天罡铠,human_robot_icon_atlas_0,42603004,42603080,604
803000077,42683077,0,0,8,3,0,迷宫装备,,,天罡铠,天罡铠,human_robot_icon_atlas_0,42603004,42603080,604
803000078,42683078,0,0,8,3,0,迷宫装备,,,天罡铠,天罡铠,human_robot_icon_atlas_0,42603004,42603080,604
803000079,42683079,0,0,8,3,0,迷宫装备,,,天罡铠,天罡铠,human_robot_icon_atlas_0,42603004,42603080,604
803000080,42683080,0,0,8,3,0,迷宫装备,,,天罡铠,天罡铠,human_robot_icon_atlas_0,42603004,42603080,604
803000081,42683081,0,0,8,3,0,迷宫装备,,,雷神铠,雷神铠,human_robot_icon_atlas_0,42603004,42603090,604
803000082,42683082,0,0,8,3,0,迷宫装备,,,雷神铠,雷神铠,human_robot_icon_atlas_0,42603004,42603090,604
803000083,42683083,0,0,8,3,0,迷宫装备,,,雷神铠,雷神铠,human_robot_icon_atlas_0,42603004,42603090,604
803000084,42683084,0,0,8,3,0,迷宫装备,,,雷神铠,雷神铠,human_robot_icon_atlas_0,42603004,42603090,604
803000085,42683085,0,0,8,3,0,迷宫装备,,,雷神铠,雷神铠,human_robot_icon_atlas_0,42603004,42603090,604
803000086,42683086,0,0,8,3,0,迷宫装备,,,雷神铠,雷神铠,human_robot_icon_atlas_0,42603004,42603090,604
803000087,42683087,0,0,8,3,0,迷宫装备,,,雷神铠,雷神铠,human_robot_icon_atlas_0,42603004,42603090,604
803000088,42683088,0,0,8,3,0,迷宫装备,,,雷神铠,雷神铠,human_robot_icon_atlas_0,42603004,42603090,604
803000089,42683089,0,0,8,3,0,迷宫装备,,,雷神铠,雷神铠,human_robot_icon_atlas_0,42603004,42603090,604
803000090,42683090,0,0,8,3,0,迷宫装备,,,雷神铠,雷神铠,human_robot_icon_atlas_0,42603004,42603090,604
803000091,42683091,0,0,8,3,0,迷宫装备,,,狮吼铠,狮吼铠,human_robot_icon_atlas_0,42603004,42603100,604
803000092,42683092,0,0,8,3,0,迷宫装备,,,狮吼铠,狮吼铠,human_robot_icon_atlas_0,42603004,42603100,604
803000093,42683093,0,0,8,3,0,迷宫装备,,,狮吼铠,狮吼铠,human_robot_icon_atlas_0,42603004,42603100,604
803000094,42683094,0,0,8,3,0,迷宫装备,,,狮吼铠,狮吼铠,human_robot_icon_atlas_0,42603004,42603100,604
803000095,42683095,0,0,8,3,0,迷宫装备,,,狮吼铠,狮吼铠,human_robot_icon_atlas_0,42603004,42603100,604
803000096,42683096,0,0,8,3,0,迷宫装备,,,狮吼铠,狮吼铠,human_robot_icon_atlas_0,42603004,42603100,604
803000097,42683097,0,0,8,3,0,迷宫装备,,,狮吼铠,狮吼铠,human_robot_icon_atlas_0,42603004,42603100,604
803000098,42683098,0,0,8,3,0,迷宫装备,,,狮吼铠,狮吼铠,human_robot_icon_atlas_0,42603004,42603100,604
803000099,42683099,0,0,8,3,0,迷宫装备,,,狮吼铠,狮吼铠,human_robot_icon_atlas_0,42603004,42603100,604
803000100,42683100,0,0,8,3,0,迷宫装备,,,狮吼铠,狮吼铠,human_robot_icon_atlas_0,42603004,42603100,604
803000101,42683101,0,0,8,3,0,迷宫装备,,,灵蛇铠,灵蛇铠,human_robot_icon_atlas_0,42603004,42603110,604
803000102,42683102,0,0,8,3,0,迷宫装备,,,灵蛇铠,灵蛇铠,human_robot_icon_atlas_0,42603004,42603110,604
803000103,42683103,0,0,8,3,0,迷宫装备,,,灵蛇铠,灵蛇铠,human_robot_icon_atlas_0,42603004,42603110,604
803000104,42683104,0,0,8,3,0,迷宫装备,,,灵蛇铠,灵蛇铠,human_robot_icon_atlas_0,42603004,42603110,604
803000105,42683105,0,0,8,3,0,迷宫装备,,,灵蛇铠,灵蛇铠,human_robot_icon_atlas_0,42603004,42603110,604
803000106,42683106,0,0,8,3,0,迷宫装备,,,灵蛇铠,灵蛇铠,human_robot_icon_atlas_0,42603004,42603110,604
803000107,42683107,0,0,8,3,0,迷宫装备,,,灵蛇铠,灵蛇铠,human_robot_icon_atlas_0,42603004,42603110,604
803000108,42683108,0,0,8,3,0,迷宫装备,,,灵蛇铠,灵蛇铠,human_robot_icon_atlas_0,42603004,42603110,604
803000109,42683109,0,0,8,3,0,迷宫装备,,,灵蛇铠,灵蛇铠,human_robot_icon_atlas_0,42603004,42603110,604
803000110,42683110,0,0,8,3,0,迷宫装备,,,灵蛇铠,灵蛇铠,human_robot_icon_atlas_0,42603004,42603110,604
803000111,42683111,0,0,8,3,0,迷宫装备,,,朱雀铠,朱雀铠,human_robot_icon_atlas_0,42603004,42603120,604
803000112,42683112,0,0,8,3,0,迷宫装备,,,朱雀铠,朱雀铠,human_robot_icon_atlas_0,42603004,42603120,604
803000113,42683113,0,0,8,3,0,迷宫装备,,,朱雀铠,朱雀铠,human_robot_icon_atlas_0,42603004,42603120,604
803000114,42683114,0,0,8,3,0,迷宫装备,,,朱雀铠,朱雀铠,human_robot_icon_atlas_0,42603004,42603120,604
803000115,42683115,0,0,8,3,0,迷宫装备,,,朱雀铠,朱雀铠,human_robot_icon_atlas_0,42603004,42603120,604
803000116,42683116,0,0,8,3,0,迷宫装备,,,朱雀铠,朱雀铠,human_robot_icon_atlas_0,42603004,42603120,604
803000117,42683117,0,0,8,3,0,迷宫装备,,,朱雀铠,朱雀铠,human_robot_icon_atlas_0,42603004,42603120,604
803000118,42683118,0,0,8,3,0,迷宫装备,,,朱雀铠,朱雀铠,human_robot_icon_atlas_0,42603004,42603120,604
803000119,42683119,0,0,8,3,0,迷宫装备,,,朱雀铠,朱雀铠,human_robot_icon_atlas_0,42603004,42603120,604
803000120,42683120,0,0,8,3,0,迷宫装备,,,朱雀铠,朱雀铠,human_robot_icon_atlas_0,42603004,42603120,604
803000121,42683121,0,0,8,3,0,迷宫装备,,,龙形铠,龙形铠,human_robot_icon_atlas_0,42603004,42603130,604
803000122,42683122,0,0,8,3,0,迷宫装备,,,龙形铠,龙形铠,human_robot_icon_atlas_0,42603004,42603130,604
803000123,42683123,0,0,8,3,0,迷宫装备,,,龙形铠,龙形铠,human_robot_icon_atlas_0,42603004,42603130,604
803000124,42683124,0,0,8,3,0,迷宫装备,,,龙形铠,龙形铠,human_robot_icon_atlas_0,42603004,42603130,604
803000125,42683125,0,0,8,3,0,迷宫装备,,,龙形铠,龙形铠,human_robot_icon_atlas_0,42603004,42603130,604
803000126,42683126,0,0,8,3,0,迷宫装备,,,龙形铠,龙形铠,human_robot_icon_atlas_0,42603004,42603130,604
803000127,42683127,0,0,8,3,0,迷宫装备,,,龙形铠,龙形铠,human_robot_icon_atlas_0,42603004,42603130,604
803000128,42683128,0,0,8,3,0,迷宫装备,,,龙形铠,龙形铠,human_robot_icon_atlas_0,42603004,42603130,604
803000129,42683129,0,0,8,3,0,迷宫装备,,,龙形铠,龙形铠,human_robot_icon_atlas_0,42603004,42603130,604
803000130,42683130,0,0,8,3,0,迷宫装备,,,龙形铠,龙形铠,human_robot_icon_atlas_0,42603004,42603130,604
803000131,42683131,0,0,8,3,0,迷宫装备,,,龙王铠,龙王铠,human_robot_icon_atlas_0,42603004,42603140,604
803000132,42683132,0,0,8,3,0,迷宫装备,,,龙王铠,龙王铠,human_robot_icon_atlas_0,42603004,42603140,604
803000133,42683133,0,0,8,3,0,迷宫装备,,,龙王铠,龙王铠,human_robot_icon_atlas_0,42603004,42603140,604
803000134,42683134,0,0,8,3,0,迷宫装备,,,龙王铠,龙王铠,human_robot_icon_atlas_0,42603004,42603140,604
803000135,42683135,0,0,8,3,0,迷宫装备,,,龙王铠,龙王铠,human_robot_icon_atlas_0,42603004,42603140,604
803000136,42683136,0,0,8,3,0,迷宫装备,,,龙王铠,龙王铠,human_robot_icon_atlas_0,42603004,42603140,604
803000137,42683137,0,0,8,3,0,迷宫装备,,,龙王铠,龙王铠,human_robot_icon_atlas_0,42603004,42603140,604
803000138,42683138,0,0,8,3,0,迷宫装备,,,龙王铠,龙王铠,human_robot_icon_atlas_0,42603004,42603140,604
803000139,42683139,0,0,8,3,0,迷宫装备,,,龙王铠,龙王铠,human_robot_icon_atlas_0,42603004,42603140,604
803000140,42683140,0,0,8,3,0,迷宫装备,,,龙王铠,龙王铠,human_robot_icon_atlas_0,42603004,42603140,604
803000141,42683141,0,0,8,3,0,迷宫装备,,,龙皇铠,龙皇铠,human_robot_icon_atlas_0,42603004,42603150,604
803000142,42683142,0,0,8,3,0,迷宫装备,,,龙皇铠,龙皇铠,human_robot_icon_atlas_0,42603004,42603150,604
803000143,42683143,0,0,8,3,0,迷宫装备,,,龙皇铠,龙皇铠,human_robot_icon_atlas_0,42603004,42603150,604
803000144,42683144,0,0,8,3,0,迷宫装备,,,龙皇铠,龙皇铠,human_robot_icon_atlas_0,42603004,42603150,604
803000145,42683145,0,0,8,3,0,迷宫装备,,,龙皇铠,龙皇铠,human_robot_icon_atlas_0,42603004,42603150,604
803000146,42683146,0,0,8,3,0,迷宫装备,,,龙皇铠,龙皇铠,human_robot_icon_atlas_0,42603004,42603150,604
803000147,42683147,0,0,8,3,0,迷宫装备,,,龙皇铠,龙皇铠,human_robot_icon_atlas_0,42603004,42603150,604
803000148,42683148,0,0,8,3,0,迷宫装备,,,龙皇铠,龙皇铠,human_robot_icon_atlas_0,42603004,42603150,604
803000149,42683149,0,0,8,3,0,迷宫装备,,,龙皇铠,龙皇铠,human_robot_icon_atlas_0,42603004,42603150,604
803000150,42683150,0,0,8,3,0,迷宫装备,,,龙皇铠,龙皇铠,human_robot_icon_atlas_0,42603004,42603150,604
803000151,42683151,0,0,8,3,0,迷宫装备,,,龙神铠,龙神铠,human_robot_icon_atlas_0,42603004,42603160,604
803000152,42683152,0,0,8,3,0,迷宫装备,,,龙神铠,龙神铠,human_robot_icon_atlas_0,42603004,42603160,604
803000153,42683153,0,0,8,3,0,迷宫装备,,,龙神铠,龙神铠,human_robot_icon_atlas_0,42603004,42603160,604
803000154,42683154,0,0,8,3,0,迷宫装备,,,龙神铠,龙神铠,human_robot_icon_atlas_0,42603004,42603160,604
803000155,42683155,0,0,8,3,0,迷宫装备,,,龙神铠,龙神铠,human_robot_icon_atlas_0,42603004,42603160,604
803000156,42683156,0,0,8,3,0,迷宫装备,,,龙神铠,龙神铠,human_robot_icon_atlas_0,42603004,42603160,604
803000157,42683157,0,0,8,3,0,迷宫装备,,,龙神铠,龙神铠,human_robot_icon_atlas_0,42603004,42603160,604
803000158,42683158,0,0,8,3,0,迷宫装备,,,龙神铠,龙神铠,human_robot_icon_atlas_0,42603004,42603160,604
803000159,42683159,0,0,8,3,0,迷宫装备,,,龙神铠,龙神铠,human_robot_icon_atlas_0,42603004,42603160,604
803000160,42683160,0,0,8,3,0,迷宫装备,,,龙神铠,龙神铠,human_robot_icon_atlas_0,42603004,42603160,604
806000001,42686001,0,0,8,6,0,迷宫装备,,,布鞋,布鞋,human_robot_icon_atlas_0,42606001,42606010,601
806000002,42686002,0,0,8,6,0,迷宫装备,,,布鞋,布鞋,human_robot_icon_atlas_0,42606002,42606010,601
806000003,42686003,0,0,8,6,0,迷宫装备,,,布鞋,布鞋,human_robot_icon_atlas_0,42606003,42606010,601
806000004,42686004,0,0,8,6,0,迷宫装备,,,布鞋,布鞋,human_robot_icon_atlas_0,42606004,42606010,601
806000005,42686005,0,0,8,6,0,迷宫装备,,,布鞋,布鞋,human_robot_icon_atlas_0,42606004,42606010,601
806000006,42686006,0,0,8,6,0,迷宫装备,,,布鞋,布鞋,human_robot_icon_atlas_0,42606004,42606010,601
806000007,42686007,0,0,8,6,0,迷宫装备,,,布鞋,布鞋,human_robot_icon_atlas_0,42606004,42606010,601
806000008,42686008,0,0,8,6,0,迷宫装备,,,布鞋,布鞋,human_robot_icon_atlas_0,42606004,42606010,601
806000009,42686009,0,0,8,6,0,迷宫装备,,,布鞋,布鞋,human_robot_icon_atlas_0,42606004,42606010,601
806000010,42686010,0,0,8,6,0,迷宫装备,,,布鞋,布鞋,human_robot_icon_atlas_0,42606004,42606010,601
806000011,42686011,0,0,8,6,0,迷宫装备,,,铁履,铁履,human_robot_icon_atlas_0,42606004,42606020,601
806000012,42686012,0,0,8,6,0,迷宫装备,,,铁履,铁履,human_robot_icon_atlas_0,42606004,42606020,601
806000013,42686013,0,0,8,6,0,迷宫装备,,,铁履,铁履,human_robot_icon_atlas_0,42606004,42606020,601
806000014,42686014,0,0,8,6,0,迷宫装备,,,铁履,铁履,human_robot_icon_atlas_0,42606004,42606020,601
806000015,42686015,0,0,8,6,0,迷宫装备,,,铁履,铁履,human_robot_icon_atlas_0,42606004,42606020,601
806000016,42686016,0,0,8,6,0,迷宫装备,,,铁履,铁履,human_robot_icon_atlas_0,42606004,42606020,601
806000017,42686017,0,0,8,6,0,迷宫装备,,,铁履,铁履,human_robot_icon_atlas_0,42606004,42606020,601
806000018,42686018,0,0,8,6,0,迷宫装备,,,铁履,铁履,human_robot_icon_atlas_0,42606004,42606020,601
806000019,42686019,0,0,8,6,0,迷宫装备,,,铁履,铁履,human_robot_icon_atlas_0,42606004,42606020,601
806000020,42686020,0,0,8,6,0,迷宫装备,,,铁履,铁履,human_robot_icon_atlas_0,42606004,42606020,601
806000021,42686021,0,0,8,6,0,迷宫装备,,,青钢履,青钢履,human_robot_icon_atlas_0,42606004,42606030,601
806000022,42686022,0,0,8,6,0,迷宫装备,,,青钢履,青钢履,human_robot_icon_atlas_0,42606004,42606030,601
806000023,42686023,0,0,8,6,0,迷宫装备,,,青钢履,青钢履,human_robot_icon_atlas_0,42606004,42606030,601
806000024,42686024,0,0,8,6,0,迷宫装备,,,青钢履,青钢履,human_robot_icon_atlas_0,42606004,42606030,601
806000025,42686025,0,0,8,6,0,迷宫装备,,,青钢履,青钢履,human_robot_icon_atlas_0,42606004,42606030,601
806000026,42686026,0,0,8,6,0,迷宫装备,,,青钢履,青钢履,human_robot_icon_atlas_0,42606004,42606030,601
806000027,42686027,0,0,8,6,0,迷宫装备,,,青钢履,青钢履,human_robot_icon_atlas_0,42606004,42606030,601
806000028,42686028,0,0,8,6,0,迷宫装备,,,青钢履,青钢履,human_robot_icon_atlas_0,42606004,42606030,601
806000029,42686029,0,0,8,6,0,迷宫装备,,,青钢履,青钢履,human_robot_icon_atlas_0,42606004,42606030,601
806000030,42686030,0,0,8,6,0,迷宫装备,,,青钢履,青钢履,human_robot_icon_atlas_0,42606004,42606030,601
806000031,42686031,0,0,8,6,0,迷宫装备,,,流云履,流云履,human_robot_icon_atlas_0,42606004,42606040,601
806000032,42686032,0,0,8,6,0,迷宫装备,,,流云履,流云履,human_robot_icon_atlas_0,42606004,42606040,601
806000033,42686033,0,0,8,6,0,迷宫装备,,,流云履,流云履,human_robot_icon_atlas_0,42606004,42606040,601
806000034,42686034,0,0,8,6,0,迷宫装备,,,流云履,流云履,human_robot_icon_atlas_0,42606004,42606040,601
806000035,42686035,0,0,8,6,0,迷宫装备,,,流云履,流云履,human_robot_icon_atlas_0,42606004,42606040,601
806000036,42686036,0,0,8,6,0,迷宫装备,,,流云履,流云履,human_robot_icon_atlas_0,42606004,42606040,601
806000037,42686037,0,0,8,6,0,迷宫装备,,,流云履,流云履,human_robot_icon_atlas_0,42606004,42606040,601
806000038,42686038,0,0,8,6,0,迷宫装备,,,流云履,流云履,human_robot_icon_atlas_0,42606004,42606040,601
806000039,42686039,0,0,8,6,0,迷宫装备,,,流云履,流云履,human_robot_icon_atlas_0,42606004,42606040,601
806000040,42686040,0,0,8,6,0,迷宫装备,,,流云履,流云履,human_robot_icon_atlas_0,42606004,42606040,601
806000041,42686041,0,0,8,6,0,迷宫装备,,,飞虹履,飞虹履,human_robot_icon_atlas_0,42606004,42606050,601
806000042,42686042,0,0,8,6,0,迷宫装备,,,飞虹履,飞虹履,human_robot_icon_atlas_0,42606004,42606050,601
806000043,42686043,0,0,8,6,0,迷宫装备,,,飞虹履,飞虹履,human_robot_icon_atlas_0,42606004,42606050,601
806000044,42686044,0,0,8,6,0,迷宫装备,,,飞虹履,飞虹履,human_robot_icon_atlas_0,42606004,42606050,601
806000045,42686045,0,0,8,6,0,迷宫装备,,,飞虹履,飞虹履,human_robot_icon_atlas_0,42606004,42606050,601
806000046,42686046,0,0,8,6,0,迷宫装备,,,飞虹履,飞虹履,human_robot_icon_atlas_0,42606004,42606050,601
806000047,42686047,0,0,8,6,0,迷宫装备,,,飞虹履,飞虹履,human_robot_icon_atlas_0,42606004,42606050,601
806000048,42686048,0,0,8,6,0,迷宫装备,,,飞虹履,飞虹履,human_robot_icon_atlas_0,42606004,42606050,601
806000049,42686049,0,0,8,6,0,迷宫装备,,,飞虹履,飞虹履,human_robot_icon_atlas_0,42606004,42606050,601
806000050,42686050,0,0,8,6,0,迷宫装备,,,飞虹履,飞虹履,human_robot_icon_atlas_0,42606004,42606050,601
806000051,42686051,0,0,8,6,0,迷宫装备,,,紫金履,紫金履,human_robot_icon_atlas_0,42606004,42606060,601
806000052,42686052,0,0,8,6,0,迷宫装备,,,紫金履,紫金履,human_robot_icon_atlas_0,42606004,42606060,601
806000053,42686053,0,0,8,6,0,迷宫装备,,,紫金履,紫金履,human_robot_icon_atlas_0,42606004,42606060,601
806000054,42686054,0,0,8,6,0,迷宫装备,,,紫金履,紫金履,human_robot_icon_atlas_0,42606004,42606060,601
806000055,42686055,0,0,8,6,0,迷宫装备,,,紫金履,紫金履,human_robot_icon_atlas_0,42606004,42606060,601
806000056,42686056,0,0,8,6,0,迷宫装备,,,紫金履,紫金履,human_robot_icon_atlas_0,42606004,42606060,601
806000057,42686057,0,0,8,6,0,迷宫装备,,,紫金履,紫金履,human_robot_icon_atlas_0,42606004,42606060,601
806000058,42686058,0,0,8,6,0,迷宫装备,,,紫金履,紫金履,human_robot_icon_atlas_0,42606004,42606060,601
806000059,42686059,0,0,8,6,0,迷宫装备,,,紫金履,紫金履,human_robot_icon_atlas_0,42606004,42606060,601
806000060,42686060,0,0,8,6,0,迷宫装备,,,紫金履,紫金履,human_robot_icon_atlas_0,42606004,42606060,601
806000061,42686061,0,0,8,6,0,迷宫装备,,,巨神履,巨神履,human_robot_icon_atlas_0,42606004,42606070,601
806000062,42686062,0,0,8,6,0,迷宫装备,,,巨神履,巨神履,human_robot_icon_atlas_0,42606004,42606070,601
806000063,42686063,0,0,8,6,0,迷宫装备,,,巨神履,巨神履,human_robot_icon_atlas_0,42606004,42606070,601
806000064,42686064,0,0,8,6,0,迷宫装备,,,巨神履,巨神履,human_robot_icon_atlas_0,42606004,42606070,601
806000065,42686065,0,0,8,6,0,迷宫装备,,,巨神履,巨神履,human_robot_icon_atlas_0,42606004,42606070,601
806000066,42686066,0,0,8,6,0,迷宫装备,,,巨神履,巨神履,human_robot_icon_atlas_0,42606004,42606070,601
806000067,42686067,0,0,8,6,0,迷宫装备,,,巨神履,巨神履,human_robot_icon_atlas_0,42606004,42606070,601
806000068,42686068,0,0,8,6,0,迷宫装备,,,巨神履,巨神履,human_robot_icon_atlas_0,42606004,42606070,601
806000069,42686069,0,0,8,6,0,迷宫装备,,,巨神履,巨神履,human_robot_icon_atlas_0,42606004,42606070,601
806000070,42686070,0,0,8,6,0,迷宫装备,,,巨神履,巨神履,human_robot_icon_atlas_0,42606004,42606070,601
806000071,42686071,0,0,8,6,0,迷宫装备,,,天罡履,天罡履,human_robot_icon_atlas_0,42606004,42606080,601
806000072,42686072,0,0,8,6,0,迷宫装备,,,天罡履,天罡履,human_robot_icon_atlas_0,42606004,42606080,601
806000073,42686073,0,0,8,6,0,迷宫装备,,,天罡履,天罡履,human_robot_icon_atlas_0,42606004,42606080,601
806000074,42686074,0,0,8,6,0,迷宫装备,,,天罡履,天罡履,human_robot_icon_atlas_0,42606004,42606080,601
806000075,42686075,0,0,8,6,0,迷宫装备,,,天罡履,天罡履,human_robot_icon_atlas_0,42606004,42606080,601
806000076,42686076,0,0,8,6,0,迷宫装备,,,天罡履,天罡履,human_robot_icon_atlas_0,42606004,42606080,601
806000077,42686077,0,0,8,6,0,迷宫装备,,,天罡履,天罡履,human_robot_icon_atlas_0,42606004,42606080,601
806000078,42686078,0,0,8,6,0,迷宫装备,,,天罡履,天罡履,human_robot_icon_atlas_0,42606004,42606080,601
806000079,42686079,0,0,8,6,0,迷宫装备,,,天罡履,天罡履,human_robot_icon_atlas_0,42606004,42606080,601
806000080,42686080,0,0,8,6,0,迷宫装备,,,天罡履,天罡履,human_robot_icon_atlas_0,42606004,42606080,601
806000081,42686081,0,0,8,6,0,迷宫装备,,,雷神履,雷神履,human_robot_icon_atlas_0,42606004,42606090,601
806000082,42686082,0,0,8,6,0,迷宫装备,,,雷神履,雷神履,human_robot_icon_atlas_0,42606004,42606090,601
806000083,42686083,0,0,8,6,0,迷宫装备,,,雷神履,雷神履,human_robot_icon_atlas_0,42606004,42606090,601
806000084,42686084,0,0,8,6,0,迷宫装备,,,雷神履,雷神履,human_robot_icon_atlas_0,42606004,42606090,601
806000085,42686085,0,0,8,6,0,迷宫装备,,,雷神履,雷神履,human_robot_icon_atlas_0,42606004,42606090,601
806000086,42686086,0,0,8,6,0,迷宫装备,,,雷神履,雷神履,human_robot_icon_atlas_0,42606004,42606090,601
806000087,42686087,0,0,8,6,0,迷宫装备,,,雷神履,雷神履,human_robot_icon_atlas_0,42606004,42606090,601
806000088,42686088,0,0,8,6,0,迷宫装备,,,雷神履,雷神履,human_robot_icon_atlas_0,42606004,42606090,601
806000089,42686089,0,0,8,6,0,迷宫装备,,,雷神履,雷神履,human_robot_icon_atlas_0,42606004,42606090,601
806000090,42686090,0,0,8,6,0,迷宫装备,,,雷神履,雷神履,human_robot_icon_atlas_0,42606004,42606090,601
806000091,42686091,0,0,8,6,0,迷宫装备,,,狮吼履,狮吼履,human_robot_icon_atlas_0,42606004,42606100,601
806000092,42686092,0,0,8,6,0,迷宫装备,,,狮吼履,狮吼履,human_robot_icon_atlas_0,42606004,42606100,601
806000093,42686093,0,0,8,6,0,迷宫装备,,,狮吼履,狮吼履,human_robot_icon_atlas_0,42606004,42606100,601
806000094,42686094,0,0,8,6,0,迷宫装备,,,狮吼履,狮吼履,human_robot_icon_atlas_0,42606004,42606100,601
806000095,42686095,0,0,8,6,0,迷宫装备,,,狮吼履,狮吼履,human_robot_icon_atlas_0,42606004,42606100,601
806000096,42686096,0,0,8,6,0,迷宫装备,,,狮吼履,狮吼履,human_robot_icon_atlas_0,42606004,42606100,601
806000097,42686097,0,0,8,6,0,迷宫装备,,,狮吼履,狮吼履,human_robot_icon_atlas_0,42606004,42606100,601
806000098,42686098,0,0,8,6,0,迷宫装备,,,狮吼履,狮吼履,human_robot_icon_atlas_0,42606004,42606100,601
806000099,42686099,0,0,8,6,0,迷宫装备,,,狮吼履,狮吼履,human_robot_icon_atlas_0,42606004,42606100,601
806000100,42686100,0,0,8,6,0,迷宫装备,,,狮吼履,狮吼履,human_robot_icon_atlas_0,42606004,42606100,601
806000101,42686101,0,0,8,6,0,迷宫装备,,,灵蛇履,灵蛇履,human_robot_icon_atlas_0,42606004,42606110,601
806000102,42686102,0,0,8,6,0,迷宫装备,,,灵蛇履,灵蛇履,human_robot_icon_atlas_0,42606004,42606110,601
806000103,42686103,0,0,8,6,0,迷宫装备,,,灵蛇履,灵蛇履,human_robot_icon_atlas_0,42606004,42606110,601
806000104,42686104,0,0,8,6,0,迷宫装备,,,灵蛇履,灵蛇履,human_robot_icon_atlas_0,42606004,42606110,601
806000105,42686105,0,0,8,6,0,迷宫装备,,,灵蛇履,灵蛇履,human_robot_icon_atlas_0,42606004,42606110,601
806000106,42686106,0,0,8,6,0,迷宫装备,,,灵蛇履,灵蛇履,human_robot_icon_atlas_0,42606004,42606110,601
806000107,42686107,0,0,8,6,0,迷宫装备,,,灵蛇履,灵蛇履,human_robot_icon_atlas_0,42606004,42606110,601
806000108,42686108,0,0,8,6,0,迷宫装备,,,灵蛇履,灵蛇履,human_robot_icon_atlas_0,42606004,42606110,601
806000109,42686109,0,0,8,6,0,迷宫装备,,,灵蛇履,灵蛇履,human_robot_icon_atlas_0,42606004,42606110,601
806000110,42686110,0,0,8,6,0,迷宫装备,,,灵蛇履,灵蛇履,human_robot_icon_atlas_0,42606004,42606110,601
806000111,42686111,0,0,8,6,0,迷宫装备,,,朱雀履,朱雀履,human_robot_icon_atlas_0,42606004,42606120,601
806000112,42686112,0,0,8,6,0,迷宫装备,,,朱雀履,朱雀履,human_robot_icon_atlas_0,42606004,42606120,601
806000113,42686113,0,0,8,6,0,迷宫装备,,,朱雀履,朱雀履,human_robot_icon_atlas_0,42606004,42606120,601
806000114,42686114,0,0,8,6,0,迷宫装备,,,朱雀履,朱雀履,human_robot_icon_atlas_0,42606004,42606120,601
806000115,42686115,0,0,8,6,0,迷宫装备,,,朱雀履,朱雀履,human_robot_icon_atlas_0,42606004,42606120,601
806000116,42686116,0,0,8,6,0,迷宫装备,,,朱雀履,朱雀履,human_robot_icon_atlas_0,42606004,42606120,601
806000117,42686117,0,0,8,6,0,迷宫装备,,,朱雀履,朱雀履,human_robot_icon_atlas_0,42606004,42606120,601
806000118,42686118,0,0,8,6,0,迷宫装备,,,朱雀履,朱雀履,human_robot_icon_atlas_0,42606004,42606120,601
806000119,42686119,0,0,8,6,0,迷宫装备,,,朱雀履,朱雀履,human_robot_icon_atlas_0,42606004,42606120,601
806000120,42686120,0,0,8,6,0,迷宫装备,,,朱雀履,朱雀履,human_robot_icon_atlas_0,42606004,42606120,601
806000121,42686121,0,0,8,6,0,迷宫装备,,,龙形履,龙形履,human_robot_icon_atlas_0,42606004,42606130,601
806000122,42686122,0,0,8,6,0,迷宫装备,,,龙形履,龙形履,human_robot_icon_atlas_0,42606004,42606130,601
806000123,42686123,0,0,8,6,0,迷宫装备,,,龙形履,龙形履,human_robot_icon_atlas_0,42606004,42606130,601
806000124,42686124,0,0,8,6,0,迷宫装备,,,龙形履,龙形履,human_robot_icon_atlas_0,42606004,42606130,601
806000125,42686125,0,0,8,6,0,迷宫装备,,,龙形履,龙形履,human_robot_icon_atlas_0,42606004,42606130,601
806000126,42686126,0,0,8,6,0,迷宫装备,,,龙形履,龙形履,human_robot_icon_atlas_0,42606004,42606130,601
806000127,42686127,0,0,8,6,0,迷宫装备,,,龙形履,龙形履,human_robot_icon_atlas_0,42606004,42606130,601
806000128,42686128,0,0,8,6,0,迷宫装备,,,龙形履,龙形履,human_robot_icon_atlas_0,42606004,42606130,601
806000129,42686129,0,0,8,6,0,迷宫装备,,,龙形履,龙形履,human_robot_icon_atlas_0,42606004,42606130,601
806000130,42686130,0,0,8,6,0,迷宫装备,,,龙形履,龙形履,human_robot_icon_atlas_0,42606004,42606130,601
806000131,42686131,0,0,8,6,0,迷宫装备,,,龙王履,龙王履,human_robot_icon_atlas_0,42606004,42606140,601
806000132,42686132,0,0,8,6,0,迷宫装备,,,龙王履,龙王履,human_robot_icon_atlas_0,42606004,42606140,601
806000133,42686133,0,0,8,6,0,迷宫装备,,,龙王履,龙王履,human_robot_icon_atlas_0,42606004,42606140,601
806000134,42686134,0,0,8,6,0,迷宫装备,,,龙王履,龙王履,human_robot_icon_atlas_0,42606004,42606140,601
806000135,42686135,0,0,8,6,0,迷宫装备,,,龙王履,龙王履,human_robot_icon_atlas_0,42606004,42606140,601
806000136,42686136,0,0,8,6,0,迷宫装备,,,龙王履,龙王履,human_robot_icon_atlas_0,42606004,42606140,601
806000137,42686137,0,0,8,6,0,迷宫装备,,,龙王履,龙王履,human_robot_icon_atlas_0,42606004,42606140,601
806000138,42686138,0,0,8,6,0,迷宫装备,,,龙王履,龙王履,human_robot_icon_atlas_0,42606004,42606140,601
806000139,42686139,0,0,8,6,0,迷宫装备,,,龙王履,龙王履,human_robot_icon_atlas_0,42606004,42606140,601
806000140,42686140,0,0,8,6,0,迷宫装备,,,龙王履,龙王履,human_robot_icon_atlas_0,42606004,42606140,601
806000141,42686141,0,0,8,6,0,迷宫装备,,,龙皇履,龙皇履,human_robot_icon_atlas_0,42606004,42606150,601
806000142,42686142,0,0,8,6,0,迷宫装备,,,龙皇履,龙皇履,human_robot_icon_atlas_0,42606004,42606150,601
806000143,42686143,0,0,8,6,0,迷宫装备,,,龙皇履,龙皇履,human_robot_icon_atlas_0,42606004,42606150,601
806000144,42686144,0,0,8,6,0,迷宫装备,,,龙皇履,龙皇履,human_robot_icon_atlas_0,42606004,42606150,601
806000145,42686145,0,0,8,6,0,迷宫装备,,,龙皇履,龙皇履,human_robot_icon_atlas_0,42606004,42606150,601
806000146,42686146,0,0,8,6,0,迷宫装备,,,龙皇履,龙皇履,human_robot_icon_atlas_0,42606004,42606150,601
806000147,42686147,0,0,8,6,0,迷宫装备,,,龙皇履,龙皇履,human_robot_icon_atlas_0,42606004,42606150,601
806000148,42686148,0,0,8,6,0,迷宫装备,,,龙皇履,龙皇履,human_robot_icon_atlas_0,42606004,42606150,601
806000149,42686149,0,0,8,6,0,迷宫装备,,,龙皇履,龙皇履,human_robot_icon_atlas_0,42606004,42606150,601
806000150,42686150,0,0,8,6,0,迷宫装备,,,龙皇履,龙皇履,human_robot_icon_atlas_0,42606004,42606150,601
806000151,42686151,0,0,8,6,0,迷宫装备,,,龙神履,龙神履,human_robot_icon_atlas_0,42606004,42606160,601
806000152,42686152,0,0,8,6,0,迷宫装备,,,龙神履,龙神履,human_robot_icon_atlas_0,42606004,42606160,601
806000153,42686153,0,0,8,6,0,迷宫装备,,,龙神履,龙神履,human_robot_icon_atlas_0,42606004,42606160,601
806000154,42686154,0,0,8,6,0,迷宫装备,,,龙神履,龙神履,human_robot_icon_atlas_0,42606004,42606160,601
806000155,42686155,0,0,8,6,0,迷宫装备,,,龙神履,龙神履,human_robot_icon_atlas_0,42606004,42606160,601
806000156,42686156,0,0,8,6,0,迷宫装备,,,龙神履,龙神履,human_robot_icon_atlas_0,42606004,42606160,601
806000157,42686157,0,0,8,6,0,迷宫装备,,,龙神履,龙神履,human_robot_icon_atlas_0,42606004,42606160,601
806000158,42686158,0,0,8,6,0,迷宫装备,,,龙神履,龙神履,human_robot_icon_atlas_0,42606004,42606160,601
806000159,42686159,0,0,8,6,0,迷宫装备,,,龙神履,龙神履,human_robot_icon_atlas_0,42606004,42606160,601
806000160,42686160,0,0,8,6,0,迷宫装备,,,龙神履,龙神履,human_robot_icon_atlas_0,42606004,42606160,601
104000001,42614001,0,0,1,4,0,迷宫装备,,,长裤,长裤,human_robot_icon_atlas_0,42604001,42604010,605
104000002,42614002,0,0,1,4,0,迷宫装备,,,长裤,长裤,human_robot_icon_atlas_0,42604002,42604010,605
104000003,42614003,0,0,1,4,0,迷宫装备,,,长裤,长裤,human_robot_icon_atlas_0,42604003,42604010,605
104000004,42614004,0,0,1,4,0,迷宫装备,,,长裤,长裤,human_robot_icon_atlas_0,42604004,42604010,605
104000005,42614005,0,0,1,4,0,迷宫装备,,,长裤,长裤,human_robot_icon_atlas_0,42604004,42604010,605
104000006,42614006,0,0,1,4,0,迷宫装备,,,长裤,长裤,human_robot_icon_atlas_0,42604004,42604010,605
104000007,42614007,0,0,1,4,0,迷宫装备,,,长裤,长裤,human_robot_icon_atlas_0,42604004,42604010,605
104000008,42614008,0,0,1,4,0,迷宫装备,,,长裤,长裤,human_robot_icon_atlas_0,42604004,42604010,605
104000009,42614009,0,0,1,4,0,迷宫装备,,,长裤,长裤,human_robot_icon_atlas_0,42604004,42604010,605
104000010,42614010,0,0,1,4,0,迷宫装备,,,长裤,长裤,human_robot_icon_atlas_0,42604004,42604010,605
104000011,42614011,0,0,1,4,0,迷宫装备,,,铁战裙,铁战裙,human_robot_icon_atlas_0,42604004,42604020,605
104000012,42614012,0,0,1,4,0,迷宫装备,,,铁战裙,铁战裙,human_robot_icon_atlas_0,42604004,42604020,605
104000013,42614013,0,0,1,4,0,迷宫装备,,,铁战裙,铁战裙,human_robot_icon_atlas_0,42604004,42604020,605
104000014,42614014,0,0,1,4,0,迷宫装备,,,铁战裙,铁战裙,human_robot_icon_atlas_0,42604004,42604020,605
104000015,42614015,0,0,1,4,0,迷宫装备,,,铁战裙,铁战裙,human_robot_icon_atlas_0,42604004,42604020,605
104000016,42614016,0,0,1,4,0,迷宫装备,,,铁战裙,铁战裙,human_robot_icon_atlas_0,42604004,42604020,605
104000017,42614017,0,0,1,4,0,迷宫装备,,,铁战裙,铁战裙,human_robot_icon_atlas_0,42604004,42604020,605
104000018,42614018,0,0,1,4,0,迷宫装备,,,铁战裙,铁战裙,human_robot_icon_atlas_0,42604004,42604020,605
104000019,42614019,0,0,1,4,0,迷宫装备,,,铁战裙,铁战裙,human_robot_icon_atlas_0,42604004,42604020,605
104000020,42614020,0,0,1,4,0,迷宫装备,,,铁战裙,铁战裙,human_robot_icon_atlas_0,42604004,42604020,605
104000021,42614021,0,0,1,4,0,迷宫装备,,,青钢战裙,青钢战裙,human_robot_icon_atlas_0,42604004,42604030,605
104000022,42614022,0,0,1,4,0,迷宫装备,,,青钢战裙,青钢战裙,human_robot_icon_atlas_0,42604004,42604030,605
104000023,42614023,0,0,1,4,0,迷宫装备,,,青钢战裙,青钢战裙,human_robot_icon_atlas_0,42604004,42604030,605
104000024,42614024,0,0,1,4,0,迷宫装备,,,青钢战裙,青钢战裙,human_robot_icon_atlas_0,42604004,42604030,605
104000025,42614025,0,0,1,4,0,迷宫装备,,,青钢战裙,青钢战裙,human_robot_icon_atlas_0,42604004,42604030,605
104000026,42614026,0,0,1,4,0,迷宫装备,,,青钢战裙,青钢战裙,human_robot_icon_atlas_0,42604004,42604030,605
104000027,42614027,0,0,1,4,0,迷宫装备,,,青钢战裙,青钢战裙,human_robot_icon_atlas_0,42604004,42604030,605
104000028,42614028,0,0,1,4,0,迷宫装备,,,青钢战裙,青钢战裙,human_robot_icon_atlas_0,42604004,42604030,605
104000029,42614029,0,0,1,4,0,迷宫装备,,,青钢战裙,青钢战裙,human_robot_icon_atlas_0,42604004,42604030,605
104000030,42614030,0,0,1,4,0,迷宫装备,,,青钢战裙,青钢战裙,human_robot_icon_atlas_0,42604004,42604030,605
104000031,42614031,0,0,1,4,0,迷宫装备,,,流云战裙,流云战裙,human_robot_icon_atlas_0,42604004,42604040,605
104000032,42614032,0,0,1,4,0,迷宫装备,,,流云战裙,流云战裙,human_robot_icon_atlas_0,42604004,42604040,605
104000033,42614033,0,0,1,4,0,迷宫装备,,,流云战裙,流云战裙,human_robot_icon_atlas_0,42604004,42604040,605
104000034,42614034,0,0,1,4,0,迷宫装备,,,流云战裙,流云战裙,human_robot_icon_atlas_0,42604004,42604040,605
104000035,42614035,0,0,1,4,0,迷宫装备,,,流云战裙,流云战裙,human_robot_icon_atlas_0,42604004,42604040,605
104000036,42614036,0,0,1,4,0,迷宫装备,,,流云战裙,流云战裙,human_robot_icon_atlas_0,42604004,42604040,605
104000037,42614037,0,0,1,4,0,迷宫装备,,,流云战裙,流云战裙,human_robot_icon_atlas_0,42604004,42604040,605
104000038,42614038,0,0,1,4,0,迷宫装备,,,流云战裙,流云战裙,human_robot_icon_atlas_0,42604004,42604040,605
104000039,42614039,0,0,1,4,0,迷宫装备,,,流云战裙,流云战裙,human_robot_icon_atlas_0,42604004,42604040,605
104000040,42614040,0,0,1,4,0,迷宫装备,,,流云战裙,流云战裙,human_robot_icon_atlas_0,42604004,42604040,605
104000041,42614041,0,0,1,4,0,迷宫装备,,,飞虹战裙,飞虹战裙,human_robot_icon_atlas_0,42604004,42604050,605
104000042,42614042,0,0,1,4,0,迷宫装备,,,飞虹战裙,飞虹战裙,human_robot_icon_atlas_0,42604004,42604050,605
104000043,42614043,0,0,1,4,0,迷宫装备,,,飞虹战裙,飞虹战裙,human_robot_icon_atlas_0,42604004,42604050,605
104000044,42614044,0,0,1,4,0,迷宫装备,,,飞虹战裙,飞虹战裙,human_robot_icon_atlas_0,42604004,42604050,605
104000045,42614045,0,0,1,4,0,迷宫装备,,,飞虹战裙,飞虹战裙,human_robot_icon_atlas_0,42604004,42604050,605
104000046,42614046,0,0,1,4,0,迷宫装备,,,飞虹战裙,飞虹战裙,human_robot_icon_atlas_0,42604004,42604050,605
104000047,42614047,0,0,1,4,0,迷宫装备,,,飞虹战裙,飞虹战裙,human_robot_icon_atlas_0,42604004,42604050,605
104000048,42614048,0,0,1,4,0,迷宫装备,,,飞虹战裙,飞虹战裙,human_robot_icon_atlas_0,42604004,42604050,605
104000049,42614049,0,0,1,4,0,迷宫装备,,,飞虹战裙,飞虹战裙,human_robot_icon_atlas_0,42604004,42604050,605
104000050,42614050,0,0,1,4,0,迷宫装备,,,飞虹战裙,飞虹战裙,human_robot_icon_atlas_0,42604004,42604050,605
104000051,42614051,0,0,1,4,0,迷宫装备,,,紫金战裙,紫金战裙,human_robot_icon_atlas_0,42604004,42604060,605
104000052,42614052,0,0,1,4,0,迷宫装备,,,紫金战裙,紫金战裙,human_robot_icon_atlas_0,42604004,42604060,605
104000053,42614053,0,0,1,4,0,迷宫装备,,,紫金战裙,紫金战裙,human_robot_icon_atlas_0,42604004,42604060,605
104000054,42614054,0,0,1,4,0,迷宫装备,,,紫金战裙,紫金战裙,human_robot_icon_atlas_0,42604004,42604060,605
104000055,42614055,0,0,1,4,0,迷宫装备,,,紫金战裙,紫金战裙,human_robot_icon_atlas_0,42604004,42604060,605
104000056,42614056,0,0,1,4,0,迷宫装备,,,紫金战裙,紫金战裙,human_robot_icon_atlas_0,42604004,42604060,605
104000057,42614057,0,0,1,4,0,迷宫装备,,,紫金战裙,紫金战裙,human_robot_icon_atlas_0,42604004,42604060,605
104000058,42614058,0,0,1,4,0,迷宫装备,,,紫金战裙,紫金战裙,human_robot_icon_atlas_0,42604004,42604060,605
104000059,42614059,0,0,1,4,0,迷宫装备,,,紫金战裙,紫金战裙,human_robot_icon_atlas_0,42604004,42604060,605
104000060,42614060,0,0,1,4,0,迷宫装备,,,紫金战裙,紫金战裙,human_robot_icon_atlas_0,42604004,42604060,605
104000061,42614061,0,0,1,4,0,迷宫装备,,,巨神战裙,巨神战裙,human_robot_icon_atlas_0,42604004,42604070,605
104000062,42614062,0,0,1,4,0,迷宫装备,,,巨神战裙,巨神战裙,human_robot_icon_atlas_0,42604004,42604070,605
104000063,42614063,0,0,1,4,0,迷宫装备,,,巨神战裙,巨神战裙,human_robot_icon_atlas_0,42604004,42604070,605
104000064,42614064,0,0,1,4,0,迷宫装备,,,巨神战裙,巨神战裙,human_robot_icon_atlas_0,42604004,42604070,605
104000065,42614065,0,0,1,4,0,迷宫装备,,,巨神战裙,巨神战裙,human_robot_icon_atlas_0,42604004,42604070,605
104000066,42614066,0,0,1,4,0,迷宫装备,,,巨神战裙,巨神战裙,human_robot_icon_atlas_0,42604004,42604070,605
104000067,42614067,0,0,1,4,0,迷宫装备,,,巨神战裙,巨神战裙,human_robot_icon_atlas_0,42604004,42604070,605
104000068,42614068,0,0,1,4,0,迷宫装备,,,巨神战裙,巨神战裙,human_robot_icon_atlas_0,42604004,42604070,605
104000069,42614069,0,0,1,4,0,迷宫装备,,,巨神战裙,巨神战裙,human_robot_icon_atlas_0,42604004,42604070,605
104000070,42614070,0,0,1,4,0,迷宫装备,,,巨神战裙,巨神战裙,human_robot_icon_atlas_0,42604004,42604070,605
104000071,42614071,0,0,1,4,0,迷宫装备,,,天罡战裙,天罡战裙,human_robot_icon_atlas_0,42604004,42604080,605
104000072,42614072,0,0,1,4,0,迷宫装备,,,天罡战裙,天罡战裙,human_robot_icon_atlas_0,42604004,42604080,605
104000073,42614073,0,0,1,4,0,迷宫装备,,,天罡战裙,天罡战裙,human_robot_icon_atlas_0,42604004,42604080,605
104000074,42614074,0,0,1,4,0,迷宫装备,,,天罡战裙,天罡战裙,human_robot_icon_atlas_0,42604004,42604080,605
104000075,42614075,0,0,1,4,0,迷宫装备,,,天罡战裙,天罡战裙,human_robot_icon_atlas_0,42604004,42604080,605
104000076,42614076,0,0,1,4,0,迷宫装备,,,天罡战裙,天罡战裙,human_robot_icon_atlas_0,42604004,42604080,605
104000077,42614077,0,0,1,4,0,迷宫装备,,,天罡战裙,天罡战裙,human_robot_icon_atlas_0,42604004,42604080,605
104000078,42614078,0,0,1,4,0,迷宫装备,,,天罡战裙,天罡战裙,human_robot_icon_atlas_0,42604004,42604080,605
104000079,42614079,0,0,1,4,0,迷宫装备,,,天罡战裙,天罡战裙,human_robot_icon_atlas_0,42604004,42604080,605
104000080,42614080,0,0,1,4,0,迷宫装备,,,天罡战裙,天罡战裙,human_robot_icon_atlas_0,42604004,42604080,605
104000081,42614081,0,0,1,4,0,迷宫装备,,,雷神战裙,雷神战裙,human_robot_icon_atlas_0,42604004,42604090,605
104000082,42614082,0,0,1,4,0,迷宫装备,,,雷神战裙,雷神战裙,human_robot_icon_atlas_0,42604004,42604090,605
104000083,42614083,0,0,1,4,0,迷宫装备,,,雷神战裙,雷神战裙,human_robot_icon_atlas_0,42604004,42604090,605
104000084,42614084,0,0,1,4,0,迷宫装备,,,雷神战裙,雷神战裙,human_robot_icon_atlas_0,42604004,42604090,605
104000085,42614085,0,0,1,4,0,迷宫装备,,,雷神战裙,雷神战裙,human_robot_icon_atlas_0,42604004,42604090,605
104000086,42614086,0,0,1,4,0,迷宫装备,,,雷神战裙,雷神战裙,human_robot_icon_atlas_0,42604004,42604090,605
104000087,42614087,0,0,1,4,0,迷宫装备,,,雷神战裙,雷神战裙,human_robot_icon_atlas_0,42604004,42604090,605
104000088,42614088,0,0,1,4,0,迷宫装备,,,雷神战裙,雷神战裙,human_robot_icon_atlas_0,42604004,42604090,605
104000089,42614089,0,0,1,4,0,迷宫装备,,,雷神战裙,雷神战裙,human_robot_icon_atlas_0,42604004,42604090,605
104000090,42614090,0,0,1,4,0,迷宫装备,,,雷神战裙,雷神战裙,human_robot_icon_atlas_0,42604004,42604090,605
104000091,42614091,0,0,1,4,0,迷宫装备,,,狮吼战裙,狮吼战裙,human_robot_icon_atlas_0,42604004,42604100,605
104000092,42614092,0,0,1,4,0,迷宫装备,,,狮吼战裙,狮吼战裙,human_robot_icon_atlas_0,42604004,42604100,605
104000093,42614093,0,0,1,4,0,迷宫装备,,,狮吼战裙,狮吼战裙,human_robot_icon_atlas_0,42604004,42604100,605
104000094,42614094,0,0,1,4,0,迷宫装备,,,狮吼战裙,狮吼战裙,human_robot_icon_atlas_0,42604004,42604100,605
104000095,42614095,0,0,1,4,0,迷宫装备,,,狮吼战裙,狮吼战裙,human_robot_icon_atlas_0,42604004,42604100,605
104000096,42614096,0,0,1,4,0,迷宫装备,,,狮吼战裙,狮吼战裙,human_robot_icon_atlas_0,42604004,42604100,605
104000097,42614097,0,0,1,4,0,迷宫装备,,,狮吼战裙,狮吼战裙,human_robot_icon_atlas_0,42604004,42604100,605
104000098,42614098,0,0,1,4,0,迷宫装备,,,狮吼战裙,狮吼战裙,human_robot_icon_atlas_0,42604004,42604100,605
104000099,42614099,0,0,1,4,0,迷宫装备,,,狮吼战裙,狮吼战裙,human_robot_icon_atlas_0,42604004,42604100,605
104000100,42614100,0,0,1,4,0,迷宫装备,,,狮吼战裙,狮吼战裙,human_robot_icon_atlas_0,42604004,42604100,605
104000101,42614101,0,0,1,4,0,迷宫装备,,,灵蛇战裙,灵蛇战裙,human_robot_icon_atlas_0,42604004,42604110,605
104000102,42614102,0,0,1,4,0,迷宫装备,,,灵蛇战裙,灵蛇战裙,human_robot_icon_atlas_0,42604004,42604110,605
104000103,42614103,0,0,1,4,0,迷宫装备,,,灵蛇战裙,灵蛇战裙,human_robot_icon_atlas_0,42604004,42604110,605
104000104,42614104,0,0,1,4,0,迷宫装备,,,灵蛇战裙,灵蛇战裙,human_robot_icon_atlas_0,42604004,42604110,605
104000105,42614105,0,0,1,4,0,迷宫装备,,,灵蛇战裙,灵蛇战裙,human_robot_icon_atlas_0,42604004,42604110,605
104000106,42614106,0,0,1,4,0,迷宫装备,,,灵蛇战裙,灵蛇战裙,human_robot_icon_atlas_0,42604004,42604110,605
104000107,42614107,0,0,1,4,0,迷宫装备,,,灵蛇战裙,灵蛇战裙,human_robot_icon_atlas_0,42604004,42604110,605
104000108,42614108,0,0,1,4,0,迷宫装备,,,灵蛇战裙,灵蛇战裙,human_robot_icon_atlas_0,42604004,42604110,605
104000109,42614109,0,0,1,4,0,迷宫装备,,,灵蛇战裙,灵蛇战裙,human_robot_icon_atlas_0,42604004,42604110,605
104000110,42614110,0,0,1,4,0,迷宫装备,,,灵蛇战裙,灵蛇战裙,human_robot_icon_atlas_0,42604004,42604110,605
104000111,42614111,0,0,1,4,0,迷宫装备,,,朱雀战裙,朱雀战裙,human_robot_icon_atlas_0,42604004,42604120,605
104000112,42614112,0,0,1,4,0,迷宫装备,,,朱雀战裙,朱雀战裙,human_robot_icon_atlas_0,42604004,42604120,605
104000113,42614113,0,0,1,4,0,迷宫装备,,,朱雀战裙,朱雀战裙,human_robot_icon_atlas_0,42604004,42604120,605
104000114,42614114,0,0,1,4,0,迷宫装备,,,朱雀战裙,朱雀战裙,human_robot_icon_atlas_0,42604004,42604120,605
104000115,42614115,0,0,1,4,0,迷宫装备,,,朱雀战裙,朱雀战裙,human_robot_icon_atlas_0,42604004,42604120,605
104000116,42614116,0,0,1,4,0,迷宫装备,,,朱雀战裙,朱雀战裙,human_robot_icon_atlas_0,42604004,42604120,605
104000117,42614117,0,0,1,4,0,迷宫装备,,,朱雀战裙,朱雀战裙,human_robot_icon_atlas_0,42604004,42604120,605
104000118,42614118,0,0,1,4,0,迷宫装备,,,朱雀战裙,朱雀战裙,human_robot_icon_atlas_0,42604004,42604120,605
104000119,42614119,0,0,1,4,0,迷宫装备,,,朱雀战裙,朱雀战裙,human_robot_icon_atlas_0,42604004,42604120,605
104000120,42614120,0,0,1,4,0,迷宫装备,,,朱雀战裙,朱雀战裙,human_robot_icon_atlas_0,42604004,42604120,605
104000121,42614121,0,0,1,4,0,迷宫装备,,,龙形战裙,龙形战裙,human_robot_icon_atlas_0,42604004,42604130,605
104000122,42614122,0,0,1,4,0,迷宫装备,,,龙形战裙,龙形战裙,human_robot_icon_atlas_0,42604004,42604130,605
104000123,42614123,0,0,1,4,0,迷宫装备,,,龙形战裙,龙形战裙,human_robot_icon_atlas_0,42604004,42604130,605
104000124,42614124,0,0,1,4,0,迷宫装备,,,龙形战裙,龙形战裙,human_robot_icon_atlas_0,42604004,42604130,605
104000125,42614125,0,0,1,4,0,迷宫装备,,,龙形战裙,龙形战裙,human_robot_icon_atlas_0,42604004,42604130,605
104000126,42614126,0,0,1,4,0,迷宫装备,,,龙形战裙,龙形战裙,human_robot_icon_atlas_0,42604004,42604130,605
104000127,42614127,0,0,1,4,0,迷宫装备,,,龙形战裙,龙形战裙,human_robot_icon_atlas_0,42604004,42604130,605
104000128,42614128,0,0,1,4,0,迷宫装备,,,龙形战裙,龙形战裙,human_robot_icon_atlas_0,42604004,42604130,605
104000129,42614129,0,0,1,4,0,迷宫装备,,,龙形战裙,龙形战裙,human_robot_icon_atlas_0,42604004,42604130,605
104000130,42614130,0,0,1,4,0,迷宫装备,,,龙形战裙,龙形战裙,human_robot_icon_atlas_0,42604004,42604130,605
104000131,42614131,0,0,1,4,0,迷宫装备,,,龙王战裙,龙王战裙,human_robot_icon_atlas_0,42604004,42604140,605
104000132,42614132,0,0,1,4,0,迷宫装备,,,龙王战裙,龙王战裙,human_robot_icon_atlas_0,42604004,42604140,605
104000133,42614133,0,0,1,4,0,迷宫装备,,,龙王战裙,龙王战裙,human_robot_icon_atlas_0,42604004,42604140,605
104000134,42614134,0,0,1,4,0,迷宫装备,,,龙王战裙,龙王战裙,human_robot_icon_atlas_0,42604004,42604140,605
104000135,42614135,0,0,1,4,0,迷宫装备,,,龙王战裙,龙王战裙,human_robot_icon_atlas_0,42604004,42604140,605
104000136,42614136,0,0,1,4,0,迷宫装备,,,龙王战裙,龙王战裙,human_robot_icon_atlas_0,42604004,42604140,605
104000137,42614137,0,0,1,4,0,迷宫装备,,,龙王战裙,龙王战裙,human_robot_icon_atlas_0,42604004,42604140,605
104000138,42614138,0,0,1,4,0,迷宫装备,,,龙王战裙,龙王战裙,human_robot_icon_atlas_0,42604004,42604140,605
104000139,42614139,0,0,1,4,0,迷宫装备,,,龙王战裙,龙王战裙,human_robot_icon_atlas_0,42604004,42604140,605
104000140,42614140,0,0,1,4,0,迷宫装备,,,龙王战裙,龙王战裙,human_robot_icon_atlas_0,42604004,42604140,605
104000141,42614141,0,0,1,4,0,迷宫装备,,,龙皇战裙,龙皇战裙,human_robot_icon_atlas_0,42604004,42604150,605
104000142,42614142,0,0,1,4,0,迷宫装备,,,龙皇战裙,龙皇战裙,human_robot_icon_atlas_0,42604004,42604150,605
104000143,42614143,0,0,1,4,0,迷宫装备,,,龙皇战裙,龙皇战裙,human_robot_icon_atlas_0,42604004,42604150,605
104000144,42614144,0,0,1,4,0,迷宫装备,,,龙皇战裙,龙皇战裙,human_robot_icon_atlas_0,42604004,42604150,605
104000145,42614145,0,0,1,4,0,迷宫装备,,,龙皇战裙,龙皇战裙,human_robot_icon_atlas_0,42604004,42604150,605
104000146,42614146,0,0,1,4,0,迷宫装备,,,龙皇战裙,龙皇战裙,human_robot_icon_atlas_0,42604004,42604150,605
104000147,42614147,0,0,1,4,0,迷宫装备,,,龙皇战裙,龙皇战裙,human_robot_icon_atlas_0,42604004,42604150,605
104000148,42614148,0,0,1,4,0,迷宫装备,,,龙皇战裙,龙皇战裙,human_robot_icon_atlas_0,42604004,42604150,605
104000149,42614149,0,0,1,4,0,迷宫装备,,,龙皇战裙,龙皇战裙,human_robot_icon_atlas_0,42604004,42604150,605
104000150,42614150,0,0,1,4,0,迷宫装备,,,龙皇战裙,龙皇战裙,human_robot_icon_atlas_0,42604004,42604150,605
104000151,42614151,0,0,1,4,0,迷宫装备,,,龙神战裙,龙神战裙,human_robot_icon_atlas_0,42604004,42604160,605
104000152,42614152,0,0,1,4,0,迷宫装备,,,龙神战裙,龙神战裙,human_robot_icon_atlas_0,42604004,42604160,605
104000153,42614153,0,0,1,4,0,迷宫装备,,,龙神战裙,龙神战裙,human_robot_icon_atlas_0,42604004,42604160,605
104000154,42614154,0,0,1,4,0,迷宫装备,,,龙神战裙,龙神战裙,human_robot_icon_atlas_0,42604004,42604160,605
104000155,42614155,0,0,1,4,0,迷宫装备,,,龙神战裙,龙神战裙,human_robot_icon_atlas_0,42604004,42604160,605
104000156,42614156,0,0,1,4,0,迷宫装备,,,龙神战裙,龙神战裙,human_robot_icon_atlas_0,42604004,42604160,605
104000157,42614157,0,0,1,4,0,迷宫装备,,,龙神战裙,龙神战裙,human_robot_icon_atlas_0,42604004,42604160,605
104000158,42614158,0,0,1,4,0,迷宫装备,,,龙神战裙,龙神战裙,human_robot_icon_atlas_0,42604004,42604160,605
104000159,42614159,0,0,1,4,0,迷宫装备,,,龙神战裙,龙神战裙,human_robot_icon_atlas_0,42604004,42604160,605
104000160,42614160,0,0,1,4,0,迷宫装备,,,龙神战裙,龙神战裙,human_robot_icon_atlas_0,42604004,42604160,605
304000001,42634001,0,0,3,4,0,迷宫装备,,,长裤,长裤,human_robot_icon_atlas_0,42604001,42604010,605
304000002,42634002,0,0,3,4,0,迷宫装备,,,长裤,长裤,human_robot_icon_atlas_0,42604002,42604010,605
304000003,42634003,0,0,3,4,0,迷宫装备,,,长裤,长裤,human_robot_icon_atlas_0,42604003,42604010,605
304000004,42634004,0,0,3,4,0,迷宫装备,,,长裤,长裤,human_robot_icon_atlas_0,42604004,42604010,605
304000005,42634005,0,0,3,4,0,迷宫装备,,,长裤,长裤,human_robot_icon_atlas_0,42604004,42604010,605
304000006,42634006,0,0,3,4,0,迷宫装备,,,长裤,长裤,human_robot_icon_atlas_0,42604004,42604010,605
304000007,42634007,0,0,3,4,0,迷宫装备,,,长裤,长裤,human_robot_icon_atlas_0,42604004,42604010,605
304000008,42634008,0,0,3,4,0,迷宫装备,,,长裤,长裤,human_robot_icon_atlas_0,42604004,42604010,605
304000009,42634009,0,0,3,4,0,迷宫装备,,,长裤,长裤,human_robot_icon_atlas_0,42604004,42604010,605
304000010,42634010,0,0,3,4,0,迷宫装备,,,长裤,长裤,human_robot_icon_atlas_0,42604004,42604010,605
304000011,42634011,0,0,3,4,0,迷宫装备,,,铁战裙,铁战裙,human_robot_icon_atlas_0,42604004,42604020,605
304000012,42634012,0,0,3,4,0,迷宫装备,,,铁战裙,铁战裙,human_robot_icon_atlas_0,42604004,42604020,605
304000013,42634013,0,0,3,4,0,迷宫装备,,,铁战裙,铁战裙,human_robot_icon_atlas_0,42604004,42604020,605
304000014,42634014,0,0,3,4,0,迷宫装备,,,铁战裙,铁战裙,human_robot_icon_atlas_0,42604004,42604020,605
304000015,42634015,0,0,3,4,0,迷宫装备,,,铁战裙,铁战裙,human_robot_icon_atlas_0,42604004,42604020,605
304000016,42634016,0,0,3,4,0,迷宫装备,,,铁战裙,铁战裙,human_robot_icon_atlas_0,42604004,42604020,605
304000017,42634017,0,0,3,4,0,迷宫装备,,,铁战裙,铁战裙,human_robot_icon_atlas_0,42604004,42604020,605
304000018,42634018,0,0,3,4,0,迷宫装备,,,铁战裙,铁战裙,human_robot_icon_atlas_0,42604004,42604020,605
304000019,42634019,0,0,3,4,0,迷宫装备,,,铁战裙,铁战裙,human_robot_icon_atlas_0,42604004,42604020,605
304000020,42634020,0,0,3,4,0,迷宫装备,,,铁战裙,铁战裙,human_robot_icon_atlas_0,42604004,42604020,605
304000021,42634021,0,0,3,4,0,迷宫装备,,,青钢战裙,青钢战裙,human_robot_icon_atlas_0,42604004,42604030,605
304000022,42634022,0,0,3,4,0,迷宫装备,,,青钢战裙,青钢战裙,human_robot_icon_atlas_0,42604004,42604030,605
304000023,42634023,0,0,3,4,0,迷宫装备,,,青钢战裙,青钢战裙,human_robot_icon_atlas_0,42604004,42604030,605
304000024,42634024,0,0,3,4,0,迷宫装备,,,青钢战裙,青钢战裙,human_robot_icon_atlas_0,42604004,42604030,605
304000025,42634025,0,0,3,4,0,迷宫装备,,,青钢战裙,青钢战裙,human_robot_icon_atlas_0,42604004,42604030,605
304000026,42634026,0,0,3,4,0,迷宫装备,,,青钢战裙,青钢战裙,human_robot_icon_atlas_0,42604004,42604030,605
304000027,42634027,0,0,3,4,0,迷宫装备,,,青钢战裙,青钢战裙,human_robot_icon_atlas_0,42604004,42604030,605
304000028,42634028,0,0,3,4,0,迷宫装备,,,青钢战裙,青钢战裙,human_robot_icon_atlas_0,42604004,42604030,605
304000029,42634029,0,0,3,4,0,迷宫装备,,,青钢战裙,青钢战裙,human_robot_icon_atlas_0,42604004,42604030,605
304000030,42634030,0,0,3,4,0,迷宫装备,,,青钢战裙,青钢战裙,human_robot_icon_atlas_0,42604004,42604030,605
304000031,42634031,0,0,3,4,0,迷宫装备,,,流云战裙,流云战裙,human_robot_icon_atlas_0,42604004,42604040,605
304000032,42634032,0,0,3,4,0,迷宫装备,,,流云战裙,流云战裙,human_robot_icon_atlas_0,42604004,42604040,605
304000033,42634033,0,0,3,4,0,迷宫装备,,,流云战裙,流云战裙,human_robot_icon_atlas_0,42604004,42604040,605
304000034,42634034,0,0,3,4,0,迷宫装备,,,流云战裙,流云战裙,human_robot_icon_atlas_0,42604004,42604040,605
304000035,42634035,0,0,3,4,0,迷宫装备,,,流云战裙,流云战裙,human_robot_icon_atlas_0,42604004,42604040,605
304000036,42634036,0,0,3,4,0,迷宫装备,,,流云战裙,流云战裙,human_robot_icon_atlas_0,42604004,42604040,605
304000037,42634037,0,0,3,4,0,迷宫装备,,,流云战裙,流云战裙,human_robot_icon_atlas_0,42604004,42604040,605
304000038,42634038,0,0,3,4,0,迷宫装备,,,流云战裙,流云战裙,human_robot_icon_atlas_0,42604004,42604040,605
304000039,42634039,0,0,3,4,0,迷宫装备,,,流云战裙,流云战裙,human_robot_icon_atlas_0,42604004,42604040,605
304000040,42634040,0,0,3,4,0,迷宫装备,,,流云战裙,流云战裙,human_robot_icon_atlas_0,42604004,42604040,605
304000041,42634041,0,0,3,4,0,迷宫装备,,,飞虹战裙,飞虹战裙,human_robot_icon_atlas_0,42604004,42604050,605
304000042,42634042,0,0,3,4,0,迷宫装备,,,飞虹战裙,飞虹战裙,human_robot_icon_atlas_0,42604004,42604050,605
304000043,42634043,0,0,3,4,0,迷宫装备,,,飞虹战裙,飞虹战裙,human_robot_icon_atlas_0,42604004,42604050,605
304000044,42634044,0,0,3,4,0,迷宫装备,,,飞虹战裙,飞虹战裙,human_robot_icon_atlas_0,42604004,42604050,605
304000045,42634045,0,0,3,4,0,迷宫装备,,,飞虹战裙,飞虹战裙,human_robot_icon_atlas_0,42604004,42604050,605
304000046,42634046,0,0,3,4,0,迷宫装备,,,飞虹战裙,飞虹战裙,human_robot_icon_atlas_0,42604004,42604050,605
304000047,42634047,0,0,3,4,0,迷宫装备,,,飞虹战裙,飞虹战裙,human_robot_icon_atlas_0,42604004,42604050,605
304000048,42634048,0,0,3,4,0,迷宫装备,,,飞虹战裙,飞虹战裙,human_robot_icon_atlas_0,42604004,42604050,605
304000049,42634049,0,0,3,4,0,迷宫装备,,,飞虹战裙,飞虹战裙,human_robot_icon_atlas_0,42604004,42604050,605
304000050,42634050,0,0,3,4,0,迷宫装备,,,飞虹战裙,飞虹战裙,human_robot_icon_atlas_0,42604004,42604050,605
304000051,42634051,0,0,3,4,0,迷宫装备,,,紫金战裙,紫金战裙,human_robot_icon_atlas_0,42604004,42604060,605
304000052,42634052,0,0,3,4,0,迷宫装备,,,紫金战裙,紫金战裙,human_robot_icon_atlas_0,42604004,42604060,605
304000053,42634053,0,0,3,4,0,迷宫装备,,,紫金战裙,紫金战裙,human_robot_icon_atlas_0,42604004,42604060,605
304000054,42634054,0,0,3,4,0,迷宫装备,,,紫金战裙,紫金战裙,human_robot_icon_atlas_0,42604004,42604060,605
304000055,42634055,0,0,3,4,0,迷宫装备,,,紫金战裙,紫金战裙,human_robot_icon_atlas_0,42604004,42604060,605
304000056,42634056,0,0,3,4,0,迷宫装备,,,紫金战裙,紫金战裙,human_robot_icon_atlas_0,42604004,42604060,605
304000057,42634057,0,0,3,4,0,迷宫装备,,,紫金战裙,紫金战裙,human_robot_icon_atlas_0,42604004,42604060,605
304000058,42634058,0,0,3,4,0,迷宫装备,,,紫金战裙,紫金战裙,human_robot_icon_atlas_0,42604004,42604060,605
304000059,42634059,0,0,3,4,0,迷宫装备,,,紫金战裙,紫金战裙,human_robot_icon_atlas_0,42604004,42604060,605
304000060,42634060,0,0,3,4,0,迷宫装备,,,紫金战裙,紫金战裙,human_robot_icon_atlas_0,42604004,42604060,605
304000061,42634061,0,0,3,4,0,迷宫装备,,,巨神战裙,巨神战裙,human_robot_icon_atlas_0,42604004,42604070,605
304000062,42634062,0,0,3,4,0,迷宫装备,,,巨神战裙,巨神战裙,human_robot_icon_atlas_0,42604004,42604070,605
304000063,42634063,0,0,3,4,0,迷宫装备,,,巨神战裙,巨神战裙,human_robot_icon_atlas_0,42604004,42604070,605
304000064,42634064,0,0,3,4,0,迷宫装备,,,巨神战裙,巨神战裙,human_robot_icon_atlas_0,42604004,42604070,605
304000065,42634065,0,0,3,4,0,迷宫装备,,,巨神战裙,巨神战裙,human_robot_icon_atlas_0,42604004,42604070,605
304000066,42634066,0,0,3,4,0,迷宫装备,,,巨神战裙,巨神战裙,human_robot_icon_atlas_0,42604004,42604070,605
304000067,42634067,0,0,3,4,0,迷宫装备,,,巨神战裙,巨神战裙,human_robot_icon_atlas_0,42604004,42604070,605
304000068,42634068,0,0,3,4,0,迷宫装备,,,巨神战裙,巨神战裙,human_robot_icon_atlas_0,42604004,42604070,605
304000069,42634069,0,0,3,4,0,迷宫装备,,,巨神战裙,巨神战裙,human_robot_icon_atlas_0,42604004,42604070,605
304000070,42634070,0,0,3,4,0,迷宫装备,,,巨神战裙,巨神战裙,human_robot_icon_atlas_0,42604004,42604070,605
304000071,42634071,0,0,3,4,0,迷宫装备,,,天罡战裙,天罡战裙,human_robot_icon_atlas_0,42604004,42604080,605
304000072,42634072,0,0,3,4,0,迷宫装备,,,天罡战裙,天罡战裙,human_robot_icon_atlas_0,42604004,42604080,605
304000073,42634073,0,0,3,4,0,迷宫装备,,,天罡战裙,天罡战裙,human_robot_icon_atlas_0,42604004,42604080,605
304000074,42634074,0,0,3,4,0,迷宫装备,,,天罡战裙,天罡战裙,human_robot_icon_atlas_0,42604004,42604080,605
304000075,42634075,0,0,3,4,0,迷宫装备,,,天罡战裙,天罡战裙,human_robot_icon_atlas_0,42604004,42604080,605
304000076,42634076,0,0,3,4,0,迷宫装备,,,天罡战裙,天罡战裙,human_robot_icon_atlas_0,42604004,42604080,605
304000077,42634077,0,0,3,4,0,迷宫装备,,,天罡战裙,天罡战裙,human_robot_icon_atlas_0,42604004,42604080,605
304000078,42634078,0,0,3,4,0,迷宫装备,,,天罡战裙,天罡战裙,human_robot_icon_atlas_0,42604004,42604080,605
304000079,42634079,0,0,3,4,0,迷宫装备,,,天罡战裙,天罡战裙,human_robot_icon_atlas_0,42604004,42604080,605
304000080,42634080,0,0,3,4,0,迷宫装备,,,天罡战裙,天罡战裙,human_robot_icon_atlas_0,42604004,42604080,605
304000081,42634081,0,0,3,4,0,迷宫装备,,,雷神战裙,雷神战裙,human_robot_icon_atlas_0,42604004,42604090,605
304000082,42634082,0,0,3,4,0,迷宫装备,,,雷神战裙,雷神战裙,human_robot_icon_atlas_0,42604004,42604090,605
304000083,42634083,0,0,3,4,0,迷宫装备,,,雷神战裙,雷神战裙,human_robot_icon_atlas_0,42604004,42604090,605
304000084,42634084,0,0,3,4,0,迷宫装备,,,雷神战裙,雷神战裙,human_robot_icon_atlas_0,42604004,42604090,605
304000085,42634085,0,0,3,4,0,迷宫装备,,,雷神战裙,雷神战裙,human_robot_icon_atlas_0,42604004,42604090,605
304000086,42634086,0,0,3,4,0,迷宫装备,,,雷神战裙,雷神战裙,human_robot_icon_atlas_0,42604004,42604090,605
304000087,42634087,0,0,3,4,0,迷宫装备,,,雷神战裙,雷神战裙,human_robot_icon_atlas_0,42604004,42604090,605
304000088,42634088,0,0,3,4,0,迷宫装备,,,雷神战裙,雷神战裙,human_robot_icon_atlas_0,42604004,42604090,605
304000089,42634089,0,0,3,4,0,迷宫装备,,,雷神战裙,雷神战裙,human_robot_icon_atlas_0,42604004,42604090,605
304000090,42634090,0,0,3,4,0,迷宫装备,,,雷神战裙,雷神战裙,human_robot_icon_atlas_0,42604004,42604090,605
304000091,42634091,0,0,3,4,0,迷宫装备,,,狮吼战裙,狮吼战裙,human_robot_icon_atlas_0,42604004,42604100,605
304000092,42634092,0,0,3,4,0,迷宫装备,,,狮吼战裙,狮吼战裙,human_robot_icon_atlas_0,42604004,42604100,605
304000093,42634093,0,0,3,4,0,迷宫装备,,,狮吼战裙,狮吼战裙,human_robot_icon_atlas_0,42604004,42604100,605
304000094,42634094,0,0,3,4,0,迷宫装备,,,狮吼战裙,狮吼战裙,human_robot_icon_atlas_0,42604004,42604100,605
304000095,42634095,0,0,3,4,0,迷宫装备,,,狮吼战裙,狮吼战裙,human_robot_icon_atlas_0,42604004,42604100,605
304000096,42634096,0,0,3,4,0,迷宫装备,,,狮吼战裙,狮吼战裙,human_robot_icon_atlas_0,42604004,42604100,605
304000097,42634097,0,0,3,4,0,迷宫装备,,,狮吼战裙,狮吼战裙,human_robot_icon_atlas_0,42604004,42604100,605
304000098,42634098,0,0,3,4,0,迷宫装备,,,狮吼战裙,狮吼战裙,human_robot_icon_atlas_0,42604004,42604100,605
304000099,42634099,0,0,3,4,0,迷宫装备,,,狮吼战裙,狮吼战裙,human_robot_icon_atlas_0,42604004,42604100,605
304000100,42634100,0,0,3,4,0,迷宫装备,,,狮吼战裙,狮吼战裙,human_robot_icon_atlas_0,42604004,42604100,605
304000101,42634101,0,0,3,4,0,迷宫装备,,,灵蛇战裙,灵蛇战裙,human_robot_icon_atlas_0,42604004,42604110,605
304000102,42634102,0,0,3,4,0,迷宫装备,,,灵蛇战裙,灵蛇战裙,human_robot_icon_atlas_0,42604004,42604110,605
304000103,42634103,0,0,3,4,0,迷宫装备,,,灵蛇战裙,灵蛇战裙,human_robot_icon_atlas_0,42604004,42604110,605
304000104,42634104,0,0,3,4,0,迷宫装备,,,灵蛇战裙,灵蛇战裙,human_robot_icon_atlas_0,42604004,42604110,605
304000105,42634105,0,0,3,4,0,迷宫装备,,,灵蛇战裙,灵蛇战裙,human_robot_icon_atlas_0,42604004,42604110,605
304000106,42634106,0,0,3,4,0,迷宫装备,,,灵蛇战裙,灵蛇战裙,human_robot_icon_atlas_0,42604004,42604110,605
304000107,42634107,0,0,3,4,0,迷宫装备,,,灵蛇战裙,灵蛇战裙,human_robot_icon_atlas_0,42604004,42604110,605
304000108,42634108,0,0,3,4,0,迷宫装备,,,灵蛇战裙,灵蛇战裙,human_robot_icon_atlas_0,42604004,42604110,605
304000109,42634109,0,0,3,4,0,迷宫装备,,,灵蛇战裙,灵蛇战裙,human_robot_icon_atlas_0,42604004,42604110,605
304000110,42634110,0,0,3,4,0,迷宫装备,,,灵蛇战裙,灵蛇战裙,human_robot_icon_atlas_0,42604004,42604110,605
304000111,42634111,0,0,3,4,0,迷宫装备,,,朱雀战裙,朱雀战裙,human_robot_icon_atlas_0,42604004,42604120,605
304000112,42634112,0,0,3,4,0,迷宫装备,,,朱雀战裙,朱雀战裙,human_robot_icon_atlas_0,42604004,42604120,605
304000113,42634113,0,0,3,4,0,迷宫装备,,,朱雀战裙,朱雀战裙,human_robot_icon_atlas_0,42604004,42604120,605
304000114,42634114,0,0,3,4,0,迷宫装备,,,朱雀战裙,朱雀战裙,human_robot_icon_atlas_0,42604004,42604120,605
304000115,42634115,0,0,3,4,0,迷宫装备,,,朱雀战裙,朱雀战裙,human_robot_icon_atlas_0,42604004,42604120,605
304000116,42634116,0,0,3,4,0,迷宫装备,,,朱雀战裙,朱雀战裙,human_robot_icon_atlas_0,42604004,42604120,605
304000117,42634117,0,0,3,4,0,迷宫装备,,,朱雀战裙,朱雀战裙,human_robot_icon_atlas_0,42604004,42604120,605
304000118,42634118,0,0,3,4,0,迷宫装备,,,朱雀战裙,朱雀战裙,human_robot_icon_atlas_0,42604004,42604120,605
304000119,42634119,0,0,3,4,0,迷宫装备,,,朱雀战裙,朱雀战裙,human_robot_icon_atlas_0,42604004,42604120,605
304000120,42634120,0,0,3,4,0,迷宫装备,,,朱雀战裙,朱雀战裙,human_robot_icon_atlas_0,42604004,42604120,605
304000121,42634121,0,0,3,4,0,迷宫装备,,,龙形战裙,龙形战裙,human_robot_icon_atlas_0,42604004,42604130,605
304000122,42634122,0,0,3,4,0,迷宫装备,,,龙形战裙,龙形战裙,human_robot_icon_atlas_0,42604004,42604130,605
304000123,42634123,0,0,3,4,0,迷宫装备,,,龙形战裙,龙形战裙,human_robot_icon_atlas_0,42604004,42604130,605
304000124,42634124,0,0,3,4,0,迷宫装备,,,龙形战裙,龙形战裙,human_robot_icon_atlas_0,42604004,42604130,605
304000125,42634125,0,0,3,4,0,迷宫装备,,,龙形战裙,龙形战裙,human_robot_icon_atlas_0,42604004,42604130,605
304000126,42634126,0,0,3,4,0,迷宫装备,,,龙形战裙,龙形战裙,human_robot_icon_atlas_0,42604004,42604130,605
304000127,42634127,0,0,3,4,0,迷宫装备,,,龙形战裙,龙形战裙,human_robot_icon_atlas_0,42604004,42604130,605
304000128,42634128,0,0,3,4,0,迷宫装备,,,龙形战裙,龙形战裙,human_robot_icon_atlas_0,42604004,42604130,605
304000129,42634129,0,0,3,4,0,迷宫装备,,,龙形战裙,龙形战裙,human_robot_icon_atlas_0,42604004,42604130,605
304000130,42634130,0,0,3,4,0,迷宫装备,,,龙形战裙,龙形战裙,human_robot_icon_atlas_0,42604004,42604130,605
304000131,42634131,0,0,3,4,0,迷宫装备,,,龙王战裙,龙王战裙,human_robot_icon_atlas_0,42604004,42604140,605
304000132,42634132,0,0,3,4,0,迷宫装备,,,龙王战裙,龙王战裙,human_robot_icon_atlas_0,42604004,42604140,605
304000133,42634133,0,0,3,4,0,迷宫装备,,,龙王战裙,龙王战裙,human_robot_icon_atlas_0,42604004,42604140,605
304000134,42634134,0,0,3,4,0,迷宫装备,,,龙王战裙,龙王战裙,human_robot_icon_atlas_0,42604004,42604140,605
304000135,42634135,0,0,3,4,0,迷宫装备,,,龙王战裙,龙王战裙,human_robot_icon_atlas_0,42604004,42604140,605
304000136,42634136,0,0,3,4,0,迷宫装备,,,龙王战裙,龙王战裙,human_robot_icon_atlas_0,42604004,42604140,605
304000137,42634137,0,0,3,4,0,迷宫装备,,,龙王战裙,龙王战裙,human_robot_icon_atlas_0,42604004,42604140,605
304000138,42634138,0,0,3,4,0,迷宫装备,,,龙王战裙,龙王战裙,human_robot_icon_atlas_0,42604004,42604140,605
304000139,42634139,0,0,3,4,0,迷宫装备,,,龙王战裙,龙王战裙,human_robot_icon_atlas_0,42604004,42604140,605
304000140,42634140,0,0,3,4,0,迷宫装备,,,龙王战裙,龙王战裙,human_robot_icon_atlas_0,42604004,42604140,605
304000141,42634141,0,0,3,4,0,迷宫装备,,,龙皇战裙,龙皇战裙,human_robot_icon_atlas_0,42604004,42604150,605
304000142,42634142,0,0,3,4,0,迷宫装备,,,龙皇战裙,龙皇战裙,human_robot_icon_atlas_0,42604004,42604150,605
304000143,42634143,0,0,3,4,0,迷宫装备,,,龙皇战裙,龙皇战裙,human_robot_icon_atlas_0,42604004,42604150,605
304000144,42634144,0,0,3,4,0,迷宫装备,,,龙皇战裙,龙皇战裙,human_robot_icon_atlas_0,42604004,42604150,605
304000145,42634145,0,0,3,4,0,迷宫装备,,,龙皇战裙,龙皇战裙,human_robot_icon_atlas_0,42604004,42604150,605
304000146,42634146,0,0,3,4,0,迷宫装备,,,龙皇战裙,龙皇战裙,human_robot_icon_atlas_0,42604004,42604150,605
304000147,42634147,0,0,3,4,0,迷宫装备,,,龙皇战裙,龙皇战裙,human_robot_icon_atlas_0,42604004,42604150,605
304000148,42634148,0,0,3,4,0,迷宫装备,,,龙皇战裙,龙皇战裙,human_robot_icon_atlas_0,42604004,42604150,605
304000149,42634149,0,0,3,4,0,迷宫装备,,,龙皇战裙,龙皇战裙,human_robot_icon_atlas_0,42604004,42604150,605
304000150,42634150,0,0,3,4,0,迷宫装备,,,龙皇战裙,龙皇战裙,human_robot_icon_atlas_0,42604004,42604150,605
304000151,42634151,0,0,3,4,0,迷宫装备,,,龙神战裙,龙神战裙,human_robot_icon_atlas_0,42604004,42604160,605
304000152,42634152,0,0,3,4,0,迷宫装备,,,龙神战裙,龙神战裙,human_robot_icon_atlas_0,42604004,42604160,605
304000153,42634153,0,0,3,4,0,迷宫装备,,,龙神战裙,龙神战裙,human_robot_icon_atlas_0,42604004,42604160,605
304000154,42634154,0,0,3,4,0,迷宫装备,,,龙神战裙,龙神战裙,human_robot_icon_atlas_0,42604004,42604160,605
304000155,42634155,0,0,3,4,0,迷宫装备,,,龙神战裙,龙神战裙,human_robot_icon_atlas_0,42604004,42604160,605
304000156,42634156,0,0,3,4,0,迷宫装备,,,龙神战裙,龙神战裙,human_robot_icon_atlas_0,42604004,42604160,605
304000157,42634157,0,0,3,4,0,迷宫装备,,,龙神战裙,龙神战裙,human_robot_icon_atlas_0,42604004,42604160,605
304000158,42634158,0,0,3,4,0,迷宫装备,,,龙神战裙,龙神战裙,human_robot_icon_atlas_0,42604004,42604160,605
304000159,42634159,0,0,3,4,0,迷宫装备,,,龙神战裙,龙神战裙,human_robot_icon_atlas_0,42604004,42604160,605
304000160,42634160,0,0,3,4,0,迷宫装备,,,龙神战裙,龙神战裙,human_robot_icon_atlas_0,42604004,42604160,605
504000001,42654001,0,0,5,4,0,迷宫装备,,,长裤,长裤,human_robot_icon_atlas_0,42604001,42604010,605
504000002,42654002,0,0,5,4,0,迷宫装备,,,长裤,长裤,human_robot_icon_atlas_0,42604002,42604010,605
504000003,42654003,0,0,5,4,0,迷宫装备,,,长裤,长裤,human_robot_icon_atlas_0,42604003,42604010,605
504000004,42654004,0,0,5,4,0,迷宫装备,,,长裤,长裤,human_robot_icon_atlas_0,42604004,42604010,605
504000005,42654005,0,0,5,4,0,迷宫装备,,,长裤,长裤,human_robot_icon_atlas_0,42604004,42604010,605
504000006,42654006,0,0,5,4,0,迷宫装备,,,长裤,长裤,human_robot_icon_atlas_0,42604004,42604010,605
504000007,42654007,0,0,5,4,0,迷宫装备,,,长裤,长裤,human_robot_icon_atlas_0,42604004,42604010,605
504000008,42654008,0,0,5,4,0,迷宫装备,,,长裤,长裤,human_robot_icon_atlas_0,42604004,42604010,605
504000009,42654009,0,0,5,4,0,迷宫装备,,,长裤,长裤,human_robot_icon_atlas_0,42604004,42604010,605
504000010,42654010,0,0,5,4,0,迷宫装备,,,长裤,长裤,human_robot_icon_atlas_0,42604004,42604010,605
504000011,42654011,0,0,5,4,0,迷宫装备,,,铁战裙,铁战裙,human_robot_icon_atlas_0,42604004,42604020,605
504000012,42654012,0,0,5,4,0,迷宫装备,,,铁战裙,铁战裙,human_robot_icon_atlas_0,42604004,42604020,605
504000013,42654013,0,0,5,4,0,迷宫装备,,,铁战裙,铁战裙,human_robot_icon_atlas_0,42604004,42604020,605
504000014,42654014,0,0,5,4,0,迷宫装备,,,铁战裙,铁战裙,human_robot_icon_atlas_0,42604004,42604020,605
504000015,42654015,0,0,5,4,0,迷宫装备,,,铁战裙,铁战裙,human_robot_icon_atlas_0,42604004,42604020,605
504000016,42654016,0,0,5,4,0,迷宫装备,,,铁战裙,铁战裙,human_robot_icon_atlas_0,42604004,42604020,605
504000017,42654017,0,0,5,4,0,迷宫装备,,,铁战裙,铁战裙,human_robot_icon_atlas_0,42604004,42604020,605
504000018,42654018,0,0,5,4,0,迷宫装备,,,铁战裙,铁战裙,human_robot_icon_atlas_0,42604004,42604020,605
504000019,42654019,0,0,5,4,0,迷宫装备,,,铁战裙,铁战裙,human_robot_icon_atlas_0,42604004,42604020,605
504000020,42654020,0,0,5,4,0,迷宫装备,,,铁战裙,铁战裙,human_robot_icon_atlas_0,42604004,42604020,605
504000021,42654021,0,0,5,4,0,迷宫装备,,,青钢战裙,青钢战裙,human_robot_icon_atlas_0,42604004,42604030,605
504000022,42654022,0,0,5,4,0,迷宫装备,,,青钢战裙,青钢战裙,human_robot_icon_atlas_0,42604004,42604030,605
504000023,42654023,0,0,5,4,0,迷宫装备,,,青钢战裙,青钢战裙,human_robot_icon_atlas_0,42604004,42604030,605
504000024,42654024,0,0,5,4,0,迷宫装备,,,青钢战裙,青钢战裙,human_robot_icon_atlas_0,42604004,42604030,605
504000025,42654025,0,0,5,4,0,迷宫装备,,,青钢战裙,青钢战裙,human_robot_icon_atlas_0,42604004,42604030,605
504000026,42654026,0,0,5,4,0,迷宫装备,,,青钢战裙,青钢战裙,human_robot_icon_atlas_0,42604004,42604030,605
504000027,42654027,0,0,5,4,0,迷宫装备,,,青钢战裙,青钢战裙,human_robot_icon_atlas_0,42604004,42604030,605
504000028,42654028,0,0,5,4,0,迷宫装备,,,青钢战裙,青钢战裙,human_robot_icon_atlas_0,42604004,42604030,605
504000029,42654029,0,0,5,4,0,迷宫装备,,,青钢战裙,青钢战裙,human_robot_icon_atlas_0,42604004,42604030,605
504000030,42654030,0,0,5,4,0,迷宫装备,,,青钢战裙,青钢战裙,human_robot_icon_atlas_0,42604004,42604030,605
504000031,42654031,0,0,5,4,0,迷宫装备,,,流云战裙,流云战裙,human_robot_icon_atlas_0,42604004,42604040,605
504000032,42654032,0,0,5,4,0,迷宫装备,,,流云战裙,流云战裙,human_robot_icon_atlas_0,42604004,42604040,605
504000033,42654033,0,0,5,4,0,迷宫装备,,,流云战裙,流云战裙,human_robot_icon_atlas_0,42604004,42604040,605
504000034,42654034,0,0,5,4,0,迷宫装备,,,流云战裙,流云战裙,human_robot_icon_atlas_0,42604004,42604040,605
504000035,42654035,0,0,5,4,0,迷宫装备,,,流云战裙,流云战裙,human_robot_icon_atlas_0,42604004,42604040,605
504000036,42654036,0,0,5,4,0,迷宫装备,,,流云战裙,流云战裙,human_robot_icon_atlas_0,42604004,42604040,605
504000037,42654037,0,0,5,4,0,迷宫装备,,,流云战裙,流云战裙,human_robot_icon_atlas_0,42604004,42604040,605
504000038,42654038,0,0,5,4,0,迷宫装备,,,流云战裙,流云战裙,human_robot_icon_atlas_0,42604004,42604040,605
504000039,42654039,0,0,5,4,0,迷宫装备,,,流云战裙,流云战裙,human_robot_icon_atlas_0,42604004,42604040,605
504000040,42654040,0,0,5,4,0,迷宫装备,,,流云战裙,流云战裙,human_robot_icon_atlas_0,42604004,42604040,605
504000041,42654041,0,0,5,4,0,迷宫装备,,,飞虹战裙,飞虹战裙,human_robot_icon_atlas_0,42604004,42604050,605
504000042,42654042,0,0,5,4,0,迷宫装备,,,飞虹战裙,飞虹战裙,human_robot_icon_atlas_0,42604004,42604050,605
504000043,42654043,0,0,5,4,0,迷宫装备,,,飞虹战裙,飞虹战裙,human_robot_icon_atlas_0,42604004,42604050,605
504000044,42654044,0,0,5,4,0,迷宫装备,,,飞虹战裙,飞虹战裙,human_robot_icon_atlas_0,42604004,42604050,605
504000045,42654045,0,0,5,4,0,迷宫装备,,,飞虹战裙,飞虹战裙,human_robot_icon_atlas_0,42604004,42604050,605
504000046,42654046,0,0,5,4,0,迷宫装备,,,飞虹战裙,飞虹战裙,human_robot_icon_atlas_0,42604004,42604050,605
504000047,42654047,0,0,5,4,0,迷宫装备,,,飞虹战裙,飞虹战裙,human_robot_icon_atlas_0,42604004,42604050,605
504000048,42654048,0,0,5,4,0,迷宫装备,,,飞虹战裙,飞虹战裙,human_robot_icon_atlas_0,42604004,42604050,605
504000049,42654049,0,0,5,4,0,迷宫装备,,,飞虹战裙,飞虹战裙,human_robot_icon_atlas_0,42604004,42604050,605
504000050,42654050,0,0,5,4,0,迷宫装备,,,飞虹战裙,飞虹战裙,human_robot_icon_atlas_0,42604004,42604050,605
504000051,42654051,0,0,5,4,0,迷宫装备,,,紫金战裙,紫金战裙,human_robot_icon_atlas_0,42604004,42604060,605
504000052,42654052,0,0,5,4,0,迷宫装备,,,紫金战裙,紫金战裙,human_robot_icon_atlas_0,42604004,42604060,605
504000053,42654053,0,0,5,4,0,迷宫装备,,,紫金战裙,紫金战裙,human_robot_icon_atlas_0,42604004,42604060,605
504000054,42654054,0,0,5,4,0,迷宫装备,,,紫金战裙,紫金战裙,human_robot_icon_atlas_0,42604004,42604060,605
504000055,42654055,0,0,5,4,0,迷宫装备,,,紫金战裙,紫金战裙,human_robot_icon_atlas_0,42604004,42604060,605
504000056,42654056,0,0,5,4,0,迷宫装备,,,紫金战裙,紫金战裙,human_robot_icon_atlas_0,42604004,42604060,605
504000057,42654057,0,0,5,4,0,迷宫装备,,,紫金战裙,紫金战裙,human_robot_icon_atlas_0,42604004,42604060,605
504000058,42654058,0,0,5,4,0,迷宫装备,,,紫金战裙,紫金战裙,human_robot_icon_atlas_0,42604004,42604060,605
504000059,42654059,0,0,5,4,0,迷宫装备,,,紫金战裙,紫金战裙,human_robot_icon_atlas_0,42604004,42604060,605
504000060,42654060,0,0,5,4,0,迷宫装备,,,紫金战裙,紫金战裙,human_robot_icon_atlas_0,42604004,42604060,605
504000061,42654061,0,0,5,4,0,迷宫装备,,,巨神战裙,巨神战裙,human_robot_icon_atlas_0,42604004,42604070,605
504000062,42654062,0,0,5,4,0,迷宫装备,,,巨神战裙,巨神战裙,human_robot_icon_atlas_0,42604004,42604070,605
504000063,42654063,0,0,5,4,0,迷宫装备,,,巨神战裙,巨神战裙,human_robot_icon_atlas_0,42604004,42604070,605
504000064,42654064,0,0,5,4,0,迷宫装备,,,巨神战裙,巨神战裙,human_robot_icon_atlas_0,42604004,42604070,605
504000065,42654065,0,0,5,4,0,迷宫装备,,,巨神战裙,巨神战裙,human_robot_icon_atlas_0,42604004,42604070,605
504000066,42654066,0,0,5,4,0,迷宫装备,,,巨神战裙,巨神战裙,human_robot_icon_atlas_0,42604004,42604070,605
504000067,42654067,0,0,5,4,0,迷宫装备,,,巨神战裙,巨神战裙,human_robot_icon_atlas_0,42604004,42604070,605
504000068,42654068,0,0,5,4,0,迷宫装备,,,巨神战裙,巨神战裙,human_robot_icon_atlas_0,42604004,42604070,605
504000069,42654069,0,0,5,4,0,迷宫装备,,,巨神战裙,巨神战裙,human_robot_icon_atlas_0,42604004,42604070,605
504000070,42654070,0,0,5,4,0,迷宫装备,,,巨神战裙,巨神战裙,human_robot_icon_atlas_0,42604004,42604070,605
504000071,42654071,0,0,5,4,0,迷宫装备,,,天罡战裙,天罡战裙,human_robot_icon_atlas_0,42604004,42604080,605
504000072,42654072,0,0,5,4,0,迷宫装备,,,天罡战裙,天罡战裙,human_robot_icon_atlas_0,42604004,42604080,605
504000073,42654073,0,0,5,4,0,迷宫装备,,,天罡战裙,天罡战裙,human_robot_icon_atlas_0,42604004,42604080,605
504000074,42654074,0,0,5,4,0,迷宫装备,,,天罡战裙,天罡战裙,human_robot_icon_atlas_0,42604004,42604080,605
504000075,42654075,0,0,5,4,0,迷宫装备,,,天罡战裙,天罡战裙,human_robot_icon_atlas_0,42604004,42604080,605
504000076,42654076,0,0,5,4,0,迷宫装备,,,天罡战裙,天罡战裙,human_robot_icon_atlas_0,42604004,42604080,605
504000077,42654077,0,0,5,4,0,迷宫装备,,,天罡战裙,天罡战裙,human_robot_icon_atlas_0,42604004,42604080,605
504000078,42654078,0,0,5,4,0,迷宫装备,,,天罡战裙,天罡战裙,human_robot_icon_atlas_0,42604004,42604080,605
504000079,42654079,0,0,5,4,0,迷宫装备,,,天罡战裙,天罡战裙,human_robot_icon_atlas_0,42604004,42604080,605
504000080,42654080,0,0,5,4,0,迷宫装备,,,天罡战裙,天罡战裙,human_robot_icon_atlas_0,42604004,42604080,605
504000081,42654081,0,0,5,4,0,迷宫装备,,,雷神战裙,雷神战裙,human_robot_icon_atlas_0,42604004,42604090,605
504000082,42654082,0,0,5,4,0,迷宫装备,,,雷神战裙,雷神战裙,human_robot_icon_atlas_0,42604004,42604090,605
504000083,42654083,0,0,5,4,0,迷宫装备,,,雷神战裙,雷神战裙,human_robot_icon_atlas_0,42604004,42604090,605
504000084,42654084,0,0,5,4,0,迷宫装备,,,雷神战裙,雷神战裙,human_robot_icon_atlas_0,42604004,42604090,605
504000085,42654085,0,0,5,4,0,迷宫装备,,,雷神战裙,雷神战裙,human_robot_icon_atlas_0,42604004,42604090,605
504000086,42654086,0,0,5,4,0,迷宫装备,,,雷神战裙,雷神战裙,human_robot_icon_atlas_0,42604004,42604090,605
504000087,42654087,0,0,5,4,0,迷宫装备,,,雷神战裙,雷神战裙,human_robot_icon_atlas_0,42604004,42604090,605
504000088,42654088,0,0,5,4,0,迷宫装备,,,雷神战裙,雷神战裙,human_robot_icon_atlas_0,42604004,42604090,605
504000089,42654089,0,0,5,4,0,迷宫装备,,,雷神战裙,雷神战裙,human_robot_icon_atlas_0,42604004,42604090,605
504000090,42654090,0,0,5,4,0,迷宫装备,,,雷神战裙,雷神战裙,human_robot_icon_atlas_0,42604004,42604090,605
504000091,42654091,0,0,5,4,0,迷宫装备,,,狮吼战裙,狮吼战裙,human_robot_icon_atlas_0,42604004,42604100,605
504000092,42654092,0,0,5,4,0,迷宫装备,,,狮吼战裙,狮吼战裙,human_robot_icon_atlas_0,42604004,42604100,605
504000093,42654093,0,0,5,4,0,迷宫装备,,,狮吼战裙,狮吼战裙,human_robot_icon_atlas_0,42604004,42604100,605
504000094,42654094,0,0,5,4,0,迷宫装备,,,狮吼战裙,狮吼战裙,human_robot_icon_atlas_0,42604004,42604100,605
504000095,42654095,0,0,5,4,0,迷宫装备,,,狮吼战裙,狮吼战裙,human_robot_icon_atlas_0,42604004,42604100,605
504000096,42654096,0,0,5,4,0,迷宫装备,,,狮吼战裙,狮吼战裙,human_robot_icon_atlas_0,42604004,42604100,605
504000097,42654097,0,0,5,4,0,迷宫装备,,,狮吼战裙,狮吼战裙,human_robot_icon_atlas_0,42604004,42604100,605
504000098,42654098,0,0,5,4,0,迷宫装备,,,狮吼战裙,狮吼战裙,human_robot_icon_atlas_0,42604004,42604100,605
504000099,42654099,0,0,5,4,0,迷宫装备,,,狮吼战裙,狮吼战裙,human_robot_icon_atlas_0,42604004,42604100,605
504000100,42654100,0,0,5,4,0,迷宫装备,,,狮吼战裙,狮吼战裙,human_robot_icon_atlas_0,42604004,42604100,605
504000101,42654101,0,0,5,4,0,迷宫装备,,,灵蛇战裙,灵蛇战裙,human_robot_icon_atlas_0,42604004,42604110,605
504000102,42654102,0,0,5,4,0,迷宫装备,,,灵蛇战裙,灵蛇战裙,human_robot_icon_atlas_0,42604004,42604110,605
504000103,42654103,0,0,5,4,0,迷宫装备,,,灵蛇战裙,灵蛇战裙,human_robot_icon_atlas_0,42604004,42604110,605
504000104,42654104,0,0,5,4,0,迷宫装备,,,灵蛇战裙,灵蛇战裙,human_robot_icon_atlas_0,42604004,42604110,605
504000105,42654105,0,0,5,4,0,迷宫装备,,,灵蛇战裙,灵蛇战裙,human_robot_icon_atlas_0,42604004,42604110,605
504000106,42654106,0,0,5,4,0,迷宫装备,,,灵蛇战裙,灵蛇战裙,human_robot_icon_atlas_0,42604004,42604110,605
504000107,42654107,0,0,5,4,0,迷宫装备,,,灵蛇战裙,灵蛇战裙,human_robot_icon_atlas_0,42604004,42604110,605
504000108,42654108,0,0,5,4,0,迷宫装备,,,灵蛇战裙,灵蛇战裙,human_robot_icon_atlas_0,42604004,42604110,605
504000109,42654109,0,0,5,4,0,迷宫装备,,,灵蛇战裙,灵蛇战裙,human_robot_icon_atlas_0,42604004,42604110,605
504000110,42654110,0,0,5,4,0,迷宫装备,,,灵蛇战裙,灵蛇战裙,human_robot_icon_atlas_0,42604004,42604110,605
504000111,42654111,0,0,5,4,0,迷宫装备,,,朱雀战裙,朱雀战裙,human_robot_icon_atlas_0,42604004,42604120,605
504000112,42654112,0,0,5,4,0,迷宫装备,,,朱雀战裙,朱雀战裙,human_robot_icon_atlas_0,42604004,42604120,605
504000113,42654113,0,0,5,4,0,迷宫装备,,,朱雀战裙,朱雀战裙,human_robot_icon_atlas_0,42604004,42604120,605
504000114,42654114,0,0,5,4,0,迷宫装备,,,朱雀战裙,朱雀战裙,human_robot_icon_atlas_0,42604004,42604120,605
504000115,42654115,0,0,5,4,0,迷宫装备,,,朱雀战裙,朱雀战裙,human_robot_icon_atlas_0,42604004,42604120,605
504000116,42654116,0,0,5,4,0,迷宫装备,,,朱雀战裙,朱雀战裙,human_robot_icon_atlas_0,42604004,42604120,605
504000117,42654117,0,0,5,4,0,迷宫装备,,,朱雀战裙,朱雀战裙,human_robot_icon_atlas_0,42604004,42604120,605
504000118,42654118,0,0,5,4,0,迷宫装备,,,朱雀战裙,朱雀战裙,human_robot_icon_atlas_0,42604004,42604120,605
504000119,42654119,0,0,5,4,0,迷宫装备,,,朱雀战裙,朱雀战裙,human_robot_icon_atlas_0,42604004,42604120,605
504000120,42654120,0,0,5,4,0,迷宫装备,,,朱雀战裙,朱雀战裙,human_robot_icon_atlas_0,42604004,42604120,605
504000121,42654121,0,0,5,4,0,迷宫装备,,,龙形战裙,龙形战裙,human_robot_icon_atlas_0,42604004,42604130,605
504000122,42654122,0,0,5,4,0,迷宫装备,,,龙形战裙,龙形战裙,human_robot_icon_atlas_0,42604004,42604130,605
504000123,42654123,0,0,5,4,0,迷宫装备,,,龙形战裙,龙形战裙,human_robot_icon_atlas_0,42604004,42604130,605
504000124,42654124,0,0,5,4,0,迷宫装备,,,龙形战裙,龙形战裙,human_robot_icon_atlas_0,42604004,42604130,605
504000125,42654125,0,0,5,4,0,迷宫装备,,,龙形战裙,龙形战裙,human_robot_icon_atlas_0,42604004,42604130,605
504000126,42654126,0,0,5,4,0,迷宫装备,,,龙形战裙,龙形战裙,human_robot_icon_atlas_0,42604004,42604130,605
504000127,42654127,0,0,5,4,0,迷宫装备,,,龙形战裙,龙形战裙,human_robot_icon_atlas_0,42604004,42604130,605
504000128,42654128,0,0,5,4,0,迷宫装备,,,龙形战裙,龙形战裙,human_robot_icon_atlas_0,42604004,42604130,605
504000129,42654129,0,0,5,4,0,迷宫装备,,,龙形战裙,龙形战裙,human_robot_icon_atlas_0,42604004,42604130,605
504000130,42654130,0,0,5,4,0,迷宫装备,,,龙形战裙,龙形战裙,human_robot_icon_atlas_0,42604004,42604130,605
504000131,42654131,0,0,5,4,0,迷宫装备,,,龙王战裙,龙王战裙,human_robot_icon_atlas_0,42604004,42604140,605
504000132,42654132,0,0,5,4,0,迷宫装备,,,龙王战裙,龙王战裙,human_robot_icon_atlas_0,42604004,42604140,605
504000133,42654133,0,0,5,4,0,迷宫装备,,,龙王战裙,龙王战裙,human_robot_icon_atlas_0,42604004,42604140,605
504000134,42654134,0,0,5,4,0,迷宫装备,,,龙王战裙,龙王战裙,human_robot_icon_atlas_0,42604004,42604140,605
504000135,42654135,0,0,5,4,0,迷宫装备,,,龙王战裙,龙王战裙,human_robot_icon_atlas_0,42604004,42604140,605
504000136,42654136,0,0,5,4,0,迷宫装备,,,龙王战裙,龙王战裙,human_robot_icon_atlas_0,42604004,42604140,605
504000137,42654137,0,0,5,4,0,迷宫装备,,,龙王战裙,龙王战裙,human_robot_icon_atlas_0,42604004,42604140,605
504000138,42654138,0,0,5,4,0,迷宫装备,,,龙王战裙,龙王战裙,human_robot_icon_atlas_0,42604004,42604140,605
504000139,42654139,0,0,5,4,0,迷宫装备,,,龙王战裙,龙王战裙,human_robot_icon_atlas_0,42604004,42604140,605
504000140,42654140,0,0,5,4,0,迷宫装备,,,龙王战裙,龙王战裙,human_robot_icon_atlas_0,42604004,42604140,605
504000141,42654141,0,0,5,4,0,迷宫装备,,,龙皇战裙,龙皇战裙,human_robot_icon_atlas_0,42604004,42604150,605
504000142,42654142,0,0,5,4,0,迷宫装备,,,龙皇战裙,龙皇战裙,human_robot_icon_atlas_0,42604004,42604150,605
504000143,42654143,0,0,5,4,0,迷宫装备,,,龙皇战裙,龙皇战裙,human_robot_icon_atlas_0,42604004,42604150,605
504000144,42654144,0,0,5,4,0,迷宫装备,,,龙皇战裙,龙皇战裙,human_robot_icon_atlas_0,42604004,42604150,605
504000145,42654145,0,0,5,4,0,迷宫装备,,,龙皇战裙,龙皇战裙,human_robot_icon_atlas_0,42604004,42604150,605
504000146,42654146,0,0,5,4,0,迷宫装备,,,龙皇战裙,龙皇战裙,human_robot_icon_atlas_0,42604004,42604150,605
504000147,42654147,0,0,5,4,0,迷宫装备,,,龙皇战裙,龙皇战裙,human_robot_icon_atlas_0,42604004,42604150,605
504000148,42654148,0,0,5,4,0,迷宫装备,,,龙皇战裙,龙皇战裙,human_robot_icon_atlas_0,42604004,42604150,605
504000149,42654149,0,0,5,4,0,迷宫装备,,,龙皇战裙,龙皇战裙,human_robot_icon_atlas_0,42604004,42604150,605
504000150,42654150,0,0,5,4,0,迷宫装备,,,龙皇战裙,龙皇战裙,human_robot_icon_atlas_0,42604004,42604150,605
504000151,42654151,0,0,5,4,0,迷宫装备,,,龙神战裙,龙神战裙,human_robot_icon_atlas_0,42604004,42604160,605
504000152,42654152,0,0,5,4,0,迷宫装备,,,龙神战裙,龙神战裙,human_robot_icon_atlas_0,42604004,42604160,605
504000153,42654153,0,0,5,4,0,迷宫装备,,,龙神战裙,龙神战裙,human_robot_icon_atlas_0,42604004,42604160,605
504000154,42654154,0,0,5,4,0,迷宫装备,,,龙神战裙,龙神战裙,human_robot_icon_atlas_0,42604004,42604160,605
504000155,42654155,0,0,5,4,0,迷宫装备,,,龙神战裙,龙神战裙,human_robot_icon_atlas_0,42604004,42604160,605
504000156,42654156,0,0,5,4,0,迷宫装备,,,龙神战裙,龙神战裙,human_robot_icon_atlas_0,42604004,42604160,605
504000157,42654157,0,0,5,4,0,迷宫装备,,,龙神战裙,龙神战裙,human_robot_icon_atlas_0,42604004,42604160,605
504000158,42654158,0,0,5,4,0,迷宫装备,,,龙神战裙,龙神战裙,human_robot_icon_atlas_0,42604004,42604160,605
504000159,42654159,0,0,5,4,0,迷宫装备,,,龙神战裙,龙神战裙,human_robot_icon_atlas_0,42604004,42604160,605
504000160,42654160,0,0,5,4,0,迷宫装备,,,龙神战裙,龙神战裙,human_robot_icon_atlas_0,42604004,42604160,605
604000001,42664001,0,0,6,4,0,迷宫装备,,,长裤,长裤,human_robot_icon_atlas_0,42604001,42604010,605
604000002,42664002,0,0,6,4,0,迷宫装备,,,长裤,长裤,human_robot_icon_atlas_0,42604002,42604010,605
604000003,42664003,0,0,6,4,0,迷宫装备,,,长裤,长裤,human_robot_icon_atlas_0,42604003,42604010,605
604000004,42664004,0,0,6,4,0,迷宫装备,,,长裤,长裤,human_robot_icon_atlas_0,42604004,42604010,605
604000005,42664005,0,0,6,4,0,迷宫装备,,,长裤,长裤,human_robot_icon_atlas_0,42604004,42604010,605
604000006,42664006,0,0,6,4,0,迷宫装备,,,长裤,长裤,human_robot_icon_atlas_0,42604004,42604010,605
604000007,42664007,0,0,6,4,0,迷宫装备,,,长裤,长裤,human_robot_icon_atlas_0,42604004,42604010,605
604000008,42664008,0,0,6,4,0,迷宫装备,,,长裤,长裤,human_robot_icon_atlas_0,42604004,42604010,605
604000009,42664009,0,0,6,4,0,迷宫装备,,,长裤,长裤,human_robot_icon_atlas_0,42604004,42604010,605
604000010,42664010,0,0,6,4,0,迷宫装备,,,长裤,长裤,human_robot_icon_atlas_0,42604004,42604010,605
604000011,42664011,0,0,6,4,0,迷宫装备,,,铁战裙,铁战裙,human_robot_icon_atlas_0,42604004,42604020,605
604000012,42664012,0,0,6,4,0,迷宫装备,,,铁战裙,铁战裙,human_robot_icon_atlas_0,42604004,42604020,605
604000013,42664013,0,0,6,4,0,迷宫装备,,,铁战裙,铁战裙,human_robot_icon_atlas_0,42604004,42604020,605
604000014,42664014,0,0,6,4,0,迷宫装备,,,铁战裙,铁战裙,human_robot_icon_atlas_0,42604004,42604020,605
604000015,42664015,0,0,6,4,0,迷宫装备,,,铁战裙,铁战裙,human_robot_icon_atlas_0,42604004,42604020,605
604000016,42664016,0,0,6,4,0,迷宫装备,,,铁战裙,铁战裙,human_robot_icon_atlas_0,42604004,42604020,605
604000017,42664017,0,0,6,4,0,迷宫装备,,,铁战裙,铁战裙,human_robot_icon_atlas_0,42604004,42604020,605
604000018,42664018,0,0,6,4,0,迷宫装备,,,铁战裙,铁战裙,human_robot_icon_atlas_0,42604004,42604020,605
604000019,42664019,0,0,6,4,0,迷宫装备,,,铁战裙,铁战裙,human_robot_icon_atlas_0,42604004,42604020,605
604000020,42664020,0,0,6,4,0,迷宫装备,,,铁战裙,铁战裙,human_robot_icon_atlas_0,42604004,42604020,605
604000021,42664021,0,0,6,4,0,迷宫装备,,,青钢战裙,青钢战裙,human_robot_icon_atlas_0,42604004,42604030,605
604000022,42664022,0,0,6,4,0,迷宫装备,,,青钢战裙,青钢战裙,human_robot_icon_atlas_0,42604004,42604030,605
604000023,42664023,0,0,6,4,0,迷宫装备,,,青钢战裙,青钢战裙,human_robot_icon_atlas_0,42604004,42604030,605
604000024,42664024,0,0,6,4,0,迷宫装备,,,青钢战裙,青钢战裙,human_robot_icon_atlas_0,42604004,42604030,605
604000025,42664025,0,0,6,4,0,迷宫装备,,,青钢战裙,青钢战裙,human_robot_icon_atlas_0,42604004,42604030,605
604000026,42664026,0,0,6,4,0,迷宫装备,,,青钢战裙,青钢战裙,human_robot_icon_atlas_0,42604004,42604030,605
604000027,42664027,0,0,6,4,0,迷宫装备,,,青钢战裙,青钢战裙,human_robot_icon_atlas_0,42604004,42604030,605
604000028,42664028,0,0,6,4,0,迷宫装备,,,青钢战裙,青钢战裙,human_robot_icon_atlas_0,42604004,42604030,605
604000029,42664029,0,0,6,4,0,迷宫装备,,,青钢战裙,青钢战裙,human_robot_icon_atlas_0,42604004,42604030,605
604000030,42664030,0,0,6,4,0,迷宫装备,,,青钢战裙,青钢战裙,human_robot_icon_atlas_0,42604004,42604030,605
604000031,42664031,0,0,6,4,0,迷宫装备,,,流云战裙,流云战裙,human_robot_icon_atlas_0,42604004,42604040,605
604000032,42664032,0,0,6,4,0,迷宫装备,,,流云战裙,流云战裙,human_robot_icon_atlas_0,42604004,42604040,605
604000033,42664033,0,0,6,4,0,迷宫装备,,,流云战裙,流云战裙,human_robot_icon_atlas_0,42604004,42604040,605
604000034,42664034,0,0,6,4,0,迷宫装备,,,流云战裙,流云战裙,human_robot_icon_atlas_0,42604004,42604040,605
604000035,42664035,0,0,6,4,0,迷宫装备,,,流云战裙,流云战裙,human_robot_icon_atlas_0,42604004,42604040,605
604000036,42664036,0,0,6,4,0,迷宫装备,,,流云战裙,流云战裙,human_robot_icon_atlas_0,42604004,42604040,605
604000037,42664037,0,0,6,4,0,迷宫装备,,,流云战裙,流云战裙,human_robot_icon_atlas_0,42604004,42604040,605
604000038,42664038,0,0,6,4,0,迷宫装备,,,流云战裙,流云战裙,human_robot_icon_atlas_0,42604004,42604040,605
604000039,42664039,0,0,6,4,0,迷宫装备,,,流云战裙,流云战裙,human_robot_icon_atlas_0,42604004,42604040,605
604000040,42664040,0,0,6,4,0,迷宫装备,,,流云战裙,流云战裙,human_robot_icon_atlas_0,42604004,42604040,605
604000041,42664041,0,0,6,4,0,迷宫装备,,,飞虹战裙,飞虹战裙,human_robot_icon_atlas_0,42604004,42604050,605
604000042,42664042,0,0,6,4,0,迷宫装备,,,飞虹战裙,飞虹战裙,human_robot_icon_atlas_0,42604004,42604050,605
604000043,42664043,0,0,6,4,0,迷宫装备,,,飞虹战裙,飞虹战裙,human_robot_icon_atlas_0,42604004,42604050,605
604000044,42664044,0,0,6,4,0,迷宫装备,,,飞虹战裙,飞虹战裙,human_robot_icon_atlas_0,42604004,42604050,605
604000045,42664045,0,0,6,4,0,迷宫装备,,,飞虹战裙,飞虹战裙,human_robot_icon_atlas_0,42604004,42604050,605
604000046,42664046,0,0,6,4,0,迷宫装备,,,飞虹战裙,飞虹战裙,human_robot_icon_atlas_0,42604004,42604050,605
604000047,42664047,0,0,6,4,0,迷宫装备,,,飞虹战裙,飞虹战裙,human_robot_icon_atlas_0,42604004,42604050,605
604000048,42664048,0,0,6,4,0,迷宫装备,,,飞虹战裙,飞虹战裙,human_robot_icon_atlas_0,42604004,42604050,605
604000049,42664049,0,0,6,4,0,迷宫装备,,,飞虹战裙,飞虹战裙,human_robot_icon_atlas_0,42604004,42604050,605
604000050,42664050,0,0,6,4,0,迷宫装备,,,飞虹战裙,飞虹战裙,human_robot_icon_atlas_0,42604004,42604050,605
604000051,42664051,0,0,6,4,0,迷宫装备,,,紫金战裙,紫金战裙,human_robot_icon_atlas_0,42604004,42604060,605
604000052,42664052,0,0,6,4,0,迷宫装备,,,紫金战裙,紫金战裙,human_robot_icon_atlas_0,42604004,42604060,605
604000053,42664053,0,0,6,4,0,迷宫装备,,,紫金战裙,紫金战裙,human_robot_icon_atlas_0,42604004,42604060,605
604000054,42664054,0,0,6,4,0,迷宫装备,,,紫金战裙,紫金战裙,human_robot_icon_atlas_0,42604004,42604060,605
604000055,42664055,0,0,6,4,0,迷宫装备,,,紫金战裙,紫金战裙,human_robot_icon_atlas_0,42604004,42604060,605
604000056,42664056,0,0,6,4,0,迷宫装备,,,紫金战裙,紫金战裙,human_robot_icon_atlas_0,42604004,42604060,605
604000057,42664057,0,0,6,4,0,迷宫装备,,,紫金战裙,紫金战裙,human_robot_icon_atlas_0,42604004,42604060,605
604000058,42664058,0,0,6,4,0,迷宫装备,,,紫金战裙,紫金战裙,human_robot_icon_atlas_0,42604004,42604060,605
604000059,42664059,0,0,6,4,0,迷宫装备,,,紫金战裙,紫金战裙,human_robot_icon_atlas_0,42604004,42604060,605
604000060,42664060,0,0,6,4,0,迷宫装备,,,紫金战裙,紫金战裙,human_robot_icon_atlas_0,42604004,42604060,605
604000061,42664061,0,0,6,4,0,迷宫装备,,,巨神战裙,巨神战裙,human_robot_icon_atlas_0,42604004,42604070,605
604000062,42664062,0,0,6,4,0,迷宫装备,,,巨神战裙,巨神战裙,human_robot_icon_atlas_0,42604004,42604070,605
604000063,42664063,0,0,6,4,0,迷宫装备,,,巨神战裙,巨神战裙,human_robot_icon_atlas_0,42604004,42604070,605
604000064,42664064,0,0,6,4,0,迷宫装备,,,巨神战裙,巨神战裙,human_robot_icon_atlas_0,42604004,42604070,605
604000065,42664065,0,0,6,4,0,迷宫装备,,,巨神战裙,巨神战裙,human_robot_icon_atlas_0,42604004,42604070,605
604000066,42664066,0,0,6,4,0,迷宫装备,,,巨神战裙,巨神战裙,human_robot_icon_atlas_0,42604004,42604070,605
604000067,42664067,0,0,6,4,0,迷宫装备,,,巨神战裙,巨神战裙,human_robot_icon_atlas_0,42604004,42604070,605
604000068,42664068,0,0,6,4,0,迷宫装备,,,巨神战裙,巨神战裙,human_robot_icon_atlas_0,42604004,42604070,605
604000069,42664069,0,0,6,4,0,迷宫装备,,,巨神战裙,巨神战裙,human_robot_icon_atlas_0,42604004,42604070,605
604000070,42664070,0,0,6,4,0,迷宫装备,,,巨神战裙,巨神战裙,human_robot_icon_atlas_0,42604004,42604070,605
604000071,42664071,0,0,6,4,0,迷宫装备,,,天罡战裙,天罡战裙,human_robot_icon_atlas_0,42604004,42604080,605
604000072,42664072,0,0,6,4,0,迷宫装备,,,天罡战裙,天罡战裙,human_robot_icon_atlas_0,42604004,42604080,605
604000073,42664073,0,0,6,4,0,迷宫装备,,,天罡战裙,天罡战裙,human_robot_icon_atlas_0,42604004,42604080,605
604000074,42664074,0,0,6,4,0,迷宫装备,,,天罡战裙,天罡战裙,human_robot_icon_atlas_0,42604004,42604080,605
604000075,42664075,0,0,6,4,0,迷宫装备,,,天罡战裙,天罡战裙,human_robot_icon_atlas_0,42604004,42604080,605
604000076,42664076,0,0,6,4,0,迷宫装备,,,天罡战裙,天罡战裙,human_robot_icon_atlas_0,42604004,42604080,605
604000077,42664077,0,0,6,4,0,迷宫装备,,,天罡战裙,天罡战裙,human_robot_icon_atlas_0,42604004,42604080,605
604000078,42664078,0,0,6,4,0,迷宫装备,,,天罡战裙,天罡战裙,human_robot_icon_atlas_0,42604004,42604080,605
604000079,42664079,0,0,6,4,0,迷宫装备,,,天罡战裙,天罡战裙,human_robot_icon_atlas_0,42604004,42604080,605
604000080,42664080,0,0,6,4,0,迷宫装备,,,天罡战裙,天罡战裙,human_robot_icon_atlas_0,42604004,42604080,605
604000081,42664081,0,0,6,4,0,迷宫装备,,,雷神战裙,雷神战裙,human_robot_icon_atlas_0,42604004,42604090,605
604000082,42664082,0,0,6,4,0,迷宫装备,,,雷神战裙,雷神战裙,human_robot_icon_atlas_0,42604004,42604090,605
604000083,42664083,0,0,6,4,0,迷宫装备,,,雷神战裙,雷神战裙,human_robot_icon_atlas_0,42604004,42604090,605
604000084,42664084,0,0,6,4,0,迷宫装备,,,雷神战裙,雷神战裙,human_robot_icon_atlas_0,42604004,42604090,605
604000085,42664085,0,0,6,4,0,迷宫装备,,,雷神战裙,雷神战裙,human_robot_icon_atlas_0,42604004,42604090,605
604000086,42664086,0,0,6,4,0,迷宫装备,,,雷神战裙,雷神战裙,human_robot_icon_atlas_0,42604004,42604090,605
604000087,42664087,0,0,6,4,0,迷宫装备,,,雷神战裙,雷神战裙,human_robot_icon_atlas_0,42604004,42604090,605
604000088,42664088,0,0,6,4,0,迷宫装备,,,雷神战裙,雷神战裙,human_robot_icon_atlas_0,42604004,42604090,605
604000089,42664089,0,0,6,4,0,迷宫装备,,,雷神战裙,雷神战裙,human_robot_icon_atlas_0,42604004,42604090,605
604000090,42664090,0,0,6,4,0,迷宫装备,,,雷神战裙,雷神战裙,human_robot_icon_atlas_0,42604004,42604090,605
604000091,42664091,0,0,6,4,0,迷宫装备,,,狮吼战裙,狮吼战裙,human_robot_icon_atlas_0,42604004,42604100,605
604000092,42664092,0,0,6,4,0,迷宫装备,,,狮吼战裙,狮吼战裙,human_robot_icon_atlas_0,42604004,42604100,605
604000093,42664093,0,0,6,4,0,迷宫装备,,,狮吼战裙,狮吼战裙,human_robot_icon_atlas_0,42604004,42604100,605
604000094,42664094,0,0,6,4,0,迷宫装备,,,狮吼战裙,狮吼战裙,human_robot_icon_atlas_0,42604004,42604100,605
604000095,42664095,0,0,6,4,0,迷宫装备,,,狮吼战裙,狮吼战裙,human_robot_icon_atlas_0,42604004,42604100,605
604000096,42664096,0,0,6,4,0,迷宫装备,,,狮吼战裙,狮吼战裙,human_robot_icon_atlas_0,42604004,42604100,605
604000097,42664097,0,0,6,4,0,迷宫装备,,,狮吼战裙,狮吼战裙,human_robot_icon_atlas_0,42604004,42604100,605
604000098,42664098,0,0,6,4,0,迷宫装备,,,狮吼战裙,狮吼战裙,human_robot_icon_atlas_0,42604004,42604100,605
604000099,42664099,0,0,6,4,0,迷宫装备,,,狮吼战裙,狮吼战裙,human_robot_icon_atlas_0,42604004,42604100,605
604000100,42664100,0,0,6,4,0,迷宫装备,,,狮吼战裙,狮吼战裙,human_robot_icon_atlas_0,42604004,42604100,605
604000101,42664101,0,0,6,4,0,迷宫装备,,,灵蛇战裙,灵蛇战裙,human_robot_icon_atlas_0,42604004,42604110,605
604000102,42664102,0,0,6,4,0,迷宫装备,,,灵蛇战裙,灵蛇战裙,human_robot_icon_atlas_0,42604004,42604110,605
604000103,42664103,0,0,6,4,0,迷宫装备,,,灵蛇战裙,灵蛇战裙,human_robot_icon_atlas_0,42604004,42604110,605
604000104,42664104,0,0,6,4,0,迷宫装备,,,灵蛇战裙,灵蛇战裙,human_robot_icon_atlas_0,42604004,42604110,605
604000105,42664105,0,0,6,4,0,迷宫装备,,,灵蛇战裙,灵蛇战裙,human_robot_icon_atlas_0,42604004,42604110,605
604000106,42664106,0,0,6,4,0,迷宫装备,,,灵蛇战裙,灵蛇战裙,human_robot_icon_atlas_0,42604004,42604110,605
604000107,42664107,0,0,6,4,0,迷宫装备,,,灵蛇战裙,灵蛇战裙,human_robot_icon_atlas_0,42604004,42604110,605
604000108,42664108,0,0,6,4,0,迷宫装备,,,灵蛇战裙,灵蛇战裙,human_robot_icon_atlas_0,42604004,42604110,605
604000109,42664109,0,0,6,4,0,迷宫装备,,,灵蛇战裙,灵蛇战裙,human_robot_icon_atlas_0,42604004,42604110,605
604000110,42664110,0,0,6,4,0,迷宫装备,,,灵蛇战裙,灵蛇战裙,human_robot_icon_atlas_0,42604004,42604110,605
604000111,42664111,0,0,6,4,0,迷宫装备,,,朱雀战裙,朱雀战裙,human_robot_icon_atlas_0,42604004,42604120,605
604000112,42664112,0,0,6,4,0,迷宫装备,,,朱雀战裙,朱雀战裙,human_robot_icon_atlas_0,42604004,42604120,605
604000113,42664113,0,0,6,4,0,迷宫装备,,,朱雀战裙,朱雀战裙,human_robot_icon_atlas_0,42604004,42604120,605
604000114,42664114,0,0,6,4,0,迷宫装备,,,朱雀战裙,朱雀战裙,human_robot_icon_atlas_0,42604004,42604120,605
604000115,42664115,0,0,6,4,0,迷宫装备,,,朱雀战裙,朱雀战裙,human_robot_icon_atlas_0,42604004,42604120,605
604000116,42664116,0,0,6,4,0,迷宫装备,,,朱雀战裙,朱雀战裙,human_robot_icon_atlas_0,42604004,42604120,605
604000117,42664117,0,0,6,4,0,迷宫装备,,,朱雀战裙,朱雀战裙,human_robot_icon_atlas_0,42604004,42604120,605
604000118,42664118,0,0,6,4,0,迷宫装备,,,朱雀战裙,朱雀战裙,human_robot_icon_atlas_0,42604004,42604120,605
604000119,42664119,0,0,6,4,0,迷宫装备,,,朱雀战裙,朱雀战裙,human_robot_icon_atlas_0,42604004,42604120,605
604000120,42664120,0,0,6,4,0,迷宫装备,,,朱雀战裙,朱雀战裙,human_robot_icon_atlas_0,42604004,42604120,605
604000121,42664121,0,0,6,4,0,迷宫装备,,,龙形战裙,龙形战裙,human_robot_icon_atlas_0,42604004,42604130,605
604000122,42664122,0,0,6,4,0,迷宫装备,,,龙形战裙,龙形战裙,human_robot_icon_atlas_0,42604004,42604130,605
604000123,42664123,0,0,6,4,0,迷宫装备,,,龙形战裙,龙形战裙,human_robot_icon_atlas_0,42604004,42604130,605
604000124,42664124,0,0,6,4,0,迷宫装备,,,龙形战裙,龙形战裙,human_robot_icon_atlas_0,42604004,42604130,605
604000125,42664125,0,0,6,4,0,迷宫装备,,,龙形战裙,龙形战裙,human_robot_icon_atlas_0,42604004,42604130,605
604000126,42664126,0,0,6,4,0,迷宫装备,,,龙形战裙,龙形战裙,human_robot_icon_atlas_0,42604004,42604130,605
604000127,42664127,0,0,6,4,0,迷宫装备,,,龙形战裙,龙形战裙,human_robot_icon_atlas_0,42604004,42604130,605
604000128,42664128,0,0,6,4,0,迷宫装备,,,龙形战裙,龙形战裙,human_robot_icon_atlas_0,42604004,42604130,605
604000129,42664129,0,0,6,4,0,迷宫装备,,,龙形战裙,龙形战裙,human_robot_icon_atlas_0,42604004,42604130,605
604000130,42664130,0,0,6,4,0,迷宫装备,,,龙形战裙,龙形战裙,human_robot_icon_atlas_0,42604004,42604130,605
604000131,42664131,0,0,6,4,0,迷宫装备,,,龙王战裙,龙王战裙,human_robot_icon_atlas_0,42604004,42604140,605
604000132,42664132,0,0,6,4,0,迷宫装备,,,龙王战裙,龙王战裙,human_robot_icon_atlas_0,42604004,42604140,605
604000133,42664133,0,0,6,4,0,迷宫装备,,,龙王战裙,龙王战裙,human_robot_icon_atlas_0,42604004,42604140,605
604000134,42664134,0,0,6,4,0,迷宫装备,,,龙王战裙,龙王战裙,human_robot_icon_atlas_0,42604004,42604140,605
604000135,42664135,0,0,6,4,0,迷宫装备,,,龙王战裙,龙王战裙,human_robot_icon_atlas_0,42604004,42604140,605
604000136,42664136,0,0,6,4,0,迷宫装备,,,龙王战裙,龙王战裙,human_robot_icon_atlas_0,42604004,42604140,605
604000137,42664137,0,0,6,4,0,迷宫装备,,,龙王战裙,龙王战裙,human_robot_icon_atlas_0,42604004,42604140,605
604000138,42664138,0,0,6,4,0,迷宫装备,,,龙王战裙,龙王战裙,human_robot_icon_atlas_0,42604004,42604140,605
604000139,42664139,0,0,6,4,0,迷宫装备,,,龙王战裙,龙王战裙,human_robot_icon_atlas_0,42604004,42604140,605
604000140,42664140,0,0,6,4,0,迷宫装备,,,龙王战裙,龙王战裙,human_robot_icon_atlas_0,42604004,42604140,605
604000141,42664141,0,0,6,4,0,迷宫装备,,,龙皇战裙,龙皇战裙,human_robot_icon_atlas_0,42604004,42604150,605
604000142,42664142,0,0,6,4,0,迷宫装备,,,龙皇战裙,龙皇战裙,human_robot_icon_atlas_0,42604004,42604150,605
604000143,42664143,0,0,6,4,0,迷宫装备,,,龙皇战裙,龙皇战裙,human_robot_icon_atlas_0,42604004,42604150,605
604000144,42664144,0,0,6,4,0,迷宫装备,,,龙皇战裙,龙皇战裙,human_robot_icon_atlas_0,42604004,42604150,605
604000145,42664145,0,0,6,4,0,迷宫装备,,,龙皇战裙,龙皇战裙,human_robot_icon_atlas_0,42604004,42604150,605
604000146,42664146,0,0,6,4,0,迷宫装备,,,龙皇战裙,龙皇战裙,human_robot_icon_atlas_0,42604004,42604150,605
604000147,42664147,0,0,6,4,0,迷宫装备,,,龙皇战裙,龙皇战裙,human_robot_icon_atlas_0,42604004,42604150,605
604000148,42664148,0,0,6,4,0,迷宫装备,,,龙皇战裙,龙皇战裙,human_robot_icon_atlas_0,42604004,42604150,605
604000149,42664149,0,0,6,4,0,迷宫装备,,,龙皇战裙,龙皇战裙,human_robot_icon_atlas_0,42604004,42604150,605
604000150,42664150,0,0,6,4,0,迷宫装备,,,龙皇战裙,龙皇战裙,human_robot_icon_atlas_0,42604004,42604150,605
604000151,42664151,0,0,6,4,0,迷宫装备,,,龙神战裙,龙神战裙,human_robot_icon_atlas_0,42604004,42604160,605
604000152,42664152,0,0,6,4,0,迷宫装备,,,龙神战裙,龙神战裙,human_robot_icon_atlas_0,42604004,42604160,605
604000153,42664153,0,0,6,4,0,迷宫装备,,,龙神战裙,龙神战裙,human_robot_icon_atlas_0,42604004,42604160,605
604000154,42664154,0,0,6,4,0,迷宫装备,,,龙神战裙,龙神战裙,human_robot_icon_atlas_0,42604004,42604160,605
604000155,42664155,0,0,6,4,0,迷宫装备,,,龙神战裙,龙神战裙,human_robot_icon_atlas_0,42604004,42604160,605
604000156,42664156,0,0,6,4,0,迷宫装备,,,龙神战裙,龙神战裙,human_robot_icon_atlas_0,42604004,42604160,605
604000157,42664157,0,0,6,4,0,迷宫装备,,,龙神战裙,龙神战裙,human_robot_icon_atlas_0,42604004,42604160,605
604000158,42664158,0,0,6,4,0,迷宫装备,,,龙神战裙,龙神战裙,human_robot_icon_atlas_0,42604004,42604160,605
604000159,42664159,0,0,6,4,0,迷宫装备,,,龙神战裙,龙神战裙,human_robot_icon_atlas_0,42604004,42604160,605
604000160,42664160,0,0,6,4,0,迷宫装备,,,龙神战裙,龙神战裙,human_robot_icon_atlas_0,42604004,42604160,605
804000001,42684001,0,0,8,4,0,迷宫装备,,,长裤,长裤,human_robot_icon_atlas_0,42604001,42604010,605
804000002,42684002,0,0,8,4,0,迷宫装备,,,长裤,长裤,human_robot_icon_atlas_0,42604002,42604010,605
804000003,42684003,0,0,8,4,0,迷宫装备,,,长裤,长裤,human_robot_icon_atlas_0,42604003,42604010,605
804000004,42684004,0,0,8,4,0,迷宫装备,,,长裤,长裤,human_robot_icon_atlas_0,42604004,42604010,605
804000005,42684005,0,0,8,4,0,迷宫装备,,,长裤,长裤,human_robot_icon_atlas_0,42604004,42604010,605
804000006,42684006,0,0,8,4,0,迷宫装备,,,长裤,长裤,human_robot_icon_atlas_0,42604004,42604010,605
804000007,42684007,0,0,8,4,0,迷宫装备,,,长裤,长裤,human_robot_icon_atlas_0,42604004,42604010,605
804000008,42684008,0,0,8,4,0,迷宫装备,,,长裤,长裤,human_robot_icon_atlas_0,42604004,42604010,605
804000009,42684009,0,0,8,4,0,迷宫装备,,,长裤,长裤,human_robot_icon_atlas_0,42604004,42604010,605
804000010,42684010,0,0,8,4,0,迷宫装备,,,长裤,长裤,human_robot_icon_atlas_0,42604004,42604010,605
804000011,42684011,0,0,8,4,0,迷宫装备,,,铁战裙,铁战裙,human_robot_icon_atlas_0,42604004,42604020,605
804000012,42684012,0,0,8,4,0,迷宫装备,,,铁战裙,铁战裙,human_robot_icon_atlas_0,42604004,42604020,605
804000013,42684013,0,0,8,4,0,迷宫装备,,,铁战裙,铁战裙,human_robot_icon_atlas_0,42604004,42604020,605
804000014,42684014,0,0,8,4,0,迷宫装备,,,铁战裙,铁战裙,human_robot_icon_atlas_0,42604004,42604020,605
804000015,42684015,0,0,8,4,0,迷宫装备,,,铁战裙,铁战裙,human_robot_icon_atlas_0,42604004,42604020,605
804000016,42684016,0,0,8,4,0,迷宫装备,,,铁战裙,铁战裙,human_robot_icon_atlas_0,42604004,42604020,605
804000017,42684017,0,0,8,4,0,迷宫装备,,,铁战裙,铁战裙,human_robot_icon_atlas_0,42604004,42604020,605
804000018,42684018,0,0,8,4,0,迷宫装备,,,铁战裙,铁战裙,human_robot_icon_atlas_0,42604004,42604020,605
804000019,42684019,0,0,8,4,0,迷宫装备,,,铁战裙,铁战裙,human_robot_icon_atlas_0,42604004,42604020,605
804000020,42684020,0,0,8,4,0,迷宫装备,,,铁战裙,铁战裙,human_robot_icon_atlas_0,42604004,42604020,605
804000021,42684021,0,0,8,4,0,迷宫装备,,,青钢战裙,青钢战裙,human_robot_icon_atlas_0,42604004,42604030,605
804000022,42684022,0,0,8,4,0,迷宫装备,,,青钢战裙,青钢战裙,human_robot_icon_atlas_0,42604004,42604030,605
804000023,42684023,0,0,8,4,0,迷宫装备,,,青钢战裙,青钢战裙,human_robot_icon_atlas_0,42604004,42604030,605
804000024,42684024,0,0,8,4,0,迷宫装备,,,青钢战裙,青钢战裙,human_robot_icon_atlas_0,42604004,42604030,605
804000025,42684025,0,0,8,4,0,迷宫装备,,,青钢战裙,青钢战裙,human_robot_icon_atlas_0,42604004,42604030,605
804000026,42684026,0,0,8,4,0,迷宫装备,,,青钢战裙,青钢战裙,human_robot_icon_atlas_0,42604004,42604030,605
804000027,42684027,0,0,8,4,0,迷宫装备,,,青钢战裙,青钢战裙,human_robot_icon_atlas_0,42604004,42604030,605
804000028,42684028,0,0,8,4,0,迷宫装备,,,青钢战裙,青钢战裙,human_robot_icon_atlas_0,42604004,42604030,605
804000029,42684029,0,0,8,4,0,迷宫装备,,,青钢战裙,青钢战裙,human_robot_icon_atlas_0,42604004,42604030,605
804000030,42684030,0,0,8,4,0,迷宫装备,,,青钢战裙,青钢战裙,human_robot_icon_atlas_0,42604004,42604030,605
804000031,42684031,0,0,8,4,0,迷宫装备,,,流云战裙,流云战裙,human_robot_icon_atlas_0,42604004,42604040,605
804000032,42684032,0,0,8,4,0,迷宫装备,,,流云战裙,流云战裙,human_robot_icon_atlas_0,42604004,42604040,605
804000033,42684033,0,0,8,4,0,迷宫装备,,,流云战裙,流云战裙,human_robot_icon_atlas_0,42604004,42604040,605
804000034,42684034,0,0,8,4,0,迷宫装备,,,流云战裙,流云战裙,human_robot_icon_atlas_0,42604004,42604040,605
804000035,42684035,0,0,8,4,0,迷宫装备,,,流云战裙,流云战裙,human_robot_icon_atlas_0,42604004,42604040,605
804000036,42684036,0,0,8,4,0,迷宫装备,,,流云战裙,流云战裙,human_robot_icon_atlas_0,42604004,42604040,605
804000037,42684037,0,0,8,4,0,迷宫装备,,,流云战裙,流云战裙,human_robot_icon_atlas_0,42604004,42604040,605
804000038,42684038,0,0,8,4,0,迷宫装备,,,流云战裙,流云战裙,human_robot_icon_atlas_0,42604004,42604040,605
804000039,42684039,0,0,8,4,0,迷宫装备,,,流云战裙,流云战裙,human_robot_icon_atlas_0,42604004,42604040,605
804000040,42684040,0,0,8,4,0,迷宫装备,,,流云战裙,流云战裙,human_robot_icon_atlas_0,42604004,42604040,605
804000041,42684041,0,0,8,4,0,迷宫装备,,,飞虹战裙,飞虹战裙,human_robot_icon_atlas_0,42604004,42604050,605
804000042,42684042,0,0,8,4,0,迷宫装备,,,飞虹战裙,飞虹战裙,human_robot_icon_atlas_0,42604004,42604050,605
804000043,42684043,0,0,8,4,0,迷宫装备,,,飞虹战裙,飞虹战裙,human_robot_icon_atlas_0,42604004,42604050,605
804000044,42684044,0,0,8,4,0,迷宫装备,,,飞虹战裙,飞虹战裙,human_robot_icon_atlas_0,42604004,42604050,605
804000045,42684045,0,0,8,4,0,迷宫装备,,,飞虹战裙,飞虹战裙,human_robot_icon_atlas_0,42604004,42604050,605
804000046,42684046,0,0,8,4,0,迷宫装备,,,飞虹战裙,飞虹战裙,human_robot_icon_atlas_0,42604004,42604050,605
804000047,42684047,0,0,8,4,0,迷宫装备,,,飞虹战裙,飞虹战裙,human_robot_icon_atlas_0,42604004,42604050,605
804000048,42684048,0,0,8,4,0,迷宫装备,,,飞虹战裙,飞虹战裙,human_robot_icon_atlas_0,42604004,42604050,605
804000049,42684049,0,0,8,4,0,迷宫装备,,,飞虹战裙,飞虹战裙,human_robot_icon_atlas_0,42604004,42604050,605
804000050,42684050,0,0,8,4,0,迷宫装备,,,飞虹战裙,飞虹战裙,human_robot_icon_atlas_0,42604004,42604050,605
804000051,42684051,0,0,8,4,0,迷宫装备,,,紫金战裙,紫金战裙,human_robot_icon_atlas_0,42604004,42604060,605
804000052,42684052,0,0,8,4,0,迷宫装备,,,紫金战裙,紫金战裙,human_robot_icon_atlas_0,42604004,42604060,605
804000053,42684053,0,0,8,4,0,迷宫装备,,,紫金战裙,紫金战裙,human_robot_icon_atlas_0,42604004,42604060,605
804000054,42684054,0,0,8,4,0,迷宫装备,,,紫金战裙,紫金战裙,human_robot_icon_atlas_0,42604004,42604060,605
804000055,42684055,0,0,8,4,0,迷宫装备,,,紫金战裙,紫金战裙,human_robot_icon_atlas_0,42604004,42604060,605
804000056,42684056,0,0,8,4,0,迷宫装备,,,紫金战裙,紫金战裙,human_robot_icon_atlas_0,42604004,42604060,605
804000057,42684057,0,0,8,4,0,迷宫装备,,,紫金战裙,紫金战裙,human_robot_icon_atlas_0,42604004,42604060,605
804000058,42684058,0,0,8,4,0,迷宫装备,,,紫金战裙,紫金战裙,human_robot_icon_atlas_0,42604004,42604060,605
804000059,42684059,0,0,8,4,0,迷宫装备,,,紫金战裙,紫金战裙,human_robot_icon_atlas_0,42604004,42604060,605
804000060,42684060,0,0,8,4,0,迷宫装备,,,紫金战裙,紫金战裙,human_robot_icon_atlas_0,42604004,42604060,605
804000061,42684061,0,0,8,4,0,迷宫装备,,,巨神战裙,巨神战裙,human_robot_icon_atlas_0,42604004,42604070,605
804000062,42684062,0,0,8,4,0,迷宫装备,,,巨神战裙,巨神战裙,human_robot_icon_atlas_0,42604004,42604070,605
804000063,42684063,0,0,8,4,0,迷宫装备,,,巨神战裙,巨神战裙,human_robot_icon_atlas_0,42604004,42604070,605
804000064,42684064,0,0,8,4,0,迷宫装备,,,巨神战裙,巨神战裙,human_robot_icon_atlas_0,42604004,42604070,605
804000065,42684065,0,0,8,4,0,迷宫装备,,,巨神战裙,巨神战裙,human_robot_icon_atlas_0,42604004,42604070,605
804000066,42684066,0,0,8,4,0,迷宫装备,,,巨神战裙,巨神战裙,human_robot_icon_atlas_0,42604004,42604070,605
804000067,42684067,0,0,8,4,0,迷宫装备,,,巨神战裙,巨神战裙,human_robot_icon_atlas_0,42604004,42604070,605
804000068,42684068,0,0,8,4,0,迷宫装备,,,巨神战裙,巨神战裙,human_robot_icon_atlas_0,42604004,42604070,605
804000069,42684069,0,0,8,4,0,迷宫装备,,,巨神战裙,巨神战裙,human_robot_icon_atlas_0,42604004,42604070,605
804000070,42684070,0,0,8,4,0,迷宫装备,,,巨神战裙,巨神战裙,human_robot_icon_atlas_0,42604004,42604070,605
804000071,42684071,0,0,8,4,0,迷宫装备,,,天罡战裙,天罡战裙,human_robot_icon_atlas_0,42604004,42604080,605
804000072,42684072,0,0,8,4,0,迷宫装备,,,天罡战裙,天罡战裙,human_robot_icon_atlas_0,42604004,42604080,605
804000073,42684073,0,0,8,4,0,迷宫装备,,,天罡战裙,天罡战裙,human_robot_icon_atlas_0,42604004,42604080,605
804000074,42684074,0,0,8,4,0,迷宫装备,,,天罡战裙,天罡战裙,human_robot_icon_atlas_0,42604004,42604080,605
804000075,42684075,0,0,8,4,0,迷宫装备,,,天罡战裙,天罡战裙,human_robot_icon_atlas_0,42604004,42604080,605
804000076,42684076,0,0,8,4,0,迷宫装备,,,天罡战裙,天罡战裙,human_robot_icon_atlas_0,42604004,42604080,605
804000077,42684077,0,0,8,4,0,迷宫装备,,,天罡战裙,天罡战裙,human_robot_icon_atlas_0,42604004,42604080,605
804000078,42684078,0,0,8,4,0,迷宫装备,,,天罡战裙,天罡战裙,human_robot_icon_atlas_0,42604004,42604080,605
804000079,42684079,0,0,8,4,0,迷宫装备,,,天罡战裙,天罡战裙,human_robot_icon_atlas_0,42604004,42604080,605
804000080,42684080,0,0,8,4,0,迷宫装备,,,天罡战裙,天罡战裙,human_robot_icon_atlas_0,42604004,42604080,605
804000081,42684081,0,0,8,4,0,迷宫装备,,,雷神战裙,雷神战裙,human_robot_icon_atlas_0,42604004,42604090,605
804000082,42684082,0,0,8,4,0,迷宫装备,,,雷神战裙,雷神战裙,human_robot_icon_atlas_0,42604004,42604090,605
804000083,42684083,0,0,8,4,0,迷宫装备,,,雷神战裙,雷神战裙,human_robot_icon_atlas_0,42604004,42604090,605
804000084,42684084,0,0,8,4,0,迷宫装备,,,雷神战裙,雷神战裙,human_robot_icon_atlas_0,42604004,42604090,605
804000085,42684085,0,0,8,4,0,迷宫装备,,,雷神战裙,雷神战裙,human_robot_icon_atlas_0,42604004,42604090,605
804000086,42684086,0,0,8,4,0,迷宫装备,,,雷神战裙,雷神战裙,human_robot_icon_atlas_0,42604004,42604090,605
804000087,42684087,0,0,8,4,0,迷宫装备,,,雷神战裙,雷神战裙,human_robot_icon_atlas_0,42604004,42604090,605
804000088,42684088,0,0,8,4,0,迷宫装备,,,雷神战裙,雷神战裙,human_robot_icon_atlas_0,42604004,42604090,605
804000089,42684089,0,0,8,4,0,迷宫装备,,,雷神战裙,雷神战裙,human_robot_icon_atlas_0,42604004,42604090,605
804000090,42684090,0,0,8,4,0,迷宫装备,,,雷神战裙,雷神战裙,human_robot_icon_atlas_0,42604004,42604090,605
804000091,42684091,0,0,8,4,0,迷宫装备,,,狮吼战裙,狮吼战裙,human_robot_icon_atlas_0,42604004,42604100,605
804000092,42684092,0,0,8,4,0,迷宫装备,,,狮吼战裙,狮吼战裙,human_robot_icon_atlas_0,42604004,42604100,605
804000093,42684093,0,0,8,4,0,迷宫装备,,,狮吼战裙,狮吼战裙,human_robot_icon_atlas_0,42604004,42604100,605
804000094,42684094,0,0,8,4,0,迷宫装备,,,狮吼战裙,狮吼战裙,human_robot_icon_atlas_0,42604004,42604100,605
804000095,42684095,0,0,8,4,0,迷宫装备,,,狮吼战裙,狮吼战裙,human_robot_icon_atlas_0,42604004,42604100,605
804000096,42684096,0,0,8,4,0,迷宫装备,,,狮吼战裙,狮吼战裙,human_robot_icon_atlas_0,42604004,42604100,605
804000097,42684097,0,0,8,4,0,迷宫装备,,,狮吼战裙,狮吼战裙,human_robot_icon_atlas_0,42604004,42604100,605
804000098,42684098,0,0,8,4,0,迷宫装备,,,狮吼战裙,狮吼战裙,human_robot_icon_atlas_0,42604004,42604100,605
804000099,42684099,0,0,8,4,0,迷宫装备,,,狮吼战裙,狮吼战裙,human_robot_icon_atlas_0,42604004,42604100,605
804000100,42684100,0,0,8,4,0,迷宫装备,,,狮吼战裙,狮吼战裙,human_robot_icon_atlas_0,42604004,42604100,605
804000101,42684101,0,0,8,4,0,迷宫装备,,,灵蛇战裙,灵蛇战裙,human_robot_icon_atlas_0,42604004,42604110,605
804000102,42684102,0,0,8,4,0,迷宫装备,,,灵蛇战裙,灵蛇战裙,human_robot_icon_atlas_0,42604004,42604110,605
804000103,42684103,0,0,8,4,0,迷宫装备,,,灵蛇战裙,灵蛇战裙,human_robot_icon_atlas_0,42604004,42604110,605
804000104,42684104,0,0,8,4,0,迷宫装备,,,灵蛇战裙,灵蛇战裙,human_robot_icon_atlas_0,42604004,42604110,605
804000105,42684105,0,0,8,4,0,迷宫装备,,,灵蛇战裙,灵蛇战裙,human_robot_icon_atlas_0,42604004,42604110,605
804000106,42684106,0,0,8,4,0,迷宫装备,,,灵蛇战裙,灵蛇战裙,human_robot_icon_atlas_0,42604004,42604110,605
804000107,42684107,0,0,8,4,0,迷宫装备,,,灵蛇战裙,灵蛇战裙,human_robot_icon_atlas_0,42604004,42604110,605
804000108,42684108,0,0,8,4,0,迷宫装备,,,灵蛇战裙,灵蛇战裙,human_robot_icon_atlas_0,42604004,42604110,605
804000109,42684109,0,0,8,4,0,迷宫装备,,,灵蛇战裙,灵蛇战裙,human_robot_icon_atlas_0,42604004,42604110,605
804000110,42684110,0,0,8,4,0,迷宫装备,,,灵蛇战裙,灵蛇战裙,human_robot_icon_atlas_0,42604004,42604110,605
804000111,42684111,0,0,8,4,0,迷宫装备,,,朱雀战裙,朱雀战裙,human_robot_icon_atlas_0,42604004,42604120,605
804000112,42684112,0,0,8,4,0,迷宫装备,,,朱雀战裙,朱雀战裙,human_robot_icon_atlas_0,42604004,42604120,605
804000113,42684113,0,0,8,4,0,迷宫装备,,,朱雀战裙,朱雀战裙,human_robot_icon_atlas_0,42604004,42604120,605
804000114,42684114,0,0,8,4,0,迷宫装备,,,朱雀战裙,朱雀战裙,human_robot_icon_atlas_0,42604004,42604120,605
804000115,42684115,0,0,8,4,0,迷宫装备,,,朱雀战裙,朱雀战裙,human_robot_icon_atlas_0,42604004,42604120,605
804000116,42684116,0,0,8,4,0,迷宫装备,,,朱雀战裙,朱雀战裙,human_robot_icon_atlas_0,42604004,42604120,605
804000117,42684117,0,0,8,4,0,迷宫装备,,,朱雀战裙,朱雀战裙,human_robot_icon_atlas_0,42604004,42604120,605
804000118,42684118,0,0,8,4,0,迷宫装备,,,朱雀战裙,朱雀战裙,human_robot_icon_atlas_0,42604004,42604120,605
804000119,42684119,0,0,8,4,0,迷宫装备,,,朱雀战裙,朱雀战裙,human_robot_icon_atlas_0,42604004,42604120,605
804000120,42684120,0,0,8,4,0,迷宫装备,,,朱雀战裙,朱雀战裙,human_robot_icon_atlas_0,42604004,42604120,605
804000121,42684121,0,0,8,4,0,迷宫装备,,,龙形战裙,龙形战裙,human_robot_icon_atlas_0,42604004,42604130,605
804000122,42684122,0,0,8,4,0,迷宫装备,,,龙形战裙,龙形战裙,human_robot_icon_atlas_0,42604004,42604130,605
804000123,42684123,0,0,8,4,0,迷宫装备,,,龙形战裙,龙形战裙,human_robot_icon_atlas_0,42604004,42604130,605
804000124,42684124,0,0,8,4,0,迷宫装备,,,龙形战裙,龙形战裙,human_robot_icon_atlas_0,42604004,42604130,605
804000125,42684125,0,0,8,4,0,迷宫装备,,,龙形战裙,龙形战裙,human_robot_icon_atlas_0,42604004,42604130,605
804000126,42684126,0,0,8,4,0,迷宫装备,,,龙形战裙,龙形战裙,human_robot_icon_atlas_0,42604004,42604130,605
804000127,42684127,0,0,8,4,0,迷宫装备,,,龙形战裙,龙形战裙,human_robot_icon_atlas_0,42604004,42604130,605
804000128,42684128,0,0,8,4,0,迷宫装备,,,龙形战裙,龙形战裙,human_robot_icon_atlas_0,42604004,42604130,605
804000129,42684129,0,0,8,4,0,迷宫装备,,,龙形战裙,龙形战裙,human_robot_icon_atlas_0,42604004,42604130,605
804000130,42684130,0,0,8,4,0,迷宫装备,,,龙形战裙,龙形战裙,human_robot_icon_atlas_0,42604004,42604130,605
804000131,42684131,0,0,8,4,0,迷宫装备,,,龙王战裙,龙王战裙,human_robot_icon_atlas_0,42604004,42604140,605
804000132,42684132,0,0,8,4,0,迷宫装备,,,龙王战裙,龙王战裙,human_robot_icon_atlas_0,42604004,42604140,605
804000133,42684133,0,0,8,4,0,迷宫装备,,,龙王战裙,龙王战裙,human_robot_icon_atlas_0,42604004,42604140,605
804000134,42684134,0,0,8,4,0,迷宫装备,,,龙王战裙,龙王战裙,human_robot_icon_atlas_0,42604004,42604140,605
804000135,42684135,0,0,8,4,0,迷宫装备,,,龙王战裙,龙王战裙,human_robot_icon_atlas_0,42604004,42604140,605
804000136,42684136,0,0,8,4,0,迷宫装备,,,龙王战裙,龙王战裙,human_robot_icon_atlas_0,42604004,42604140,605
804000137,42684137,0,0,8,4,0,迷宫装备,,,龙王战裙,龙王战裙,human_robot_icon_atlas_0,42604004,42604140,605
804000138,42684138,0,0,8,4,0,迷宫装备,,,龙王战裙,龙王战裙,human_robot_icon_atlas_0,42604004,42604140,605
804000139,42684139,0,0,8,4,0,迷宫装备,,,龙王战裙,龙王战裙,human_robot_icon_atlas_0,42604004,42604140,605
804000140,42684140,0,0,8,4,0,迷宫装备,,,龙王战裙,龙王战裙,human_robot_icon_atlas_0,42604004,42604140,605
804000141,42684141,0,0,8,4,0,迷宫装备,,,龙皇战裙,龙皇战裙,human_robot_icon_atlas_0,42604004,42604150,605
804000142,42684142,0,0,8,4,0,迷宫装备,,,龙皇战裙,龙皇战裙,human_robot_icon_atlas_0,42604004,42604150,605
804000143,42684143,0,0,8,4,0,迷宫装备,,,龙皇战裙,龙皇战裙,human_robot_icon_atlas_0,42604004,42604150,605
804000144,42684144,0,0,8,4,0,迷宫装备,,,龙皇战裙,龙皇战裙,human_robot_icon_atlas_0,42604004,42604150,605
804000145,42684145,0,0,8,4,0,迷宫装备,,,龙皇战裙,龙皇战裙,human_robot_icon_atlas_0,42604004,42604150,605
804000146,42684146,0,0,8,4,0,迷宫装备,,,龙皇战裙,龙皇战裙,human_robot_icon_atlas_0,42604004,42604150,605
804000147,42684147,0,0,8,4,0,迷宫装备,,,龙皇战裙,龙皇战裙,human_robot_icon_atlas_0,42604004,42604150,605
804000148,42684148,0,0,8,4,0,迷宫装备,,,龙皇战裙,龙皇战裙,human_robot_icon_atlas_0,42604004,42604150,605
804000149,42684149,0,0,8,4,0,迷宫装备,,,龙皇战裙,龙皇战裙,human_robot_icon_atlas_0,42604004,42604150,605
804000150,42684150,0,0,8,4,0,迷宫装备,,,龙皇战裙,龙皇战裙,human_robot_icon_atlas_0,42604004,42604150,605
804000151,42684151,0,0,8,4,0,迷宫装备,,,龙神战裙,龙神战裙,human_robot_icon_atlas_0,42604004,42604160,605
804000152,42684152,0,0,8,4,0,迷宫装备,,,龙神战裙,龙神战裙,human_robot_icon_atlas_0,42604004,42604160,605
804000153,42684153,0,0,8,4,0,迷宫装备,,,龙神战裙,龙神战裙,human_robot_icon_atlas_0,42604004,42604160,605
804000154,42684154,0,0,8,4,0,迷宫装备,,,龙神战裙,龙神战裙,human_robot_icon_atlas_0,42604004,42604160,605
804000155,42684155,0,0,8,4,0,迷宫装备,,,龙神战裙,龙神战裙,human_robot_icon_atlas_0,42604004,42604160,605
804000156,42684156,0,0,8,4,0,迷宫装备,,,龙神战裙,龙神战裙,human_robot_icon_atlas_0,42604004,42604160,605
804000157,42684157,0,0,8,4,0,迷宫装备,,,龙神战裙,龙神战裙,human_robot_icon_atlas_0,42604004,42604160,605
804000158,42684158,0,0,8,4,0,迷宫装备,,,龙神战裙,龙神战裙,human_robot_icon_atlas_0,42604004,42604160,605
804000159,42684159,0,0,8,4,0,迷宫装备,,,龙神战裙,龙神战裙,human_robot_icon_atlas_0,42604004,42604160,605
804000160,42684160,0,0,8,4,0,迷宫装备,,,龙神战裙,龙神战裙,human_robot_icon_atlas_0,42604004,42604160,605
105000001,42615001,0,0,1,5,0,迷宫装备,,,青藤指环,青藤指环,human_robot_icon_atlas_0,42605001,42605010,
105000002,42615002,0,0,1,5,0,迷宫装备,,,青藤指环,青藤指环,human_robot_icon_atlas_0,42605002,42605010,
105000003,42615003,0,0,1,5,0,迷宫装备,,,青藤指环,青藤指环,human_robot_icon_atlas_0,42605003,42605010,
105000004,42615004,0,0,1,5,0,迷宫装备,,,青藤指环,青藤指环,human_robot_icon_atlas_0,42605004,42605010,
105000005,42615005,0,0,1,5,0,迷宫装备,,,青藤指环,青藤指环,human_robot_icon_atlas_0,42605004,42605010,
105000006,42615006,0,0,1,5,0,迷宫装备,,,青藤指环,青藤指环,human_robot_icon_atlas_0,42605004,42605010,
105000007,42615007,0,0,1,5,0,迷宫装备,,,青藤指环,青藤指环,human_robot_icon_atlas_0,42605004,42605010,
105000008,42615008,0,0,1,5,0,迷宫装备,,,青藤指环,青藤指环,human_robot_icon_atlas_0,42605004,42605010,
105000009,42615009,0,0,1,5,0,迷宫装备,,,青藤指环,青藤指环,human_robot_icon_atlas_0,42605004,42605010,
105000010,42615010,0,0,1,5,0,迷宫装备,,,青藤指环,青藤指环,human_robot_icon_atlas_0,42605004,42605010,
105000011,42615011,0,0,1,5,0,迷宫装备,,,铁指环,铁指环,human_robot_icon_atlas_0,42605004,42605020,
105000012,42615012,0,0,1,5,0,迷宫装备,,,铁指环,铁指环,human_robot_icon_atlas_0,42605004,42605020,
105000013,42615013,0,0,1,5,0,迷宫装备,,,铁指环,铁指环,human_robot_icon_atlas_0,42605004,42605020,
105000014,42615014,0,0,1,5,0,迷宫装备,,,铁指环,铁指环,human_robot_icon_atlas_0,42605004,42605020,
105000015,42615015,0,0,1,5,0,迷宫装备,,,铁指环,铁指环,human_robot_icon_atlas_0,42605004,42605020,
105000016,42615016,0,0,1,5,0,迷宫装备,,,铁指环,铁指环,human_robot_icon_atlas_0,42605004,42605020,
105000017,42615017,0,0,1,5,0,迷宫装备,,,铁指环,铁指环,human_robot_icon_atlas_0,42605004,42605020,
105000018,42615018,0,0,1,5,0,迷宫装备,,,铁指环,铁指环,human_robot_icon_atlas_0,42605004,42605020,
105000019,42615019,0,0,1,5,0,迷宫装备,,,铁指环,铁指环,human_robot_icon_atlas_0,42605004,42605020,
105000020,42615020,0,0,1,5,0,迷宫装备,,,铁指环,铁指环,human_robot_icon_atlas_0,42605004,42605020,
105000021,42615021,0,0,1,5,0,迷宫装备,,,青钢指环,青钢指环,human_robot_icon_atlas_0,42605004,42605030,
105000022,42615022,0,0,1,5,0,迷宫装备,,,青钢指环,青钢指环,human_robot_icon_atlas_0,42605004,42605030,
105000023,42615023,0,0,1,5,0,迷宫装备,,,青钢指环,青钢指环,human_robot_icon_atlas_0,42605004,42605030,
105000024,42615024,0,0,1,5,0,迷宫装备,,,青钢指环,青钢指环,human_robot_icon_atlas_0,42605004,42605030,
105000025,42615025,0,0,1,5,0,迷宫装备,,,青钢指环,青钢指环,human_robot_icon_atlas_0,42605004,42605030,
105000026,42615026,0,0,1,5,0,迷宫装备,,,青钢指环,青钢指环,human_robot_icon_atlas_0,42605004,42605030,
105000027,42615027,0,0,1,5,0,迷宫装备,,,青钢指环,青钢指环,human_robot_icon_atlas_0,42605004,42605030,
105000028,42615028,0,0,1,5,0,迷宫装备,,,青钢指环,青钢指环,human_robot_icon_atlas_0,42605004,42605030,
105000029,42615029,0,0,1,5,0,迷宫装备,,,青钢指环,青钢指环,human_robot_icon_atlas_0,42605004,42605030,
105000030,42615030,0,0,1,5,0,迷宫装备,,,青钢指环,青钢指环,human_robot_icon_atlas_0,42605004,42605030,
105000031,42615031,0,0,1,5,0,迷宫装备,,,流云指环,流云指环,human_robot_icon_atlas_0,42605004,42605040,
105000032,42615032,0,0,1,5,0,迷宫装备,,,流云指环,流云指环,human_robot_icon_atlas_0,42605004,42605040,
105000033,42615033,0,0,1,5,0,迷宫装备,,,流云指环,流云指环,human_robot_icon_atlas_0,42605004,42605040,
105000034,42615034,0,0,1,5,0,迷宫装备,,,流云指环,流云指环,human_robot_icon_atlas_0,42605004,42605040,
105000035,42615035,0,0,1,5,0,迷宫装备,,,流云指环,流云指环,human_robot_icon_atlas_0,42605004,42605040,
105000036,42615036,0,0,1,5,0,迷宫装备,,,流云指环,流云指环,human_robot_icon_atlas_0,42605004,42605040,
105000037,42615037,0,0,1,5,0,迷宫装备,,,流云指环,流云指环,human_robot_icon_atlas_0,42605004,42605040,
105000038,42615038,0,0,1,5,0,迷宫装备,,,流云指环,流云指环,human_robot_icon_atlas_0,42605004,42605040,
105000039,42615039,0,0,1,5,0,迷宫装备,,,流云指环,流云指环,human_robot_icon_atlas_0,42605004,42605040,
105000040,42615040,0,0,1,5,0,迷宫装备,,,流云指环,流云指环,human_robot_icon_atlas_0,42605004,42605040,
105000041,42615041,0,0,1,5,0,迷宫装备,,,飞虹指环,飞虹指环,human_robot_icon_atlas_0,42605004,42605050,
105000042,42615042,0,0,1,5,0,迷宫装备,,,飞虹指环,飞虹指环,human_robot_icon_atlas_0,42605004,42605050,
105000043,42615043,0,0,1,5,0,迷宫装备,,,飞虹指环,飞虹指环,human_robot_icon_atlas_0,42605004,42605050,
105000044,42615044,0,0,1,5,0,迷宫装备,,,飞虹指环,飞虹指环,human_robot_icon_atlas_0,42605004,42605050,
105000045,42615045,0,0,1,5,0,迷宫装备,,,飞虹指环,飞虹指环,human_robot_icon_atlas_0,42605004,42605050,
105000046,42615046,0,0,1,5,0,迷宫装备,,,飞虹指环,飞虹指环,human_robot_icon_atlas_0,42605004,42605050,
105000047,42615047,0,0,1,5,0,迷宫装备,,,飞虹指环,飞虹指环,human_robot_icon_atlas_0,42605004,42605050,
105000048,42615048,0,0,1,5,0,迷宫装备,,,飞虹指环,飞虹指环,human_robot_icon_atlas_0,42605004,42605050,
105000049,42615049,0,0,1,5,0,迷宫装备,,,飞虹指环,飞虹指环,human_robot_icon_atlas_0,42605004,42605050,
105000050,42615050,0,0,1,5,0,迷宫装备,,,飞虹指环,飞虹指环,human_robot_icon_atlas_0,42605004,42605050,
105000051,42615051,0,0,1,5,0,迷宫装备,,,紫金指环,紫金指环,human_robot_icon_atlas_0,42605004,42605060,
105000052,42615052,0,0,1,5,0,迷宫装备,,,紫金指环,紫金指环,human_robot_icon_atlas_0,42605004,42605060,
105000053,42615053,0,0,1,5,0,迷宫装备,,,紫金指环,紫金指环,human_robot_icon_atlas_0,42605004,42605060,
105000054,42615054,0,0,1,5,0,迷宫装备,,,紫金指环,紫金指环,human_robot_icon_atlas_0,42605004,42605060,
105000055,42615055,0,0,1,5,0,迷宫装备,,,紫金指环,紫金指环,human_robot_icon_atlas_0,42605004,42605060,
105000056,42615056,0,0,1,5,0,迷宫装备,,,紫金指环,紫金指环,human_robot_icon_atlas_0,42605004,42605060,
105000057,42615057,0,0,1,5,0,迷宫装备,,,紫金指环,紫金指环,human_robot_icon_atlas_0,42605004,42605060,
105000058,42615058,0,0,1,5,0,迷宫装备,,,紫金指环,紫金指环,human_robot_icon_atlas_0,42605004,42605060,
105000059,42615059,0,0,1,5,0,迷宫装备,,,紫金指环,紫金指环,human_robot_icon_atlas_0,42605004,42605060,
105000060,42615060,0,0,1,5,0,迷宫装备,,,紫金指环,紫金指环,human_robot_icon_atlas_0,42605004,42605060,
105000061,42615061,0,0,1,5,0,迷宫装备,,,巨神指环,巨神指环,human_robot_icon_atlas_0,42605004,42605070,
105000062,42615062,0,0,1,5,0,迷宫装备,,,巨神指环,巨神指环,human_robot_icon_atlas_0,42605004,42605070,
105000063,42615063,0,0,1,5,0,迷宫装备,,,巨神指环,巨神指环,human_robot_icon_atlas_0,42605004,42605070,
105000064,42615064,0,0,1,5,0,迷宫装备,,,巨神指环,巨神指环,human_robot_icon_atlas_0,42605004,42605070,
105000065,42615065,0,0,1,5,0,迷宫装备,,,巨神指环,巨神指环,human_robot_icon_atlas_0,42605004,42605070,
105000066,42615066,0,0,1,5,0,迷宫装备,,,巨神指环,巨神指环,human_robot_icon_atlas_0,42605004,42605070,
105000067,42615067,0,0,1,5,0,迷宫装备,,,巨神指环,巨神指环,human_robot_icon_atlas_0,42605004,42605070,
105000068,42615068,0,0,1,5,0,迷宫装备,,,巨神指环,巨神指环,human_robot_icon_atlas_0,42605004,42605070,
105000069,42615069,0,0,1,5,0,迷宫装备,,,巨神指环,巨神指环,human_robot_icon_atlas_0,42605004,42605070,
105000070,42615070,0,0,1,5,0,迷宫装备,,,巨神指环,巨神指环,human_robot_icon_atlas_0,42605004,42605070,
105000071,42615071,0,0,1,5,0,迷宫装备,,,天罡指环,天罡指环,human_robot_icon_atlas_0,42605004,42605080,
105000072,42615072,0,0,1,5,0,迷宫装备,,,天罡指环,天罡指环,human_robot_icon_atlas_0,42605004,42605080,
105000073,42615073,0,0,1,5,0,迷宫装备,,,天罡指环,天罡指环,human_robot_icon_atlas_0,42605004,42605080,
105000074,42615074,0,0,1,5,0,迷宫装备,,,天罡指环,天罡指环,human_robot_icon_atlas_0,42605004,42605080,
105000075,42615075,0,0,1,5,0,迷宫装备,,,天罡指环,天罡指环,human_robot_icon_atlas_0,42605004,42605080,
105000076,42615076,0,0,1,5,0,迷宫装备,,,天罡指环,天罡指环,human_robot_icon_atlas_0,42605004,42605080,
105000077,42615077,0,0,1,5,0,迷宫装备,,,天罡指环,天罡指环,human_robot_icon_atlas_0,42605004,42605080,
105000078,42615078,0,0,1,5,0,迷宫装备,,,天罡指环,天罡指环,human_robot_icon_atlas_0,42605004,42605080,
105000079,42615079,0,0,1,5,0,迷宫装备,,,天罡指环,天罡指环,human_robot_icon_atlas_0,42605004,42605080,
105000080,42615080,0,0,1,5,0,迷宫装备,,,天罡指环,天罡指环,human_robot_icon_atlas_0,42605004,42605080,
105000081,42615081,0,0,1,5,0,迷宫装备,,,雷神指环,雷神指环,human_robot_icon_atlas_0,42605004,42605090,
105000082,42615082,0,0,1,5,0,迷宫装备,,,雷神指环,雷神指环,human_robot_icon_atlas_0,42605004,42605090,
105000083,42615083,0,0,1,5,0,迷宫装备,,,雷神指环,雷神指环,human_robot_icon_atlas_0,42605004,42605090,
105000084,42615084,0,0,1,5,0,迷宫装备,,,雷神指环,雷神指环,human_robot_icon_atlas_0,42605004,42605090,
105000085,42615085,0,0,1,5,0,迷宫装备,,,雷神指环,雷神指环,human_robot_icon_atlas_0,42605004,42605090,
105000086,42615086,0,0,1,5,0,迷宫装备,,,雷神指环,雷神指环,human_robot_icon_atlas_0,42605004,42605090,
105000087,42615087,0,0,1,5,0,迷宫装备,,,雷神指环,雷神指环,human_robot_icon_atlas_0,42605004,42605090,
105000088,42615088,0,0,1,5,0,迷宫装备,,,雷神指环,雷神指环,human_robot_icon_atlas_0,42605004,42605090,
105000089,42615089,0,0,1,5,0,迷宫装备,,,雷神指环,雷神指环,human_robot_icon_atlas_0,42605004,42605090,
105000090,42615090,0,0,1,5,0,迷宫装备,,,雷神指环,雷神指环,human_robot_icon_atlas_0,42605004,42605090,
105000091,42615091,0,0,1,5,0,迷宫装备,,,狮吼指环,狮吼指环,human_robot_icon_atlas_0,42605004,42605100,
105000092,42615092,0,0,1,5,0,迷宫装备,,,狮吼指环,狮吼指环,human_robot_icon_atlas_0,42605004,42605100,
105000093,42615093,0,0,1,5,0,迷宫装备,,,狮吼指环,狮吼指环,human_robot_icon_atlas_0,42605004,42605100,
105000094,42615094,0,0,1,5,0,迷宫装备,,,狮吼指环,狮吼指环,human_robot_icon_atlas_0,42605004,42605100,
105000095,42615095,0,0,1,5,0,迷宫装备,,,狮吼指环,狮吼指环,human_robot_icon_atlas_0,42605004,42605100,
105000096,42615096,0,0,1,5,0,迷宫装备,,,狮吼指环,狮吼指环,human_robot_icon_atlas_0,42605004,42605100,
105000097,42615097,0,0,1,5,0,迷宫装备,,,狮吼指环,狮吼指环,human_robot_icon_atlas_0,42605004,42605100,
105000098,42615098,0,0,1,5,0,迷宫装备,,,狮吼指环,狮吼指环,human_robot_icon_atlas_0,42605004,42605100,
105000099,42615099,0,0,1,5,0,迷宫装备,,,狮吼指环,狮吼指环,human_robot_icon_atlas_0,42605004,42605100,
105000100,42615100,0,0,1,5,0,迷宫装备,,,狮吼指环,狮吼指环,human_robot_icon_atlas_0,42605004,42605100,
105000101,42615101,0,0,1,5,0,迷宫装备,,,灵蛇指环,灵蛇指环,human_robot_icon_atlas_0,42605004,42605110,
105000102,42615102,0,0,1,5,0,迷宫装备,,,灵蛇指环,灵蛇指环,human_robot_icon_atlas_0,42605004,42605110,
105000103,42615103,0,0,1,5,0,迷宫装备,,,灵蛇指环,灵蛇指环,human_robot_icon_atlas_0,42605004,42605110,
105000104,42615104,0,0,1,5,0,迷宫装备,,,灵蛇指环,灵蛇指环,human_robot_icon_atlas_0,42605004,42605110,
105000105,42615105,0,0,1,5,0,迷宫装备,,,灵蛇指环,灵蛇指环,human_robot_icon_atlas_0,42605004,42605110,
105000106,42615106,0,0,1,5,0,迷宫装备,,,灵蛇指环,灵蛇指环,human_robot_icon_atlas_0,42605004,42605110,
105000107,42615107,0,0,1,5,0,迷宫装备,,,灵蛇指环,灵蛇指环,human_robot_icon_atlas_0,42605004,42605110,
105000108,42615108,0,0,1,5,0,迷宫装备,,,灵蛇指环,灵蛇指环,human_robot_icon_atlas_0,42605004,42605110,
105000109,42615109,0,0,1,5,0,迷宫装备,,,灵蛇指环,灵蛇指环,human_robot_icon_atlas_0,42605004,42605110,
105000110,42615110,0,0,1,5,0,迷宫装备,,,灵蛇指环,灵蛇指环,human_robot_icon_atlas_0,42605004,42605110,
105000111,42615111,0,0,1,5,0,迷宫装备,,,朱雀指环,朱雀指环,human_robot_icon_atlas_0,42605004,42605120,
105000112,42615112,0,0,1,5,0,迷宫装备,,,朱雀指环,朱雀指环,human_robot_icon_atlas_0,42605004,42605120,
105000113,42615113,0,0,1,5,0,迷宫装备,,,朱雀指环,朱雀指环,human_robot_icon_atlas_0,42605004,42605120,
105000114,42615114,0,0,1,5,0,迷宫装备,,,朱雀指环,朱雀指环,human_robot_icon_atlas_0,42605004,42605120,
105000115,42615115,0,0,1,5,0,迷宫装备,,,朱雀指环,朱雀指环,human_robot_icon_atlas_0,42605004,42605120,
105000116,42615116,0,0,1,5,0,迷宫装备,,,朱雀指环,朱雀指环,human_robot_icon_atlas_0,42605004,42605120,
105000117,42615117,0,0,1,5,0,迷宫装备,,,朱雀指环,朱雀指环,human_robot_icon_atlas_0,42605004,42605120,
105000118,42615118,0,0,1,5,0,迷宫装备,,,朱雀指环,朱雀指环,human_robot_icon_atlas_0,42605004,42605120,
105000119,42615119,0,0,1,5,0,迷宫装备,,,朱雀指环,朱雀指环,human_robot_icon_atlas_0,42605004,42605120,
105000120,42615120,0,0,1,5,0,迷宫装备,,,朱雀指环,朱雀指环,human_robot_icon_atlas_0,42605004,42605120,
105000121,42615121,0,0,1,5,0,迷宫装备,,,龙形指环,龙形指环,human_robot_icon_atlas_0,42605004,42605130,
105000122,42615122,0,0,1,5,0,迷宫装备,,,龙形指环,龙形指环,human_robot_icon_atlas_0,42605004,42605130,
105000123,42615123,0,0,1,5,0,迷宫装备,,,龙形指环,龙形指环,human_robot_icon_atlas_0,42605004,42605130,
105000124,42615124,0,0,1,5,0,迷宫装备,,,龙形指环,龙形指环,human_robot_icon_atlas_0,42605004,42605130,
105000125,42615125,0,0,1,5,0,迷宫装备,,,龙形指环,龙形指环,human_robot_icon_atlas_0,42605004,42605130,
105000126,42615126,0,0,1,5,0,迷宫装备,,,龙形指环,龙形指环,human_robot_icon_atlas_0,42605004,42605130,
105000127,42615127,0,0,1,5,0,迷宫装备,,,龙形指环,龙形指环,human_robot_icon_atlas_0,42605004,42605130,
105000128,42615128,0,0,1,5,0,迷宫装备,,,龙形指环,龙形指环,human_robot_icon_atlas_0,42605004,42605130,
105000129,42615129,0,0,1,5,0,迷宫装备,,,龙形指环,龙形指环,human_robot_icon_atlas_0,42605004,42605130,
105000130,42615130,0,0,1,5,0,迷宫装备,,,龙形指环,龙形指环,human_robot_icon_atlas_0,42605004,42605130,
105000131,42615131,0,0,1,5,0,迷宫装备,,,龙王指环,龙王指环,human_robot_icon_atlas_0,42605004,42605140,
105000132,42615132,0,0,1,5,0,迷宫装备,,,龙王指环,龙王指环,human_robot_icon_atlas_0,42605004,42605140,
105000133,42615133,0,0,1,5,0,迷宫装备,,,龙王指环,龙王指环,human_robot_icon_atlas_0,42605004,42605140,
105000134,42615134,0,0,1,5,0,迷宫装备,,,龙王指环,龙王指环,human_robot_icon_atlas_0,42605004,42605140,
105000135,42615135,0,0,1,5,0,迷宫装备,,,龙王指环,龙王指环,human_robot_icon_atlas_0,42605004,42605140,
105000136,42615136,0,0,1,5,0,迷宫装备,,,龙王指环,龙王指环,human_robot_icon_atlas_0,42605004,42605140,
105000137,42615137,0,0,1,5,0,迷宫装备,,,龙王指环,龙王指环,human_robot_icon_atlas_0,42605004,42605140,
105000138,42615138,0,0,1,5,0,迷宫装备,,,龙王指环,龙王指环,human_robot_icon_atlas_0,42605004,42605140,
105000139,42615139,0,0,1,5,0,迷宫装备,,,龙王指环,龙王指环,human_robot_icon_atlas_0,42605004,42605140,
105000140,42615140,0,0,1,5,0,迷宫装备,,,龙王指环,龙王指环,human_robot_icon_atlas_0,42605004,42605140,
105000141,42615141,0,0,1,5,0,迷宫装备,,,龙皇指环,龙皇指环,human_robot_icon_atlas_0,42605004,42605150,
105000142,42615142,0,0,1,5,0,迷宫装备,,,龙皇指环,龙皇指环,human_robot_icon_atlas_0,42605004,42605150,
105000143,42615143,0,0,1,5,0,迷宫装备,,,龙皇指环,龙皇指环,human_robot_icon_atlas_0,42605004,42605150,
105000144,42615144,0,0,1,5,0,迷宫装备,,,龙皇指环,龙皇指环,human_robot_icon_atlas_0,42605004,42605150,
105000145,42615145,0,0,1,5,0,迷宫装备,,,龙皇指环,龙皇指环,human_robot_icon_atlas_0,42605004,42605150,
105000146,42615146,0,0,1,5,0,迷宫装备,,,龙皇指环,龙皇指环,human_robot_icon_atlas_0,42605004,42605150,
105000147,42615147,0,0,1,5,0,迷宫装备,,,龙皇指环,龙皇指环,human_robot_icon_atlas_0,42605004,42605150,
105000148,42615148,0,0,1,5,0,迷宫装备,,,龙皇指环,龙皇指环,human_robot_icon_atlas_0,42605004,42605150,
105000149,42615149,0,0,1,5,0,迷宫装备,,,龙皇指环,龙皇指环,human_robot_icon_atlas_0,42605004,42605150,
105000150,42615150,0,0,1,5,0,迷宫装备,,,龙皇指环,龙皇指环,human_robot_icon_atlas_0,42605004,42605150,
105000151,42615151,0,0,1,5,0,迷宫装备,,,龙神指环,龙神指环,human_robot_icon_atlas_0,42605004,42605160,
105000152,42615152,0,0,1,5,0,迷宫装备,,,龙神指环,龙神指环,human_robot_icon_atlas_0,42605004,42605160,
105000153,42615153,0,0,1,5,0,迷宫装备,,,龙神指环,龙神指环,human_robot_icon_atlas_0,42605004,42605160,
105000154,42615154,0,0,1,5,0,迷宫装备,,,龙神指环,龙神指环,human_robot_icon_atlas_0,42605004,42605160,
105000155,42615155,0,0,1,5,0,迷宫装备,,,龙神指环,龙神指环,human_robot_icon_atlas_0,42605004,42605160,
105000156,42615156,0,0,1,5,0,迷宫装备,,,龙神指环,龙神指环,human_robot_icon_atlas_0,42605004,42605160,
105000157,42615157,0,0,1,5,0,迷宫装备,,,龙神指环,龙神指环,human_robot_icon_atlas_0,42605004,42605160,
105000158,42615158,0,0,1,5,0,迷宫装备,,,龙神指环,龙神指环,human_robot_icon_atlas_0,42605004,42605160,
105000159,42615159,0,0,1,5,0,迷宫装备,,,龙神指环,龙神指环,human_robot_icon_atlas_0,42605004,42605160,
105000160,42615160,0,0,1,5,0,迷宫装备,,,龙神指环,龙神指环,human_robot_icon_atlas_0,42605004,42605160,
305000001,42635001,0,0,3,5,0,迷宫装备,,,青藤指环,青藤指环,human_robot_icon_atlas_0,42605001,42605010,
305000002,42635002,0,0,3,5,0,迷宫装备,,,青藤指环,青藤指环,human_robot_icon_atlas_0,42605002,42605010,
305000003,42635003,0,0,3,5,0,迷宫装备,,,青藤指环,青藤指环,human_robot_icon_atlas_0,42605003,42605010,
305000004,42635004,0,0,3,5,0,迷宫装备,,,青藤指环,青藤指环,human_robot_icon_atlas_0,42605004,42605010,
305000005,42635005,0,0,3,5,0,迷宫装备,,,青藤指环,青藤指环,human_robot_icon_atlas_0,42605004,42605010,
305000006,42635006,0,0,3,5,0,迷宫装备,,,青藤指环,青藤指环,human_robot_icon_atlas_0,42605004,42605010,
305000007,42635007,0,0,3,5,0,迷宫装备,,,青藤指环,青藤指环,human_robot_icon_atlas_0,42605004,42605010,
305000008,42635008,0,0,3,5,0,迷宫装备,,,青藤指环,青藤指环,human_robot_icon_atlas_0,42605004,42605010,
305000009,42635009,0,0,3,5,0,迷宫装备,,,青藤指环,青藤指环,human_robot_icon_atlas_0,42605004,42605010,
305000010,42635010,0,0,3,5,0,迷宫装备,,,青藤指环,青藤指环,human_robot_icon_atlas_0,42605004,42605010,
305000011,42635011,0,0,3,5,0,迷宫装备,,,铁指环,铁指环,human_robot_icon_atlas_0,42605004,42605020,
305000012,42635012,0,0,3,5,0,迷宫装备,,,铁指环,铁指环,human_robot_icon_atlas_0,42605004,42605020,
305000013,42635013,0,0,3,5,0,迷宫装备,,,铁指环,铁指环,human_robot_icon_atlas_0,42605004,42605020,
305000014,42635014,0,0,3,5,0,迷宫装备,,,铁指环,铁指环,human_robot_icon_atlas_0,42605004,42605020,
305000015,42635015,0,0,3,5,0,迷宫装备,,,铁指环,铁指环,human_robot_icon_atlas_0,42605004,42605020,
305000016,42635016,0,0,3,5,0,迷宫装备,,,铁指环,铁指环,human_robot_icon_atlas_0,42605004,42605020,
305000017,42635017,0,0,3,5,0,迷宫装备,,,铁指环,铁指环,human_robot_icon_atlas_0,42605004,42605020,
305000018,42635018,0,0,3,5,0,迷宫装备,,,铁指环,铁指环,human_robot_icon_atlas_0,42605004,42605020,
305000019,42635019,0,0,3,5,0,迷宫装备,,,铁指环,铁指环,human_robot_icon_atlas_0,42605004,42605020,
305000020,42635020,0,0,3,5,0,迷宫装备,,,铁指环,铁指环,human_robot_icon_atlas_0,42605004,42605020,
305000021,42635021,0,0,3,5,0,迷宫装备,,,青钢指环,青钢指环,human_robot_icon_atlas_0,42605004,42605030,
305000022,42635022,0,0,3,5,0,迷宫装备,,,青钢指环,青钢指环,human_robot_icon_atlas_0,42605004,42605030,
305000023,42635023,0,0,3,5,0,迷宫装备,,,青钢指环,青钢指环,human_robot_icon_atlas_0,42605004,42605030,
305000024,42635024,0,0,3,5,0,迷宫装备,,,青钢指环,青钢指环,human_robot_icon_atlas_0,42605004,42605030,
305000025,42635025,0,0,3,5,0,迷宫装备,,,青钢指环,青钢指环,human_robot_icon_atlas_0,42605004,42605030,
305000026,42635026,0,0,3,5,0,迷宫装备,,,青钢指环,青钢指环,human_robot_icon_atlas_0,42605004,42605030,
305000027,42635027,0,0,3,5,0,迷宫装备,,,青钢指环,青钢指环,human_robot_icon_atlas_0,42605004,42605030,
305000028,42635028,0,0,3,5,0,迷宫装备,,,青钢指环,青钢指环,human_robot_icon_atlas_0,42605004,42605030,
305000029,42635029,0,0,3,5,0,迷宫装备,,,青钢指环,青钢指环,human_robot_icon_atlas_0,42605004,42605030,
305000030,42635030,0,0,3,5,0,迷宫装备,,,青钢指环,青钢指环,human_robot_icon_atlas_0,42605004,42605030,
305000031,42635031,0,0,3,5,0,迷宫装备,,,流云指环,流云指环,human_robot_icon_atlas_0,42605004,42605040,
305000032,42635032,0,0,3,5,0,迷宫装备,,,流云指环,流云指环,human_robot_icon_atlas_0,42605004,42605040,
305000033,42635033,0,0,3,5,0,迷宫装备,,,流云指环,流云指环,human_robot_icon_atlas_0,42605004,42605040,
305000034,42635034,0,0,3,5,0,迷宫装备,,,流云指环,流云指环,human_robot_icon_atlas_0,42605004,42605040,
305000035,42635035,0,0,3,5,0,迷宫装备,,,流云指环,流云指环,human_robot_icon_atlas_0,42605004,42605040,
305000036,42635036,0,0,3,5,0,迷宫装备,,,流云指环,流云指环,human_robot_icon_atlas_0,42605004,42605040,
305000037,42635037,0,0,3,5,0,迷宫装备,,,流云指环,流云指环,human_robot_icon_atlas_0,42605004,42605040,
305000038,42635038,0,0,3,5,0,迷宫装备,,,流云指环,流云指环,human_robot_icon_atlas_0,42605004,42605040,
305000039,42635039,0,0,3,5,0,迷宫装备,,,流云指环,流云指环,human_robot_icon_atlas_0,42605004,42605040,
305000040,42635040,0,0,3,5,0,迷宫装备,,,流云指环,流云指环,human_robot_icon_atlas_0,42605004,42605040,
305000041,42635041,0,0,3,5,0,迷宫装备,,,飞虹指环,飞虹指环,human_robot_icon_atlas_0,42605004,42605050,
305000042,42635042,0,0,3,5,0,迷宫装备,,,飞虹指环,飞虹指环,human_robot_icon_atlas_0,42605004,42605050,
305000043,42635043,0,0,3,5,0,迷宫装备,,,飞虹指环,飞虹指环,human_robot_icon_atlas_0,42605004,42605050,
305000044,42635044,0,0,3,5,0,迷宫装备,,,飞虹指环,飞虹指环,human_robot_icon_atlas_0,42605004,42605050,
305000045,42635045,0,0,3,5,0,迷宫装备,,,飞虹指环,飞虹指环,human_robot_icon_atlas_0,42605004,42605050,
305000046,42635046,0,0,3,5,0,迷宫装备,,,飞虹指环,飞虹指环,human_robot_icon_atlas_0,42605004,42605050,
305000047,42635047,0,0,3,5,0,迷宫装备,,,飞虹指环,飞虹指环,human_robot_icon_atlas_0,42605004,42605050,
305000048,42635048,0,0,3,5,0,迷宫装备,,,飞虹指环,飞虹指环,human_robot_icon_atlas_0,42605004,42605050,
305000049,42635049,0,0,3,5,0,迷宫装备,,,飞虹指环,飞虹指环,human_robot_icon_atlas_0,42605004,42605050,
305000050,42635050,0,0,3,5,0,迷宫装备,,,飞虹指环,飞虹指环,human_robot_icon_atlas_0,42605004,42605050,
305000051,42635051,0,0,3,5,0,迷宫装备,,,紫金指环,紫金指环,human_robot_icon_atlas_0,42605004,42605060,
305000052,42635052,0,0,3,5,0,迷宫装备,,,紫金指环,紫金指环,human_robot_icon_atlas_0,42605004,42605060,
305000053,42635053,0,0,3,5,0,迷宫装备,,,紫金指环,紫金指环,human_robot_icon_atlas_0,42605004,42605060,
305000054,42635054,0,0,3,5,0,迷宫装备,,,紫金指环,紫金指环,human_robot_icon_atlas_0,42605004,42605060,
305000055,42635055,0,0,3,5,0,迷宫装备,,,紫金指环,紫金指环,human_robot_icon_atlas_0,42605004,42605060,
305000056,42635056,0,0,3,5,0,迷宫装备,,,紫金指环,紫金指环,human_robot_icon_atlas_0,42605004,42605060,
305000057,42635057,0,0,3,5,0,迷宫装备,,,紫金指环,紫金指环,human_robot_icon_atlas_0,42605004,42605060,
305000058,42635058,0,0,3,5,0,迷宫装备,,,紫金指环,紫金指环,human_robot_icon_atlas_0,42605004,42605060,
305000059,42635059,0,0,3,5,0,迷宫装备,,,紫金指环,紫金指环,human_robot_icon_atlas_0,42605004,42605060,
305000060,42635060,0,0,3,5,0,迷宫装备,,,紫金指环,紫金指环,human_robot_icon_atlas_0,42605004,42605060,
305000061,42635061,0,0,3,5,0,迷宫装备,,,巨神指环,巨神指环,human_robot_icon_atlas_0,42605004,42605070,
305000062,42635062,0,0,3,5,0,迷宫装备,,,巨神指环,巨神指环,human_robot_icon_atlas_0,42605004,42605070,
305000063,42635063,0,0,3,5,0,迷宫装备,,,巨神指环,巨神指环,human_robot_icon_atlas_0,42605004,42605070,
305000064,42635064,0,0,3,5,0,迷宫装备,,,巨神指环,巨神指环,human_robot_icon_atlas_0,42605004,42605070,
305000065,42635065,0,0,3,5,0,迷宫装备,,,巨神指环,巨神指环,human_robot_icon_atlas_0,42605004,42605070,
305000066,42635066,0,0,3,5,0,迷宫装备,,,巨神指环,巨神指环,human_robot_icon_atlas_0,42605004,42605070,
305000067,42635067,0,0,3,5,0,迷宫装备,,,巨神指环,巨神指环,human_robot_icon_atlas_0,42605004,42605070,
305000068,42635068,0,0,3,5,0,迷宫装备,,,巨神指环,巨神指环,human_robot_icon_atlas_0,42605004,42605070,
305000069,42635069,0,0,3,5,0,迷宫装备,,,巨神指环,巨神指环,human_robot_icon_atlas_0,42605004,42605070,
305000070,42635070,0,0,3,5,0,迷宫装备,,,巨神指环,巨神指环,human_robot_icon_atlas_0,42605004,42605070,
305000071,42635071,0,0,3,5,0,迷宫装备,,,天罡指环,天罡指环,human_robot_icon_atlas_0,42605004,42605080,
305000072,42635072,0,0,3,5,0,迷宫装备,,,天罡指环,天罡指环,human_robot_icon_atlas_0,42605004,42605080,
305000073,42635073,0,0,3,5,0,迷宫装备,,,天罡指环,天罡指环,human_robot_icon_atlas_0,42605004,42605080,
305000074,42635074,0,0,3,5,0,迷宫装备,,,天罡指环,天罡指环,human_robot_icon_atlas_0,42605004,42605080,
305000075,42635075,0,0,3,5,0,迷宫装备,,,天罡指环,天罡指环,human_robot_icon_atlas_0,42605004,42605080,
305000076,42635076,0,0,3,5,0,迷宫装备,,,天罡指环,天罡指环,human_robot_icon_atlas_0,42605004,42605080,
305000077,42635077,0,0,3,5,0,迷宫装备,,,天罡指环,天罡指环,human_robot_icon_atlas_0,42605004,42605080,
305000078,42635078,0,0,3,5,0,迷宫装备,,,天罡指环,天罡指环,human_robot_icon_atlas_0,42605004,42605080,
305000079,42635079,0,0,3,5,0,迷宫装备,,,天罡指环,天罡指环,human_robot_icon_atlas_0,42605004,42605080,
305000080,42635080,0,0,3,5,0,迷宫装备,,,天罡指环,天罡指环,human_robot_icon_atlas_0,42605004,42605080,
305000081,42635081,0,0,3,5,0,迷宫装备,,,雷神指环,雷神指环,human_robot_icon_atlas_0,42605004,42605090,
305000082,42635082,0,0,3,5,0,迷宫装备,,,雷神指环,雷神指环,human_robot_icon_atlas_0,42605004,42605090,
305000083,42635083,0,0,3,5,0,迷宫装备,,,雷神指环,雷神指环,human_robot_icon_atlas_0,42605004,42605090,
305000084,42635084,0,0,3,5,0,迷宫装备,,,雷神指环,雷神指环,human_robot_icon_atlas_0,42605004,42605090,
305000085,42635085,0,0,3,5,0,迷宫装备,,,雷神指环,雷神指环,human_robot_icon_atlas_0,42605004,42605090,
305000086,42635086,0,0,3,5,0,迷宫装备,,,雷神指环,雷神指环,human_robot_icon_atlas_0,42605004,42605090,
305000087,42635087,0,0,3,5,0,迷宫装备,,,雷神指环,雷神指环,human_robot_icon_atlas_0,42605004,42605090,
305000088,42635088,0,0,3,5,0,迷宫装备,,,雷神指环,雷神指环,human_robot_icon_atlas_0,42605004,42605090,
305000089,42635089,0,0,3,5,0,迷宫装备,,,雷神指环,雷神指环,human_robot_icon_atlas_0,42605004,42605090,
305000090,42635090,0,0,3,5,0,迷宫装备,,,雷神指环,雷神指环,human_robot_icon_atlas_0,42605004,42605090,
305000091,42635091,0,0,3,5,0,迷宫装备,,,狮吼指环,狮吼指环,human_robot_icon_atlas_0,42605004,42605100,
305000092,42635092,0,0,3,5,0,迷宫装备,,,狮吼指环,狮吼指环,human_robot_icon_atlas_0,42605004,42605100,
305000093,42635093,0,0,3,5,0,迷宫装备,,,狮吼指环,狮吼指环,human_robot_icon_atlas_0,42605004,42605100,
305000094,42635094,0,0,3,5,0,迷宫装备,,,狮吼指环,狮吼指环,human_robot_icon_atlas_0,42605004,42605100,
305000095,42635095,0,0,3,5,0,迷宫装备,,,狮吼指环,狮吼指环,human_robot_icon_atlas_0,42605004,42605100,
305000096,42635096,0,0,3,5,0,迷宫装备,,,狮吼指环,狮吼指环,human_robot_icon_atlas_0,42605004,42605100,
305000097,42635097,0,0,3,5,0,迷宫装备,,,狮吼指环,狮吼指环,human_robot_icon_atlas_0,42605004,42605100,
305000098,42635098,0,0,3,5,0,迷宫装备,,,狮吼指环,狮吼指环,human_robot_icon_atlas_0,42605004,42605100,
305000099,42635099,0,0,3,5,0,迷宫装备,,,狮吼指环,狮吼指环,human_robot_icon_atlas_0,42605004,42605100,
305000100,42635100,0,0,3,5,0,迷宫装备,,,狮吼指环,狮吼指环,human_robot_icon_atlas_0,42605004,42605100,
305000101,42635101,0,0,3,5,0,迷宫装备,,,灵蛇指环,灵蛇指环,human_robot_icon_atlas_0,42605004,42605110,
305000102,42635102,0,0,3,5,0,迷宫装备,,,灵蛇指环,灵蛇指环,human_robot_icon_atlas_0,42605004,42605110,
305000103,42635103,0,0,3,5,0,迷宫装备,,,灵蛇指环,灵蛇指环,human_robot_icon_atlas_0,42605004,42605110,
305000104,42635104,0,0,3,5,0,迷宫装备,,,灵蛇指环,灵蛇指环,human_robot_icon_atlas_0,42605004,42605110,
305000105,42635105,0,0,3,5,0,迷宫装备,,,灵蛇指环,灵蛇指环,human_robot_icon_atlas_0,42605004,42605110,
305000106,42635106,0,0,3,5,0,迷宫装备,,,灵蛇指环,灵蛇指环,human_robot_icon_atlas_0,42605004,42605110,
305000107,42635107,0,0,3,5,0,迷宫装备,,,灵蛇指环,灵蛇指环,human_robot_icon_atlas_0,42605004,42605110,
305000108,42635108,0,0,3,5,0,迷宫装备,,,灵蛇指环,灵蛇指环,human_robot_icon_atlas_0,42605004,42605110,
305000109,42635109,0,0,3,5,0,迷宫装备,,,灵蛇指环,灵蛇指环,human_robot_icon_atlas_0,42605004,42605110,
305000110,42635110,0,0,3,5,0,迷宫装备,,,灵蛇指环,灵蛇指环,human_robot_icon_atlas_0,42605004,42605110,
305000111,42635111,0,0,3,5,0,迷宫装备,,,朱雀指环,朱雀指环,human_robot_icon_atlas_0,42605004,42605120,
305000112,42635112,0,0,3,5,0,迷宫装备,,,朱雀指环,朱雀指环,human_robot_icon_atlas_0,42605004,42605120,
305000113,42635113,0,0,3,5,0,迷宫装备,,,朱雀指环,朱雀指环,human_robot_icon_atlas_0,42605004,42605120,
305000114,42635114,0,0,3,5,0,迷宫装备,,,朱雀指环,朱雀指环,human_robot_icon_atlas_0,42605004,42605120,
305000115,42635115,0,0,3,5,0,迷宫装备,,,朱雀指环,朱雀指环,human_robot_icon_atlas_0,42605004,42605120,
305000116,42635116,0,0,3,5,0,迷宫装备,,,朱雀指环,朱雀指环,human_robot_icon_atlas_0,42605004,42605120,
305000117,42635117,0,0,3,5,0,迷宫装备,,,朱雀指环,朱雀指环,human_robot_icon_atlas_0,42605004,42605120,
305000118,42635118,0,0,3,5,0,迷宫装备,,,朱雀指环,朱雀指环,human_robot_icon_atlas_0,42605004,42605120,
305000119,42635119,0,0,3,5,0,迷宫装备,,,朱雀指环,朱雀指环,human_robot_icon_atlas_0,42605004,42605120,
305000120,42635120,0,0,3,5,0,迷宫装备,,,朱雀指环,朱雀指环,human_robot_icon_atlas_0,42605004,42605120,
305000121,42635121,0,0,3,5,0,迷宫装备,,,龙形指环,龙形指环,human_robot_icon_atlas_0,42605004,42605130,
305000122,42635122,0,0,3,5,0,迷宫装备,,,龙形指环,龙形指环,human_robot_icon_atlas_0,42605004,42605130,
305000123,42635123,0,0,3,5,0,迷宫装备,,,龙形指环,龙形指环,human_robot_icon_atlas_0,42605004,42605130,
305000124,42635124,0,0,3,5,0,迷宫装备,,,龙形指环,龙形指环,human_robot_icon_atlas_0,42605004,42605130,
305000125,42635125,0,0,3,5,0,迷宫装备,,,龙形指环,龙形指环,human_robot_icon_atlas_0,42605004,42605130,
305000126,42635126,0,0,3,5,0,迷宫装备,,,龙形指环,龙形指环,human_robot_icon_atlas_0,42605004,42605130,
305000127,42635127,0,0,3,5,0,迷宫装备,,,龙形指环,龙形指环,human_robot_icon_atlas_0,42605004,42605130,
305000128,42635128,0,0,3,5,0,迷宫装备,,,龙形指环,龙形指环,human_robot_icon_atlas_0,42605004,42605130,
305000129,42635129,0,0,3,5,0,迷宫装备,,,龙形指环,龙形指环,human_robot_icon_atlas_0,42605004,42605130,
305000130,42635130,0,0,3,5,0,迷宫装备,,,龙形指环,龙形指环,human_robot_icon_atlas_0,42605004,42605130,
305000131,42635131,0,0,3,5,0,迷宫装备,,,龙王指环,龙王指环,human_robot_icon_atlas_0,42605004,42605140,
305000132,42635132,0,0,3,5,0,迷宫装备,,,龙王指环,龙王指环,human_robot_icon_atlas_0,42605004,42605140,
305000133,42635133,0,0,3,5,0,迷宫装备,,,龙王指环,龙王指环,human_robot_icon_atlas_0,42605004,42605140,
305000134,42635134,0,0,3,5,0,迷宫装备,,,龙王指环,龙王指环,human_robot_icon_atlas_0,42605004,42605140,
305000135,42635135,0,0,3,5,0,迷宫装备,,,龙王指环,龙王指环,human_robot_icon_atlas_0,42605004,42605140,
305000136,42635136,0,0,3,5,0,迷宫装备,,,龙王指环,龙王指环,human_robot_icon_atlas_0,42605004,42605140,
305000137,42635137,0,0,3,5,0,迷宫装备,,,龙王指环,龙王指环,human_robot_icon_atlas_0,42605004,42605140,
305000138,42635138,0,0,3,5,0,迷宫装备,,,龙王指环,龙王指环,human_robot_icon_atlas_0,42605004,42605140,
305000139,42635139,0,0,3,5,0,迷宫装备,,,龙王指环,龙王指环,human_robot_icon_atlas_0,42605004,42605140,
305000140,42635140,0,0,3,5,0,迷宫装备,,,龙王指环,龙王指环,human_robot_icon_atlas_0,42605004,42605140,
305000141,42635141,0,0,3,5,0,迷宫装备,,,龙皇指环,龙皇指环,human_robot_icon_atlas_0,42605004,42605150,
305000142,42635142,0,0,3,5,0,迷宫装备,,,龙皇指环,龙皇指环,human_robot_icon_atlas_0,42605004,42605150,
305000143,42635143,0,0,3,5,0,迷宫装备,,,龙皇指环,龙皇指环,human_robot_icon_atlas_0,42605004,42605150,
305000144,42635144,0,0,3,5,0,迷宫装备,,,龙皇指环,龙皇指环,human_robot_icon_atlas_0,42605004,42605150,
305000145,42635145,0,0,3,5,0,迷宫装备,,,龙皇指环,龙皇指环,human_robot_icon_atlas_0,42605004,42605150,
305000146,42635146,0,0,3,5,0,迷宫装备,,,龙皇指环,龙皇指环,human_robot_icon_atlas_0,42605004,42605150,
305000147,42635147,0,0,3,5,0,迷宫装备,,,龙皇指环,龙皇指环,human_robot_icon_atlas_0,42605004,42605150,
305000148,42635148,0,0,3,5,0,迷宫装备,,,龙皇指环,龙皇指环,human_robot_icon_atlas_0,42605004,42605150,
305000149,42635149,0,0,3,5,0,迷宫装备,,,龙皇指环,龙皇指环,human_robot_icon_atlas_0,42605004,42605150,
305000150,42635150,0,0,3,5,0,迷宫装备,,,龙皇指环,龙皇指环,human_robot_icon_atlas_0,42605004,42605150,
305000151,42635151,0,0,3,5,0,迷宫装备,,,龙神指环,龙神指环,human_robot_icon_atlas_0,42605004,42605160,
305000152,42635152,0,0,3,5,0,迷宫装备,,,龙神指环,龙神指环,human_robot_icon_atlas_0,42605004,42605160,
305000153,42635153,0,0,3,5,0,迷宫装备,,,龙神指环,龙神指环,human_robot_icon_atlas_0,42605004,42605160,
305000154,42635154,0,0,3,5,0,迷宫装备,,,龙神指环,龙神指环,human_robot_icon_atlas_0,42605004,42605160,
305000155,42635155,0,0,3,5,0,迷宫装备,,,龙神指环,龙神指环,human_robot_icon_atlas_0,42605004,42605160,
305000156,42635156,0,0,3,5,0,迷宫装备,,,龙神指环,龙神指环,human_robot_icon_atlas_0,42605004,42605160,
305000157,42635157,0,0,3,5,0,迷宫装备,,,龙神指环,龙神指环,human_robot_icon_atlas_0,42605004,42605160,
305000158,42635158,0,0,3,5,0,迷宫装备,,,龙神指环,龙神指环,human_robot_icon_atlas_0,42605004,42605160,
305000159,42635159,0,0,3,5,0,迷宫装备,,,龙神指环,龙神指环,human_robot_icon_atlas_0,42605004,42605160,
305000160,42635160,0,0,3,5,0,迷宫装备,,,龙神指环,龙神指环,human_robot_icon_atlas_0,42605004,42605160,
505000001,42655001,0,0,5,5,0,迷宫装备,,,青藤指环,青藤指环,human_robot_icon_atlas_0,42605001,42605010,
505000002,42655002,0,0,5,5,0,迷宫装备,,,青藤指环,青藤指环,human_robot_icon_atlas_0,42605002,42605010,
505000003,42655003,0,0,5,5,0,迷宫装备,,,青藤指环,青藤指环,human_robot_icon_atlas_0,42605003,42605010,
505000004,42655004,0,0,5,5,0,迷宫装备,,,青藤指环,青藤指环,human_robot_icon_atlas_0,42605004,42605010,
505000005,42655005,0,0,5,5,0,迷宫装备,,,青藤指环,青藤指环,human_robot_icon_atlas_0,42605004,42605010,
505000006,42655006,0,0,5,5,0,迷宫装备,,,青藤指环,青藤指环,human_robot_icon_atlas_0,42605004,42605010,
505000007,42655007,0,0,5,5,0,迷宫装备,,,青藤指环,青藤指环,human_robot_icon_atlas_0,42605004,42605010,
505000008,42655008,0,0,5,5,0,迷宫装备,,,青藤指环,青藤指环,human_robot_icon_atlas_0,42605004,42605010,
505000009,42655009,0,0,5,5,0,迷宫装备,,,青藤指环,青藤指环,human_robot_icon_atlas_0,42605004,42605010,
505000010,42655010,0,0,5,5,0,迷宫装备,,,青藤指环,青藤指环,human_robot_icon_atlas_0,42605004,42605010,
505000011,42655011,0,0,5,5,0,迷宫装备,,,铁指环,铁指环,human_robot_icon_atlas_0,42605004,42605020,
505000012,42655012,0,0,5,5,0,迷宫装备,,,铁指环,铁指环,human_robot_icon_atlas_0,42605004,42605020,
505000013,42655013,0,0,5,5,0,迷宫装备,,,铁指环,铁指环,human_robot_icon_atlas_0,42605004,42605020,
505000014,42655014,0,0,5,5,0,迷宫装备,,,铁指环,铁指环,human_robot_icon_atlas_0,42605004,42605020,
505000015,42655015,0,0,5,5,0,迷宫装备,,,铁指环,铁指环,human_robot_icon_atlas_0,42605004,42605020,
505000016,42655016,0,0,5,5,0,迷宫装备,,,铁指环,铁指环,human_robot_icon_atlas_0,42605004,42605020,
505000017,42655017,0,0,5,5,0,迷宫装备,,,铁指环,铁指环,human_robot_icon_atlas_0,42605004,42605020,
505000018,42655018,0,0,5,5,0,迷宫装备,,,铁指环,铁指环,human_robot_icon_atlas_0,42605004,42605020,
505000019,42655019,0,0,5,5,0,迷宫装备,,,铁指环,铁指环,human_robot_icon_atlas_0,42605004,42605020,
505000020,42655020,0,0,5,5,0,迷宫装备,,,铁指环,铁指环,human_robot_icon_atlas_0,42605004,42605020,
505000021,42655021,0,0,5,5,0,迷宫装备,,,青钢指环,青钢指环,human_robot_icon_atlas_0,42605004,42605030,
505000022,42655022,0,0,5,5,0,迷宫装备,,,青钢指环,青钢指环,human_robot_icon_atlas_0,42605004,42605030,
505000023,42655023,0,0,5,5,0,迷宫装备,,,青钢指环,青钢指环,human_robot_icon_atlas_0,42605004,42605030,
505000024,42655024,0,0,5,5,0,迷宫装备,,,青钢指环,青钢指环,human_robot_icon_atlas_0,42605004,42605030,
505000025,42655025,0,0,5,5,0,迷宫装备,,,青钢指环,青钢指环,human_robot_icon_atlas_0,42605004,42605030,
505000026,42655026,0,0,5,5,0,迷宫装备,,,青钢指环,青钢指环,human_robot_icon_atlas_0,42605004,42605030,
505000027,42655027,0,0,5,5,0,迷宫装备,,,青钢指环,青钢指环,human_robot_icon_atlas_0,42605004,42605030,
505000028,42655028,0,0,5,5,0,迷宫装备,,,青钢指环,青钢指环,human_robot_icon_atlas_0,42605004,42605030,
505000029,42655029,0,0,5,5,0,迷宫装备,,,青钢指环,青钢指环,human_robot_icon_atlas_0,42605004,42605030,
505000030,42655030,0,0,5,5,0,迷宫装备,,,青钢指环,青钢指环,human_robot_icon_atlas_0,42605004,42605030,
505000031,42655031,0,0,5,5,0,迷宫装备,,,流云指环,流云指环,human_robot_icon_atlas_0,42605004,42605040,
505000032,42655032,0,0,5,5,0,迷宫装备,,,流云指环,流云指环,human_robot_icon_atlas_0,42605004,42605040,
505000033,42655033,0,0,5,5,0,迷宫装备,,,流云指环,流云指环,human_robot_icon_atlas_0,42605004,42605040,
505000034,42655034,0,0,5,5,0,迷宫装备,,,流云指环,流云指环,human_robot_icon_atlas_0,42605004,42605040,
505000035,42655035,0,0,5,5,0,迷宫装备,,,流云指环,流云指环,human_robot_icon_atlas_0,42605004,42605040,
505000036,42655036,0,0,5,5,0,迷宫装备,,,流云指环,流云指环,human_robot_icon_atlas_0,42605004,42605040,
505000037,42655037,0,0,5,5,0,迷宫装备,,,流云指环,流云指环,human_robot_icon_atlas_0,42605004,42605040,
505000038,42655038,0,0,5,5,0,迷宫装备,,,流云指环,流云指环,human_robot_icon_atlas_0,42605004,42605040,
505000039,42655039,0,0,5,5,0,迷宫装备,,,流云指环,流云指环,human_robot_icon_atlas_0,42605004,42605040,
505000040,42655040,0,0,5,5,0,迷宫装备,,,流云指环,流云指环,human_robot_icon_atlas_0,42605004,42605040,
505000041,42655041,0,0,5,5,0,迷宫装备,,,飞虹指环,飞虹指环,human_robot_icon_atlas_0,42605004,42605050,
505000042,42655042,0,0,5,5,0,迷宫装备,,,飞虹指环,飞虹指环,human_robot_icon_atlas_0,42605004,42605050,
505000043,42655043,0,0,5,5,0,迷宫装备,,,飞虹指环,飞虹指环,human_robot_icon_atlas_0,42605004,42605050,
505000044,42655044,0,0,5,5,0,迷宫装备,,,飞虹指环,飞虹指环,human_robot_icon_atlas_0,42605004,42605050,
505000045,42655045,0,0,5,5,0,迷宫装备,,,飞虹指环,飞虹指环,human_robot_icon_atlas_0,42605004,42605050,
505000046,42655046,0,0,5,5,0,迷宫装备,,,飞虹指环,飞虹指环,human_robot_icon_atlas_0,42605004,42605050,
505000047,42655047,0,0,5,5,0,迷宫装备,,,飞虹指环,飞虹指环,human_robot_icon_atlas_0,42605004,42605050,
505000048,42655048,0,0,5,5,0,迷宫装备,,,飞虹指环,飞虹指环,human_robot_icon_atlas_0,42605004,42605050,
505000049,42655049,0,0,5,5,0,迷宫装备,,,飞虹指环,飞虹指环,human_robot_icon_atlas_0,42605004,42605050,
505000050,42655050,0,0,5,5,0,迷宫装备,,,飞虹指环,飞虹指环,human_robot_icon_atlas_0,42605004,42605050,
505000051,42655051,0,0,5,5,0,迷宫装备,,,紫金指环,紫金指环,human_robot_icon_atlas_0,42605004,42605060,
505000052,42655052,0,0,5,5,0,迷宫装备,,,紫金指环,紫金指环,human_robot_icon_atlas_0,42605004,42605060,
505000053,42655053,0,0,5,5,0,迷宫装备,,,紫金指环,紫金指环,human_robot_icon_atlas_0,42605004,42605060,
505000054,42655054,0,0,5,5,0,迷宫装备,,,紫金指环,紫金指环,human_robot_icon_atlas_0,42605004,42605060,
505000055,42655055,0,0,5,5,0,迷宫装备,,,紫金指环,紫金指环,human_robot_icon_atlas_0,42605004,42605060,
505000056,42655056,0,0,5,5,0,迷宫装备,,,紫金指环,紫金指环,human_robot_icon_atlas_0,42605004,42605060,
505000057,42655057,0,0,5,5,0,迷宫装备,,,紫金指环,紫金指环,human_robot_icon_atlas_0,42605004,42605060,
505000058,42655058,0,0,5,5,0,迷宫装备,,,紫金指环,紫金指环,human_robot_icon_atlas_0,42605004,42605060,
505000059,42655059,0,0,5,5,0,迷宫装备,,,紫金指环,紫金指环,human_robot_icon_atlas_0,42605004,42605060,
505000060,42655060,0,0,5,5,0,迷宫装备,,,紫金指环,紫金指环,human_robot_icon_atlas_0,42605004,42605060,
505000061,42655061,0,0,5,5,0,迷宫装备,,,巨神指环,巨神指环,human_robot_icon_atlas_0,42605004,42605070,
505000062,42655062,0,0,5,5,0,迷宫装备,,,巨神指环,巨神指环,human_robot_icon_atlas_0,42605004,42605070,
505000063,42655063,0,0,5,5,0,迷宫装备,,,巨神指环,巨神指环,human_robot_icon_atlas_0,42605004,42605070,
505000064,42655064,0,0,5,5,0,迷宫装备,,,巨神指环,巨神指环,human_robot_icon_atlas_0,42605004,42605070,
505000065,42655065,0,0,5,5,0,迷宫装备,,,巨神指环,巨神指环,human_robot_icon_atlas_0,42605004,42605070,
505000066,42655066,0,0,5,5,0,迷宫装备,,,巨神指环,巨神指环,human_robot_icon_atlas_0,42605004,42605070,
505000067,42655067,0,0,5,5,0,迷宫装备,,,巨神指环,巨神指环,human_robot_icon_atlas_0,42605004,42605070,
505000068,42655068,0,0,5,5,0,迷宫装备,,,巨神指环,巨神指环,human_robot_icon_atlas_0,42605004,42605070,
505000069,42655069,0,0,5,5,0,迷宫装备,,,巨神指环,巨神指环,human_robot_icon_atlas_0,42605004,42605070,
505000070,42655070,0,0,5,5,0,迷宫装备,,,巨神指环,巨神指环,human_robot_icon_atlas_0,42605004,42605070,
505000071,42655071,0,0,5,5,0,迷宫装备,,,天罡指环,天罡指环,human_robot_icon_atlas_0,42605004,42605080,
505000072,42655072,0,0,5,5,0,迷宫装备,,,天罡指环,天罡指环,human_robot_icon_atlas_0,42605004,42605080,
505000073,42655073,0,0,5,5,0,迷宫装备,,,天罡指环,天罡指环,human_robot_icon_atlas_0,42605004,42605080,
505000074,42655074,0,0,5,5,0,迷宫装备,,,天罡指环,天罡指环,human_robot_icon_atlas_0,42605004,42605080,
505000075,42655075,0,0,5,5,0,迷宫装备,,,天罡指环,天罡指环,human_robot_icon_atlas_0,42605004,42605080,
505000076,42655076,0,0,5,5,0,迷宫装备,,,天罡指环,天罡指环,human_robot_icon_atlas_0,42605004,42605080,
505000077,42655077,0,0,5,5,0,迷宫装备,,,天罡指环,天罡指环,human_robot_icon_atlas_0,42605004,42605080,
505000078,42655078,0,0,5,5,0,迷宫装备,,,天罡指环,天罡指环,human_robot_icon_atlas_0,42605004,42605080,
505000079,42655079,0,0,5,5,0,迷宫装备,,,天罡指环,天罡指环,human_robot_icon_atlas_0,42605004,42605080,
505000080,42655080,0,0,5,5,0,迷宫装备,,,天罡指环,天罡指环,human_robot_icon_atlas_0,42605004,42605080,
505000081,42655081,0,0,5,5,0,迷宫装备,,,雷神指环,雷神指环,human_robot_icon_atlas_0,42605004,42605090,
505000082,42655082,0,0,5,5,0,迷宫装备,,,雷神指环,雷神指环,human_robot_icon_atlas_0,42605004,42605090,
505000083,42655083,0,0,5,5,0,迷宫装备,,,雷神指环,雷神指环,human_robot_icon_atlas_0,42605004,42605090,
505000084,42655084,0,0,5,5,0,迷宫装备,,,雷神指环,雷神指环,human_robot_icon_atlas_0,42605004,42605090,
505000085,42655085,0,0,5,5,0,迷宫装备,,,雷神指环,雷神指环,human_robot_icon_atlas_0,42605004,42605090,
505000086,42655086,0,0,5,5,0,迷宫装备,,,雷神指环,雷神指环,human_robot_icon_atlas_0,42605004,42605090,
505000087,42655087,0,0,5,5,0,迷宫装备,,,雷神指环,雷神指环,human_robot_icon_atlas_0,42605004,42605090,
505000088,42655088,0,0,5,5,0,迷宫装备,,,雷神指环,雷神指环,human_robot_icon_atlas_0,42605004,42605090,
505000089,42655089,0,0,5,5,0,迷宫装备,,,雷神指环,雷神指环,human_robot_icon_atlas_0,42605004,42605090,
505000090,42655090,0,0,5,5,0,迷宫装备,,,雷神指环,雷神指环,human_robot_icon_atlas_0,42605004,42605090,
505000091,42655091,0,0,5,5,0,迷宫装备,,,狮吼指环,狮吼指环,human_robot_icon_atlas_0,42605004,42605100,
505000092,42655092,0,0,5,5,0,迷宫装备,,,狮吼指环,狮吼指环,human_robot_icon_atlas_0,42605004,42605100,
505000093,42655093,0,0,5,5,0,迷宫装备,,,狮吼指环,狮吼指环,human_robot_icon_atlas_0,42605004,42605100,
505000094,42655094,0,0,5,5,0,迷宫装备,,,狮吼指环,狮吼指环,human_robot_icon_atlas_0,42605004,42605100,
505000095,42655095,0,0,5,5,0,迷宫装备,,,狮吼指环,狮吼指环,human_robot_icon_atlas_0,42605004,42605100,
505000096,42655096,0,0,5,5,0,迷宫装备,,,狮吼指环,狮吼指环,human_robot_icon_atlas_0,42605004,42605100,
505000097,42655097,0,0,5,5,0,迷宫装备,,,狮吼指环,狮吼指环,human_robot_icon_atlas_0,42605004,42605100,
505000098,42655098,0,0,5,5,0,迷宫装备,,,狮吼指环,狮吼指环,human_robot_icon_atlas_0,42605004,42605100,
505000099,42655099,0,0,5,5,0,迷宫装备,,,狮吼指环,狮吼指环,human_robot_icon_atlas_0,42605004,42605100,
505000100,42655100,0,0,5,5,0,迷宫装备,,,狮吼指环,狮吼指环,human_robot_icon_atlas_0,42605004,42605100,
505000101,42655101,0,0,5,5,0,迷宫装备,,,灵蛇指环,灵蛇指环,human_robot_icon_atlas_0,42605004,42605110,
505000102,42655102,0,0,5,5,0,迷宫装备,,,灵蛇指环,灵蛇指环,human_robot_icon_atlas_0,42605004,42605110,
505000103,42655103,0,0,5,5,0,迷宫装备,,,灵蛇指环,灵蛇指环,human_robot_icon_atlas_0,42605004,42605110,
505000104,42655104,0,0,5,5,0,迷宫装备,,,灵蛇指环,灵蛇指环,human_robot_icon_atlas_0,42605004,42605110,
505000105,42655105,0,0,5,5,0,迷宫装备,,,灵蛇指环,灵蛇指环,human_robot_icon_atlas_0,42605004,42605110,
505000106,42655106,0,0,5,5,0,迷宫装备,,,灵蛇指环,灵蛇指环,human_robot_icon_atlas_0,42605004,42605110,
505000107,42655107,0,0,5,5,0,迷宫装备,,,灵蛇指环,灵蛇指环,human_robot_icon_atlas_0,42605004,42605110,
505000108,42655108,0,0,5,5,0,迷宫装备,,,灵蛇指环,灵蛇指环,human_robot_icon_atlas_0,42605004,42605110,
505000109,42655109,0,0,5,5,0,迷宫装备,,,灵蛇指环,灵蛇指环,human_robot_icon_atlas_0,42605004,42605110,
505000110,42655110,0,0,5,5,0,迷宫装备,,,灵蛇指环,灵蛇指环,human_robot_icon_atlas_0,42605004,42605110,
505000111,42655111,0,0,5,5,0,迷宫装备,,,朱雀指环,朱雀指环,human_robot_icon_atlas_0,42605004,42605120,
505000112,42655112,0,0,5,5,0,迷宫装备,,,朱雀指环,朱雀指环,human_robot_icon_atlas_0,42605004,42605120,
505000113,42655113,0,0,5,5,0,迷宫装备,,,朱雀指环,朱雀指环,human_robot_icon_atlas_0,42605004,42605120,
505000114,42655114,0,0,5,5,0,迷宫装备,,,朱雀指环,朱雀指环,human_robot_icon_atlas_0,42605004,42605120,
505000115,42655115,0,0,5,5,0,迷宫装备,,,朱雀指环,朱雀指环,human_robot_icon_atlas_0,42605004,42605120,
505000116,42655116,0,0,5,5,0,迷宫装备,,,朱雀指环,朱雀指环,human_robot_icon_atlas_0,42605004,42605120,
505000117,42655117,0,0,5,5,0,迷宫装备,,,朱雀指环,朱雀指环,human_robot_icon_atlas_0,42605004,42605120,
505000118,42655118,0,0,5,5,0,迷宫装备,,,朱雀指环,朱雀指环,human_robot_icon_atlas_0,42605004,42605120,
505000119,42655119,0,0,5,5,0,迷宫装备,,,朱雀指环,朱雀指环,human_robot_icon_atlas_0,42605004,42605120,
505000120,42655120,0,0,5,5,0,迷宫装备,,,朱雀指环,朱雀指环,human_robot_icon_atlas_0,42605004,42605120,
505000121,42655121,0,0,5,5,0,迷宫装备,,,龙形指环,龙形指环,human_robot_icon_atlas_0,42605004,42605130,
505000122,42655122,0,0,5,5,0,迷宫装备,,,龙形指环,龙形指环,human_robot_icon_atlas_0,42605004,42605130,
505000123,42655123,0,0,5,5,0,迷宫装备,,,龙形指环,龙形指环,human_robot_icon_atlas_0,42605004,42605130,
505000124,42655124,0,0,5,5,0,迷宫装备,,,龙形指环,龙形指环,human_robot_icon_atlas_0,42605004,42605130,
505000125,42655125,0,0,5,5,0,迷宫装备,,,龙形指环,龙形指环,human_robot_icon_atlas_0,42605004,42605130,
505000126,42655126,0,0,5,5,0,迷宫装备,,,龙形指环,龙形指环,human_robot_icon_atlas_0,42605004,42605130,
505000127,42655127,0,0,5,5,0,迷宫装备,,,龙形指环,龙形指环,human_robot_icon_atlas_0,42605004,42605130,
505000128,42655128,0,0,5,5,0,迷宫装备,,,龙形指环,龙形指环,human_robot_icon_atlas_0,42605004,42605130,
505000129,42655129,0,0,5,5,0,迷宫装备,,,龙形指环,龙形指环,human_robot_icon_atlas_0,42605004,42605130,
505000130,42655130,0,0,5,5,0,迷宫装备,,,龙形指环,龙形指环,human_robot_icon_atlas_0,42605004,42605130,
505000131,42655131,0,0,5,5,0,迷宫装备,,,龙王指环,龙王指环,human_robot_icon_atlas_0,42605004,42605140,
505000132,42655132,0,0,5,5,0,迷宫装备,,,龙王指环,龙王指环,human_robot_icon_atlas_0,42605004,42605140,
505000133,42655133,0,0,5,5,0,迷宫装备,,,龙王指环,龙王指环,human_robot_icon_atlas_0,42605004,42605140,
505000134,42655134,0,0,5,5,0,迷宫装备,,,龙王指环,龙王指环,human_robot_icon_atlas_0,42605004,42605140,
505000135,42655135,0,0,5,5,0,迷宫装备,,,龙王指环,龙王指环,human_robot_icon_atlas_0,42605004,42605140,
505000136,42655136,0,0,5,5,0,迷宫装备,,,龙王指环,龙王指环,human_robot_icon_atlas_0,42605004,42605140,
505000137,42655137,0,0,5,5,0,迷宫装备,,,龙王指环,龙王指环,human_robot_icon_atlas_0,42605004,42605140,
505000138,42655138,0,0,5,5,0,迷宫装备,,,龙王指环,龙王指环,human_robot_icon_atlas_0,42605004,42605140,
505000139,42655139,0,0,5,5,0,迷宫装备,,,龙王指环,龙王指环,human_robot_icon_atlas_0,42605004,42605140,
505000140,42655140,0,0,5,5,0,迷宫装备,,,龙王指环,龙王指环,human_robot_icon_atlas_0,42605004,42605140,
505000141,42655141,0,0,5,5,0,迷宫装备,,,龙皇指环,龙皇指环,human_robot_icon_atlas_0,42605004,42605150,
505000142,42655142,0,0,5,5,0,迷宫装备,,,龙皇指环,龙皇指环,human_robot_icon_atlas_0,42605004,42605150,
505000143,42655143,0,0,5,5,0,迷宫装备,,,龙皇指环,龙皇指环,human_robot_icon_atlas_0,42605004,42605150,
505000144,42655144,0,0,5,5,0,迷宫装备,,,龙皇指环,龙皇指环,human_robot_icon_atlas_0,42605004,42605150,
505000145,42655145,0,0,5,5,0,迷宫装备,,,龙皇指环,龙皇指环,human_robot_icon_atlas_0,42605004,42605150,
505000146,42655146,0,0,5,5,0,迷宫装备,,,龙皇指环,龙皇指环,human_robot_icon_atlas_0,42605004,42605150,
505000147,42655147,0,0,5,5,0,迷宫装备,,,龙皇指环,龙皇指环,human_robot_icon_atlas_0,42605004,42605150,
505000148,42655148,0,0,5,5,0,迷宫装备,,,龙皇指环,龙皇指环,human_robot_icon_atlas_0,42605004,42605150,
505000149,42655149,0,0,5,5,0,迷宫装备,,,龙皇指环,龙皇指环,human_robot_icon_atlas_0,42605004,42605150,
505000150,42655150,0,0,5,5,0,迷宫装备,,,龙皇指环,龙皇指环,human_robot_icon_atlas_0,42605004,42605150,
505000151,42655151,0,0,5,5,0,迷宫装备,,,龙神指环,龙神指环,human_robot_icon_atlas_0,42605004,42605160,
505000152,42655152,0,0,5,5,0,迷宫装备,,,龙神指环,龙神指环,human_robot_icon_atlas_0,42605004,42605160,
505000153,42655153,0,0,5,5,0,迷宫装备,,,龙神指环,龙神指环,human_robot_icon_atlas_0,42605004,42605160,
505000154,42655154,0,0,5,5,0,迷宫装备,,,龙神指环,龙神指环,human_robot_icon_atlas_0,42605004,42605160,
505000155,42655155,0,0,5,5,0,迷宫装备,,,龙神指环,龙神指环,human_robot_icon_atlas_0,42605004,42605160,
505000156,42655156,0,0,5,5,0,迷宫装备,,,龙神指环,龙神指环,human_robot_icon_atlas_0,42605004,42605160,
505000157,42655157,0,0,5,5,0,迷宫装备,,,龙神指环,龙神指环,human_robot_icon_atlas_0,42605004,42605160,
505000158,42655158,0,0,5,5,0,迷宫装备,,,龙神指环,龙神指环,human_robot_icon_atlas_0,42605004,42605160,
505000159,42655159,0,0,5,5,0,迷宫装备,,,龙神指环,龙神指环,human_robot_icon_atlas_0,42605004,42605160,
505000160,42655160,0,0,5,5,0,迷宫装备,,,龙神指环,龙神指环,human_robot_icon_atlas_0,42605004,42605160,
605000001,42665001,0,0,6,5,0,迷宫装备,,,青藤指环,青藤指环,human_robot_icon_atlas_0,42605001,42605010,
605000002,42665002,0,0,6,5,0,迷宫装备,,,青藤指环,青藤指环,human_robot_icon_atlas_0,42605002,42605010,
605000003,42665003,0,0,6,5,0,迷宫装备,,,青藤指环,青藤指环,human_robot_icon_atlas_0,42605003,42605010,
605000004,42665004,0,0,6,5,0,迷宫装备,,,青藤指环,青藤指环,human_robot_icon_atlas_0,42605004,42605010,
605000005,42665005,0,0,6,5,0,迷宫装备,,,青藤指环,青藤指环,human_robot_icon_atlas_0,42605004,42605010,
605000006,42665006,0,0,6,5,0,迷宫装备,,,青藤指环,青藤指环,human_robot_icon_atlas_0,42605004,42605010,
605000007,42665007,0,0,6,5,0,迷宫装备,,,青藤指环,青藤指环,human_robot_icon_atlas_0,42605004,42605010,
605000008,42665008,0,0,6,5,0,迷宫装备,,,青藤指环,青藤指环,human_robot_icon_atlas_0,42605004,42605010,
605000009,42665009,0,0,6,5,0,迷宫装备,,,青藤指环,青藤指环,human_robot_icon_atlas_0,42605004,42605010,
605000010,42665010,0,0,6,5,0,迷宫装备,,,青藤指环,青藤指环,human_robot_icon_atlas_0,42605004,42605010,
605000011,42665011,0,0,6,5,0,迷宫装备,,,铁指环,铁指环,human_robot_icon_atlas_0,42605004,42605020,
605000012,42665012,0,0,6,5,0,迷宫装备,,,铁指环,铁指环,human_robot_icon_atlas_0,42605004,42605020,
605000013,42665013,0,0,6,5,0,迷宫装备,,,铁指环,铁指环,human_robot_icon_atlas_0,42605004,42605020,
605000014,42665014,0,0,6,5,0,迷宫装备,,,铁指环,铁指环,human_robot_icon_atlas_0,42605004,42605020,
605000015,42665015,0,0,6,5,0,迷宫装备,,,铁指环,铁指环,human_robot_icon_atlas_0,42605004,42605020,
605000016,42665016,0,0,6,5,0,迷宫装备,,,铁指环,铁指环,human_robot_icon_atlas_0,42605004,42605020,
605000017,42665017,0,0,6,5,0,迷宫装备,,,铁指环,铁指环,human_robot_icon_atlas_0,42605004,42605020,
605000018,42665018,0,0,6,5,0,迷宫装备,,,铁指环,铁指环,human_robot_icon_atlas_0,42605004,42605020,
605000019,42665019,0,0,6,5,0,迷宫装备,,,铁指环,铁指环,human_robot_icon_atlas_0,42605004,42605020,
605000020,42665020,0,0,6,5,0,迷宫装备,,,铁指环,铁指环,human_robot_icon_atlas_0,42605004,42605020,
605000021,42665021,0,0,6,5,0,迷宫装备,,,青钢指环,青钢指环,human_robot_icon_atlas_0,42605004,42605030,
605000022,42665022,0,0,6,5,0,迷宫装备,,,青钢指环,青钢指环,human_robot_icon_atlas_0,42605004,42605030,
605000023,42665023,0,0,6,5,0,迷宫装备,,,青钢指环,青钢指环,human_robot_icon_atlas_0,42605004,42605030,
605000024,42665024,0,0,6,5,0,迷宫装备,,,青钢指环,青钢指环,human_robot_icon_atlas_0,42605004,42605030,
605000025,42665025,0,0,6,5,0,迷宫装备,,,青钢指环,青钢指环,human_robot_icon_atlas_0,42605004,42605030,
605000026,42665026,0,0,6,5,0,迷宫装备,,,青钢指环,青钢指环,human_robot_icon_atlas_0,42605004,42605030,
605000027,42665027,0,0,6,5,0,迷宫装备,,,青钢指环,青钢指环,human_robot_icon_atlas_0,42605004,42605030,
605000028,42665028,0,0,6,5,0,迷宫装备,,,青钢指环,青钢指环,human_robot_icon_atlas_0,42605004,42605030,
605000029,42665029,0,0,6,5,0,迷宫装备,,,青钢指环,青钢指环,human_robot_icon_atlas_0,42605004,42605030,
605000030,42665030,0,0,6,5,0,迷宫装备,,,青钢指环,青钢指环,human_robot_icon_atlas_0,42605004,42605030,
605000031,42665031,0,0,6,5,0,迷宫装备,,,流云指环,流云指环,human_robot_icon_atlas_0,42605004,42605040,
605000032,42665032,0,0,6,5,0,迷宫装备,,,流云指环,流云指环,human_robot_icon_atlas_0,42605004,42605040,
605000033,42665033,0,0,6,5,0,迷宫装备,,,流云指环,流云指环,human_robot_icon_atlas_0,42605004,42605040,
605000034,42665034,0,0,6,5,0,迷宫装备,,,流云指环,流云指环,human_robot_icon_atlas_0,42605004,42605040,
605000035,42665035,0,0,6,5,0,迷宫装备,,,流云指环,流云指环,human_robot_icon_atlas_0,42605004,42605040,
605000036,42665036,0,0,6,5,0,迷宫装备,,,流云指环,流云指环,human_robot_icon_atlas_0,42605004,42605040,
605000037,42665037,0,0,6,5,0,迷宫装备,,,流云指环,流云指环,human_robot_icon_atlas_0,42605004,42605040,
605000038,42665038,0,0,6,5,0,迷宫装备,,,流云指环,流云指环,human_robot_icon_atlas_0,42605004,42605040,
605000039,42665039,0,0,6,5,0,迷宫装备,,,流云指环,流云指环,human_robot_icon_atlas_0,42605004,42605040,
605000040,42665040,0,0,6,5,0,迷宫装备,,,流云指环,流云指环,human_robot_icon_atlas_0,42605004,42605040,
605000041,42665041,0,0,6,5,0,迷宫装备,,,飞虹指环,飞虹指环,human_robot_icon_atlas_0,42605004,42605050,
605000042,42665042,0,0,6,5,0,迷宫装备,,,飞虹指环,飞虹指环,human_robot_icon_atlas_0,42605004,42605050,
605000043,42665043,0,0,6,5,0,迷宫装备,,,飞虹指环,飞虹指环,human_robot_icon_atlas_0,42605004,42605050,
605000044,42665044,0,0,6,5,0,迷宫装备,,,飞虹指环,飞虹指环,human_robot_icon_atlas_0,42605004,42605050,
605000045,42665045,0,0,6,5,0,迷宫装备,,,飞虹指环,飞虹指环,human_robot_icon_atlas_0,42605004,42605050,
605000046,42665046,0,0,6,5,0,迷宫装备,,,飞虹指环,飞虹指环,human_robot_icon_atlas_0,42605004,42605050,
605000047,42665047,0,0,6,5,0,迷宫装备,,,飞虹指环,飞虹指环,human_robot_icon_atlas_0,42605004,42605050,
605000048,42665048,0,0,6,5,0,迷宫装备,,,飞虹指环,飞虹指环,human_robot_icon_atlas_0,42605004,42605050,
605000049,42665049,0,0,6,5,0,迷宫装备,,,飞虹指环,飞虹指环,human_robot_icon_atlas_0,42605004,42605050,
605000050,42665050,0,0,6,5,0,迷宫装备,,,飞虹指环,飞虹指环,human_robot_icon_atlas_0,42605004,42605050,
605000051,42665051,0,0,6,5,0,迷宫装备,,,紫金指环,紫金指环,human_robot_icon_atlas_0,42605004,42605060,
605000052,42665052,0,0,6,5,0,迷宫装备,,,紫金指环,紫金指环,human_robot_icon_atlas_0,42605004,42605060,
605000053,42665053,0,0,6,5,0,迷宫装备,,,紫金指环,紫金指环,human_robot_icon_atlas_0,42605004,42605060,
605000054,42665054,0,0,6,5,0,迷宫装备,,,紫金指环,紫金指环,human_robot_icon_atlas_0,42605004,42605060,
605000055,42665055,0,0,6,5,0,迷宫装备,,,紫金指环,紫金指环,human_robot_icon_atlas_0,42605004,42605060,
605000056,42665056,0,0,6,5,0,迷宫装备,,,紫金指环,紫金指环,human_robot_icon_atlas_0,42605004,42605060,
605000057,42665057,0,0,6,5,0,迷宫装备,,,紫金指环,紫金指环,human_robot_icon_atlas_0,42605004,42605060,
605000058,42665058,0,0,6,5,0,迷宫装备,,,紫金指环,紫金指环,human_robot_icon_atlas_0,42605004,42605060,
605000059,42665059,0,0,6,5,0,迷宫装备,,,紫金指环,紫金指环,human_robot_icon_atlas_0,42605004,42605060,
605000060,42665060,0,0,6,5,0,迷宫装备,,,紫金指环,紫金指环,human_robot_icon_atlas_0,42605004,42605060,
605000061,42665061,0,0,6,5,0,迷宫装备,,,巨神指环,巨神指环,human_robot_icon_atlas_0,42605004,42605070,
605000062,42665062,0,0,6,5,0,迷宫装备,,,巨神指环,巨神指环,human_robot_icon_atlas_0,42605004,42605070,
605000063,42665063,0,0,6,5,0,迷宫装备,,,巨神指环,巨神指环,human_robot_icon_atlas_0,42605004,42605070,
605000064,42665064,0,0,6,5,0,迷宫装备,,,巨神指环,巨神指环,human_robot_icon_atlas_0,42605004,42605070,
605000065,42665065,0,0,6,5,0,迷宫装备,,,巨神指环,巨神指环,human_robot_icon_atlas_0,42605004,42605070,
605000066,42665066,0,0,6,5,0,迷宫装备,,,巨神指环,巨神指环,human_robot_icon_atlas_0,42605004,42605070,
605000067,42665067,0,0,6,5,0,迷宫装备,,,巨神指环,巨神指环,human_robot_icon_atlas_0,42605004,42605070,
605000068,42665068,0,0,6,5,0,迷宫装备,,,巨神指环,巨神指环,human_robot_icon_atlas_0,42605004,42605070,
605000069,42665069,0,0,6,5,0,迷宫装备,,,巨神指环,巨神指环,human_robot_icon_atlas_0,42605004,42605070,
605000070,42665070,0,0,6,5,0,迷宫装备,,,巨神指环,巨神指环,human_robot_icon_atlas_0,42605004,42605070,
605000071,42665071,0,0,6,5,0,迷宫装备,,,天罡指环,天罡指环,human_robot_icon_atlas_0,42605004,42605080,
605000072,42665072,0,0,6,5,0,迷宫装备,,,天罡指环,天罡指环,human_robot_icon_atlas_0,42605004,42605080,
605000073,42665073,0,0,6,5,0,迷宫装备,,,天罡指环,天罡指环,human_robot_icon_atlas_0,42605004,42605080,
605000074,42665074,0,0,6,5,0,迷宫装备,,,天罡指环,天罡指环,human_robot_icon_atlas_0,42605004,42605080,
605000075,42665075,0,0,6,5,0,迷宫装备,,,天罡指环,天罡指环,human_robot_icon_atlas_0,42605004,42605080,
605000076,42665076,0,0,6,5,0,迷宫装备,,,天罡指环,天罡指环,human_robot_icon_atlas_0,42605004,42605080,
605000077,42665077,0,0,6,5,0,迷宫装备,,,天罡指环,天罡指环,human_robot_icon_atlas_0,42605004,42605080,
605000078,42665078,0,0,6,5,0,迷宫装备,,,天罡指环,天罡指环,human_robot_icon_atlas_0,42605004,42605080,
605000079,42665079,0,0,6,5,0,迷宫装备,,,天罡指环,天罡指环,human_robot_icon_atlas_0,42605004,42605080,
605000080,42665080,0,0,6,5,0,迷宫装备,,,天罡指环,天罡指环,human_robot_icon_atlas_0,42605004,42605080,
605000081,42665081,0,0,6,5,0,迷宫装备,,,雷神指环,雷神指环,human_robot_icon_atlas_0,42605004,42605090,
605000082,42665082,0,0,6,5,0,迷宫装备,,,雷神指环,雷神指环,human_robot_icon_atlas_0,42605004,42605090,
605000083,42665083,0,0,6,5,0,迷宫装备,,,雷神指环,雷神指环,human_robot_icon_atlas_0,42605004,42605090,
605000084,42665084,0,0,6,5,0,迷宫装备,,,雷神指环,雷神指环,human_robot_icon_atlas_0,42605004,42605090,
605000085,42665085,0,0,6,5,0,迷宫装备,,,雷神指环,雷神指环,human_robot_icon_atlas_0,42605004,42605090,
605000086,42665086,0,0,6,5,0,迷宫装备,,,雷神指环,雷神指环,human_robot_icon_atlas_0,42605004,42605090,
605000087,42665087,0,0,6,5,0,迷宫装备,,,雷神指环,雷神指环,human_robot_icon_atlas_0,42605004,42605090,
605000088,42665088,0,0,6,5,0,迷宫装备,,,雷神指环,雷神指环,human_robot_icon_atlas_0,42605004,42605090,
605000089,42665089,0,0,6,5,0,迷宫装备,,,雷神指环,雷神指环,human_robot_icon_atlas_0,42605004,42605090,
605000090,42665090,0,0,6,5,0,迷宫装备,,,雷神指环,雷神指环,human_robot_icon_atlas_0,42605004,42605090,
605000091,42665091,0,0,6,5,0,迷宫装备,,,狮吼指环,狮吼指环,human_robot_icon_atlas_0,42605004,42605100,
605000092,42665092,0,0,6,5,0,迷宫装备,,,狮吼指环,狮吼指环,human_robot_icon_atlas_0,42605004,42605100,
605000093,42665093,0,0,6,5,0,迷宫装备,,,狮吼指环,狮吼指环,human_robot_icon_atlas_0,42605004,42605100,
605000094,42665094,0,0,6,5,0,迷宫装备,,,狮吼指环,狮吼指环,human_robot_icon_atlas_0,42605004,42605100,
605000095,42665095,0,0,6,5,0,迷宫装备,,,狮吼指环,狮吼指环,human_robot_icon_atlas_0,42605004,42605100,
605000096,42665096,0,0,6,5,0,迷宫装备,,,狮吼指环,狮吼指环,human_robot_icon_atlas_0,42605004,42605100,
605000097,42665097,0,0,6,5,0,迷宫装备,,,狮吼指环,狮吼指环,human_robot_icon_atlas_0,42605004,42605100,
605000098,42665098,0,0,6,5,0,迷宫装备,,,狮吼指环,狮吼指环,human_robot_icon_atlas_0,42605004,42605100,
605000099,42665099,0,0,6,5,0,迷宫装备,,,狮吼指环,狮吼指环,human_robot_icon_atlas_0,42605004,42605100,
605000100,42665100,0,0,6,5,0,迷宫装备,,,狮吼指环,狮吼指环,human_robot_icon_atlas_0,42605004,42605100,
605000101,42665101,0,0,6,5,0,迷宫装备,,,灵蛇指环,灵蛇指环,human_robot_icon_atlas_0,42605004,42605110,
605000102,42665102,0,0,6,5,0,迷宫装备,,,灵蛇指环,灵蛇指环,human_robot_icon_atlas_0,42605004,42605110,
605000103,42665103,0,0,6,5,0,迷宫装备,,,灵蛇指环,灵蛇指环,human_robot_icon_atlas_0,42605004,42605110,
605000104,42665104,0,0,6,5,0,迷宫装备,,,灵蛇指环,灵蛇指环,human_robot_icon_atlas_0,42605004,42605110,
605000105,42665105,0,0,6,5,0,迷宫装备,,,灵蛇指环,灵蛇指环,human_robot_icon_atlas_0,42605004,42605110,
605000106,42665106,0,0,6,5,0,迷宫装备,,,灵蛇指环,灵蛇指环,human_robot_icon_atlas_0,42605004,42605110,
605000107,42665107,0,0,6,5,0,迷宫装备,,,灵蛇指环,灵蛇指环,human_robot_icon_atlas_0,42605004,42605110,
605000108,42665108,0,0,6,5,0,迷宫装备,,,灵蛇指环,灵蛇指环,human_robot_icon_atlas_0,42605004,42605110,
605000109,42665109,0,0,6,5,0,迷宫装备,,,灵蛇指环,灵蛇指环,human_robot_icon_atlas_0,42605004,42605110,
605000110,42665110,0,0,6,5,0,迷宫装备,,,灵蛇指环,灵蛇指环,human_robot_icon_atlas_0,42605004,42605110,
605000111,42665111,0,0,6,5,0,迷宫装备,,,朱雀指环,朱雀指环,human_robot_icon_atlas_0,42605004,42605120,
605000112,42665112,0,0,6,5,0,迷宫装备,,,朱雀指环,朱雀指环,human_robot_icon_atlas_0,42605004,42605120,
605000113,42665113,0,0,6,5,0,迷宫装备,,,朱雀指环,朱雀指环,human_robot_icon_atlas_0,42605004,42605120,
605000114,42665114,0,0,6,5,0,迷宫装备,,,朱雀指环,朱雀指环,human_robot_icon_atlas_0,42605004,42605120,
605000115,42665115,0,0,6,5,0,迷宫装备,,,朱雀指环,朱雀指环,human_robot_icon_atlas_0,42605004,42605120,
605000116,42665116,0,0,6,5,0,迷宫装备,,,朱雀指环,朱雀指环,human_robot_icon_atlas_0,42605004,42605120,
605000117,42665117,0,0,6,5,0,迷宫装备,,,朱雀指环,朱雀指环,human_robot_icon_atlas_0,42605004,42605120,
605000118,42665118,0,0,6,5,0,迷宫装备,,,朱雀指环,朱雀指环,human_robot_icon_atlas_0,42605004,42605120,
605000119,42665119,0,0,6,5,0,迷宫装备,,,朱雀指环,朱雀指环,human_robot_icon_atlas_0,42605004,42605120,
605000120,42665120,0,0,6,5,0,迷宫装备,,,朱雀指环,朱雀指环,human_robot_icon_atlas_0,42605004,42605120,
605000121,42665121,0,0,6,5,0,迷宫装备,,,龙形指环,龙形指环,human_robot_icon_atlas_0,42605004,42605130,
605000122,42665122,0,0,6,5,0,迷宫装备,,,龙形指环,龙形指环,human_robot_icon_atlas_0,42605004,42605130,
605000123,42665123,0,0,6,5,0,迷宫装备,,,龙形指环,龙形指环,human_robot_icon_atlas_0,42605004,42605130,
605000124,42665124,0,0,6,5,0,迷宫装备,,,龙形指环,龙形指环,human_robot_icon_atlas_0,42605004,42605130,
605000125,42665125,0,0,6,5,0,迷宫装备,,,龙形指环,龙形指环,human_robot_icon_atlas_0,42605004,42605130,
605000126,42665126,0,0,6,5,0,迷宫装备,,,龙形指环,龙形指环,human_robot_icon_atlas_0,42605004,42605130,
605000127,42665127,0,0,6,5,0,迷宫装备,,,龙形指环,龙形指环,human_robot_icon_atlas_0,42605004,42605130,
605000128,42665128,0,0,6,5,0,迷宫装备,,,龙形指环,龙形指环,human_robot_icon_atlas_0,42605004,42605130,
605000129,42665129,0,0,6,5,0,迷宫装备,,,龙形指环,龙形指环,human_robot_icon_atlas_0,42605004,42605130,
605000130,42665130,0,0,6,5,0,迷宫装备,,,龙形指环,龙形指环,human_robot_icon_atlas_0,42605004,42605130,
605000131,42665131,0,0,6,5,0,迷宫装备,,,龙王指环,龙王指环,human_robot_icon_atlas_0,42605004,42605140,
605000132,42665132,0,0,6,5,0,迷宫装备,,,龙王指环,龙王指环,human_robot_icon_atlas_0,42605004,42605140,
605000133,42665133,0,0,6,5,0,迷宫装备,,,龙王指环,龙王指环,human_robot_icon_atlas_0,42605004,42605140,
605000134,42665134,0,0,6,5,0,迷宫装备,,,龙王指环,龙王指环,human_robot_icon_atlas_0,42605004,42605140,
605000135,42665135,0,0,6,5,0,迷宫装备,,,龙王指环,龙王指环,human_robot_icon_atlas_0,42605004,42605140,
605000136,42665136,0,0,6,5,0,迷宫装备,,,龙王指环,龙王指环,human_robot_icon_atlas_0,42605004,42605140,
605000137,42665137,0,0,6,5,0,迷宫装备,,,龙王指环,龙王指环,human_robot_icon_atlas_0,42605004,42605140,
605000138,42665138,0,0,6,5,0,迷宫装备,,,龙王指环,龙王指环,human_robot_icon_atlas_0,42605004,42605140,
605000139,42665139,0,0,6,5,0,迷宫装备,,,龙王指环,龙王指环,human_robot_icon_atlas_0,42605004,42605140,
605000140,42665140,0,0,6,5,0,迷宫装备,,,龙王指环,龙王指环,human_robot_icon_atlas_0,42605004,42605140,
605000141,42665141,0,0,6,5,0,迷宫装备,,,龙皇指环,龙皇指环,human_robot_icon_atlas_0,42605004,42605150,
605000142,42665142,0,0,6,5,0,迷宫装备,,,龙皇指环,龙皇指环,human_robot_icon_atlas_0,42605004,42605150,
605000143,42665143,0,0,6,5,0,迷宫装备,,,龙皇指环,龙皇指环,human_robot_icon_atlas_0,42605004,42605150,
605000144,42665144,0,0,6,5,0,迷宫装备,,,龙皇指环,龙皇指环,human_robot_icon_atlas_0,42605004,42605150,
605000145,42665145,0,0,6,5,0,迷宫装备,,,龙皇指环,龙皇指环,human_robot_icon_atlas_0,42605004,42605150,
605000146,42665146,0,0,6,5,0,迷宫装备,,,龙皇指环,龙皇指环,human_robot_icon_atlas_0,42605004,42605150,
605000147,42665147,0,0,6,5,0,迷宫装备,,,龙皇指环,龙皇指环,human_robot_icon_atlas_0,42605004,42605150,
605000148,42665148,0,0,6,5,0,迷宫装备,,,龙皇指环,龙皇指环,human_robot_icon_atlas_0,42605004,42605150,
605000149,42665149,0,0,6,5,0,迷宫装备,,,龙皇指环,龙皇指环,human_robot_icon_atlas_0,42605004,42605150,
605000150,42665150,0,0,6,5,0,迷宫装备,,,龙皇指环,龙皇指环,human_robot_icon_atlas_0,42605004,42605150,
605000151,42665151,0,0,6,5,0,迷宫装备,,,龙神指环,龙神指环,human_robot_icon_atlas_0,42605004,42605160,
605000152,42665152,0,0,6,5,0,迷宫装备,,,龙神指环,龙神指环,human_robot_icon_atlas_0,42605004,42605160,
605000153,42665153,0,0,6,5,0,迷宫装备,,,龙神指环,龙神指环,human_robot_icon_atlas_0,42605004,42605160,
605000154,42665154,0,0,6,5,0,迷宫装备,,,龙神指环,龙神指环,human_robot_icon_atlas_0,42605004,42605160,
605000155,42665155,0,0,6,5,0,迷宫装备,,,龙神指环,龙神指环,human_robot_icon_atlas_0,42605004,42605160,
605000156,42665156,0,0,6,5,0,迷宫装备,,,龙神指环,龙神指环,human_robot_icon_atlas_0,42605004,42605160,
605000157,42665157,0,0,6,5,0,迷宫装备,,,龙神指环,龙神指环,human_robot_icon_atlas_0,42605004,42605160,
605000158,42665158,0,0,6,5,0,迷宫装备,,,龙神指环,龙神指环,human_robot_icon_atlas_0,42605004,42605160,
605000159,42665159,0,0,6,5,0,迷宫装备,,,龙神指环,龙神指环,human_robot_icon_atlas_0,42605004,42605160,
605000160,42665160,0,0,6,5,0,迷宫装备,,,龙神指环,龙神指环,human_robot_icon_atlas_0,42605004,42605160,
805000001,42685001,0,0,8,5,0,迷宫装备,,,青藤指环,青藤指环,human_robot_icon_atlas_0,42605001,42605010,
805000002,42685002,0,0,8,5,0,迷宫装备,,,青藤指环,青藤指环,human_robot_icon_atlas_0,42605002,42605010,
805000003,42685003,0,0,8,5,0,迷宫装备,,,青藤指环,青藤指环,human_robot_icon_atlas_0,42605003,42605010,
805000004,42685004,0,0,8,5,0,迷宫装备,,,青藤指环,青藤指环,human_robot_icon_atlas_0,42605004,42605010,
805000005,42685005,0,0,8,5,0,迷宫装备,,,青藤指环,青藤指环,human_robot_icon_atlas_0,42605004,42605010,
805000006,42685006,0,0,8,5,0,迷宫装备,,,青藤指环,青藤指环,human_robot_icon_atlas_0,42605004,42605010,
805000007,42685007,0,0,8,5,0,迷宫装备,,,青藤指环,青藤指环,human_robot_icon_atlas_0,42605004,42605010,
805000008,42685008,0,0,8,5,0,迷宫装备,,,青藤指环,青藤指环,human_robot_icon_atlas_0,42605004,42605010,
805000009,42685009,0,0,8,5,0,迷宫装备,,,青藤指环,青藤指环,human_robot_icon_atlas_0,42605004,42605010,
805000010,42685010,0,0,8,5,0,迷宫装备,,,青藤指环,青藤指环,human_robot_icon_atlas_0,42605004,42605010,
805000011,42685011,0,0,8,5,0,迷宫装备,,,铁指环,铁指环,human_robot_icon_atlas_0,42605004,42605020,
805000012,42685012,0,0,8,5,0,迷宫装备,,,铁指环,铁指环,human_robot_icon_atlas_0,42605004,42605020,
805000013,42685013,0,0,8,5,0,迷宫装备,,,铁指环,铁指环,human_robot_icon_atlas_0,42605004,42605020,
805000014,42685014,0,0,8,5,0,迷宫装备,,,铁指环,铁指环,human_robot_icon_atlas_0,42605004,42605020,
805000015,42685015,0,0,8,5,0,迷宫装备,,,铁指环,铁指环,human_robot_icon_atlas_0,42605004,42605020,
805000016,42685016,0,0,8,5,0,迷宫装备,,,铁指环,铁指环,human_robot_icon_atlas_0,42605004,42605020,
805000017,42685017,0,0,8,5,0,迷宫装备,,,铁指环,铁指环,human_robot_icon_atlas_0,42605004,42605020,
805000018,42685018,0,0,8,5,0,迷宫装备,,,铁指环,铁指环,human_robot_icon_atlas_0,42605004,42605020,
805000019,42685019,0,0,8,5,0,迷宫装备,,,铁指环,铁指环,human_robot_icon_atlas_0,42605004,42605020,
805000020,42685020,0,0,8,5,0,迷宫装备,,,铁指环,铁指环,human_robot_icon_atlas_0,42605004,42605020,
805000021,42685021,0,0,8,5,0,迷宫装备,,,青钢指环,青钢指环,human_robot_icon_atlas_0,42605004,42605030,
805000022,42685022,0,0,8,5,0,迷宫装备,,,青钢指环,青钢指环,human_robot_icon_atlas_0,42605004,42605030,
805000023,42685023,0,0,8,5,0,迷宫装备,,,青钢指环,青钢指环,human_robot_icon_atlas_0,42605004,42605030,
805000024,42685024,0,0,8,5,0,迷宫装备,,,青钢指环,青钢指环,human_robot_icon_atlas_0,42605004,42605030,
805000025,42685025,0,0,8,5,0,迷宫装备,,,青钢指环,青钢指环,human_robot_icon_atlas_0,42605004,42605030,
805000026,42685026,0,0,8,5,0,迷宫装备,,,青钢指环,青钢指环,human_robot_icon_atlas_0,42605004,42605030,
805000027,42685027,0,0,8,5,0,迷宫装备,,,青钢指环,青钢指环,human_robot_icon_atlas_0,42605004,42605030,
805000028,42685028,0,0,8,5,0,迷宫装备,,,青钢指环,青钢指环,human_robot_icon_atlas_0,42605004,42605030,
805000029,42685029,0,0,8,5,0,迷宫装备,,,青钢指环,青钢指环,human_robot_icon_atlas_0,42605004,42605030,
805000030,42685030,0,0,8,5,0,迷宫装备,,,青钢指环,青钢指环,human_robot_icon_atlas_0,42605004,42605030,
805000031,42685031,0,0,8,5,0,迷宫装备,,,流云指环,流云指环,human_robot_icon_atlas_0,42605004,42605040,
805000032,42685032,0,0,8,5,0,迷宫装备,,,流云指环,流云指环,human_robot_icon_atlas_0,42605004,42605040,
805000033,42685033,0,0,8,5,0,迷宫装备,,,流云指环,流云指环,human_robot_icon_atlas_0,42605004,42605040,
805000034,42685034,0,0,8,5,0,迷宫装备,,,流云指环,流云指环,human_robot_icon_atlas_0,42605004,42605040,
805000035,42685035,0,0,8,5,0,迷宫装备,,,流云指环,流云指环,human_robot_icon_atlas_0,42605004,42605040,
805000036,42685036,0,0,8,5,0,迷宫装备,,,流云指环,流云指环,human_robot_icon_atlas_0,42605004,42605040,
805000037,42685037,0,0,8,5,0,迷宫装备,,,流云指环,流云指环,human_robot_icon_atlas_0,42605004,42605040,
805000038,42685038,0,0,8,5,0,迷宫装备,,,流云指环,流云指环,human_robot_icon_atlas_0,42605004,42605040,
805000039,42685039,0,0,8,5,0,迷宫装备,,,流云指环,流云指环,human_robot_icon_atlas_0,42605004,42605040,
805000040,42685040,0,0,8,5,0,迷宫装备,,,流云指环,流云指环,human_robot_icon_atlas_0,42605004,42605040,
805000041,42685041,0,0,8,5,0,迷宫装备,,,飞虹指环,飞虹指环,human_robot_icon_atlas_0,42605004,42605050,
805000042,42685042,0,0,8,5,0,迷宫装备,,,飞虹指环,飞虹指环,human_robot_icon_atlas_0,42605004,42605050,
805000043,42685043,0,0,8,5,0,迷宫装备,,,飞虹指环,飞虹指环,human_robot_icon_atlas_0,42605004,42605050,
805000044,42685044,0,0,8,5,0,迷宫装备,,,飞虹指环,飞虹指环,human_robot_icon_atlas_0,42605004,42605050,
805000045,42685045,0,0,8,5,0,迷宫装备,,,飞虹指环,飞虹指环,human_robot_icon_atlas_0,42605004,42605050,
805000046,42685046,0,0,8,5,0,迷宫装备,,,飞虹指环,飞虹指环,human_robot_icon_atlas_0,42605004,42605050,
805000047,42685047,0,0,8,5,0,迷宫装备,,,飞虹指环,飞虹指环,human_robot_icon_atlas_0,42605004,42605050,
805000048,42685048,0,0,8,5,0,迷宫装备,,,飞虹指环,飞虹指环,human_robot_icon_atlas_0,42605004,42605050,
805000049,42685049,0,0,8,5,0,迷宫装备,,,飞虹指环,飞虹指环,human_robot_icon_atlas_0,42605004,42605050,
805000050,42685050,0,0,8,5,0,迷宫装备,,,飞虹指环,飞虹指环,human_robot_icon_atlas_0,42605004,42605050,
805000051,42685051,0,0,8,5,0,迷宫装备,,,紫金指环,紫金指环,human_robot_icon_atlas_0,42605004,42605060,
805000052,42685052,0,0,8,5,0,迷宫装备,,,紫金指环,紫金指环,human_robot_icon_atlas_0,42605004,42605060,
805000053,42685053,0,0,8,5,0,迷宫装备,,,紫金指环,紫金指环,human_robot_icon_atlas_0,42605004,42605060,
805000054,42685054,0,0,8,5,0,迷宫装备,,,紫金指环,紫金指环,human_robot_icon_atlas_0,42605004,42605060,
805000055,42685055,0,0,8,5,0,迷宫装备,,,紫金指环,紫金指环,human_robot_icon_atlas_0,42605004,42605060,
805000056,42685056,0,0,8,5,0,迷宫装备,,,紫金指环,紫金指环,human_robot_icon_atlas_0,42605004,42605060,
805000057,42685057,0,0,8,5,0,迷宫装备,,,紫金指环,紫金指环,human_robot_icon_atlas_0,42605004,42605060,
805000058,42685058,0,0,8,5,0,迷宫装备,,,紫金指环,紫金指环,human_robot_icon_atlas_0,42605004,42605060,
805000059,42685059,0,0,8,5,0,迷宫装备,,,紫金指环,紫金指环,human_robot_icon_atlas_0,42605004,42605060,
805000060,42685060,0,0,8,5,0,迷宫装备,,,紫金指环,紫金指环,human_robot_icon_atlas_0,42605004,42605060,
805000061,42685061,0,0,8,5,0,迷宫装备,,,巨神指环,巨神指环,human_robot_icon_atlas_0,42605004,42605070,
805000062,42685062,0,0,8,5,0,迷宫装备,,,巨神指环,巨神指环,human_robot_icon_atlas_0,42605004,42605070,
805000063,42685063,0,0,8,5,0,迷宫装备,,,巨神指环,巨神指环,human_robot_icon_atlas_0,42605004,42605070,
805000064,42685064,0,0,8,5,0,迷宫装备,,,巨神指环,巨神指环,human_robot_icon_atlas_0,42605004,42605070,
805000065,42685065,0,0,8,5,0,迷宫装备,,,巨神指环,巨神指环,human_robot_icon_atlas_0,42605004,42605070,
805000066,42685066,0,0,8,5,0,迷宫装备,,,巨神指环,巨神指环,human_robot_icon_atlas_0,42605004,42605070,
805000067,42685067,0,0,8,5,0,迷宫装备,,,巨神指环,巨神指环,human_robot_icon_atlas_0,42605004,42605070,
805000068,42685068,0,0,8,5,0,迷宫装备,,,巨神指环,巨神指环,human_robot_icon_atlas_0,42605004,42605070,
805000069,42685069,0,0,8,5,0,迷宫装备,,,巨神指环,巨神指环,human_robot_icon_atlas_0,42605004,42605070,
805000070,42685070,0,0,8,5,0,迷宫装备,,,巨神指环,巨神指环,human_robot_icon_atlas_0,42605004,42605070,
805000071,42685071,0,0,8,5,0,迷宫装备,,,天罡指环,天罡指环,human_robot_icon_atlas_0,42605004,42605080,
805000072,42685072,0,0,8,5,0,迷宫装备,,,天罡指环,天罡指环,human_robot_icon_atlas_0,42605004,42605080,
805000073,42685073,0,0,8,5,0,迷宫装备,,,天罡指环,天罡指环,human_robot_icon_atlas_0,42605004,42605080,
805000074,42685074,0,0,8,5,0,迷宫装备,,,天罡指环,天罡指环,human_robot_icon_atlas_0,42605004,42605080,
805000075,42685075,0,0,8,5,0,迷宫装备,,,天罡指环,天罡指环,human_robot_icon_atlas_0,42605004,42605080,
805000076,42685076,0,0,8,5,0,迷宫装备,,,天罡指环,天罡指环,human_robot_icon_atlas_0,42605004,42605080,
805000077,42685077,0,0,8,5,0,迷宫装备,,,天罡指环,天罡指环,human_robot_icon_atlas_0,42605004,42605080,
805000078,42685078,0,0,8,5,0,迷宫装备,,,天罡指环,天罡指环,human_robot_icon_atlas_0,42605004,42605080,
805000079,42685079,0,0,8,5,0,迷宫装备,,,天罡指环,天罡指环,human_robot_icon_atlas_0,42605004,42605080,
805000080,42685080,0,0,8,5,0,迷宫装备,,,天罡指环,天罡指环,human_robot_icon_atlas_0,42605004,42605080,
805000081,42685081,0,0,8,5,0,迷宫装备,,,雷神指环,雷神指环,human_robot_icon_atlas_0,42605004,42605090,
805000082,42685082,0,0,8,5,0,迷宫装备,,,雷神指环,雷神指环,human_robot_icon_atlas_0,42605004,42605090,
805000083,42685083,0,0,8,5,0,迷宫装备,,,雷神指环,雷神指环,human_robot_icon_atlas_0,42605004,42605090,
805000084,42685084,0,0,8,5,0,迷宫装备,,,雷神指环,雷神指环,human_robot_icon_atlas_0,42605004,42605090,
805000085,42685085,0,0,8,5,0,迷宫装备,,,雷神指环,雷神指环,human_robot_icon_atlas_0,42605004,42605090,
805000086,42685086,0,0,8,5,0,迷宫装备,,,雷神指环,雷神指环,human_robot_icon_atlas_0,42605004,42605090,
805000087,42685087,0,0,8,5,0,迷宫装备,,,雷神指环,雷神指环,human_robot_icon_atlas_0,42605004,42605090,
805000088,42685088,0,0,8,5,0,迷宫装备,,,雷神指环,雷神指环,human_robot_icon_atlas_0,42605004,42605090,
805000089,42685089,0,0,8,5,0,迷宫装备,,,雷神指环,雷神指环,human_robot_icon_atlas_0,42605004,42605090,
805000090,42685090,0,0,8,5,0,迷宫装备,,,雷神指环,雷神指环,human_robot_icon_atlas_0,42605004,42605090,
805000091,42685091,0,0,8,5,0,迷宫装备,,,狮吼指环,狮吼指环,human_robot_icon_atlas_0,42605004,42605100,
805000092,42685092,0,0,8,5,0,迷宫装备,,,狮吼指环,狮吼指环,human_robot_icon_atlas_0,42605004,42605100,
805000093,42685093,0,0,8,5,0,迷宫装备,,,狮吼指环,狮吼指环,human_robot_icon_atlas_0,42605004,42605100,
805000094,42685094,0,0,8,5,0,迷宫装备,,,狮吼指环,狮吼指环,human_robot_icon_atlas_0,42605004,42605100,
805000095,42685095,0,0,8,5,0,迷宫装备,,,狮吼指环,狮吼指环,human_robot_icon_atlas_0,42605004,42605100,
805000096,42685096,0,0,8,5,0,迷宫装备,,,狮吼指环,狮吼指环,human_robot_icon_atlas_0,42605004,42605100,
805000097,42685097,0,0,8,5,0,迷宫装备,,,狮吼指环,狮吼指环,human_robot_icon_atlas_0,42605004,42605100,
805000098,42685098,0,0,8,5,0,迷宫装备,,,狮吼指环,狮吼指环,human_robot_icon_atlas_0,42605004,42605100,
805000099,42685099,0,0,8,5,0,迷宫装备,,,狮吼指环,狮吼指环,human_robot_icon_atlas_0,42605004,42605100,
805000100,42685100,0,0,8,5,0,迷宫装备,,,狮吼指环,狮吼指环,human_robot_icon_atlas_0,42605004,42605100,
805000101,42685101,0,0,8,5,0,迷宫装备,,,灵蛇指环,灵蛇指环,human_robot_icon_atlas_0,42605004,42605110,
805000102,42685102,0,0,8,5,0,迷宫装备,,,灵蛇指环,灵蛇指环,human_robot_icon_atlas_0,42605004,42605110,
805000103,42685103,0,0,8,5,0,迷宫装备,,,灵蛇指环,灵蛇指环,human_robot_icon_atlas_0,42605004,42605110,
805000104,42685104,0,0,8,5,0,迷宫装备,,,灵蛇指环,灵蛇指环,human_robot_icon_atlas_0,42605004,42605110,
805000105,42685105,0,0,8,5,0,迷宫装备,,,灵蛇指环,灵蛇指环,human_robot_icon_atlas_0,42605004,42605110,
805000106,42685106,0,0,8,5,0,迷宫装备,,,灵蛇指环,灵蛇指环,human_robot_icon_atlas_0,42605004,42605110,
805000107,42685107,0,0,8,5,0,迷宫装备,,,灵蛇指环,灵蛇指环,human_robot_icon_atlas_0,42605004,42605110,
805000108,42685108,0,0,8,5,0,迷宫装备,,,灵蛇指环,灵蛇指环,human_robot_icon_atlas_0,42605004,42605110,
805000109,42685109,0,0,8,5,0,迷宫装备,,,灵蛇指环,灵蛇指环,human_robot_icon_atlas_0,42605004,42605110,
805000110,42685110,0,0,8,5,0,迷宫装备,,,灵蛇指环,灵蛇指环,human_robot_icon_atlas_0,42605004,42605110,
805000111,42685111,0,0,8,5,0,迷宫装备,,,朱雀指环,朱雀指环,human_robot_icon_atlas_0,42605004,42605120,
805000112,42685112,0,0,8,5,0,迷宫装备,,,朱雀指环,朱雀指环,human_robot_icon_atlas_0,42605004,42605120,
805000113,42685113,0,0,8,5,0,迷宫装备,,,朱雀指环,朱雀指环,human_robot_icon_atlas_0,42605004,42605120,
805000114,42685114,0,0,8,5,0,迷宫装备,,,朱雀指环,朱雀指环,human_robot_icon_atlas_0,42605004,42605120,
805000115,42685115,0,0,8,5,0,迷宫装备,,,朱雀指环,朱雀指环,human_robot_icon_atlas_0,42605004,42605120,
805000116,42685116,0,0,8,5,0,迷宫装备,,,朱雀指环,朱雀指环,human_robot_icon_atlas_0,42605004,42605120,
805000117,42685117,0,0,8,5,0,迷宫装备,,,朱雀指环,朱雀指环,human_robot_icon_atlas_0,42605004,42605120,
805000118,42685118,0,0,8,5,0,迷宫装备,,,朱雀指环,朱雀指环,human_robot_icon_atlas_0,42605004,42605120,
805000119,42685119,0,0,8,5,0,迷宫装备,,,朱雀指环,朱雀指环,human_robot_icon_atlas_0,42605004,42605120,
805000120,42685120,0,0,8,5,0,迷宫装备,,,朱雀指环,朱雀指环,human_robot_icon_atlas_0,42605004,42605120,
805000121,42685121,0,0,8,5,0,迷宫装备,,,龙形指环,龙形指环,human_robot_icon_atlas_0,42605004,42605130,
805000122,42685122,0,0,8,5,0,迷宫装备,,,龙形指环,龙形指环,human_robot_icon_atlas_0,42605004,42605130,
805000123,42685123,0,0,8,5,0,迷宫装备,,,龙形指环,龙形指环,human_robot_icon_atlas_0,42605004,42605130,
805000124,42685124,0,0,8,5,0,迷宫装备,,,龙形指环,龙形指环,human_robot_icon_atlas_0,42605004,42605130,
805000125,42685125,0,0,8,5,0,迷宫装备,,,龙形指环,龙形指环,human_robot_icon_atlas_0,42605004,42605130,
805000126,42685126,0,0,8,5,0,迷宫装备,,,龙形指环,龙形指环,human_robot_icon_atlas_0,42605004,42605130,
805000127,42685127,0,0,8,5,0,迷宫装备,,,龙形指环,龙形指环,human_robot_icon_atlas_0,42605004,42605130,
805000128,42685128,0,0,8,5,0,迷宫装备,,,龙形指环,龙形指环,human_robot_icon_atlas_0,42605004,42605130,
805000129,42685129,0,0,8,5,0,迷宫装备,,,龙形指环,龙形指环,human_robot_icon_atlas_0,42605004,42605130,
805000130,42685130,0,0,8,5,0,迷宫装备,,,龙形指环,龙形指环,human_robot_icon_atlas_0,42605004,42605130,
805000131,42685131,0,0,8,5,0,迷宫装备,,,龙王指环,龙王指环,human_robot_icon_atlas_0,42605004,42605140,
805000132,42685132,0,0,8,5,0,迷宫装备,,,龙王指环,龙王指环,human_robot_icon_atlas_0,42605004,42605140,
805000133,42685133,0,0,8,5,0,迷宫装备,,,龙王指环,龙王指环,human_robot_icon_atlas_0,42605004,42605140,
805000134,42685134,0,0,8,5,0,迷宫装备,,,龙王指环,龙王指环,human_robot_icon_atlas_0,42605004,42605140,
805000135,42685135,0,0,8,5,0,迷宫装备,,,龙王指环,龙王指环,human_robot_icon_atlas_0,42605004,42605140,
805000136,42685136,0,0,8,5,0,迷宫装备,,,龙王指环,龙王指环,human_robot_icon_atlas_0,42605004,42605140,
805000137,42685137,0,0,8,5,0,迷宫装备,,,龙王指环,龙王指环,human_robot_icon_atlas_0,42605004,42605140,
805000138,42685138,0,0,8,5,0,迷宫装备,,,龙王指环,龙王指环,human_robot_icon_atlas_0,42605004,42605140,
805000139,42685139,0,0,8,5,0,迷宫装备,,,龙王指环,龙王指环,human_robot_icon_atlas_0,42605004,42605140,
805000140,42685140,0,0,8,5,0,迷宫装备,,,龙王指环,龙王指环,human_robot_icon_atlas_0,42605004,42605140,
805000141,42685141,0,0,8,5,0,迷宫装备,,,龙皇指环,龙皇指环,human_robot_icon_atlas_0,42605004,42605150,
805000142,42685142,0,0,8,5,0,迷宫装备,,,龙皇指环,龙皇指环,human_robot_icon_atlas_0,42605004,42605150,
805000143,42685143,0,0,8,5,0,迷宫装备,,,龙皇指环,龙皇指环,human_robot_icon_atlas_0,42605004,42605150,
805000144,42685144,0,0,8,5,0,迷宫装备,,,龙皇指环,龙皇指环,human_robot_icon_atlas_0,42605004,42605150,
805000145,42685145,0,0,8,5,0,迷宫装备,,,龙皇指环,龙皇指环,human_robot_icon_atlas_0,42605004,42605150,
805000146,42685146,0,0,8,5,0,迷宫装备,,,龙皇指环,龙皇指环,human_robot_icon_atlas_0,42605004,42605150,
805000147,42685147,0,0,8,5,0,迷宫装备,,,龙皇指环,龙皇指环,human_robot_icon_atlas_0,42605004,42605150,
805000148,42685148,0,0,8,5,0,迷宫装备,,,龙皇指环,龙皇指环,human_robot_icon_atlas_0,42605004,42605150,
805000149,42685149,0,0,8,5,0,迷宫装备,,,龙皇指环,龙皇指环,human_robot_icon_atlas_0,42605004,42605150,
805000150,42685150,0,0,8,5,0,迷宫装备,,,龙皇指环,龙皇指环,human_robot_icon_atlas_0,42605004,42605150,
805000151,42685151,0,0,8,5,0,迷宫装备,,,龙神指环,龙神指环,human_robot_icon_atlas_0,42605004,42605160,
805000152,42685152,0,0,8,5,0,迷宫装备,,,龙神指环,龙神指环,human_robot_icon_atlas_0,42605004,42605160,
805000153,42685153,0,0,8,5,0,迷宫装备,,,龙神指环,龙神指环,human_robot_icon_atlas_0,42605004,42605160,
805000154,42685154,0,0,8,5,0,迷宫装备,,,龙神指环,龙神指环,human_robot_icon_atlas_0,42605004,42605160,
805000155,42685155,0,0,8,5,0,迷宫装备,,,龙神指环,龙神指环,human_robot_icon_atlas_0,42605004,42605160,
805000156,42685156,0,0,8,5,0,迷宫装备,,,龙神指环,龙神指环,human_robot_icon_atlas_0,42605004,42605160,
805000157,42685157,0,0,8,5,0,迷宫装备,,,龙神指环,龙神指环,human_robot_icon_atlas_0,42605004,42605160,
805000158,42685158,0,0,8,5,0,迷宫装备,,,龙神指环,龙神指环,human_robot_icon_atlas_0,42605004,42605160,
805000159,42685159,0,0,8,5,0,迷宫装备,,,龙神指环,龙神指环,human_robot_icon_atlas_0,42605004,42605160,
805000160,42685160,0,0,8,5,0,迷宫装备,,,龙神指环,龙神指环,human_robot_icon_atlas_0,42605004,42605160,
107000001,42617001,0,0,1,7,0,迷宫装备,,,粗布护腕,粗布护腕,human_robot_icon_atlas_0,42607001,42607010,602
107000002,42617002,0,0,1,7,0,迷宫装备,,,粗布护腕,粗布护腕,human_robot_icon_atlas_0,42607002,42607010,602
107000003,42617003,0,0,1,7,0,迷宫装备,,,粗布护腕,粗布护腕,human_robot_icon_atlas_0,42607003,42607010,602
107000004,42617004,0,0,1,7,0,迷宫装备,,,粗布护腕,粗布护腕,human_robot_icon_atlas_0,42607004,42607010,602
107000005,42617005,0,0,1,7,0,迷宫装备,,,粗布护腕,粗布护腕,human_robot_icon_atlas_0,42607004,42607010,602
107000006,42617006,0,0,1,7,0,迷宫装备,,,粗布护腕,粗布护腕,human_robot_icon_atlas_0,42607004,42607010,602
107000007,42617007,0,0,1,7,0,迷宫装备,,,粗布护腕,粗布护腕,human_robot_icon_atlas_0,42607004,42607010,602
107000008,42617008,0,0,1,7,0,迷宫装备,,,粗布护腕,粗布护腕,human_robot_icon_atlas_0,42607004,42607010,602
107000009,42617009,0,0,1,7,0,迷宫装备,,,粗布护腕,粗布护腕,human_robot_icon_atlas_0,42607004,42607010,602
107000010,42617010,0,0,1,7,0,迷宫装备,,,粗布护腕,粗布护腕,human_robot_icon_atlas_0,42607004,42607010,602
107000011,42617011,0,0,1,7,0,迷宫装备,,,铁护腕,铁护腕,human_robot_icon_atlas_0,42607004,42607020,602
107000012,42617012,0,0,1,7,0,迷宫装备,,,铁护腕,铁护腕,human_robot_icon_atlas_0,42607004,42607020,602
107000013,42617013,0,0,1,7,0,迷宫装备,,,铁护腕,铁护腕,human_robot_icon_atlas_0,42607004,42607020,602
107000014,42617014,0,0,1,7,0,迷宫装备,,,铁护腕,铁护腕,human_robot_icon_atlas_0,42607004,42607020,602
107000015,42617015,0,0,1,7,0,迷宫装备,,,铁护腕,铁护腕,human_robot_icon_atlas_0,42607004,42607020,602
107000016,42617016,0,0,1,7,0,迷宫装备,,,铁护腕,铁护腕,human_robot_icon_atlas_0,42607004,42607020,602
107000017,42617017,0,0,1,7,0,迷宫装备,,,铁护腕,铁护腕,human_robot_icon_atlas_0,42607004,42607020,602
107000018,42617018,0,0,1,7,0,迷宫装备,,,铁护腕,铁护腕,human_robot_icon_atlas_0,42607004,42607020,602
107000019,42617019,0,0,1,7,0,迷宫装备,,,铁护腕,铁护腕,human_robot_icon_atlas_0,42607004,42607020,602
107000020,42617020,0,0,1,7,0,迷宫装备,,,铁护腕,铁护腕,human_robot_icon_atlas_0,42607004,42607020,602
107000021,42617021,0,0,1,7,0,迷宫装备,,,青钢护腕,青钢护腕,human_robot_icon_atlas_0,42607004,42607030,602
107000022,42617022,0,0,1,7,0,迷宫装备,,,青钢护腕,青钢护腕,human_robot_icon_atlas_0,42607004,42607030,602
107000023,42617023,0,0,1,7,0,迷宫装备,,,青钢护腕,青钢护腕,human_robot_icon_atlas_0,42607004,42607030,602
107000024,42617024,0,0,1,7,0,迷宫装备,,,青钢护腕,青钢护腕,human_robot_icon_atlas_0,42607004,42607030,602
107000025,42617025,0,0,1,7,0,迷宫装备,,,青钢护腕,青钢护腕,human_robot_icon_atlas_0,42607004,42607030,602
107000026,42617026,0,0,1,7,0,迷宫装备,,,青钢护腕,青钢护腕,human_robot_icon_atlas_0,42607004,42607030,602
107000027,42617027,0,0,1,7,0,迷宫装备,,,青钢护腕,青钢护腕,human_robot_icon_atlas_0,42607004,42607030,602
107000028,42617028,0,0,1,7,0,迷宫装备,,,青钢护腕,青钢护腕,human_robot_icon_atlas_0,42607004,42607030,602
107000029,42617029,0,0,1,7,0,迷宫装备,,,青钢护腕,青钢护腕,human_robot_icon_atlas_0,42607004,42607030,602
107000030,42617030,0,0,1,7,0,迷宫装备,,,青钢护腕,青钢护腕,human_robot_icon_atlas_0,42607004,42607030,602
107000031,42617031,0,0,1,7,0,迷宫装备,,,流云护腕,流云护腕,human_robot_icon_atlas_0,42607004,42607040,602
107000032,42617032,0,0,1,7,0,迷宫装备,,,流云护腕,流云护腕,human_robot_icon_atlas_0,42607004,42607040,602
107000033,42617033,0,0,1,7,0,迷宫装备,,,流云护腕,流云护腕,human_robot_icon_atlas_0,42607004,42607040,602
107000034,42617034,0,0,1,7,0,迷宫装备,,,流云护腕,流云护腕,human_robot_icon_atlas_0,42607004,42607040,602
107000035,42617035,0,0,1,7,0,迷宫装备,,,流云护腕,流云护腕,human_robot_icon_atlas_0,42607004,42607040,602
107000036,42617036,0,0,1,7,0,迷宫装备,,,流云护腕,流云护腕,human_robot_icon_atlas_0,42607004,42607040,602
107000037,42617037,0,0,1,7,0,迷宫装备,,,流云护腕,流云护腕,human_robot_icon_atlas_0,42607004,42607040,602
107000038,42617038,0,0,1,7,0,迷宫装备,,,流云护腕,流云护腕,human_robot_icon_atlas_0,42607004,42607040,602
107000039,42617039,0,0,1,7,0,迷宫装备,,,流云护腕,流云护腕,human_robot_icon_atlas_0,42607004,42607040,602
107000040,42617040,0,0,1,7,0,迷宫装备,,,流云护腕,流云护腕,human_robot_icon_atlas_0,42607004,42607040,602
107000041,42617041,0,0,1,7,0,迷宫装备,,,飞虹护腕,飞虹护腕,human_robot_icon_atlas_0,42607004,42607050,602
107000042,42617042,0,0,1,7,0,迷宫装备,,,飞虹护腕,飞虹护腕,human_robot_icon_atlas_0,42607004,42607050,602
107000043,42617043,0,0,1,7,0,迷宫装备,,,飞虹护腕,飞虹护腕,human_robot_icon_atlas_0,42607004,42607050,602
107000044,42617044,0,0,1,7,0,迷宫装备,,,飞虹护腕,飞虹护腕,human_robot_icon_atlas_0,42607004,42607050,602
107000045,42617045,0,0,1,7,0,迷宫装备,,,飞虹护腕,飞虹护腕,human_robot_icon_atlas_0,42607004,42607050,602
107000046,42617046,0,0,1,7,0,迷宫装备,,,飞虹护腕,飞虹护腕,human_robot_icon_atlas_0,42607004,42607050,602
107000047,42617047,0,0,1,7,0,迷宫装备,,,飞虹护腕,飞虹护腕,human_robot_icon_atlas_0,42607004,42607050,602
107000048,42617048,0,0,1,7,0,迷宫装备,,,飞虹护腕,飞虹护腕,human_robot_icon_atlas_0,42607004,42607050,602
107000049,42617049,0,0,1,7,0,迷宫装备,,,飞虹护腕,飞虹护腕,human_robot_icon_atlas_0,42607004,42607050,602
107000050,42617050,0,0,1,7,0,迷宫装备,,,飞虹护腕,飞虹护腕,human_robot_icon_atlas_0,42607004,42607050,602
107000051,42617051,0,0,1,7,0,迷宫装备,,,紫金护腕,紫金护腕,human_robot_icon_atlas_0,42607004,42607060,602
107000052,42617052,0,0,1,7,0,迷宫装备,,,紫金护腕,紫金护腕,human_robot_icon_atlas_0,42607004,42607060,602
107000053,42617053,0,0,1,7,0,迷宫装备,,,紫金护腕,紫金护腕,human_robot_icon_atlas_0,42607004,42607060,602
107000054,42617054,0,0,1,7,0,迷宫装备,,,紫金护腕,紫金护腕,human_robot_icon_atlas_0,42607004,42607060,602
107000055,42617055,0,0,1,7,0,迷宫装备,,,紫金护腕,紫金护腕,human_robot_icon_atlas_0,42607004,42607060,602
107000056,42617056,0,0,1,7,0,迷宫装备,,,紫金护腕,紫金护腕,human_robot_icon_atlas_0,42607004,42607060,602
107000057,42617057,0,0,1,7,0,迷宫装备,,,紫金护腕,紫金护腕,human_robot_icon_atlas_0,42607004,42607060,602
107000058,42617058,0,0,1,7,0,迷宫装备,,,紫金护腕,紫金护腕,human_robot_icon_atlas_0,42607004,42607060,602
107000059,42617059,0,0,1,7,0,迷宫装备,,,紫金护腕,紫金护腕,human_robot_icon_atlas_0,42607004,42607060,602
107000060,42617060,0,0,1,7,0,迷宫装备,,,紫金护腕,紫金护腕,human_robot_icon_atlas_0,42607004,42607060,602
107000061,42617061,0,0,1,7,0,迷宫装备,,,巨神护腕,巨神护腕,human_robot_icon_atlas_0,42607004,42607070,602
107000062,42617062,0,0,1,7,0,迷宫装备,,,巨神护腕,巨神护腕,human_robot_icon_atlas_0,42607004,42607070,602
107000063,42617063,0,0,1,7,0,迷宫装备,,,巨神护腕,巨神护腕,human_robot_icon_atlas_0,42607004,42607070,602
107000064,42617064,0,0,1,7,0,迷宫装备,,,巨神护腕,巨神护腕,human_robot_icon_atlas_0,42607004,42607070,602
107000065,42617065,0,0,1,7,0,迷宫装备,,,巨神护腕,巨神护腕,human_robot_icon_atlas_0,42607004,42607070,602
107000066,42617066,0,0,1,7,0,迷宫装备,,,巨神护腕,巨神护腕,human_robot_icon_atlas_0,42607004,42607070,602
107000067,42617067,0,0,1,7,0,迷宫装备,,,巨神护腕,巨神护腕,human_robot_icon_atlas_0,42607004,42607070,602
107000068,42617068,0,0,1,7,0,迷宫装备,,,巨神护腕,巨神护腕,human_robot_icon_atlas_0,42607004,42607070,602
107000069,42617069,0,0,1,7,0,迷宫装备,,,巨神护腕,巨神护腕,human_robot_icon_atlas_0,42607004,42607070,602
107000070,42617070,0,0,1,7,0,迷宫装备,,,巨神护腕,巨神护腕,human_robot_icon_atlas_0,42607004,42607070,602
107000071,42617071,0,0,1,7,0,迷宫装备,,,天罡护腕,天罡护腕,human_robot_icon_atlas_0,42607004,42607080,602
107000072,42617072,0,0,1,7,0,迷宫装备,,,天罡护腕,天罡护腕,human_robot_icon_atlas_0,42607004,42607080,602
107000073,42617073,0,0,1,7,0,迷宫装备,,,天罡护腕,天罡护腕,human_robot_icon_atlas_0,42607004,42607080,602
107000074,42617074,0,0,1,7,0,迷宫装备,,,天罡护腕,天罡护腕,human_robot_icon_atlas_0,42607004,42607080,602
107000075,42617075,0,0,1,7,0,迷宫装备,,,天罡护腕,天罡护腕,human_robot_icon_atlas_0,42607004,42607080,602
107000076,42617076,0,0,1,7,0,迷宫装备,,,天罡护腕,天罡护腕,human_robot_icon_atlas_0,42607004,42607080,602
107000077,42617077,0,0,1,7,0,迷宫装备,,,天罡护腕,天罡护腕,human_robot_icon_atlas_0,42607004,42607080,602
107000078,42617078,0,0,1,7,0,迷宫装备,,,天罡护腕,天罡护腕,human_robot_icon_atlas_0,42607004,42607080,602
107000079,42617079,0,0,1,7,0,迷宫装备,,,天罡护腕,天罡护腕,human_robot_icon_atlas_0,42607004,42607080,602
107000080,42617080,0,0,1,7,0,迷宫装备,,,天罡护腕,天罡护腕,human_robot_icon_atlas_0,42607004,42607080,602
107000081,42617081,0,0,1,7,0,迷宫装备,,,雷神护腕,雷神护腕,human_robot_icon_atlas_0,42607004,42607090,602
107000082,42617082,0,0,1,7,0,迷宫装备,,,雷神护腕,雷神护腕,human_robot_icon_atlas_0,42607004,42607090,602
107000083,42617083,0,0,1,7,0,迷宫装备,,,雷神护腕,雷神护腕,human_robot_icon_atlas_0,42607004,42607090,602
107000084,42617084,0,0,1,7,0,迷宫装备,,,雷神护腕,雷神护腕,human_robot_icon_atlas_0,42607004,42607090,602
107000085,42617085,0,0,1,7,0,迷宫装备,,,雷神护腕,雷神护腕,human_robot_icon_atlas_0,42607004,42607090,602
107000086,42617086,0,0,1,7,0,迷宫装备,,,雷神护腕,雷神护腕,human_robot_icon_atlas_0,42607004,42607090,602
107000087,42617087,0,0,1,7,0,迷宫装备,,,雷神护腕,雷神护腕,human_robot_icon_atlas_0,42607004,42607090,602
107000088,42617088,0,0,1,7,0,迷宫装备,,,雷神护腕,雷神护腕,human_robot_icon_atlas_0,42607004,42607090,602
107000089,42617089,0,0,1,7,0,迷宫装备,,,雷神护腕,雷神护腕,human_robot_icon_atlas_0,42607004,42607090,602
107000090,42617090,0,0,1,7,0,迷宫装备,,,雷神护腕,雷神护腕,human_robot_icon_atlas_0,42607004,42607090,602
107000091,42617091,0,0,1,7,0,迷宫装备,,,狮吼护腕,狮吼护腕,human_robot_icon_atlas_0,42607004,42607100,602
107000092,42617092,0,0,1,7,0,迷宫装备,,,狮吼护腕,狮吼护腕,human_robot_icon_atlas_0,42607004,42607100,602
107000093,42617093,0,0,1,7,0,迷宫装备,,,狮吼护腕,狮吼护腕,human_robot_icon_atlas_0,42607004,42607100,602
107000094,42617094,0,0,1,7,0,迷宫装备,,,狮吼护腕,狮吼护腕,human_robot_icon_atlas_0,42607004,42607100,602
107000095,42617095,0,0,1,7,0,迷宫装备,,,狮吼护腕,狮吼护腕,human_robot_icon_atlas_0,42607004,42607100,602
107000096,42617096,0,0,1,7,0,迷宫装备,,,狮吼护腕,狮吼护腕,human_robot_icon_atlas_0,42607004,42607100,602
107000097,42617097,0,0,1,7,0,迷宫装备,,,狮吼护腕,狮吼护腕,human_robot_icon_atlas_0,42607004,42607100,602
107000098,42617098,0,0,1,7,0,迷宫装备,,,狮吼护腕,狮吼护腕,human_robot_icon_atlas_0,42607004,42607100,602
107000099,42617099,0,0,1,7,0,迷宫装备,,,狮吼护腕,狮吼护腕,human_robot_icon_atlas_0,42607004,42607100,602
107000100,42617100,0,0,1,7,0,迷宫装备,,,狮吼护腕,狮吼护腕,human_robot_icon_atlas_0,42607004,42607100,602
107000101,42617101,0,0,1,7,0,迷宫装备,,,灵蛇护腕,灵蛇护腕,human_robot_icon_atlas_0,42607004,42607110,602
107000102,42617102,0,0,1,7,0,迷宫装备,,,灵蛇护腕,灵蛇护腕,human_robot_icon_atlas_0,42607004,42607110,602
107000103,42617103,0,0,1,7,0,迷宫装备,,,灵蛇护腕,灵蛇护腕,human_robot_icon_atlas_0,42607004,42607110,602
107000104,42617104,0,0,1,7,0,迷宫装备,,,灵蛇护腕,灵蛇护腕,human_robot_icon_atlas_0,42607004,42607110,602
107000105,42617105,0,0,1,7,0,迷宫装备,,,灵蛇护腕,灵蛇护腕,human_robot_icon_atlas_0,42607004,42607110,602
107000106,42617106,0,0,1,7,0,迷宫装备,,,灵蛇护腕,灵蛇护腕,human_robot_icon_atlas_0,42607004,42607110,602
107000107,42617107,0,0,1,7,0,迷宫装备,,,灵蛇护腕,灵蛇护腕,human_robot_icon_atlas_0,42607004,42607110,602
107000108,42617108,0,0,1,7,0,迷宫装备,,,灵蛇护腕,灵蛇护腕,human_robot_icon_atlas_0,42607004,42607110,602
107000109,42617109,0,0,1,7,0,迷宫装备,,,灵蛇护腕,灵蛇护腕,human_robot_icon_atlas_0,42607004,42607110,602
107000110,42617110,0,0,1,7,0,迷宫装备,,,灵蛇护腕,灵蛇护腕,human_robot_icon_atlas_0,42607004,42607110,602
107000111,42617111,0,0,1,7,0,迷宫装备,,,朱雀护腕,朱雀护腕,human_robot_icon_atlas_0,42607004,42607120,602
107000112,42617112,0,0,1,7,0,迷宫装备,,,朱雀护腕,朱雀护腕,human_robot_icon_atlas_0,42607004,42607120,602
107000113,42617113,0,0,1,7,0,迷宫装备,,,朱雀护腕,朱雀护腕,human_robot_icon_atlas_0,42607004,42607120,602
107000114,42617114,0,0,1,7,0,迷宫装备,,,朱雀护腕,朱雀护腕,human_robot_icon_atlas_0,42607004,42607120,602
107000115,42617115,0,0,1,7,0,迷宫装备,,,朱雀护腕,朱雀护腕,human_robot_icon_atlas_0,42607004,42607120,602
107000116,42617116,0,0,1,7,0,迷宫装备,,,朱雀护腕,朱雀护腕,human_robot_icon_atlas_0,42607004,42607120,602
107000117,42617117,0,0,1,7,0,迷宫装备,,,朱雀护腕,朱雀护腕,human_robot_icon_atlas_0,42607004,42607120,602
107000118,42617118,0,0,1,7,0,迷宫装备,,,朱雀护腕,朱雀护腕,human_robot_icon_atlas_0,42607004,42607120,602
107000119,42617119,0,0,1,7,0,迷宫装备,,,朱雀护腕,朱雀护腕,human_robot_icon_atlas_0,42607004,42607120,602
107000120,42617120,0,0,1,7,0,迷宫装备,,,朱雀护腕,朱雀护腕,human_robot_icon_atlas_0,42607004,42607120,602
107000121,42617121,0,0,1,7,0,迷宫装备,,,龙形护腕,龙形护腕,human_robot_icon_atlas_0,42607004,42607130,602
107000122,42617122,0,0,1,7,0,迷宫装备,,,龙形护腕,龙形护腕,human_robot_icon_atlas_0,42607004,42607130,602
107000123,42617123,0,0,1,7,0,迷宫装备,,,龙形护腕,龙形护腕,human_robot_icon_atlas_0,42607004,42607130,602
107000124,42617124,0,0,1,7,0,迷宫装备,,,龙形护腕,龙形护腕,human_robot_icon_atlas_0,42607004,42607130,602
107000125,42617125,0,0,1,7,0,迷宫装备,,,龙形护腕,龙形护腕,human_robot_icon_atlas_0,42607004,42607130,602
107000126,42617126,0,0,1,7,0,迷宫装备,,,龙形护腕,龙形护腕,human_robot_icon_atlas_0,42607004,42607130,602
107000127,42617127,0,0,1,7,0,迷宫装备,,,龙形护腕,龙形护腕,human_robot_icon_atlas_0,42607004,42607130,602
107000128,42617128,0,0,1,7,0,迷宫装备,,,龙形护腕,龙形护腕,human_robot_icon_atlas_0,42607004,42607130,602
107000129,42617129,0,0,1,7,0,迷宫装备,,,龙形护腕,龙形护腕,human_robot_icon_atlas_0,42607004,42607130,602
107000130,42617130,0,0,1,7,0,迷宫装备,,,龙形护腕,龙形护腕,human_robot_icon_atlas_0,42607004,42607130,602
107000131,42617131,0,0,1,7,0,迷宫装备,,,龙王护腕,龙王护腕,human_robot_icon_atlas_0,42607004,42607140,602
107000132,42617132,0,0,1,7,0,迷宫装备,,,龙王护腕,龙王护腕,human_robot_icon_atlas_0,42607004,42607140,602
107000133,42617133,0,0,1,7,0,迷宫装备,,,龙王护腕,龙王护腕,human_robot_icon_atlas_0,42607004,42607140,602
107000134,42617134,0,0,1,7,0,迷宫装备,,,龙王护腕,龙王护腕,human_robot_icon_atlas_0,42607004,42607140,602
107000135,42617135,0,0,1,7,0,迷宫装备,,,龙王护腕,龙王护腕,human_robot_icon_atlas_0,42607004,42607140,602
107000136,42617136,0,0,1,7,0,迷宫装备,,,龙王护腕,龙王护腕,human_robot_icon_atlas_0,42607004,42607140,602
107000137,42617137,0,0,1,7,0,迷宫装备,,,龙王护腕,龙王护腕,human_robot_icon_atlas_0,42607004,42607140,602
107000138,42617138,0,0,1,7,0,迷宫装备,,,龙王护腕,龙王护腕,human_robot_icon_atlas_0,42607004,42607140,602
107000139,42617139,0,0,1,7,0,迷宫装备,,,龙王护腕,龙王护腕,human_robot_icon_atlas_0,42607004,42607140,602
107000140,42617140,0,0,1,7,0,迷宫装备,,,龙王护腕,龙王护腕,human_robot_icon_atlas_0,42607004,42607140,602
107000141,42617141,0,0,1,7,0,迷宫装备,,,龙皇护腕,龙皇护腕,human_robot_icon_atlas_0,42607004,42607150,602
107000142,42617142,0,0,1,7,0,迷宫装备,,,龙皇护腕,龙皇护腕,human_robot_icon_atlas_0,42607004,42607150,602
107000143,42617143,0,0,1,7,0,迷宫装备,,,龙皇护腕,龙皇护腕,human_robot_icon_atlas_0,42607004,42607150,602
107000144,42617144,0,0,1,7,0,迷宫装备,,,龙皇护腕,龙皇护腕,human_robot_icon_atlas_0,42607004,42607150,602
107000145,42617145,0,0,1,7,0,迷宫装备,,,龙皇护腕,龙皇护腕,human_robot_icon_atlas_0,42607004,42607150,602
107000146,42617146,0,0,1,7,0,迷宫装备,,,龙皇护腕,龙皇护腕,human_robot_icon_atlas_0,42607004,42607150,602
107000147,42617147,0,0,1,7,0,迷宫装备,,,龙皇护腕,龙皇护腕,human_robot_icon_atlas_0,42607004,42607150,602
107000148,42617148,0,0,1,7,0,迷宫装备,,,龙皇护腕,龙皇护腕,human_robot_icon_atlas_0,42607004,42607150,602
107000149,42617149,0,0,1,7,0,迷宫装备,,,龙皇护腕,龙皇护腕,human_robot_icon_atlas_0,42607004,42607150,602
107000150,42617150,0,0,1,7,0,迷宫装备,,,龙皇护腕,龙皇护腕,human_robot_icon_atlas_0,42607004,42607150,602
107000151,42617151,0,0,1,7,0,迷宫装备,,,龙神护腕,龙神护腕,human_robot_icon_atlas_0,42607004,42607160,602
107000152,42617152,0,0,1,7,0,迷宫装备,,,龙神护腕,龙神护腕,human_robot_icon_atlas_0,42607004,42607160,602
107000153,42617153,0,0,1,7,0,迷宫装备,,,龙神护腕,龙神护腕,human_robot_icon_atlas_0,42607004,42607160,602
107000154,42617154,0,0,1,7,0,迷宫装备,,,龙神护腕,龙神护腕,human_robot_icon_atlas_0,42607004,42607160,602
107000155,42617155,0,0,1,7,0,迷宫装备,,,龙神护腕,龙神护腕,human_robot_icon_atlas_0,42607004,42607160,602
107000156,42617156,0,0,1,7,0,迷宫装备,,,龙神护腕,龙神护腕,human_robot_icon_atlas_0,42607004,42607160,602
107000157,42617157,0,0,1,7,0,迷宫装备,,,龙神护腕,龙神护腕,human_robot_icon_atlas_0,42607004,42607160,602
107000158,42617158,0,0,1,7,0,迷宫装备,,,龙神护腕,龙神护腕,human_robot_icon_atlas_0,42607004,42607160,602
107000159,42617159,0,0,1,7,0,迷宫装备,,,龙神护腕,龙神护腕,human_robot_icon_atlas_0,42607004,42607160,602
107000160,42617160,0,0,1,7,0,迷宫装备,,,龙神护腕,龙神护腕,human_robot_icon_atlas_0,42607004,42607160,602
307000001,42637001,0,0,3,7,0,迷宫装备,,,粗布护腕,粗布护腕,human_robot_icon_atlas_0,42607001,42607010,602
307000002,42637002,0,0,3,7,0,迷宫装备,,,粗布护腕,粗布护腕,human_robot_icon_atlas_0,42607002,42607010,602
307000003,42637003,0,0,3,7,0,迷宫装备,,,粗布护腕,粗布护腕,human_robot_icon_atlas_0,42607003,42607010,602
307000004,42637004,0,0,3,7,0,迷宫装备,,,粗布护腕,粗布护腕,human_robot_icon_atlas_0,42607004,42607010,602
307000005,42637005,0,0,3,7,0,迷宫装备,,,粗布护腕,粗布护腕,human_robot_icon_atlas_0,42607004,42607010,602
307000006,42637006,0,0,3,7,0,迷宫装备,,,粗布护腕,粗布护腕,human_robot_icon_atlas_0,42607004,42607010,602
307000007,42637007,0,0,3,7,0,迷宫装备,,,粗布护腕,粗布护腕,human_robot_icon_atlas_0,42607004,42607010,602
307000008,42637008,0,0,3,7,0,迷宫装备,,,粗布护腕,粗布护腕,human_robot_icon_atlas_0,42607004,42607010,602
307000009,42637009,0,0,3,7,0,迷宫装备,,,粗布护腕,粗布护腕,human_robot_icon_atlas_0,42607004,42607010,602
307000010,42637010,0,0,3,7,0,迷宫装备,,,粗布护腕,粗布护腕,human_robot_icon_atlas_0,42607004,42607010,602
307000011,42637011,0,0,3,7,0,迷宫装备,,,铁护腕,铁护腕,human_robot_icon_atlas_0,42607004,42607020,602
307000012,42637012,0,0,3,7,0,迷宫装备,,,铁护腕,铁护腕,human_robot_icon_atlas_0,42607004,42607020,602
307000013,42637013,0,0,3,7,0,迷宫装备,,,铁护腕,铁护腕,human_robot_icon_atlas_0,42607004,42607020,602
307000014,42637014,0,0,3,7,0,迷宫装备,,,铁护腕,铁护腕,human_robot_icon_atlas_0,42607004,42607020,602
307000015,42637015,0,0,3,7,0,迷宫装备,,,铁护腕,铁护腕,human_robot_icon_atlas_0,42607004,42607020,602
307000016,42637016,0,0,3,7,0,迷宫装备,,,铁护腕,铁护腕,human_robot_icon_atlas_0,42607004,42607020,602
307000017,42637017,0,0,3,7,0,迷宫装备,,,铁护腕,铁护腕,human_robot_icon_atlas_0,42607004,42607020,602
307000018,42637018,0,0,3,7,0,迷宫装备,,,铁护腕,铁护腕,human_robot_icon_atlas_0,42607004,42607020,602
307000019,42637019,0,0,3,7,0,迷宫装备,,,铁护腕,铁护腕,human_robot_icon_atlas_0,42607004,42607020,602
307000020,42637020,0,0,3,7,0,迷宫装备,,,铁护腕,铁护腕,human_robot_icon_atlas_0,42607004,42607020,602
307000021,42637021,0,0,3,7,0,迷宫装备,,,青钢护腕,青钢护腕,human_robot_icon_atlas_0,42607004,42607030,602
307000022,42637022,0,0,3,7,0,迷宫装备,,,青钢护腕,青钢护腕,human_robot_icon_atlas_0,42607004,42607030,602
307000023,42637023,0,0,3,7,0,迷宫装备,,,青钢护腕,青钢护腕,human_robot_icon_atlas_0,42607004,42607030,602
307000024,42637024,0,0,3,7,0,迷宫装备,,,青钢护腕,青钢护腕,human_robot_icon_atlas_0,42607004,42607030,602
307000025,42637025,0,0,3,7,0,迷宫装备,,,青钢护腕,青钢护腕,human_robot_icon_atlas_0,42607004,42607030,602
307000026,42637026,0,0,3,7,0,迷宫装备,,,青钢护腕,青钢护腕,human_robot_icon_atlas_0,42607004,42607030,602
307000027,42637027,0,0,3,7,0,迷宫装备,,,青钢护腕,青钢护腕,human_robot_icon_atlas_0,42607004,42607030,602
307000028,42637028,0,0,3,7,0,迷宫装备,,,青钢护腕,青钢护腕,human_robot_icon_atlas_0,42607004,42607030,602
307000029,42637029,0,0,3,7,0,迷宫装备,,,青钢护腕,青钢护腕,human_robot_icon_atlas_0,42607004,42607030,602
307000030,42637030,0,0,3,7,0,迷宫装备,,,青钢护腕,青钢护腕,human_robot_icon_atlas_0,42607004,42607030,602
307000031,42637031,0,0,3,7,0,迷宫装备,,,流云护腕,流云护腕,human_robot_icon_atlas_0,42607004,42607040,602
307000032,42637032,0,0,3,7,0,迷宫装备,,,流云护腕,流云护腕,human_robot_icon_atlas_0,42607004,42607040,602
307000033,42637033,0,0,3,7,0,迷宫装备,,,流云护腕,流云护腕,human_robot_icon_atlas_0,42607004,42607040,602
307000034,42637034,0,0,3,7,0,迷宫装备,,,流云护腕,流云护腕,human_robot_icon_atlas_0,42607004,42607040,602
307000035,42637035,0,0,3,7,0,迷宫装备,,,流云护腕,流云护腕,human_robot_icon_atlas_0,42607004,42607040,602
307000036,42637036,0,0,3,7,0,迷宫装备,,,流云护腕,流云护腕,human_robot_icon_atlas_0,42607004,42607040,602
307000037,42637037,0,0,3,7,0,迷宫装备,,,流云护腕,流云护腕,human_robot_icon_atlas_0,42607004,42607040,602
307000038,42637038,0,0,3,7,0,迷宫装备,,,流云护腕,流云护腕,human_robot_icon_atlas_0,42607004,42607040,602
307000039,42637039,0,0,3,7,0,迷宫装备,,,流云护腕,流云护腕,human_robot_icon_atlas_0,42607004,42607040,602
307000040,42637040,0,0,3,7,0,迷宫装备,,,流云护腕,流云护腕,human_robot_icon_atlas_0,42607004,42607040,602
307000041,42637041,0,0,3,7,0,迷宫装备,,,飞虹护腕,飞虹护腕,human_robot_icon_atlas_0,42607004,42607050,602
307000042,42637042,0,0,3,7,0,迷宫装备,,,飞虹护腕,飞虹护腕,human_robot_icon_atlas_0,42607004,42607050,602
307000043,42637043,0,0,3,7,0,迷宫装备,,,飞虹护腕,飞虹护腕,human_robot_icon_atlas_0,42607004,42607050,602
307000044,42637044,0,0,3,7,0,迷宫装备,,,飞虹护腕,飞虹护腕,human_robot_icon_atlas_0,42607004,42607050,602
307000045,42637045,0,0,3,7,0,迷宫装备,,,飞虹护腕,飞虹护腕,human_robot_icon_atlas_0,42607004,42607050,602
307000046,42637046,0,0,3,7,0,迷宫装备,,,飞虹护腕,飞虹护腕,human_robot_icon_atlas_0,42607004,42607050,602
307000047,42637047,0,0,3,7,0,迷宫装备,,,飞虹护腕,飞虹护腕,human_robot_icon_atlas_0,42607004,42607050,602
307000048,42637048,0,0,3,7,0,迷宫装备,,,飞虹护腕,飞虹护腕,human_robot_icon_atlas_0,42607004,42607050,602
307000049,42637049,0,0,3,7,0,迷宫装备,,,飞虹护腕,飞虹护腕,human_robot_icon_atlas_0,42607004,42607050,602
307000050,42637050,0,0,3,7,0,迷宫装备,,,飞虹护腕,飞虹护腕,human_robot_icon_atlas_0,42607004,42607050,602
307000051,42637051,0,0,3,7,0,迷宫装备,,,紫金护腕,紫金护腕,human_robot_icon_atlas_0,42607004,42607060,602
307000052,42637052,0,0,3,7,0,迷宫装备,,,紫金护腕,紫金护腕,human_robot_icon_atlas_0,42607004,42607060,602
307000053,42637053,0,0,3,7,0,迷宫装备,,,紫金护腕,紫金护腕,human_robot_icon_atlas_0,42607004,42607060,602
307000054,42637054,0,0,3,7,0,迷宫装备,,,紫金护腕,紫金护腕,human_robot_icon_atlas_0,42607004,42607060,602
307000055,42637055,0,0,3,7,0,迷宫装备,,,紫金护腕,紫金护腕,human_robot_icon_atlas_0,42607004,42607060,602
307000056,42637056,0,0,3,7,0,迷宫装备,,,紫金护腕,紫金护腕,human_robot_icon_atlas_0,42607004,42607060,602
307000057,42637057,0,0,3,7,0,迷宫装备,,,紫金护腕,紫金护腕,human_robot_icon_atlas_0,42607004,42607060,602
307000058,42637058,0,0,3,7,0,迷宫装备,,,紫金护腕,紫金护腕,human_robot_icon_atlas_0,42607004,42607060,602
307000059,42637059,0,0,3,7,0,迷宫装备,,,紫金护腕,紫金护腕,human_robot_icon_atlas_0,42607004,42607060,602
307000060,42637060,0,0,3,7,0,迷宫装备,,,紫金护腕,紫金护腕,human_robot_icon_atlas_0,42607004,42607060,602
307000061,42637061,0,0,3,7,0,迷宫装备,,,巨神护腕,巨神护腕,human_robot_icon_atlas_0,42607004,42607070,602
307000062,42637062,0,0,3,7,0,迷宫装备,,,巨神护腕,巨神护腕,human_robot_icon_atlas_0,42607004,42607070,602
307000063,42637063,0,0,3,7,0,迷宫装备,,,巨神护腕,巨神护腕,human_robot_icon_atlas_0,42607004,42607070,602
307000064,42637064,0,0,3,7,0,迷宫装备,,,巨神护腕,巨神护腕,human_robot_icon_atlas_0,42607004,42607070,602
307000065,42637065,0,0,3,7,0,迷宫装备,,,巨神护腕,巨神护腕,human_robot_icon_atlas_0,42607004,42607070,602
307000066,42637066,0,0,3,7,0,迷宫装备,,,巨神护腕,巨神护腕,human_robot_icon_atlas_0,42607004,42607070,602
307000067,42637067,0,0,3,7,0,迷宫装备,,,巨神护腕,巨神护腕,human_robot_icon_atlas_0,42607004,42607070,602
307000068,42637068,0,0,3,7,0,迷宫装备,,,巨神护腕,巨神护腕,human_robot_icon_atlas_0,42607004,42607070,602
307000069,42637069,0,0,3,7,0,迷宫装备,,,巨神护腕,巨神护腕,human_robot_icon_atlas_0,42607004,42607070,602
307000070,42637070,0,0,3,7,0,迷宫装备,,,巨神护腕,巨神护腕,human_robot_icon_atlas_0,42607004,42607070,602
307000071,42637071,0,0,3,7,0,迷宫装备,,,天罡护腕,天罡护腕,human_robot_icon_atlas_0,42607004,42607080,602
307000072,42637072,0,0,3,7,0,迷宫装备,,,天罡护腕,天罡护腕,human_robot_icon_atlas_0,42607004,42607080,602
307000073,42637073,0,0,3,7,0,迷宫装备,,,天罡护腕,天罡护腕,human_robot_icon_atlas_0,42607004,42607080,602
307000074,42637074,0,0,3,7,0,迷宫装备,,,天罡护腕,天罡护腕,human_robot_icon_atlas_0,42607004,42607080,602
307000075,42637075,0,0,3,7,0,迷宫装备,,,天罡护腕,天罡护腕,human_robot_icon_atlas_0,42607004,42607080,602
307000076,42637076,0,0,3,7,0,迷宫装备,,,天罡护腕,天罡护腕,human_robot_icon_atlas_0,42607004,42607080,602
307000077,42637077,0,0,3,7,0,迷宫装备,,,天罡护腕,天罡护腕,human_robot_icon_atlas_0,42607004,42607080,602
307000078,42637078,0,0,3,7,0,迷宫装备,,,天罡护腕,天罡护腕,human_robot_icon_atlas_0,42607004,42607080,602
307000079,42637079,0,0,3,7,0,迷宫装备,,,天罡护腕,天罡护腕,human_robot_icon_atlas_0,42607004,42607080,602
307000080,42637080,0,0,3,7,0,迷宫装备,,,天罡护腕,天罡护腕,human_robot_icon_atlas_0,42607004,42607080,602
307000081,42637081,0,0,3,7,0,迷宫装备,,,雷神护腕,雷神护腕,human_robot_icon_atlas_0,42607004,42607090,602
307000082,42637082,0,0,3,7,0,迷宫装备,,,雷神护腕,雷神护腕,human_robot_icon_atlas_0,42607004,42607090,602
307000083,42637083,0,0,3,7,0,迷宫装备,,,雷神护腕,雷神护腕,human_robot_icon_atlas_0,42607004,42607090,602
307000084,42637084,0,0,3,7,0,迷宫装备,,,雷神护腕,雷神护腕,human_robot_icon_atlas_0,42607004,42607090,602
307000085,42637085,0,0,3,7,0,迷宫装备,,,雷神护腕,雷神护腕,human_robot_icon_atlas_0,42607004,42607090,602
307000086,42637086,0,0,3,7,0,迷宫装备,,,雷神护腕,雷神护腕,human_robot_icon_atlas_0,42607004,42607090,602
307000087,42637087,0,0,3,7,0,迷宫装备,,,雷神护腕,雷神护腕,human_robot_icon_atlas_0,42607004,42607090,602
307000088,42637088,0,0,3,7,0,迷宫装备,,,雷神护腕,雷神护腕,human_robot_icon_atlas_0,42607004,42607090,602
307000089,42637089,0,0,3,7,0,迷宫装备,,,雷神护腕,雷神护腕,human_robot_icon_atlas_0,42607004,42607090,602
307000090,42637090,0,0,3,7,0,迷宫装备,,,雷神护腕,雷神护腕,human_robot_icon_atlas_0,42607004,42607090,602
307000091,42637091,0,0,3,7,0,迷宫装备,,,狮吼护腕,狮吼护腕,human_robot_icon_atlas_0,42607004,42607100,602
307000092,42637092,0,0,3,7,0,迷宫装备,,,狮吼护腕,狮吼护腕,human_robot_icon_atlas_0,42607004,42607100,602
307000093,42637093,0,0,3,7,0,迷宫装备,,,狮吼护腕,狮吼护腕,human_robot_icon_atlas_0,42607004,42607100,602
307000094,42637094,0,0,3,7,0,迷宫装备,,,狮吼护腕,狮吼护腕,human_robot_icon_atlas_0,42607004,42607100,602
307000095,42637095,0,0,3,7,0,迷宫装备,,,狮吼护腕,狮吼护腕,human_robot_icon_atlas_0,42607004,42607100,602
307000096,42637096,0,0,3,7,0,迷宫装备,,,狮吼护腕,狮吼护腕,human_robot_icon_atlas_0,42607004,42607100,602
307000097,42637097,0,0,3,7,0,迷宫装备,,,狮吼护腕,狮吼护腕,human_robot_icon_atlas_0,42607004,42607100,602
307000098,42637098,0,0,3,7,0,迷宫装备,,,狮吼护腕,狮吼护腕,human_robot_icon_atlas_0,42607004,42607100,602
307000099,42637099,0,0,3,7,0,迷宫装备,,,狮吼护腕,狮吼护腕,human_robot_icon_atlas_0,42607004,42607100,602
307000100,42637100,0,0,3,7,0,迷宫装备,,,狮吼护腕,狮吼护腕,human_robot_icon_atlas_0,42607004,42607100,602
307000101,42637101,0,0,3,7,0,迷宫装备,,,灵蛇护腕,灵蛇护腕,human_robot_icon_atlas_0,42607004,42607110,602
307000102,42637102,0,0,3,7,0,迷宫装备,,,灵蛇护腕,灵蛇护腕,human_robot_icon_atlas_0,42607004,42607110,602
307000103,42637103,0,0,3,7,0,迷宫装备,,,灵蛇护腕,灵蛇护腕,human_robot_icon_atlas_0,42607004,42607110,602
307000104,42637104,0,0,3,7,0,迷宫装备,,,灵蛇护腕,灵蛇护腕,human_robot_icon_atlas_0,42607004,42607110,602
307000105,42637105,0,0,3,7,0,迷宫装备,,,灵蛇护腕,灵蛇护腕,human_robot_icon_atlas_0,42607004,42607110,602
307000106,42637106,0,0,3,7,0,迷宫装备,,,灵蛇护腕,灵蛇护腕,human_robot_icon_atlas_0,42607004,42607110,602
307000107,42637107,0,0,3,7,0,迷宫装备,,,灵蛇护腕,灵蛇护腕,human_robot_icon_atlas_0,42607004,42607110,602
307000108,42637108,0,0,3,7,0,迷宫装备,,,灵蛇护腕,灵蛇护腕,human_robot_icon_atlas_0,42607004,42607110,602
307000109,42637109,0,0,3,7,0,迷宫装备,,,灵蛇护腕,灵蛇护腕,human_robot_icon_atlas_0,42607004,42607110,602
307000110,42637110,0,0,3,7,0,迷宫装备,,,灵蛇护腕,灵蛇护腕,human_robot_icon_atlas_0,42607004,42607110,602
307000111,42637111,0,0,3,7,0,迷宫装备,,,朱雀护腕,朱雀护腕,human_robot_icon_atlas_0,42607004,42607120,602
307000112,42637112,0,0,3,7,0,迷宫装备,,,朱雀护腕,朱雀护腕,human_robot_icon_atlas_0,42607004,42607120,602
307000113,42637113,0,0,3,7,0,迷宫装备,,,朱雀护腕,朱雀护腕,human_robot_icon_atlas_0,42607004,42607120,602
307000114,42637114,0,0,3,7,0,迷宫装备,,,朱雀护腕,朱雀护腕,human_robot_icon_atlas_0,42607004,42607120,602
307000115,42637115,0,0,3,7,0,迷宫装备,,,朱雀护腕,朱雀护腕,human_robot_icon_atlas_0,42607004,42607120,602
307000116,42637116,0,0,3,7,0,迷宫装备,,,朱雀护腕,朱雀护腕,human_robot_icon_atlas_0,42607004,42607120,602
307000117,42637117,0,0,3,7,0,迷宫装备,,,朱雀护腕,朱雀护腕,human_robot_icon_atlas_0,42607004,42607120,602
307000118,42637118,0,0,3,7,0,迷宫装备,,,朱雀护腕,朱雀护腕,human_robot_icon_atlas_0,42607004,42607120,602
307000119,42637119,0,0,3,7,0,迷宫装备,,,朱雀护腕,朱雀护腕,human_robot_icon_atlas_0,42607004,42607120,602
307000120,42637120,0,0,3,7,0,迷宫装备,,,朱雀护腕,朱雀护腕,human_robot_icon_atlas_0,42607004,42607120,602
307000121,42637121,0,0,3,7,0,迷宫装备,,,龙形护腕,龙形护腕,human_robot_icon_atlas_0,42607004,42607130,602
307000122,42637122,0,0,3,7,0,迷宫装备,,,龙形护腕,龙形护腕,human_robot_icon_atlas_0,42607004,42607130,602
307000123,42637123,0,0,3,7,0,迷宫装备,,,龙形护腕,龙形护腕,human_robot_icon_atlas_0,42607004,42607130,602
307000124,42637124,0,0,3,7,0,迷宫装备,,,龙形护腕,龙形护腕,human_robot_icon_atlas_0,42607004,42607130,602
307000125,42637125,0,0,3,7,0,迷宫装备,,,龙形护腕,龙形护腕,human_robot_icon_atlas_0,42607004,42607130,602
307000126,42637126,0,0,3,7,0,迷宫装备,,,龙形护腕,龙形护腕,human_robot_icon_atlas_0,42607004,42607130,602
307000127,42637127,0,0,3,7,0,迷宫装备,,,龙形护腕,龙形护腕,human_robot_icon_atlas_0,42607004,42607130,602
307000128,42637128,0,0,3,7,0,迷宫装备,,,龙形护腕,龙形护腕,human_robot_icon_atlas_0,42607004,42607130,602
307000129,42637129,0,0,3,7,0,迷宫装备,,,龙形护腕,龙形护腕,human_robot_icon_atlas_0,42607004,42607130,602
307000130,42637130,0,0,3,7,0,迷宫装备,,,龙形护腕,龙形护腕,human_robot_icon_atlas_0,42607004,42607130,602
307000131,42637131,0,0,3,7,0,迷宫装备,,,龙王护腕,龙王护腕,human_robot_icon_atlas_0,42607004,42607140,602
307000132,42637132,0,0,3,7,0,迷宫装备,,,龙王护腕,龙王护腕,human_robot_icon_atlas_0,42607004,42607140,602
307000133,42637133,0,0,3,7,0,迷宫装备,,,龙王护腕,龙王护腕,human_robot_icon_atlas_0,42607004,42607140,602
307000134,42637134,0,0,3,7,0,迷宫装备,,,龙王护腕,龙王护腕,human_robot_icon_atlas_0,42607004,42607140,602
307000135,42637135,0,0,3,7,0,迷宫装备,,,龙王护腕,龙王护腕,human_robot_icon_atlas_0,42607004,42607140,602
307000136,42637136,0,0,3,7,0,迷宫装备,,,龙王护腕,龙王护腕,human_robot_icon_atlas_0,42607004,42607140,602
307000137,42637137,0,0,3,7,0,迷宫装备,,,龙王护腕,龙王护腕,human_robot_icon_atlas_0,42607004,42607140,602
307000138,42637138,0,0,3,7,0,迷宫装备,,,龙王护腕,龙王护腕,human_robot_icon_atlas_0,42607004,42607140,602
307000139,42637139,0,0,3,7,0,迷宫装备,,,龙王护腕,龙王护腕,human_robot_icon_atlas_0,42607004,42607140,602
307000140,42637140,0,0,3,7,0,迷宫装备,,,龙王护腕,龙王护腕,human_robot_icon_atlas_0,42607004,42607140,602
307000141,42637141,0,0,3,7,0,迷宫装备,,,龙皇护腕,龙皇护腕,human_robot_icon_atlas_0,42607004,42607150,602
307000142,42637142,0,0,3,7,0,迷宫装备,,,龙皇护腕,龙皇护腕,human_robot_icon_atlas_0,42607004,42607150,602
307000143,42637143,0,0,3,7,0,迷宫装备,,,龙皇护腕,龙皇护腕,human_robot_icon_atlas_0,42607004,42607150,602
307000144,42637144,0,0,3,7,0,迷宫装备,,,龙皇护腕,龙皇护腕,human_robot_icon_atlas_0,42607004,42607150,602
307000145,42637145,0,0,3,7,0,迷宫装备,,,龙皇护腕,龙皇护腕,human_robot_icon_atlas_0,42607004,42607150,602
307000146,42637146,0,0,3,7,0,迷宫装备,,,龙皇护腕,龙皇护腕,human_robot_icon_atlas_0,42607004,42607150,602
307000147,42637147,0,0,3,7,0,迷宫装备,,,龙皇护腕,龙皇护腕,human_robot_icon_atlas_0,42607004,42607150,602
307000148,42637148,0,0,3,7,0,迷宫装备,,,龙皇护腕,龙皇护腕,human_robot_icon_atlas_0,42607004,42607150,602
307000149,42637149,0,0,3,7,0,迷宫装备,,,龙皇护腕,龙皇护腕,human_robot_icon_atlas_0,42607004,42607150,602
307000150,42637150,0,0,3,7,0,迷宫装备,,,龙皇护腕,龙皇护腕,human_robot_icon_atlas_0,42607004,42607150,602
307000151,42637151,0,0,3,7,0,迷宫装备,,,龙神护腕,龙神护腕,human_robot_icon_atlas_0,42607004,42607160,602
307000152,42637152,0,0,3,7,0,迷宫装备,,,龙神护腕,龙神护腕,human_robot_icon_atlas_0,42607004,42607160,602
307000153,42637153,0,0,3,7,0,迷宫装备,,,龙神护腕,龙神护腕,human_robot_icon_atlas_0,42607004,42607160,602
307000154,42637154,0,0,3,7,0,迷宫装备,,,龙神护腕,龙神护腕,human_robot_icon_atlas_0,42607004,42607160,602
307000155,42637155,0,0,3,7,0,迷宫装备,,,龙神护腕,龙神护腕,human_robot_icon_atlas_0,42607004,42607160,602
307000156,42637156,0,0,3,7,0,迷宫装备,,,龙神护腕,龙神护腕,human_robot_icon_atlas_0,42607004,42607160,602
307000157,42637157,0,0,3,7,0,迷宫装备,,,龙神护腕,龙神护腕,human_robot_icon_atlas_0,42607004,42607160,602
307000158,42637158,0,0,3,7,0,迷宫装备,,,龙神护腕,龙神护腕,human_robot_icon_atlas_0,42607004,42607160,602
307000159,42637159,0,0,3,7,0,迷宫装备,,,龙神护腕,龙神护腕,human_robot_icon_atlas_0,42607004,42607160,602
307000160,42637160,0,0,3,7,0,迷宫装备,,,龙神护腕,龙神护腕,human_robot_icon_atlas_0,42607004,42607160,602
507000001,42657001,0,0,5,7,0,迷宫装备,,,粗布护腕,粗布护腕,human_robot_icon_atlas_0,42607001,42607010,602
507000002,42657002,0,0,5,7,0,迷宫装备,,,粗布护腕,粗布护腕,human_robot_icon_atlas_0,42607002,42607010,602
507000003,42657003,0,0,5,7,0,迷宫装备,,,粗布护腕,粗布护腕,human_robot_icon_atlas_0,42607003,42607010,602
507000004,42657004,0,0,5,7,0,迷宫装备,,,粗布护腕,粗布护腕,human_robot_icon_atlas_0,42607004,42607010,602
507000005,42657005,0,0,5,7,0,迷宫装备,,,粗布护腕,粗布护腕,human_robot_icon_atlas_0,42607004,42607010,602
507000006,42657006,0,0,5,7,0,迷宫装备,,,粗布护腕,粗布护腕,human_robot_icon_atlas_0,42607004,42607010,602
507000007,42657007,0,0,5,7,0,迷宫装备,,,粗布护腕,粗布护腕,human_robot_icon_atlas_0,42607004,42607010,602
507000008,42657008,0,0,5,7,0,迷宫装备,,,粗布护腕,粗布护腕,human_robot_icon_atlas_0,42607004,42607010,602
507000009,42657009,0,0,5,7,0,迷宫装备,,,粗布护腕,粗布护腕,human_robot_icon_atlas_0,42607004,42607010,602
507000010,42657010,0,0,5,7,0,迷宫装备,,,粗布护腕,粗布护腕,human_robot_icon_atlas_0,42607004,42607010,602
507000011,42657011,0,0,5,7,0,迷宫装备,,,铁护腕,铁护腕,human_robot_icon_atlas_0,42607004,42607020,602
507000012,42657012,0,0,5,7,0,迷宫装备,,,铁护腕,铁护腕,human_robot_icon_atlas_0,42607004,42607020,602
507000013,42657013,0,0,5,7,0,迷宫装备,,,铁护腕,铁护腕,human_robot_icon_atlas_0,42607004,42607020,602
507000014,42657014,0,0,5,7,0,迷宫装备,,,铁护腕,铁护腕,human_robot_icon_atlas_0,42607004,42607020,602
507000015,42657015,0,0,5,7,0,迷宫装备,,,铁护腕,铁护腕,human_robot_icon_atlas_0,42607004,42607020,602
507000016,42657016,0,0,5,7,0,迷宫装备,,,铁护腕,铁护腕,human_robot_icon_atlas_0,42607004,42607020,602
507000017,42657017,0,0,5,7,0,迷宫装备,,,铁护腕,铁护腕,human_robot_icon_atlas_0,42607004,42607020,602
507000018,42657018,0,0,5,7,0,迷宫装备,,,铁护腕,铁护腕,human_robot_icon_atlas_0,42607004,42607020,602
507000019,42657019,0,0,5,7,0,迷宫装备,,,铁护腕,铁护腕,human_robot_icon_atlas_0,42607004,42607020,602
507000020,42657020,0,0,5,7,0,迷宫装备,,,铁护腕,铁护腕,human_robot_icon_atlas_0,42607004,42607020,602
507000021,42657021,0,0,5,7,0,迷宫装备,,,青钢护腕,青钢护腕,human_robot_icon_atlas_0,42607004,42607030,602
507000022,42657022,0,0,5,7,0,迷宫装备,,,青钢护腕,青钢护腕,human_robot_icon_atlas_0,42607004,42607030,602
507000023,42657023,0,0,5,7,0,迷宫装备,,,青钢护腕,青钢护腕,human_robot_icon_atlas_0,42607004,42607030,602
507000024,42657024,0,0,5,7,0,迷宫装备,,,青钢护腕,青钢护腕,human_robot_icon_atlas_0,42607004,42607030,602
507000025,42657025,0,0,5,7,0,迷宫装备,,,青钢护腕,青钢护腕,human_robot_icon_atlas_0,42607004,42607030,602
507000026,42657026,0,0,5,7,0,迷宫装备,,,青钢护腕,青钢护腕,human_robot_icon_atlas_0,42607004,42607030,602
507000027,42657027,0,0,5,7,0,迷宫装备,,,青钢护腕,青钢护腕,human_robot_icon_atlas_0,42607004,42607030,602
507000028,42657028,0,0,5,7,0,迷宫装备,,,青钢护腕,青钢护腕,human_robot_icon_atlas_0,42607004,42607030,602
507000029,42657029,0,0,5,7,0,迷宫装备,,,青钢护腕,青钢护腕,human_robot_icon_atlas_0,42607004,42607030,602
507000030,42657030,0,0,5,7,0,迷宫装备,,,青钢护腕,青钢护腕,human_robot_icon_atlas_0,42607004,42607030,602
507000031,42657031,0,0,5,7,0,迷宫装备,,,流云护腕,流云护腕,human_robot_icon_atlas_0,42607004,42607040,602
507000032,42657032,0,0,5,7,0,迷宫装备,,,流云护腕,流云护腕,human_robot_icon_atlas_0,42607004,42607040,602
507000033,42657033,0,0,5,7,0,迷宫装备,,,流云护腕,流云护腕,human_robot_icon_atlas_0,42607004,42607040,602
507000034,42657034,0,0,5,7,0,迷宫装备,,,流云护腕,流云护腕,human_robot_icon_atlas_0,42607004,42607040,602
507000035,42657035,0,0,5,7,0,迷宫装备,,,流云护腕,流云护腕,human_robot_icon_atlas_0,42607004,42607040,602
507000036,42657036,0,0,5,7,0,迷宫装备,,,流云护腕,流云护腕,human_robot_icon_atlas_0,42607004,42607040,602
507000037,42657037,0,0,5,7,0,迷宫装备,,,流云护腕,流云护腕,human_robot_icon_atlas_0,42607004,42607040,602
507000038,42657038,0,0,5,7,0,迷宫装备,,,流云护腕,流云护腕,human_robot_icon_atlas_0,42607004,42607040,602
507000039,42657039,0,0,5,7,0,迷宫装备,,,流云护腕,流云护腕,human_robot_icon_atlas_0,42607004,42607040,602
507000040,42657040,0,0,5,7,0,迷宫装备,,,流云护腕,流云护腕,human_robot_icon_atlas_0,42607004,42607040,602
507000041,42657041,0,0,5,7,0,迷宫装备,,,飞虹护腕,飞虹护腕,human_robot_icon_atlas_0,42607004,42607050,602
507000042,42657042,0,0,5,7,0,迷宫装备,,,飞虹护腕,飞虹护腕,human_robot_icon_atlas_0,42607004,42607050,602
507000043,42657043,0,0,5,7,0,迷宫装备,,,飞虹护腕,飞虹护腕,human_robot_icon_atlas_0,42607004,42607050,602
507000044,42657044,0,0,5,7,0,迷宫装备,,,飞虹护腕,飞虹护腕,human_robot_icon_atlas_0,42607004,42607050,602
507000045,42657045,0,0,5,7,0,迷宫装备,,,飞虹护腕,飞虹护腕,human_robot_icon_atlas_0,42607004,42607050,602
507000046,42657046,0,0,5,7,0,迷宫装备,,,飞虹护腕,飞虹护腕,human_robot_icon_atlas_0,42607004,42607050,602
507000047,42657047,0,0,5,7,0,迷宫装备,,,飞虹护腕,飞虹护腕,human_robot_icon_atlas_0,42607004,42607050,602
507000048,42657048,0,0,5,7,0,迷宫装备,,,飞虹护腕,飞虹护腕,human_robot_icon_atlas_0,42607004,42607050,602
507000049,42657049,0,0,5,7,0,迷宫装备,,,飞虹护腕,飞虹护腕,human_robot_icon_atlas_0,42607004,42607050,602
507000050,42657050,0,0,5,7,0,迷宫装备,,,飞虹护腕,飞虹护腕,human_robot_icon_atlas_0,42607004,42607050,602
507000051,42657051,0,0,5,7,0,迷宫装备,,,紫金护腕,紫金护腕,human_robot_icon_atlas_0,42607004,42607060,602
507000052,42657052,0,0,5,7,0,迷宫装备,,,紫金护腕,紫金护腕,human_robot_icon_atlas_0,42607004,42607060,602
507000053,42657053,0,0,5,7,0,迷宫装备,,,紫金护腕,紫金护腕,human_robot_icon_atlas_0,42607004,42607060,602
507000054,42657054,0,0,5,7,0,迷宫装备,,,紫金护腕,紫金护腕,human_robot_icon_atlas_0,42607004,42607060,602
507000055,42657055,0,0,5,7,0,迷宫装备,,,紫金护腕,紫金护腕,human_robot_icon_atlas_0,42607004,42607060,602
507000056,42657056,0,0,5,7,0,迷宫装备,,,紫金护腕,紫金护腕,human_robot_icon_atlas_0,42607004,42607060,602
507000057,42657057,0,0,5,7,0,迷宫装备,,,紫金护腕,紫金护腕,human_robot_icon_atlas_0,42607004,42607060,602
507000058,42657058,0,0,5,7,0,迷宫装备,,,紫金护腕,紫金护腕,human_robot_icon_atlas_0,42607004,42607060,602
507000059,42657059,0,0,5,7,0,迷宫装备,,,紫金护腕,紫金护腕,human_robot_icon_atlas_0,42607004,42607060,602
507000060,42657060,0,0,5,7,0,迷宫装备,,,紫金护腕,紫金护腕,human_robot_icon_atlas_0,42607004,42607060,602
507000061,42657061,0,0,5,7,0,迷宫装备,,,巨神护腕,巨神护腕,human_robot_icon_atlas_0,42607004,42607070,602
507000062,42657062,0,0,5,7,0,迷宫装备,,,巨神护腕,巨神护腕,human_robot_icon_atlas_0,42607004,42607070,602
507000063,42657063,0,0,5,7,0,迷宫装备,,,巨神护腕,巨神护腕,human_robot_icon_atlas_0,42607004,42607070,602
507000064,42657064,0,0,5,7,0,迷宫装备,,,巨神护腕,巨神护腕,human_robot_icon_atlas_0,42607004,42607070,602
507000065,42657065,0,0,5,7,0,迷宫装备,,,巨神护腕,巨神护腕,human_robot_icon_atlas_0,42607004,42607070,602
507000066,42657066,0,0,5,7,0,迷宫装备,,,巨神护腕,巨神护腕,human_robot_icon_atlas_0,42607004,42607070,602
507000067,42657067,0,0,5,7,0,迷宫装备,,,巨神护腕,巨神护腕,human_robot_icon_atlas_0,42607004,42607070,602
507000068,42657068,0,0,5,7,0,迷宫装备,,,巨神护腕,巨神护腕,human_robot_icon_atlas_0,42607004,42607070,602
507000069,42657069,0,0,5,7,0,迷宫装备,,,巨神护腕,巨神护腕,human_robot_icon_atlas_0,42607004,42607070,602
507000070,42657070,0,0,5,7,0,迷宫装备,,,巨神护腕,巨神护腕,human_robot_icon_atlas_0,42607004,42607070,602
507000071,42657071,0,0,5,7,0,迷宫装备,,,天罡护腕,天罡护腕,human_robot_icon_atlas_0,42607004,42607080,602
507000072,42657072,0,0,5,7,0,迷宫装备,,,天罡护腕,天罡护腕,human_robot_icon_atlas_0,42607004,42607080,602
507000073,42657073,0,0,5,7,0,迷宫装备,,,天罡护腕,天罡护腕,human_robot_icon_atlas_0,42607004,42607080,602
507000074,42657074,0,0,5,7,0,迷宫装备,,,天罡护腕,天罡护腕,human_robot_icon_atlas_0,42607004,42607080,602
507000075,42657075,0,0,5,7,0,迷宫装备,,,天罡护腕,天罡护腕,human_robot_icon_atlas_0,42607004,42607080,602
507000076,42657076,0,0,5,7,0,迷宫装备,,,天罡护腕,天罡护腕,human_robot_icon_atlas_0,42607004,42607080,602
507000077,42657077,0,0,5,7,0,迷宫装备,,,天罡护腕,天罡护腕,human_robot_icon_atlas_0,42607004,42607080,602
507000078,42657078,0,0,5,7,0,迷宫装备,,,天罡护腕,天罡护腕,human_robot_icon_atlas_0,42607004,42607080,602
507000079,42657079,0,0,5,7,0,迷宫装备,,,天罡护腕,天罡护腕,human_robot_icon_atlas_0,42607004,42607080,602
507000080,42657080,0,0,5,7,0,迷宫装备,,,天罡护腕,天罡护腕,human_robot_icon_atlas_0,42607004,42607080,602
507000081,42657081,0,0,5,7,0,迷宫装备,,,雷神护腕,雷神护腕,human_robot_icon_atlas_0,42607004,42607090,602
507000082,42657082,0,0,5,7,0,迷宫装备,,,雷神护腕,雷神护腕,human_robot_icon_atlas_0,42607004,42607090,602
507000083,42657083,0,0,5,7,0,迷宫装备,,,雷神护腕,雷神护腕,human_robot_icon_atlas_0,42607004,42607090,602
507000084,42657084,0,0,5,7,0,迷宫装备,,,雷神护腕,雷神护腕,human_robot_icon_atlas_0,42607004,42607090,602
507000085,42657085,0,0,5,7,0,迷宫装备,,,雷神护腕,雷神护腕,human_robot_icon_atlas_0,42607004,42607090,602
507000086,42657086,0,0,5,7,0,迷宫装备,,,雷神护腕,雷神护腕,human_robot_icon_atlas_0,42607004,42607090,602
507000087,42657087,0,0,5,7,0,迷宫装备,,,雷神护腕,雷神护腕,human_robot_icon_atlas_0,42607004,42607090,602
507000088,42657088,0,0,5,7,0,迷宫装备,,,雷神护腕,雷神护腕,human_robot_icon_atlas_0,42607004,42607090,602
507000089,42657089,0,0,5,7,0,迷宫装备,,,雷神护腕,雷神护腕,human_robot_icon_atlas_0,42607004,42607090,602
507000090,42657090,0,0,5,7,0,迷宫装备,,,雷神护腕,雷神护腕,human_robot_icon_atlas_0,42607004,42607090,602
507000091,42657091,0,0,5,7,0,迷宫装备,,,狮吼护腕,狮吼护腕,human_robot_icon_atlas_0,42607004,42607100,602
507000092,42657092,0,0,5,7,0,迷宫装备,,,狮吼护腕,狮吼护腕,human_robot_icon_atlas_0,42607004,42607100,602
507000093,42657093,0,0,5,7,0,迷宫装备,,,狮吼护腕,狮吼护腕,human_robot_icon_atlas_0,42607004,42607100,602
507000094,42657094,0,0,5,7,0,迷宫装备,,,狮吼护腕,狮吼护腕,human_robot_icon_atlas_0,42607004,42607100,602
507000095,42657095,0,0,5,7,0,迷宫装备,,,狮吼护腕,狮吼护腕,human_robot_icon_atlas_0,42607004,42607100,602
507000096,42657096,0,0,5,7,0,迷宫装备,,,狮吼护腕,狮吼护腕,human_robot_icon_atlas_0,42607004,42607100,602
507000097,42657097,0,0,5,7,0,迷宫装备,,,狮吼护腕,狮吼护腕,human_robot_icon_atlas_0,42607004,42607100,602
507000098,42657098,0,0,5,7,0,迷宫装备,,,狮吼护腕,狮吼护腕,human_robot_icon_atlas_0,42607004,42607100,602
507000099,42657099,0,0,5,7,0,迷宫装备,,,狮吼护腕,狮吼护腕,human_robot_icon_atlas_0,42607004,42607100,602
507000100,42657100,0,0,5,7,0,迷宫装备,,,狮吼护腕,狮吼护腕,human_robot_icon_atlas_0,42607004,42607100,602
507000101,42657101,0,0,5,7,0,迷宫装备,,,灵蛇护腕,灵蛇护腕,human_robot_icon_atlas_0,42607004,42607110,602
507000102,42657102,0,0,5,7,0,迷宫装备,,,灵蛇护腕,灵蛇护腕,human_robot_icon_atlas_0,42607004,42607110,602
507000103,42657103,0,0,5,7,0,迷宫装备,,,灵蛇护腕,灵蛇护腕,human_robot_icon_atlas_0,42607004,42607110,602
507000104,42657104,0,0,5,7,0,迷宫装备,,,灵蛇护腕,灵蛇护腕,human_robot_icon_atlas_0,42607004,42607110,602
507000105,42657105,0,0,5,7,0,迷宫装备,,,灵蛇护腕,灵蛇护腕,human_robot_icon_atlas_0,42607004,42607110,602
507000106,42657106,0,0,5,7,0,迷宫装备,,,灵蛇护腕,灵蛇护腕,human_robot_icon_atlas_0,42607004,42607110,602
507000107,42657107,0,0,5,7,0,迷宫装备,,,灵蛇护腕,灵蛇护腕,human_robot_icon_atlas_0,42607004,42607110,602
507000108,42657108,0,0,5,7,0,迷宫装备,,,灵蛇护腕,灵蛇护腕,human_robot_icon_atlas_0,42607004,42607110,602
507000109,42657109,0,0,5,7,0,迷宫装备,,,灵蛇护腕,灵蛇护腕,human_robot_icon_atlas_0,42607004,42607110,602
507000110,42657110,0,0,5,7,0,迷宫装备,,,灵蛇护腕,灵蛇护腕,human_robot_icon_atlas_0,42607004,42607110,602
507000111,42657111,0,0,5,7,0,迷宫装备,,,朱雀护腕,朱雀护腕,human_robot_icon_atlas_0,42607004,42607120,602
507000112,42657112,0,0,5,7,0,迷宫装备,,,朱雀护腕,朱雀护腕,human_robot_icon_atlas_0,42607004,42607120,602
507000113,42657113,0,0,5,7,0,迷宫装备,,,朱雀护腕,朱雀护腕,human_robot_icon_atlas_0,42607004,42607120,602
507000114,42657114,0,0,5,7,0,迷宫装备,,,朱雀护腕,朱雀护腕,human_robot_icon_atlas_0,42607004,42607120,602
507000115,42657115,0,0,5,7,0,迷宫装备,,,朱雀护腕,朱雀护腕,human_robot_icon_atlas_0,42607004,42607120,602
507000116,42657116,0,0,5,7,0,迷宫装备,,,朱雀护腕,朱雀护腕,human_robot_icon_atlas_0,42607004,42607120,602
507000117,42657117,0,0,5,7,0,迷宫装备,,,朱雀护腕,朱雀护腕,human_robot_icon_atlas_0,42607004,42607120,602
507000118,42657118,0,0,5,7,0,迷宫装备,,,朱雀护腕,朱雀护腕,human_robot_icon_atlas_0,42607004,42607120,602
507000119,42657119,0,0,5,7,0,迷宫装备,,,朱雀护腕,朱雀护腕,human_robot_icon_atlas_0,42607004,42607120,602
507000120,42657120,0,0,5,7,0,迷宫装备,,,朱雀护腕,朱雀护腕,human_robot_icon_atlas_0,42607004,42607120,602
507000121,42657121,0,0,5,7,0,迷宫装备,,,龙形护腕,龙形护腕,human_robot_icon_atlas_0,42607004,42607130,602
507000122,42657122,0,0,5,7,0,迷宫装备,,,龙形护腕,龙形护腕,human_robot_icon_atlas_0,42607004,42607130,602
507000123,42657123,0,0,5,7,0,迷宫装备,,,龙形护腕,龙形护腕,human_robot_icon_atlas_0,42607004,42607130,602
507000124,42657124,0,0,5,7,0,迷宫装备,,,龙形护腕,龙形护腕,human_robot_icon_atlas_0,42607004,42607130,602
507000125,42657125,0,0,5,7,0,迷宫装备,,,龙形护腕,龙形护腕,human_robot_icon_atlas_0,42607004,42607130,602
507000126,42657126,0,0,5,7,0,迷宫装备,,,龙形护腕,龙形护腕,human_robot_icon_atlas_0,42607004,42607130,602
507000127,42657127,0,0,5,7,0,迷宫装备,,,龙形护腕,龙形护腕,human_robot_icon_atlas_0,42607004,42607130,602
507000128,42657128,0,0,5,7,0,迷宫装备,,,龙形护腕,龙形护腕,human_robot_icon_atlas_0,42607004,42607130,602
507000129,42657129,0,0,5,7,0,迷宫装备,,,龙形护腕,龙形护腕,human_robot_icon_atlas_0,42607004,42607130,602
507000130,42657130,0,0,5,7,0,迷宫装备,,,龙形护腕,龙形护腕,human_robot_icon_atlas_0,42607004,42607130,602
507000131,42657131,0,0,5,7,0,迷宫装备,,,龙王护腕,龙王护腕,human_robot_icon_atlas_0,42607004,42607140,602
507000132,42657132,0,0,5,7,0,迷宫装备,,,龙王护腕,龙王护腕,human_robot_icon_atlas_0,42607004,42607140,602
507000133,42657133,0,0,5,7,0,迷宫装备,,,龙王护腕,龙王护腕,human_robot_icon_atlas_0,42607004,42607140,602
507000134,42657134,0,0,5,7,0,迷宫装备,,,龙王护腕,龙王护腕,human_robot_icon_atlas_0,42607004,42607140,602
507000135,42657135,0,0,5,7,0,迷宫装备,,,龙王护腕,龙王护腕,human_robot_icon_atlas_0,42607004,42607140,602
507000136,42657136,0,0,5,7,0,迷宫装备,,,龙王护腕,龙王护腕,human_robot_icon_atlas_0,42607004,42607140,602
507000137,42657137,0,0,5,7,0,迷宫装备,,,龙王护腕,龙王护腕,human_robot_icon_atlas_0,42607004,42607140,602
507000138,42657138,0,0,5,7,0,迷宫装备,,,龙王护腕,龙王护腕,human_robot_icon_atlas_0,42607004,42607140,602
507000139,42657139,0,0,5,7,0,迷宫装备,,,龙王护腕,龙王护腕,human_robot_icon_atlas_0,42607004,42607140,602
507000140,42657140,0,0,5,7,0,迷宫装备,,,龙王护腕,龙王护腕,human_robot_icon_atlas_0,42607004,42607140,602
507000141,42657141,0,0,5,7,0,迷宫装备,,,龙皇护腕,龙皇护腕,human_robot_icon_atlas_0,42607004,42607150,602
507000142,42657142,0,0,5,7,0,迷宫装备,,,龙皇护腕,龙皇护腕,human_robot_icon_atlas_0,42607004,42607150,602
507000143,42657143,0,0,5,7,0,迷宫装备,,,龙皇护腕,龙皇护腕,human_robot_icon_atlas_0,42607004,42607150,602
507000144,42657144,0,0,5,7,0,迷宫装备,,,龙皇护腕,龙皇护腕,human_robot_icon_atlas_0,42607004,42607150,602
507000145,42657145,0,0,5,7,0,迷宫装备,,,龙皇护腕,龙皇护腕,human_robot_icon_atlas_0,42607004,42607150,602
507000146,42657146,0,0,5,7,0,迷宫装备,,,龙皇护腕,龙皇护腕,human_robot_icon_atlas_0,42607004,42607150,602
507000147,42657147,0,0,5,7,0,迷宫装备,,,龙皇护腕,龙皇护腕,human_robot_icon_atlas_0,42607004,42607150,602
507000148,42657148,0,0,5,7,0,迷宫装备,,,龙皇护腕,龙皇护腕,human_robot_icon_atlas_0,42607004,42607150,602
507000149,42657149,0,0,5,7,0,迷宫装备,,,龙皇护腕,龙皇护腕,human_robot_icon_atlas_0,42607004,42607150,602
507000150,42657150,0,0,5,7,0,迷宫装备,,,龙皇护腕,龙皇护腕,human_robot_icon_atlas_0,42607004,42607150,602
507000151,42657151,0,0,5,7,0,迷宫装备,,,龙神护腕,龙神护腕,human_robot_icon_atlas_0,42607004,42607160,602
507000152,42657152,0,0,5,7,0,迷宫装备,,,龙神护腕,龙神护腕,human_robot_icon_atlas_0,42607004,42607160,602
507000153,42657153,0,0,5,7,0,迷宫装备,,,龙神护腕,龙神护腕,human_robot_icon_atlas_0,42607004,42607160,602
507000154,42657154,0,0,5,7,0,迷宫装备,,,龙神护腕,龙神护腕,human_robot_icon_atlas_0,42607004,42607160,602
507000155,42657155,0,0,5,7,0,迷宫装备,,,龙神护腕,龙神护腕,human_robot_icon_atlas_0,42607004,42607160,602
507000156,42657156,0,0,5,7,0,迷宫装备,,,龙神护腕,龙神护腕,human_robot_icon_atlas_0,42607004,42607160,602
507000157,42657157,0,0,5,7,0,迷宫装备,,,龙神护腕,龙神护腕,human_robot_icon_atlas_0,42607004,42607160,602
507000158,42657158,0,0,5,7,0,迷宫装备,,,龙神护腕,龙神护腕,human_robot_icon_atlas_0,42607004,42607160,602
507000159,42657159,0,0,5,7,0,迷宫装备,,,龙神护腕,龙神护腕,human_robot_icon_atlas_0,42607004,42607160,602
507000160,42657160,0,0,5,7,0,迷宫装备,,,龙神护腕,龙神护腕,human_robot_icon_atlas_0,42607004,42607160,602
607000001,42667001,0,0,6,7,0,迷宫装备,,,粗布护腕,粗布护腕,human_robot_icon_atlas_0,42607001,42607010,602
607000002,42667002,0,0,6,7,0,迷宫装备,,,粗布护腕,粗布护腕,human_robot_icon_atlas_0,42607002,42607010,602
607000003,42667003,0,0,6,7,0,迷宫装备,,,粗布护腕,粗布护腕,human_robot_icon_atlas_0,42607003,42607010,602
607000004,42667004,0,0,6,7,0,迷宫装备,,,粗布护腕,粗布护腕,human_robot_icon_atlas_0,42607004,42607010,602
607000005,42667005,0,0,6,7,0,迷宫装备,,,粗布护腕,粗布护腕,human_robot_icon_atlas_0,42607004,42607010,602
607000006,42667006,0,0,6,7,0,迷宫装备,,,粗布护腕,粗布护腕,human_robot_icon_atlas_0,42607004,42607010,602
607000007,42667007,0,0,6,7,0,迷宫装备,,,粗布护腕,粗布护腕,human_robot_icon_atlas_0,42607004,42607010,602
607000008,42667008,0,0,6,7,0,迷宫装备,,,粗布护腕,粗布护腕,human_robot_icon_atlas_0,42607004,42607010,602
607000009,42667009,0,0,6,7,0,迷宫装备,,,粗布护腕,粗布护腕,human_robot_icon_atlas_0,42607004,42607010,602
607000010,42667010,0,0,6,7,0,迷宫装备,,,粗布护腕,粗布护腕,human_robot_icon_atlas_0,42607004,42607010,602
607000011,42667011,0,0,6,7,0,迷宫装备,,,铁护腕,铁护腕,human_robot_icon_atlas_0,42607004,42607020,602
607000012,42667012,0,0,6,7,0,迷宫装备,,,铁护腕,铁护腕,human_robot_icon_atlas_0,42607004,42607020,602
607000013,42667013,0,0,6,7,0,迷宫装备,,,铁护腕,铁护腕,human_robot_icon_atlas_0,42607004,42607020,602
607000014,42667014,0,0,6,7,0,迷宫装备,,,铁护腕,铁护腕,human_robot_icon_atlas_0,42607004,42607020,602
607000015,42667015,0,0,6,7,0,迷宫装备,,,铁护腕,铁护腕,human_robot_icon_atlas_0,42607004,42607020,602
607000016,42667016,0,0,6,7,0,迷宫装备,,,铁护腕,铁护腕,human_robot_icon_atlas_0,42607004,42607020,602
607000017,42667017,0,0,6,7,0,迷宫装备,,,铁护腕,铁护腕,human_robot_icon_atlas_0,42607004,42607020,602
607000018,42667018,0,0,6,7,0,迷宫装备,,,铁护腕,铁护腕,human_robot_icon_atlas_0,42607004,42607020,602
607000019,42667019,0,0,6,7,0,迷宫装备,,,铁护腕,铁护腕,human_robot_icon_atlas_0,42607004,42607020,602
607000020,42667020,0,0,6,7,0,迷宫装备,,,铁护腕,铁护腕,human_robot_icon_atlas_0,42607004,42607020,602
607000021,42667021,0,0,6,7,0,迷宫装备,,,青钢护腕,青钢护腕,human_robot_icon_atlas_0,42607004,42607030,602
607000022,42667022,0,0,6,7,0,迷宫装备,,,青钢护腕,青钢护腕,human_robot_icon_atlas_0,42607004,42607030,602
607000023,42667023,0,0,6,7,0,迷宫装备,,,青钢护腕,青钢护腕,human_robot_icon_atlas_0,42607004,42607030,602
607000024,42667024,0,0,6,7,0,迷宫装备,,,青钢护腕,青钢护腕,human_robot_icon_atlas_0,42607004,42607030,602
607000025,42667025,0,0,6,7,0,迷宫装备,,,青钢护腕,青钢护腕,human_robot_icon_atlas_0,42607004,42607030,602
607000026,42667026,0,0,6,7,0,迷宫装备,,,青钢护腕,青钢护腕,human_robot_icon_atlas_0,42607004,42607030,602
607000027,42667027,0,0,6,7,0,迷宫装备,,,青钢护腕,青钢护腕,human_robot_icon_atlas_0,42607004,42607030,602
607000028,42667028,0,0,6,7,0,迷宫装备,,,青钢护腕,青钢护腕,human_robot_icon_atlas_0,42607004,42607030,602
607000029,42667029,0,0,6,7,0,迷宫装备,,,青钢护腕,青钢护腕,human_robot_icon_atlas_0,42607004,42607030,602
607000030,42667030,0,0,6,7,0,迷宫装备,,,青钢护腕,青钢护腕,human_robot_icon_atlas_0,42607004,42607030,602
607000031,42667031,0,0,6,7,0,迷宫装备,,,流云护腕,流云护腕,human_robot_icon_atlas_0,42607004,42607040,602
607000032,42667032,0,0,6,7,0,迷宫装备,,,流云护腕,流云护腕,human_robot_icon_atlas_0,42607004,42607040,602
607000033,42667033,0,0,6,7,0,迷宫装备,,,流云护腕,流云护腕,human_robot_icon_atlas_0,42607004,42607040,602
607000034,42667034,0,0,6,7,0,迷宫装备,,,流云护腕,流云护腕,human_robot_icon_atlas_0,42607004,42607040,602
607000035,42667035,0,0,6,7,0,迷宫装备,,,流云护腕,流云护腕,human_robot_icon_atlas_0,42607004,42607040,602
607000036,42667036,0,0,6,7,0,迷宫装备,,,流云护腕,流云护腕,human_robot_icon_atlas_0,42607004,42607040,602
607000037,42667037,0,0,6,7,0,迷宫装备,,,流云护腕,流云护腕,human_robot_icon_atlas_0,42607004,42607040,602
607000038,42667038,0,0,6,7,0,迷宫装备,,,流云护腕,流云护腕,human_robot_icon_atlas_0,42607004,42607040,602
607000039,42667039,0,0,6,7,0,迷宫装备,,,流云护腕,流云护腕,human_robot_icon_atlas_0,42607004,42607040,602
607000040,42667040,0,0,6,7,0,迷宫装备,,,流云护腕,流云护腕,human_robot_icon_atlas_0,42607004,42607040,602
607000041,42667041,0,0,6,7,0,迷宫装备,,,飞虹护腕,飞虹护腕,human_robot_icon_atlas_0,42607004,42607050,602
607000042,42667042,0,0,6,7,0,迷宫装备,,,飞虹护腕,飞虹护腕,human_robot_icon_atlas_0,42607004,42607050,602
607000043,42667043,0,0,6,7,0,迷宫装备,,,飞虹护腕,飞虹护腕,human_robot_icon_atlas_0,42607004,42607050,602
607000044,42667044,0,0,6,7,0,迷宫装备,,,飞虹护腕,飞虹护腕,human_robot_icon_atlas_0,42607004,42607050,602
607000045,42667045,0,0,6,7,0,迷宫装备,,,飞虹护腕,飞虹护腕,human_robot_icon_atlas_0,42607004,42607050,602
607000046,42667046,0,0,6,7,0,迷宫装备,,,飞虹护腕,飞虹护腕,human_robot_icon_atlas_0,42607004,42607050,602
607000047,42667047,0,0,6,7,0,迷宫装备,,,飞虹护腕,飞虹护腕,human_robot_icon_atlas_0,42607004,42607050,602
607000048,42667048,0,0,6,7,0,迷宫装备,,,飞虹护腕,飞虹护腕,human_robot_icon_atlas_0,42607004,42607050,602
607000049,42667049,0,0,6,7,0,迷宫装备,,,飞虹护腕,飞虹护腕,human_robot_icon_atlas_0,42607004,42607050,602
607000050,42667050,0,0,6,7,0,迷宫装备,,,飞虹护腕,飞虹护腕,human_robot_icon_atlas_0,42607004,42607050,602
607000051,42667051,0,0,6,7,0,迷宫装备,,,紫金护腕,紫金护腕,human_robot_icon_atlas_0,42607004,42607060,602
607000052,42667052,0,0,6,7,0,迷宫装备,,,紫金护腕,紫金护腕,human_robot_icon_atlas_0,42607004,42607060,602
607000053,42667053,0,0,6,7,0,迷宫装备,,,紫金护腕,紫金护腕,human_robot_icon_atlas_0,42607004,42607060,602
607000054,42667054,0,0,6,7,0,迷宫装备,,,紫金护腕,紫金护腕,human_robot_icon_atlas_0,42607004,42607060,602
607000055,42667055,0,0,6,7,0,迷宫装备,,,紫金护腕,紫金护腕,human_robot_icon_atlas_0,42607004,42607060,602
607000056,42667056,0,0,6,7,0,迷宫装备,,,紫金护腕,紫金护腕,human_robot_icon_atlas_0,42607004,42607060,602
607000057,42667057,0,0,6,7,0,迷宫装备,,,紫金护腕,紫金护腕,human_robot_icon_atlas_0,42607004,42607060,602
607000058,42667058,0,0,6,7,0,迷宫装备,,,紫金护腕,紫金护腕,human_robot_icon_atlas_0,42607004,42607060,602
607000059,42667059,0,0,6,7,0,迷宫装备,,,紫金护腕,紫金护腕,human_robot_icon_atlas_0,42607004,42607060,602
607000060,42667060,0,0,6,7,0,迷宫装备,,,紫金护腕,紫金护腕,human_robot_icon_atlas_0,42607004,42607060,602
607000061,42667061,0,0,6,7,0,迷宫装备,,,巨神护腕,巨神护腕,human_robot_icon_atlas_0,42607004,42607070,602
607000062,42667062,0,0,6,7,0,迷宫装备,,,巨神护腕,巨神护腕,human_robot_icon_atlas_0,42607004,42607070,602
607000063,42667063,0,0,6,7,0,迷宫装备,,,巨神护腕,巨神护腕,human_robot_icon_atlas_0,42607004,42607070,602
607000064,42667064,0,0,6,7,0,迷宫装备,,,巨神护腕,巨神护腕,human_robot_icon_atlas_0,42607004,42607070,602
607000065,42667065,0,0,6,7,0,迷宫装备,,,巨神护腕,巨神护腕,human_robot_icon_atlas_0,42607004,42607070,602
607000066,42667066,0,0,6,7,0,迷宫装备,,,巨神护腕,巨神护腕,human_robot_icon_atlas_0,42607004,42607070,602
607000067,42667067,0,0,6,7,0,迷宫装备,,,巨神护腕,巨神护腕,human_robot_icon_atlas_0,42607004,42607070,602
607000068,42667068,0,0,6,7,0,迷宫装备,,,巨神护腕,巨神护腕,human_robot_icon_atlas_0,42607004,42607070,602
607000069,42667069,0,0,6,7,0,迷宫装备,,,巨神护腕,巨神护腕,human_robot_icon_atlas_0,42607004,42607070,602
607000070,42667070,0,0,6,7,0,迷宫装备,,,巨神护腕,巨神护腕,human_robot_icon_atlas_0,42607004,42607070,602
607000071,42667071,0,0,6,7,0,迷宫装备,,,天罡护腕,天罡护腕,human_robot_icon_atlas_0,42607004,42607080,602
607000072,42667072,0,0,6,7,0,迷宫装备,,,天罡护腕,天罡护腕,human_robot_icon_atlas_0,42607004,42607080,602
607000073,42667073,0,0,6,7,0,迷宫装备,,,天罡护腕,天罡护腕,human_robot_icon_atlas_0,42607004,42607080,602
607000074,42667074,0,0,6,7,0,迷宫装备,,,天罡护腕,天罡护腕,human_robot_icon_atlas_0,42607004,42607080,602
607000075,42667075,0,0,6,7,0,迷宫装备,,,天罡护腕,天罡护腕,human_robot_icon_atlas_0,42607004,42607080,602
607000076,42667076,0,0,6,7,0,迷宫装备,,,天罡护腕,天罡护腕,human_robot_icon_atlas_0,42607004,42607080,602
607000077,42667077,0,0,6,7,0,迷宫装备,,,天罡护腕,天罡护腕,human_robot_icon_atlas_0,42607004,42607080,602
607000078,42667078,0,0,6,7,0,迷宫装备,,,天罡护腕,天罡护腕,human_robot_icon_atlas_0,42607004,42607080,602
607000079,42667079,0,0,6,7,0,迷宫装备,,,天罡护腕,天罡护腕,human_robot_icon_atlas_0,42607004,42607080,602
607000080,42667080,0,0,6,7,0,迷宫装备,,,天罡护腕,天罡护腕,human_robot_icon_atlas_0,42607004,42607080,602
607000081,42667081,0,0,6,7,0,迷宫装备,,,雷神护腕,雷神护腕,human_robot_icon_atlas_0,42607004,42607090,602
607000082,42667082,0,0,6,7,0,迷宫装备,,,雷神护腕,雷神护腕,human_robot_icon_atlas_0,42607004,42607090,602
607000083,42667083,0,0,6,7,0,迷宫装备,,,雷神护腕,雷神护腕,human_robot_icon_atlas_0,42607004,42607090,602
607000084,42667084,0,0,6,7,0,迷宫装备,,,雷神护腕,雷神护腕,human_robot_icon_atlas_0,42607004,42607090,602
607000085,42667085,0,0,6,7,0,迷宫装备,,,雷神护腕,雷神护腕,human_robot_icon_atlas_0,42607004,42607090,602
607000086,42667086,0,0,6,7,0,迷宫装备,,,雷神护腕,雷神护腕,human_robot_icon_atlas_0,42607004,42607090,602
607000087,42667087,0,0,6,7,0,迷宫装备,,,雷神护腕,雷神护腕,human_robot_icon_atlas_0,42607004,42607090,602
607000088,42667088,0,0,6,7,0,迷宫装备,,,雷神护腕,雷神护腕,human_robot_icon_atlas_0,42607004,42607090,602
607000089,42667089,0,0,6,7,0,迷宫装备,,,雷神护腕,雷神护腕,human_robot_icon_atlas_0,42607004,42607090,602
607000090,42667090,0,0,6,7,0,迷宫装备,,,雷神护腕,雷神护腕,human_robot_icon_atlas_0,42607004,42607090,602
607000091,42667091,0,0,6,7,0,迷宫装备,,,狮吼护腕,狮吼护腕,human_robot_icon_atlas_0,42607004,42607100,602
607000092,42667092,0,0,6,7,0,迷宫装备,,,狮吼护腕,狮吼护腕,human_robot_icon_atlas_0,42607004,42607100,602
607000093,42667093,0,0,6,7,0,迷宫装备,,,狮吼护腕,狮吼护腕,human_robot_icon_atlas_0,42607004,42607100,602
607000094,42667094,0,0,6,7,0,迷宫装备,,,狮吼护腕,狮吼护腕,human_robot_icon_atlas_0,42607004,42607100,602
607000095,42667095,0,0,6,7,0,迷宫装备,,,狮吼护腕,狮吼护腕,human_robot_icon_atlas_0,42607004,42607100,602
607000096,42667096,0,0,6,7,0,迷宫装备,,,狮吼护腕,狮吼护腕,human_robot_icon_atlas_0,42607004,42607100,602
607000097,42667097,0,0,6,7,0,迷宫装备,,,狮吼护腕,狮吼护腕,human_robot_icon_atlas_0,42607004,42607100,602
607000098,42667098,0,0,6,7,0,迷宫装备,,,狮吼护腕,狮吼护腕,human_robot_icon_atlas_0,42607004,42607100,602
607000099,42667099,0,0,6,7,0,迷宫装备,,,狮吼护腕,狮吼护腕,human_robot_icon_atlas_0,42607004,42607100,602
607000100,42667100,0,0,6,7,0,迷宫装备,,,狮吼护腕,狮吼护腕,human_robot_icon_atlas_0,42607004,42607100,602
607000101,42667101,0,0,6,7,0,迷宫装备,,,灵蛇护腕,灵蛇护腕,human_robot_icon_atlas_0,42607004,42607110,602
607000102,42667102,0,0,6,7,0,迷宫装备,,,灵蛇护腕,灵蛇护腕,human_robot_icon_atlas_0,42607004,42607110,602
607000103,42667103,0,0,6,7,0,迷宫装备,,,灵蛇护腕,灵蛇护腕,human_robot_icon_atlas_0,42607004,42607110,602
607000104,42667104,0,0,6,7,0,迷宫装备,,,灵蛇护腕,灵蛇护腕,human_robot_icon_atlas_0,42607004,42607110,602
607000105,42667105,0,0,6,7,0,迷宫装备,,,灵蛇护腕,灵蛇护腕,human_robot_icon_atlas_0,42607004,42607110,602
607000106,42667106,0,0,6,7,0,迷宫装备,,,灵蛇护腕,灵蛇护腕,human_robot_icon_atlas_0,42607004,42607110,602
607000107,42667107,0,0,6,7,0,迷宫装备,,,灵蛇护腕,灵蛇护腕,human_robot_icon_atlas_0,42607004,42607110,602
607000108,42667108,0,0,6,7,0,迷宫装备,,,灵蛇护腕,灵蛇护腕,human_robot_icon_atlas_0,42607004,42607110,602
607000109,42667109,0,0,6,7,0,迷宫装备,,,灵蛇护腕,灵蛇护腕,human_robot_icon_atlas_0,42607004,42607110,602
607000110,42667110,0,0,6,7,0,迷宫装备,,,灵蛇护腕,灵蛇护腕,human_robot_icon_atlas_0,42607004,42607110,602
607000111,42667111,0,0,6,7,0,迷宫装备,,,朱雀护腕,朱雀护腕,human_robot_icon_atlas_0,42607004,42607120,602
607000112,42667112,0,0,6,7,0,迷宫装备,,,朱雀护腕,朱雀护腕,human_robot_icon_atlas_0,42607004,42607120,602
607000113,42667113,0,0,6,7,0,迷宫装备,,,朱雀护腕,朱雀护腕,human_robot_icon_atlas_0,42607004,42607120,602
607000114,42667114,0,0,6,7,0,迷宫装备,,,朱雀护腕,朱雀护腕,human_robot_icon_atlas_0,42607004,42607120,602
607000115,42667115,0,0,6,7,0,迷宫装备,,,朱雀护腕,朱雀护腕,human_robot_icon_atlas_0,42607004,42607120,602
607000116,42667116,0,0,6,7,0,迷宫装备,,,朱雀护腕,朱雀护腕,human_robot_icon_atlas_0,42607004,42607120,602
607000117,42667117,0,0,6,7,0,迷宫装备,,,朱雀护腕,朱雀护腕,human_robot_icon_atlas_0,42607004,42607120,602
607000118,42667118,0,0,6,7,0,迷宫装备,,,朱雀护腕,朱雀护腕,human_robot_icon_atlas_0,42607004,42607120,602
607000119,42667119,0,0,6,7,0,迷宫装备,,,朱雀护腕,朱雀护腕,human_robot_icon_atlas_0,42607004,42607120,602
607000120,42667120,0,0,6,7,0,迷宫装备,,,朱雀护腕,朱雀护腕,human_robot_icon_atlas_0,42607004,42607120,602
607000121,42667121,0,0,6,7,0,迷宫装备,,,龙形护腕,龙形护腕,human_robot_icon_atlas_0,42607004,42607130,602
607000122,42667122,0,0,6,7,0,迷宫装备,,,龙形护腕,龙形护腕,human_robot_icon_atlas_0,42607004,42607130,602
607000123,42667123,0,0,6,7,0,迷宫装备,,,龙形护腕,龙形护腕,human_robot_icon_atlas_0,42607004,42607130,602
607000124,42667124,0,0,6,7,0,迷宫装备,,,龙形护腕,龙形护腕,human_robot_icon_atlas_0,42607004,42607130,602
607000125,42667125,0,0,6,7,0,迷宫装备,,,龙形护腕,龙形护腕,human_robot_icon_atlas_0,42607004,42607130,602
607000126,42667126,0,0,6,7,0,迷宫装备,,,龙形护腕,龙形护腕,human_robot_icon_atlas_0,42607004,42607130,602
607000127,42667127,0,0,6,7,0,迷宫装备,,,龙形护腕,龙形护腕,human_robot_icon_atlas_0,42607004,42607130,602
607000128,42667128,0,0,6,7,0,迷宫装备,,,龙形护腕,龙形护腕,human_robot_icon_atlas_0,42607004,42607130,602
607000129,42667129,0,0,6,7,0,迷宫装备,,,龙形护腕,龙形护腕,human_robot_icon_atlas_0,42607004,42607130,602
607000130,42667130,0,0,6,7,0,迷宫装备,,,龙形护腕,龙形护腕,human_robot_icon_atlas_0,42607004,42607130,602
607000131,42667131,0,0,6,7,0,迷宫装备,,,龙王护腕,龙王护腕,human_robot_icon_atlas_0,42607004,42607140,602
607000132,42667132,0,0,6,7,0,迷宫装备,,,龙王护腕,龙王护腕,human_robot_icon_atlas_0,42607004,42607140,602
607000133,42667133,0,0,6,7,0,迷宫装备,,,龙王护腕,龙王护腕,human_robot_icon_atlas_0,42607004,42607140,602
607000134,42667134,0,0,6,7,0,迷宫装备,,,龙王护腕,龙王护腕,human_robot_icon_atlas_0,42607004,42607140,602
607000135,42667135,0,0,6,7,0,迷宫装备,,,龙王护腕,龙王护腕,human_robot_icon_atlas_0,42607004,42607140,602
607000136,42667136,0,0,6,7,0,迷宫装备,,,龙王护腕,龙王护腕,human_robot_icon_atlas_0,42607004,42607140,602
607000137,42667137,0,0,6,7,0,迷宫装备,,,龙王护腕,龙王护腕,human_robot_icon_atlas_0,42607004,42607140,602
607000138,42667138,0,0,6,7,0,迷宫装备,,,龙王护腕,龙王护腕,human_robot_icon_atlas_0,42607004,42607140,602
607000139,42667139,0,0,6,7,0,迷宫装备,,,龙王护腕,龙王护腕,human_robot_icon_atlas_0,42607004,42607140,602
607000140,42667140,0,0,6,7,0,迷宫装备,,,龙王护腕,龙王护腕,human_robot_icon_atlas_0,42607004,42607140,602
607000141,42667141,0,0,6,7,0,迷宫装备,,,龙皇护腕,龙皇护腕,human_robot_icon_atlas_0,42607004,42607150,602
607000142,42667142,0,0,6,7,0,迷宫装备,,,龙皇护腕,龙皇护腕,human_robot_icon_atlas_0,42607004,42607150,602
607000143,42667143,0,0,6,7,0,迷宫装备,,,龙皇护腕,龙皇护腕,human_robot_icon_atlas_0,42607004,42607150,602
607000144,42667144,0,0,6,7,0,迷宫装备,,,龙皇护腕,龙皇护腕,human_robot_icon_atlas_0,42607004,42607150,602
607000145,42667145,0,0,6,7,0,迷宫装备,,,龙皇护腕,龙皇护腕,human_robot_icon_atlas_0,42607004,42607150,602
607000146,42667146,0,0,6,7,0,迷宫装备,,,龙皇护腕,龙皇护腕,human_robot_icon_atlas_0,42607004,42607150,602
607000147,42667147,0,0,6,7,0,迷宫装备,,,龙皇护腕,龙皇护腕,human_robot_icon_atlas_0,42607004,42607150,602
607000148,42667148,0,0,6,7,0,迷宫装备,,,龙皇护腕,龙皇护腕,human_robot_icon_atlas_0,42607004,42607150,602
607000149,42667149,0,0,6,7,0,迷宫装备,,,龙皇护腕,龙皇护腕,human_robot_icon_atlas_0,42607004,42607150,602
607000150,42667150,0,0,6,7,0,迷宫装备,,,龙皇护腕,龙皇护腕,human_robot_icon_atlas_0,42607004,42607150,602
607000151,42667151,0,0,6,7,0,迷宫装备,,,龙神护腕,龙神护腕,human_robot_icon_atlas_0,42607004,42607160,602
607000152,42667152,0,0,6,7,0,迷宫装备,,,龙神护腕,龙神护腕,human_robot_icon_atlas_0,42607004,42607160,602
607000153,42667153,0,0,6,7,0,迷宫装备,,,龙神护腕,龙神护腕,human_robot_icon_atlas_0,42607004,42607160,602
607000154,42667154,0,0,6,7,0,迷宫装备,,,龙神护腕,龙神护腕,human_robot_icon_atlas_0,42607004,42607160,602
607000155,42667155,0,0,6,7,0,迷宫装备,,,龙神护腕,龙神护腕,human_robot_icon_atlas_0,42607004,42607160,602
607000156,42667156,0,0,6,7,0,迷宫装备,,,龙神护腕,龙神护腕,human_robot_icon_atlas_0,42607004,42607160,602
607000157,42667157,0,0,6,7,0,迷宫装备,,,龙神护腕,龙神护腕,human_robot_icon_atlas_0,42607004,42607160,602
607000158,42667158,0,0,6,7,0,迷宫装备,,,龙神护腕,龙神护腕,human_robot_icon_atlas_0,42607004,42607160,602
607000159,42667159,0,0,6,7,0,迷宫装备,,,龙神护腕,龙神护腕,human_robot_icon_atlas_0,42607004,42607160,602
607000160,42667160,0,0,6,7,0,迷宫装备,,,龙神护腕,龙神护腕,human_robot_icon_atlas_0,42607004,42607160,602
807000001,42687001,0,0,8,7,0,迷宫装备,,,粗布护腕,粗布护腕,human_robot_icon_atlas_0,42607001,42607010,602
807000002,42687002,0,0,8,7,0,迷宫装备,,,粗布护腕,粗布护腕,human_robot_icon_atlas_0,42607002,42607010,602
807000003,42687003,0,0,8,7,0,迷宫装备,,,粗布护腕,粗布护腕,human_robot_icon_atlas_0,42607003,42607010,602
807000004,42687004,0,0,8,7,0,迷宫装备,,,粗布护腕,粗布护腕,human_robot_icon_atlas_0,42607004,42607010,602
807000005,42687005,0,0,8,7,0,迷宫装备,,,粗布护腕,粗布护腕,human_robot_icon_atlas_0,42607004,42607010,602
807000006,42687006,0,0,8,7,0,迷宫装备,,,粗布护腕,粗布护腕,human_robot_icon_atlas_0,42607004,42607010,602
807000007,42687007,0,0,8,7,0,迷宫装备,,,粗布护腕,粗布护腕,human_robot_icon_atlas_0,42607004,42607010,602
807000008,42687008,0,0,8,7,0,迷宫装备,,,粗布护腕,粗布护腕,human_robot_icon_atlas_0,42607004,42607010,602
807000009,42687009,0,0,8,7,0,迷宫装备,,,粗布护腕,粗布护腕,human_robot_icon_atlas_0,42607004,42607010,602
807000010,42687010,0,0,8,7,0,迷宫装备,,,粗布护腕,粗布护腕,human_robot_icon_atlas_0,42607004,42607010,602
807000011,42687011,0,0,8,7,0,迷宫装备,,,铁护腕,铁护腕,human_robot_icon_atlas_0,42607004,42607020,602
807000012,42687012,0,0,8,7,0,迷宫装备,,,铁护腕,铁护腕,human_robot_icon_atlas_0,42607004,42607020,602
807000013,42687013,0,0,8,7,0,迷宫装备,,,铁护腕,铁护腕,human_robot_icon_atlas_0,42607004,42607020,602
807000014,42687014,0,0,8,7,0,迷宫装备,,,铁护腕,铁护腕,human_robot_icon_atlas_0,42607004,42607020,602
807000015,42687015,0,0,8,7,0,迷宫装备,,,铁护腕,铁护腕,human_robot_icon_atlas_0,42607004,42607020,602
807000016,42687016,0,0,8,7,0,迷宫装备,,,铁护腕,铁护腕,human_robot_icon_atlas_0,42607004,42607020,602
807000017,42687017,0,0,8,7,0,迷宫装备,,,铁护腕,铁护腕,human_robot_icon_atlas_0,42607004,42607020,602
807000018,42687018,0,0,8,7,0,迷宫装备,,,铁护腕,铁护腕,human_robot_icon_atlas_0,42607004,42607020,602
807000019,42687019,0,0,8,7,0,迷宫装备,,,铁护腕,铁护腕,human_robot_icon_atlas_0,42607004,42607020,602
807000020,42687020,0,0,8,7,0,迷宫装备,,,铁护腕,铁护腕,human_robot_icon_atlas_0,42607004,42607020,602
807000021,42687021,0,0,8,7,0,迷宫装备,,,青钢护腕,青钢护腕,human_robot_icon_atlas_0,42607004,42607030,602
807000022,42687022,0,0,8,7,0,迷宫装备,,,青钢护腕,青钢护腕,human_robot_icon_atlas_0,42607004,42607030,602
807000023,42687023,0,0,8,7,0,迷宫装备,,,青钢护腕,青钢护腕,human_robot_icon_atlas_0,42607004,42607030,602
807000024,42687024,0,0,8,7,0,迷宫装备,,,青钢护腕,青钢护腕,human_robot_icon_atlas_0,42607004,42607030,602
807000025,42687025,0,0,8,7,0,迷宫装备,,,青钢护腕,青钢护腕,human_robot_icon_atlas_0,42607004,42607030,602
807000026,42687026,0,0,8,7,0,迷宫装备,,,青钢护腕,青钢护腕,human_robot_icon_atlas_0,42607004,42607030,602
807000027,42687027,0,0,8,7,0,迷宫装备,,,青钢护腕,青钢护腕,human_robot_icon_atlas_0,42607004,42607030,602
807000028,42687028,0,0,8,7,0,迷宫装备,,,青钢护腕,青钢护腕,human_robot_icon_atlas_0,42607004,42607030,602
807000029,42687029,0,0,8,7,0,迷宫装备,,,青钢护腕,青钢护腕,human_robot_icon_atlas_0,42607004,42607030,602
807000030,42687030,0,0,8,7,0,迷宫装备,,,青钢护腕,青钢护腕,human_robot_icon_atlas_0,42607004,42607030,602
807000031,42687031,0,0,8,7,0,迷宫装备,,,流云护腕,流云护腕,human_robot_icon_atlas_0,42607004,42607040,602
807000032,42687032,0,0,8,7,0,迷宫装备,,,流云护腕,流云护腕,human_robot_icon_atlas_0,42607004,42607040,602
807000033,42687033,0,0,8,7,0,迷宫装备,,,流云护腕,流云护腕,human_robot_icon_atlas_0,42607004,42607040,602
807000034,42687034,0,0,8,7,0,迷宫装备,,,流云护腕,流云护腕,human_robot_icon_atlas_0,42607004,42607040,602
807000035,42687035,0,0,8,7,0,迷宫装备,,,流云护腕,流云护腕,human_robot_icon_atlas_0,42607004,42607040,602
807000036,42687036,0,0,8,7,0,迷宫装备,,,流云护腕,流云护腕,human_robot_icon_atlas_0,42607004,42607040,602
807000037,42687037,0,0,8,7,0,迷宫装备,,,流云护腕,流云护腕,human_robot_icon_atlas_0,42607004,42607040,602
807000038,42687038,0,0,8,7,0,迷宫装备,,,流云护腕,流云护腕,human_robot_icon_atlas_0,42607004,42607040,602
807000039,42687039,0,0,8,7,0,迷宫装备,,,流云护腕,流云护腕,human_robot_icon_atlas_0,42607004,42607040,602
807000040,42687040,0,0,8,7,0,迷宫装备,,,流云护腕,流云护腕,human_robot_icon_atlas_0,42607004,42607040,602
807000041,42687041,0,0,8,7,0,迷宫装备,,,飞虹护腕,飞虹护腕,human_robot_icon_atlas_0,42607004,42607050,602
807000042,42687042,0,0,8,7,0,迷宫装备,,,飞虹护腕,飞虹护腕,human_robot_icon_atlas_0,42607004,42607050,602
807000043,42687043,0,0,8,7,0,迷宫装备,,,飞虹护腕,飞虹护腕,human_robot_icon_atlas_0,42607004,42607050,602
807000044,42687044,0,0,8,7,0,迷宫装备,,,飞虹护腕,飞虹护腕,human_robot_icon_atlas_0,42607004,42607050,602
807000045,42687045,0,0,8,7,0,迷宫装备,,,飞虹护腕,飞虹护腕,human_robot_icon_atlas_0,42607004,42607050,602
807000046,42687046,0,0,8,7,0,迷宫装备,,,飞虹护腕,飞虹护腕,human_robot_icon_atlas_0,42607004,42607050,602
807000047,42687047,0,0,8,7,0,迷宫装备,,,飞虹护腕,飞虹护腕,human_robot_icon_atlas_0,42607004,42607050,602
807000048,42687048,0,0,8,7,0,迷宫装备,,,飞虹护腕,飞虹护腕,human_robot_icon_atlas_0,42607004,42607050,602
807000049,42687049,0,0,8,7,0,迷宫装备,,,飞虹护腕,飞虹护腕,human_robot_icon_atlas_0,42607004,42607050,602
807000050,42687050,0,0,8,7,0,迷宫装备,,,飞虹护腕,飞虹护腕,human_robot_icon_atlas_0,42607004,42607050,602
807000051,42687051,0,0,8,7,0,迷宫装备,,,紫金护腕,紫金护腕,human_robot_icon_atlas_0,42607004,42607060,602
807000052,42687052,0,0,8,7,0,迷宫装备,,,紫金护腕,紫金护腕,human_robot_icon_atlas_0,42607004,42607060,602
807000053,42687053,0,0,8,7,0,迷宫装备,,,紫金护腕,紫金护腕,human_robot_icon_atlas_0,42607004,42607060,602
807000054,42687054,0,0,8,7,0,迷宫装备,,,紫金护腕,紫金护腕,human_robot_icon_atlas_0,42607004,42607060,602
807000055,42687055,0,0,8,7,0,迷宫装备,,,紫金护腕,紫金护腕,human_robot_icon_atlas_0,42607004,42607060,602
807000056,42687056,0,0,8,7,0,迷宫装备,,,紫金护腕,紫金护腕,human_robot_icon_atlas_0,42607004,42607060,602
807000057,42687057,0,0,8,7,0,迷宫装备,,,紫金护腕,紫金护腕,human_robot_icon_atlas_0,42607004,42607060,602
807000058,42687058,0,0,8,7,0,迷宫装备,,,紫金护腕,紫金护腕,human_robot_icon_atlas_0,42607004,42607060,602
807000059,42687059,0,0,8,7,0,迷宫装备,,,紫金护腕,紫金护腕,human_robot_icon_atlas_0,42607004,42607060,602
807000060,42687060,0,0,8,7,0,迷宫装备,,,紫金护腕,紫金护腕,human_robot_icon_atlas_0,42607004,42607060,602
807000061,42687061,0,0,8,7,0,迷宫装备,,,巨神护腕,巨神护腕,human_robot_icon_atlas_0,42607004,42607070,602
807000062,42687062,0,0,8,7,0,迷宫装备,,,巨神护腕,巨神护腕,human_robot_icon_atlas_0,42607004,42607070,602
807000063,42687063,0,0,8,7,0,迷宫装备,,,巨神护腕,巨神护腕,human_robot_icon_atlas_0,42607004,42607070,602
807000064,42687064,0,0,8,7,0,迷宫装备,,,巨神护腕,巨神护腕,human_robot_icon_atlas_0,42607004,42607070,602
807000065,42687065,0,0,8,7,0,迷宫装备,,,巨神护腕,巨神护腕,human_robot_icon_atlas_0,42607004,42607070,602
807000066,42687066,0,0,8,7,0,迷宫装备,,,巨神护腕,巨神护腕,human_robot_icon_atlas_0,42607004,42607070,602
807000067,42687067,0,0,8,7,0,迷宫装备,,,巨神护腕,巨神护腕,human_robot_icon_atlas_0,42607004,42607070,602
807000068,42687068,0,0,8,7,0,迷宫装备,,,巨神护腕,巨神护腕,human_robot_icon_atlas_0,42607004,42607070,602
807000069,42687069,0,0,8,7,0,迷宫装备,,,巨神护腕,巨神护腕,human_robot_icon_atlas_0,42607004,42607070,602
807000070,42687070,0,0,8,7,0,迷宫装备,,,巨神护腕,巨神护腕,human_robot_icon_atlas_0,42607004,42607070,602
807000071,42687071,0,0,8,7,0,迷宫装备,,,天罡护腕,天罡护腕,human_robot_icon_atlas_0,42607004,42607080,602
807000072,42687072,0,0,8,7,0,迷宫装备,,,天罡护腕,天罡护腕,human_robot_icon_atlas_0,42607004,42607080,602
807000073,42687073,0,0,8,7,0,迷宫装备,,,天罡护腕,天罡护腕,human_robot_icon_atlas_0,42607004,42607080,602
807000074,42687074,0,0,8,7,0,迷宫装备,,,天罡护腕,天罡护腕,human_robot_icon_atlas_0,42607004,42607080,602
807000075,42687075,0,0,8,7,0,迷宫装备,,,天罡护腕,天罡护腕,human_robot_icon_atlas_0,42607004,42607080,602
807000076,42687076,0,0,8,7,0,迷宫装备,,,天罡护腕,天罡护腕,human_robot_icon_atlas_0,42607004,42607080,602
807000077,42687077,0,0,8,7,0,迷宫装备,,,天罡护腕,天罡护腕,human_robot_icon_atlas_0,42607004,42607080,602
807000078,42687078,0,0,8,7,0,迷宫装备,,,天罡护腕,天罡护腕,human_robot_icon_atlas_0,42607004,42607080,602
807000079,42687079,0,0,8,7,0,迷宫装备,,,天罡护腕,天罡护腕,human_robot_icon_atlas_0,42607004,42607080,602
807000080,42687080,0,0,8,7,0,迷宫装备,,,天罡护腕,天罡护腕,human_robot_icon_atlas_0,42607004,42607080,602
807000081,42687081,0,0,8,7,0,迷宫装备,,,雷神护腕,雷神护腕,human_robot_icon_atlas_0,42607004,42607090,602
807000082,42687082,0,0,8,7,0,迷宫装备,,,雷神护腕,雷神护腕,human_robot_icon_atlas_0,42607004,42607090,602
807000083,42687083,0,0,8,7,0,迷宫装备,,,雷神护腕,雷神护腕,human_robot_icon_atlas_0,42607004,42607090,602
807000084,42687084,0,0,8,7,0,迷宫装备,,,雷神护腕,雷神护腕,human_robot_icon_atlas_0,42607004,42607090,602
807000085,42687085,0,0,8,7,0,迷宫装备,,,雷神护腕,雷神护腕,human_robot_icon_atlas_0,42607004,42607090,602
807000086,42687086,0,0,8,7,0,迷宫装备,,,雷神护腕,雷神护腕,human_robot_icon_atlas_0,42607004,42607090,602
807000087,42687087,0,0,8,7,0,迷宫装备,,,雷神护腕,雷神护腕,human_robot_icon_atlas_0,42607004,42607090,602
807000088,42687088,0,0,8,7,0,迷宫装备,,,雷神护腕,雷神护腕,human_robot_icon_atlas_0,42607004,42607090,602
807000089,42687089,0,0,8,7,0,迷宫装备,,,雷神护腕,雷神护腕,human_robot_icon_atlas_0,42607004,42607090,602
807000090,42687090,0,0,8,7,0,迷宫装备,,,雷神护腕,雷神护腕,human_robot_icon_atlas_0,42607004,42607090,602
807000091,42687091,0,0,8,7,0,迷宫装备,,,狮吼护腕,狮吼护腕,human_robot_icon_atlas_0,42607004,42607100,602
807000092,42687092,0,0,8,7,0,迷宫装备,,,狮吼护腕,狮吼护腕,human_robot_icon_atlas_0,42607004,42607100,602
807000093,42687093,0,0,8,7,0,迷宫装备,,,狮吼护腕,狮吼护腕,human_robot_icon_atlas_0,42607004,42607100,602
807000094,42687094,0,0,8,7,0,迷宫装备,,,狮吼护腕,狮吼护腕,human_robot_icon_atlas_0,42607004,42607100,602
807000095,42687095,0,0,8,7,0,迷宫装备,,,狮吼护腕,狮吼护腕,human_robot_icon_atlas_0,42607004,42607100,602
807000096,42687096,0,0,8,7,0,迷宫装备,,,狮吼护腕,狮吼护腕,human_robot_icon_atlas_0,42607004,42607100,602
807000097,42687097,0,0,8,7,0,迷宫装备,,,狮吼护腕,狮吼护腕,human_robot_icon_atlas_0,42607004,42607100,602
807000098,42687098,0,0,8,7,0,迷宫装备,,,狮吼护腕,狮吼护腕,human_robot_icon_atlas_0,42607004,42607100,602
807000099,42687099,0,0,8,7,0,迷宫装备,,,狮吼护腕,狮吼护腕,human_robot_icon_atlas_0,42607004,42607100,602
807000100,42687100,0,0,8,7,0,迷宫装备,,,狮吼护腕,狮吼护腕,human_robot_icon_atlas_0,42607004,42607100,602
807000101,42687101,0,0,8,7,0,迷宫装备,,,灵蛇护腕,灵蛇护腕,human_robot_icon_atlas_0,42607004,42607110,602
807000102,42687102,0,0,8,7,0,迷宫装备,,,灵蛇护腕,灵蛇护腕,human_robot_icon_atlas_0,42607004,42607110,602
807000103,42687103,0,0,8,7,0,迷宫装备,,,灵蛇护腕,灵蛇护腕,human_robot_icon_atlas_0,42607004,42607110,602
807000104,42687104,0,0,8,7,0,迷宫装备,,,灵蛇护腕,灵蛇护腕,human_robot_icon_atlas_0,42607004,42607110,602
807000105,42687105,0,0,8,7,0,迷宫装备,,,灵蛇护腕,灵蛇护腕,human_robot_icon_atlas_0,42607004,42607110,602
807000106,42687106,0,0,8,7,0,迷宫装备,,,灵蛇护腕,灵蛇护腕,human_robot_icon_atlas_0,42607004,42607110,602
807000107,42687107,0,0,8,7,0,迷宫装备,,,灵蛇护腕,灵蛇护腕,human_robot_icon_atlas_0,42607004,42607110,602
807000108,42687108,0,0,8,7,0,迷宫装备,,,灵蛇护腕,灵蛇护腕,human_robot_icon_atlas_0,42607004,42607110,602
807000109,42687109,0,0,8,7,0,迷宫装备,,,灵蛇护腕,灵蛇护腕,human_robot_icon_atlas_0,42607004,42607110,602
807000110,42687110,0,0,8,7,0,迷宫装备,,,灵蛇护腕,灵蛇护腕,human_robot_icon_atlas_0,42607004,42607110,602
807000111,42687111,0,0,8,7,0,迷宫装备,,,朱雀护腕,朱雀护腕,human_robot_icon_atlas_0,42607004,42607120,602
807000112,42687112,0,0,8,7,0,迷宫装备,,,朱雀护腕,朱雀护腕,human_robot_icon_atlas_0,42607004,42607120,602
807000113,42687113,0,0,8,7,0,迷宫装备,,,朱雀护腕,朱雀护腕,human_robot_icon_atlas_0,42607004,42607120,602
807000114,42687114,0,0,8,7,0,迷宫装备,,,朱雀护腕,朱雀护腕,human_robot_icon_atlas_0,42607004,42607120,602
807000115,42687115,0,0,8,7,0,迷宫装备,,,朱雀护腕,朱雀护腕,human_robot_icon_atlas_0,42607004,42607120,602
807000116,42687116,0,0,8,7,0,迷宫装备,,,朱雀护腕,朱雀护腕,human_robot_icon_atlas_0,42607004,42607120,602
807000117,42687117,0,0,8,7,0,迷宫装备,,,朱雀护腕,朱雀护腕,human_robot_icon_atlas_0,42607004,42607120,602
807000118,42687118,0,0,8,7,0,迷宫装备,,,朱雀护腕,朱雀护腕,human_robot_icon_atlas_0,42607004,42607120,602
807000119,42687119,0,0,8,7,0,迷宫装备,,,朱雀护腕,朱雀护腕,human_robot_icon_atlas_0,42607004,42607120,602
807000120,42687120,0,0,8,7,0,迷宫装备,,,朱雀护腕,朱雀护腕,human_robot_icon_atlas_0,42607004,42607120,602
807000121,42687121,0,0,8,7,0,迷宫装备,,,龙形护腕,龙形护腕,human_robot_icon_atlas_0,42607004,42607130,602
807000122,42687122,0,0,8,7,0,迷宫装备,,,龙形护腕,龙形护腕,human_robot_icon_atlas_0,42607004,42607130,602
807000123,42687123,0,0,8,7,0,迷宫装备,,,龙形护腕,龙形护腕,human_robot_icon_atlas_0,42607004,42607130,602
807000124,42687124,0,0,8,7,0,迷宫装备,,,龙形护腕,龙形护腕,human_robot_icon_atlas_0,42607004,42607130,602
807000125,42687125,0,0,8,7,0,迷宫装备,,,龙形护腕,龙形护腕,human_robot_icon_atlas_0,42607004,42607130,602
807000126,42687126,0,0,8,7,0,迷宫装备,,,龙形护腕,龙形护腕,human_robot_icon_atlas_0,42607004,42607130,602
807000127,42687127,0,0,8,7,0,迷宫装备,,,龙形护腕,龙形护腕,human_robot_icon_atlas_0,42607004,42607130,602
807000128,42687128,0,0,8,7,0,迷宫装备,,,龙形护腕,龙形护腕,human_robot_icon_atlas_0,42607004,42607130,602
807000129,42687129,0,0,8,7,0,迷宫装备,,,龙形护腕,龙形护腕,human_robot_icon_atlas_0,42607004,42607130,602
807000130,42687130,0,0,8,7,0,迷宫装备,,,龙形护腕,龙形护腕,human_robot_icon_atlas_0,42607004,42607130,602
807000131,42687131,0,0,8,7,0,迷宫装备,,,龙王护腕,龙王护腕,human_robot_icon_atlas_0,42607004,42607140,602
807000132,42687132,0,0,8,7,0,迷宫装备,,,龙王护腕,龙王护腕,human_robot_icon_atlas_0,42607004,42607140,602
807000133,42687133,0,0,8,7,0,迷宫装备,,,龙王护腕,龙王护腕,human_robot_icon_atlas_0,42607004,42607140,602
807000134,42687134,0,0,8,7,0,迷宫装备,,,龙王护腕,龙王护腕,human_robot_icon_atlas_0,42607004,42607140,602
807000135,42687135,0,0,8,7,0,迷宫装备,,,龙王护腕,龙王护腕,human_robot_icon_atlas_0,42607004,42607140,602
807000136,42687136,0,0,8,7,0,迷宫装备,,,龙王护腕,龙王护腕,human_robot_icon_atlas_0,42607004,42607140,602
807000137,42687137,0,0,8,7,0,迷宫装备,,,龙王护腕,龙王护腕,human_robot_icon_atlas_0,42607004,42607140,602
807000138,42687138,0,0,8,7,0,迷宫装备,,,龙王护腕,龙王护腕,human_robot_icon_atlas_0,42607004,42607140,602
807000139,42687139,0,0,8,7,0,迷宫装备,,,龙王护腕,龙王护腕,human_robot_icon_atlas_0,42607004,42607140,602
807000140,42687140,0,0,8,7,0,迷宫装备,,,龙王护腕,龙王护腕,human_robot_icon_atlas_0,42607004,42607140,602
807000141,42687141,0,0,8,7,0,迷宫装备,,,龙皇护腕,龙皇护腕,human_robot_icon_atlas_0,42607004,42607150,602
807000142,42687142,0,0,8,7,0,迷宫装备,,,龙皇护腕,龙皇护腕,human_robot_icon_atlas_0,42607004,42607150,602
807000143,42687143,0,0,8,7,0,迷宫装备,,,龙皇护腕,龙皇护腕,human_robot_icon_atlas_0,42607004,42607150,602
807000144,42687144,0,0,8,7,0,迷宫装备,,,龙皇护腕,龙皇护腕,human_robot_icon_atlas_0,42607004,42607150,602
807000145,42687145,0,0,8,7,0,迷宫装备,,,龙皇护腕,龙皇护腕,human_robot_icon_atlas_0,42607004,42607150,602
807000146,42687146,0,0,8,7,0,迷宫装备,,,龙皇护腕,龙皇护腕,human_robot_icon_atlas_0,42607004,42607150,602
807000147,42687147,0,0,8,7,0,迷宫装备,,,龙皇护腕,龙皇护腕,human_robot_icon_atlas_0,42607004,42607150,602
807000148,42687148,0,0,8,7,0,迷宫装备,,,龙皇护腕,龙皇护腕,human_robot_icon_atlas_0,42607004,42607150,602
807000149,42687149,0,0,8,7,0,迷宫装备,,,龙皇护腕,龙皇护腕,human_robot_icon_atlas_0,42607004,42607150,602
807000150,42687150,0,0,8,7,0,迷宫装备,,,龙皇护腕,龙皇护腕,human_robot_icon_atlas_0,42607004,42607150,602
807000151,42687151,0,0,8,7,0,迷宫装备,,,龙神护腕,龙神护腕,human_robot_icon_atlas_0,42607004,42607160,602
807000152,42687152,0,0,8,7,0,迷宫装备,,,龙神护腕,龙神护腕,human_robot_icon_atlas_0,42607004,42607160,602
807000153,42687153,0,0,8,7,0,迷宫装备,,,龙神护腕,龙神护腕,human_robot_icon_atlas_0,42607004,42607160,602
807000154,42687154,0,0,8,7,0,迷宫装备,,,龙神护腕,龙神护腕,human_robot_icon_atlas_0,42607004,42607160,602
807000155,42687155,0,0,8,7,0,迷宫装备,,,龙神护腕,龙神护腕,human_robot_icon_atlas_0,42607004,42607160,602
807000156,42687156,0,0,8,7,0,迷宫装备,,,龙神护腕,龙神护腕,human_robot_icon_atlas_0,42607004,42607160,602
807000157,42687157,0,0,8,7,0,迷宫装备,,,龙神护腕,龙神护腕,human_robot_icon_atlas_0,42607004,42607160,602
807000158,42687158,0,0,8,7,0,迷宫装备,,,龙神护腕,龙神护腕,human_robot_icon_atlas_0,42607004,42607160,602
807000159,42687159,0,0,8,7,0,迷宫装备,,,龙神护腕,龙神护腕,human_robot_icon_atlas_0,42607004,42607160,602
807000160,42687160,0,0,8,7,0,迷宫装备,,,龙神护腕,龙神护腕,human_robot_icon_atlas_0,42607004,42607160,602
108000001,42618001,0,0,1,8,0,迷宫装备,,,青藤挂饰,青藤挂饰,human_robot_icon_atlas_0,42608001,42608010,
108000002,42618002,0,0,1,8,0,迷宫装备,,,青藤挂饰,青藤挂饰,human_robot_icon_atlas_0,42608002,42608010,
108000003,42618003,0,0,1,8,0,迷宫装备,,,青藤挂饰,青藤挂饰,human_robot_icon_atlas_0,42608003,42608010,
108000004,42618004,0,0,1,8,0,迷宫装备,,,青藤挂饰,青藤挂饰,human_robot_icon_atlas_0,42608004,42608010,
108000005,42618005,0,0,1,8,0,迷宫装备,,,青藤挂饰,青藤挂饰,human_robot_icon_atlas_0,42608004,42608010,
108000006,42618006,0,0,1,8,0,迷宫装备,,,青藤挂饰,青藤挂饰,human_robot_icon_atlas_0,42608004,42608010,
108000007,42618007,0,0,1,8,0,迷宫装备,,,青藤挂饰,青藤挂饰,human_robot_icon_atlas_0,42608004,42608010,
108000008,42618008,0,0,1,8,0,迷宫装备,,,青藤挂饰,青藤挂饰,human_robot_icon_atlas_0,42608004,42608010,
108000009,42618009,0,0,1,8,0,迷宫装备,,,青藤挂饰,青藤挂饰,human_robot_icon_atlas_0,42608004,42608010,
108000010,42618010,0,0,1,8,0,迷宫装备,,,青藤挂饰,青藤挂饰,human_robot_icon_atlas_0,42608004,42608010,
108000011,42618011,0,0,1,8,0,迷宫装备,,,铁挂饰,铁挂饰,human_robot_icon_atlas_0,42608004,42608020,
108000012,42618012,0,0,1,8,0,迷宫装备,,,铁挂饰,铁挂饰,human_robot_icon_atlas_0,42608004,42608020,
108000013,42618013,0,0,1,8,0,迷宫装备,,,铁挂饰,铁挂饰,human_robot_icon_atlas_0,42608004,42608020,
108000014,42618014,0,0,1,8,0,迷宫装备,,,铁挂饰,铁挂饰,human_robot_icon_atlas_0,42608004,42608020,
108000015,42618015,0,0,1,8,0,迷宫装备,,,铁挂饰,铁挂饰,human_robot_icon_atlas_0,42608004,42608020,
108000016,42618016,0,0,1,8,0,迷宫装备,,,铁挂饰,铁挂饰,human_robot_icon_atlas_0,42608004,42608020,
108000017,42618017,0,0,1,8,0,迷宫装备,,,铁挂饰,铁挂饰,human_robot_icon_atlas_0,42608004,42608020,
108000018,42618018,0,0,1,8,0,迷宫装备,,,铁挂饰,铁挂饰,human_robot_icon_atlas_0,42608004,42608020,
108000019,42618019,0,0,1,8,0,迷宫装备,,,铁挂饰,铁挂饰,human_robot_icon_atlas_0,42608004,42608020,
108000020,42618020,0,0,1,8,0,迷宫装备,,,铁挂饰,铁挂饰,human_robot_icon_atlas_0,42608004,42608020,
108000021,42618021,0,0,1,8,0,迷宫装备,,,青钢挂饰,青钢挂饰,human_robot_icon_atlas_0,42608004,42608030,
108000022,42618022,0,0,1,8,0,迷宫装备,,,青钢挂饰,青钢挂饰,human_robot_icon_atlas_0,42608004,42608030,
108000023,42618023,0,0,1,8,0,迷宫装备,,,青钢挂饰,青钢挂饰,human_robot_icon_atlas_0,42608004,42608030,
108000024,42618024,0,0,1,8,0,迷宫装备,,,青钢挂饰,青钢挂饰,human_robot_icon_atlas_0,42608004,42608030,
108000025,42618025,0,0,1,8,0,迷宫装备,,,青钢挂饰,青钢挂饰,human_robot_icon_atlas_0,42608004,42608030,
108000026,42618026,0,0,1,8,0,迷宫装备,,,青钢挂饰,青钢挂饰,human_robot_icon_atlas_0,42608004,42608030,
108000027,42618027,0,0,1,8,0,迷宫装备,,,青钢挂饰,青钢挂饰,human_robot_icon_atlas_0,42608004,42608030,
108000028,42618028,0,0,1,8,0,迷宫装备,,,青钢挂饰,青钢挂饰,human_robot_icon_atlas_0,42608004,42608030,
108000029,42618029,0,0,1,8,0,迷宫装备,,,青钢挂饰,青钢挂饰,human_robot_icon_atlas_0,42608004,42608030,
108000030,42618030,0,0,1,8,0,迷宫装备,,,青钢挂饰,青钢挂饰,human_robot_icon_atlas_0,42608004,42608030,
108000031,42618031,0,0,1,8,0,迷宫装备,,,流云挂饰,流云挂饰,human_robot_icon_atlas_0,42608004,42608040,
108000032,42618032,0,0,1,8,0,迷宫装备,,,流云挂饰,流云挂饰,human_robot_icon_atlas_0,42608004,42608040,
108000033,42618033,0,0,1,8,0,迷宫装备,,,流云挂饰,流云挂饰,human_robot_icon_atlas_0,42608004,42608040,
108000034,42618034,0,0,1,8,0,迷宫装备,,,流云挂饰,流云挂饰,human_robot_icon_atlas_0,42608004,42608040,
108000035,42618035,0,0,1,8,0,迷宫装备,,,流云挂饰,流云挂饰,human_robot_icon_atlas_0,42608004,42608040,
108000036,42618036,0,0,1,8,0,迷宫装备,,,流云挂饰,流云挂饰,human_robot_icon_atlas_0,42608004,42608040,
108000037,42618037,0,0,1,8,0,迷宫装备,,,流云挂饰,流云挂饰,human_robot_icon_atlas_0,42608004,42608040,
108000038,42618038,0,0,1,8,0,迷宫装备,,,流云挂饰,流云挂饰,human_robot_icon_atlas_0,42608004,42608040,
108000039,42618039,0,0,1,8,0,迷宫装备,,,流云挂饰,流云挂饰,human_robot_icon_atlas_0,42608004,42608040,
108000040,42618040,0,0,1,8,0,迷宫装备,,,流云挂饰,流云挂饰,human_robot_icon_atlas_0,42608004,42608040,
108000041,42618041,0,0,1,8,0,迷宫装备,,,飞虹挂饰,飞虹挂饰,human_robot_icon_atlas_0,42608004,42608050,
108000042,42618042,0,0,1,8,0,迷宫装备,,,飞虹挂饰,飞虹挂饰,human_robot_icon_atlas_0,42608004,42608050,
108000043,42618043,0,0,1,8,0,迷宫装备,,,飞虹挂饰,飞虹挂饰,human_robot_icon_atlas_0,42608004,42608050,
108000044,42618044,0,0,1,8,0,迷宫装备,,,飞虹挂饰,飞虹挂饰,human_robot_icon_atlas_0,42608004,42608050,
108000045,42618045,0,0,1,8,0,迷宫装备,,,飞虹挂饰,飞虹挂饰,human_robot_icon_atlas_0,42608004,42608050,
108000046,42618046,0,0,1,8,0,迷宫装备,,,飞虹挂饰,飞虹挂饰,human_robot_icon_atlas_0,42608004,42608050,
108000047,42618047,0,0,1,8,0,迷宫装备,,,飞虹挂饰,飞虹挂饰,human_robot_icon_atlas_0,42608004,42608050,
108000048,42618048,0,0,1,8,0,迷宫装备,,,飞虹挂饰,飞虹挂饰,human_robot_icon_atlas_0,42608004,42608050,
108000049,42618049,0,0,1,8,0,迷宫装备,,,飞虹挂饰,飞虹挂饰,human_robot_icon_atlas_0,42608004,42608050,
108000050,42618050,0,0,1,8,0,迷宫装备,,,飞虹挂饰,飞虹挂饰,human_robot_icon_atlas_0,42608004,42608050,
108000051,42618051,0,0,1,8,0,迷宫装备,,,紫金挂饰,紫金挂饰,human_robot_icon_atlas_0,42608004,42608060,
108000052,42618052,0,0,1,8,0,迷宫装备,,,紫金挂饰,紫金挂饰,human_robot_icon_atlas_0,42608004,42608060,
108000053,42618053,0,0,1,8,0,迷宫装备,,,紫金挂饰,紫金挂饰,human_robot_icon_atlas_0,42608004,42608060,
108000054,42618054,0,0,1,8,0,迷宫装备,,,紫金挂饰,紫金挂饰,human_robot_icon_atlas_0,42608004,42608060,
108000055,42618055,0,0,1,8,0,迷宫装备,,,紫金挂饰,紫金挂饰,human_robot_icon_atlas_0,42608004,42608060,
108000056,42618056,0,0,1,8,0,迷宫装备,,,紫金挂饰,紫金挂饰,human_robot_icon_atlas_0,42608004,42608060,
108000057,42618057,0,0,1,8,0,迷宫装备,,,紫金挂饰,紫金挂饰,human_robot_icon_atlas_0,42608004,42608060,
108000058,42618058,0,0,1,8,0,迷宫装备,,,紫金挂饰,紫金挂饰,human_robot_icon_atlas_0,42608004,42608060,
108000059,42618059,0,0,1,8,0,迷宫装备,,,紫金挂饰,紫金挂饰,human_robot_icon_atlas_0,42608004,42608060,
108000060,42618060,0,0,1,8,0,迷宫装备,,,紫金挂饰,紫金挂饰,human_robot_icon_atlas_0,42608004,42608060,
108000061,42618061,0,0,1,8,0,迷宫装备,,,巨神挂饰,巨神挂饰,human_robot_icon_atlas_0,42608004,42608070,
108000062,42618062,0,0,1,8,0,迷宫装备,,,巨神挂饰,巨神挂饰,human_robot_icon_atlas_0,42608004,42608070,
108000063,42618063,0,0,1,8,0,迷宫装备,,,巨神挂饰,巨神挂饰,human_robot_icon_atlas_0,42608004,42608070,
108000064,42618064,0,0,1,8,0,迷宫装备,,,巨神挂饰,巨神挂饰,human_robot_icon_atlas_0,42608004,42608070,
108000065,42618065,0,0,1,8,0,迷宫装备,,,巨神挂饰,巨神挂饰,human_robot_icon_atlas_0,42608004,42608070,
108000066,42618066,0,0,1,8,0,迷宫装备,,,巨神挂饰,巨神挂饰,human_robot_icon_atlas_0,42608004,42608070,
108000067,42618067,0,0,1,8,0,迷宫装备,,,巨神挂饰,巨神挂饰,human_robot_icon_atlas_0,42608004,42608070,
108000068,42618068,0,0,1,8,0,迷宫装备,,,巨神挂饰,巨神挂饰,human_robot_icon_atlas_0,42608004,42608070,
108000069,42618069,0,0,1,8,0,迷宫装备,,,巨神挂饰,巨神挂饰,human_robot_icon_atlas_0,42608004,42608070,
108000070,42618070,0,0,1,8,0,迷宫装备,,,巨神挂饰,巨神挂饰,human_robot_icon_atlas_0,42608004,42608070,
108000071,42618071,0,0,1,8,0,迷宫装备,,,天罡挂饰,天罡挂饰,human_robot_icon_atlas_0,42608004,42608080,
108000072,42618072,0,0,1,8,0,迷宫装备,,,天罡挂饰,天罡挂饰,human_robot_icon_atlas_0,42608004,42608080,
108000073,42618073,0,0,1,8,0,迷宫装备,,,天罡挂饰,天罡挂饰,human_robot_icon_atlas_0,42608004,42608080,
108000074,42618074,0,0,1,8,0,迷宫装备,,,天罡挂饰,天罡挂饰,human_robot_icon_atlas_0,42608004,42608080,
108000075,42618075,0,0,1,8,0,迷宫装备,,,天罡挂饰,天罡挂饰,human_robot_icon_atlas_0,42608004,42608080,
108000076,42618076,0,0,1,8,0,迷宫装备,,,天罡挂饰,天罡挂饰,human_robot_icon_atlas_0,42608004,42608080,
108000077,42618077,0,0,1,8,0,迷宫装备,,,天罡挂饰,天罡挂饰,human_robot_icon_atlas_0,42608004,42608080,
108000078,42618078,0,0,1,8,0,迷宫装备,,,天罡挂饰,天罡挂饰,human_robot_icon_atlas_0,42608004,42608080,
108000079,42618079,0,0,1,8,0,迷宫装备,,,天罡挂饰,天罡挂饰,human_robot_icon_atlas_0,42608004,42608080,
108000080,42618080,0,0,1,8,0,迷宫装备,,,天罡挂饰,天罡挂饰,human_robot_icon_atlas_0,42608004,42608080,
108000081,42618081,0,0,1,8,0,迷宫装备,,,雷神挂饰,雷神挂饰,human_robot_icon_atlas_0,42608004,42608090,
108000082,42618082,0,0,1,8,0,迷宫装备,,,雷神挂饰,雷神挂饰,human_robot_icon_atlas_0,42608004,42608090,
108000083,42618083,0,0,1,8,0,迷宫装备,,,雷神挂饰,雷神挂饰,human_robot_icon_atlas_0,42608004,42608090,
108000084,42618084,0,0,1,8,0,迷宫装备,,,雷神挂饰,雷神挂饰,human_robot_icon_atlas_0,42608004,42608090,
108000085,42618085,0,0,1,8,0,迷宫装备,,,雷神挂饰,雷神挂饰,human_robot_icon_atlas_0,42608004,42608090,
108000086,42618086,0,0,1,8,0,迷宫装备,,,雷神挂饰,雷神挂饰,human_robot_icon_atlas_0,42608004,42608090,
108000087,42618087,0,0,1,8,0,迷宫装备,,,雷神挂饰,雷神挂饰,human_robot_icon_atlas_0,42608004,42608090,
108000088,42618088,0,0,1,8,0,迷宫装备,,,雷神挂饰,雷神挂饰,human_robot_icon_atlas_0,42608004,42608090,
108000089,42618089,0,0,1,8,0,迷宫装备,,,雷神挂饰,雷神挂饰,human_robot_icon_atlas_0,42608004,42608090,
108000090,42618090,0,0,1,8,0,迷宫装备,,,雷神挂饰,雷神挂饰,human_robot_icon_atlas_0,42608004,42608090,
108000091,42618091,0,0,1,8,0,迷宫装备,,,狮吼挂饰,狮吼挂饰,human_robot_icon_atlas_0,42608004,42608100,
108000092,42618092,0,0,1,8,0,迷宫装备,,,狮吼挂饰,狮吼挂饰,human_robot_icon_atlas_0,42608004,42608100,
108000093,42618093,0,0,1,8,0,迷宫装备,,,狮吼挂饰,狮吼挂饰,human_robot_icon_atlas_0,42608004,42608100,
108000094,42618094,0,0,1,8,0,迷宫装备,,,狮吼挂饰,狮吼挂饰,human_robot_icon_atlas_0,42608004,42608100,
108000095,42618095,0,0,1,8,0,迷宫装备,,,狮吼挂饰,狮吼挂饰,human_robot_icon_atlas_0,42608004,42608100,
108000096,42618096,0,0,1,8,0,迷宫装备,,,狮吼挂饰,狮吼挂饰,human_robot_icon_atlas_0,42608004,42608100,
108000097,42618097,0,0,1,8,0,迷宫装备,,,狮吼挂饰,狮吼挂饰,human_robot_icon_atlas_0,42608004,42608100,
108000098,42618098,0,0,1,8,0,迷宫装备,,,狮吼挂饰,狮吼挂饰,human_robot_icon_atlas_0,42608004,42608100,
108000099,42618099,0,0,1,8,0,迷宫装备,,,狮吼挂饰,狮吼挂饰,human_robot_icon_atlas_0,42608004,42608100,
108000100,42618100,0,0,1,8,0,迷宫装备,,,狮吼挂饰,狮吼挂饰,human_robot_icon_atlas_0,42608004,42608100,
108000101,42618101,0,0,1,8,0,迷宫装备,,,灵蛇挂饰,灵蛇挂饰,human_robot_icon_atlas_0,42608004,42608110,
108000102,42618102,0,0,1,8,0,迷宫装备,,,灵蛇挂饰,灵蛇挂饰,human_robot_icon_atlas_0,42608004,42608110,
108000103,42618103,0,0,1,8,0,迷宫装备,,,灵蛇挂饰,灵蛇挂饰,human_robot_icon_atlas_0,42608004,42608110,
108000104,42618104,0,0,1,8,0,迷宫装备,,,灵蛇挂饰,灵蛇挂饰,human_robot_icon_atlas_0,42608004,42608110,
108000105,42618105,0,0,1,8,0,迷宫装备,,,灵蛇挂饰,灵蛇挂饰,human_robot_icon_atlas_0,42608004,42608110,
108000106,42618106,0,0,1,8,0,迷宫装备,,,灵蛇挂饰,灵蛇挂饰,human_robot_icon_atlas_0,42608004,42608110,
108000107,42618107,0,0,1,8,0,迷宫装备,,,灵蛇挂饰,灵蛇挂饰,human_robot_icon_atlas_0,42608004,42608110,
108000108,42618108,0,0,1,8,0,迷宫装备,,,灵蛇挂饰,灵蛇挂饰,human_robot_icon_atlas_0,42608004,42608110,
108000109,42618109,0,0,1,8,0,迷宫装备,,,灵蛇挂饰,灵蛇挂饰,human_robot_icon_atlas_0,42608004,42608110,
108000110,42618110,0,0,1,8,0,迷宫装备,,,灵蛇挂饰,灵蛇挂饰,human_robot_icon_atlas_0,42608004,42608110,
108000111,42618111,0,0,1,8,0,迷宫装备,,,朱雀挂饰,朱雀挂饰,human_robot_icon_atlas_0,42608004,42608120,
108000112,42618112,0,0,1,8,0,迷宫装备,,,朱雀挂饰,朱雀挂饰,human_robot_icon_atlas_0,42608004,42608120,
108000113,42618113,0,0,1,8,0,迷宫装备,,,朱雀挂饰,朱雀挂饰,human_robot_icon_atlas_0,42608004,42608120,
108000114,42618114,0,0,1,8,0,迷宫装备,,,朱雀挂饰,朱雀挂饰,human_robot_icon_atlas_0,42608004,42608120,
108000115,42618115,0,0,1,8,0,迷宫装备,,,朱雀挂饰,朱雀挂饰,human_robot_icon_atlas_0,42608004,42608120,
108000116,42618116,0,0,1,8,0,迷宫装备,,,朱雀挂饰,朱雀挂饰,human_robot_icon_atlas_0,42608004,42608120,
108000117,42618117,0,0,1,8,0,迷宫装备,,,朱雀挂饰,朱雀挂饰,human_robot_icon_atlas_0,42608004,42608120,
108000118,42618118,0,0,1,8,0,迷宫装备,,,朱雀挂饰,朱雀挂饰,human_robot_icon_atlas_0,42608004,42608120,
108000119,42618119,0,0,1,8,0,迷宫装备,,,朱雀挂饰,朱雀挂饰,human_robot_icon_atlas_0,42608004,42608120,
108000120,42618120,0,0,1,8,0,迷宫装备,,,朱雀挂饰,朱雀挂饰,human_robot_icon_atlas_0,42608004,42608120,
108000121,42618121,0,0,1,8,0,迷宫装备,,,龙形挂饰,龙形挂饰,human_robot_icon_atlas_0,42608004,42608130,
108000122,42618122,0,0,1,8,0,迷宫装备,,,龙形挂饰,龙形挂饰,human_robot_icon_atlas_0,42608004,42608130,
108000123,42618123,0,0,1,8,0,迷宫装备,,,龙形挂饰,龙形挂饰,human_robot_icon_atlas_0,42608004,42608130,
108000124,42618124,0,0,1,8,0,迷宫装备,,,龙形挂饰,龙形挂饰,human_robot_icon_atlas_0,42608004,42608130,
108000125,42618125,0,0,1,8,0,迷宫装备,,,龙形挂饰,龙形挂饰,human_robot_icon_atlas_0,42608004,42608130,
108000126,42618126,0,0,1,8,0,迷宫装备,,,龙形挂饰,龙形挂饰,human_robot_icon_atlas_0,42608004,42608130,
108000127,42618127,0,0,1,8,0,迷宫装备,,,龙形挂饰,龙形挂饰,human_robot_icon_atlas_0,42608004,42608130,
108000128,42618128,0,0,1,8,0,迷宫装备,,,龙形挂饰,龙形挂饰,human_robot_icon_atlas_0,42608004,42608130,
108000129,42618129,0,0,1,8,0,迷宫装备,,,龙形挂饰,龙形挂饰,human_robot_icon_atlas_0,42608004,42608130,
108000130,42618130,0,0,1,8,0,迷宫装备,,,龙形挂饰,龙形挂饰,human_robot_icon_atlas_0,42608004,42608130,
108000131,42618131,0,0,1,8,0,迷宫装备,,,龙王挂饰,龙王挂饰,human_robot_icon_atlas_0,42608004,42608140,
108000132,42618132,0,0,1,8,0,迷宫装备,,,龙王挂饰,龙王挂饰,human_robot_icon_atlas_0,42608004,42608140,
108000133,42618133,0,0,1,8,0,迷宫装备,,,龙王挂饰,龙王挂饰,human_robot_icon_atlas_0,42608004,42608140,
108000134,42618134,0,0,1,8,0,迷宫装备,,,龙王挂饰,龙王挂饰,human_robot_icon_atlas_0,42608004,42608140,
108000135,42618135,0,0,1,8,0,迷宫装备,,,龙王挂饰,龙王挂饰,human_robot_icon_atlas_0,42608004,42608140,
108000136,42618136,0,0,1,8,0,迷宫装备,,,龙王挂饰,龙王挂饰,human_robot_icon_atlas_0,42608004,42608140,
108000137,42618137,0,0,1,8,0,迷宫装备,,,龙王挂饰,龙王挂饰,human_robot_icon_atlas_0,42608004,42608140,
108000138,42618138,0,0,1,8,0,迷宫装备,,,龙王挂饰,龙王挂饰,human_robot_icon_atlas_0,42608004,42608140,
108000139,42618139,0,0,1,8,0,迷宫装备,,,龙王挂饰,龙王挂饰,human_robot_icon_atlas_0,42608004,42608140,
108000140,42618140,0,0,1,8,0,迷宫装备,,,龙王挂饰,龙王挂饰,human_robot_icon_atlas_0,42608004,42608140,
108000141,42618141,0,0,1,8,0,迷宫装备,,,龙皇挂饰,龙皇挂饰,human_robot_icon_atlas_0,42608004,42608150,
108000142,42618142,0,0,1,8,0,迷宫装备,,,龙皇挂饰,龙皇挂饰,human_robot_icon_atlas_0,42608004,42608150,
108000143,42618143,0,0,1,8,0,迷宫装备,,,龙皇挂饰,龙皇挂饰,human_robot_icon_atlas_0,42608004,42608150,
108000144,42618144,0,0,1,8,0,迷宫装备,,,龙皇挂饰,龙皇挂饰,human_robot_icon_atlas_0,42608004,42608150,
108000145,42618145,0,0,1,8,0,迷宫装备,,,龙皇挂饰,龙皇挂饰,human_robot_icon_atlas_0,42608004,42608150,
108000146,42618146,0,0,1,8,0,迷宫装备,,,龙皇挂饰,龙皇挂饰,human_robot_icon_atlas_0,42608004,42608150,
108000147,42618147,0,0,1,8,0,迷宫装备,,,龙皇挂饰,龙皇挂饰,human_robot_icon_atlas_0,42608004,42608150,
108000148,42618148,0,0,1,8,0,迷宫装备,,,龙皇挂饰,龙皇挂饰,human_robot_icon_atlas_0,42608004,42608150,
108000149,42618149,0,0,1,8,0,迷宫装备,,,龙皇挂饰,龙皇挂饰,human_robot_icon_atlas_0,42608004,42608150,
108000150,42618150,0,0,1,8,0,迷宫装备,,,龙皇挂饰,龙皇挂饰,human_robot_icon_atlas_0,42608004,42608150,
108000151,42618151,0,0,1,8,0,迷宫装备,,,龙神挂饰,龙神挂饰,human_robot_icon_atlas_0,42608004,42608160,
108000152,42618152,0,0,1,8,0,迷宫装备,,,龙神挂饰,龙神挂饰,human_robot_icon_atlas_0,42608004,42608160,
108000153,42618153,0,0,1,8,0,迷宫装备,,,龙神挂饰,龙神挂饰,human_robot_icon_atlas_0,42608004,42608160,
108000154,42618154,0,0,1,8,0,迷宫装备,,,龙神挂饰,龙神挂饰,human_robot_icon_atlas_0,42608004,42608160,
108000155,42618155,0,0,1,8,0,迷宫装备,,,龙神挂饰,龙神挂饰,human_robot_icon_atlas_0,42608004,42608160,
108000156,42618156,0,0,1,8,0,迷宫装备,,,龙神挂饰,龙神挂饰,human_robot_icon_atlas_0,42608004,42608160,
108000157,42618157,0,0,1,8,0,迷宫装备,,,龙神挂饰,龙神挂饰,human_robot_icon_atlas_0,42608004,42608160,
108000158,42618158,0,0,1,8,0,迷宫装备,,,龙神挂饰,龙神挂饰,human_robot_icon_atlas_0,42608004,42608160,
108000159,42618159,0,0,1,8,0,迷宫装备,,,龙神挂饰,龙神挂饰,human_robot_icon_atlas_0,42608004,42608160,
108000160,42618160,0,0,1,8,0,迷宫装备,,,龙神挂饰,龙神挂饰,human_robot_icon_atlas_0,42608004,42608160,
308000001,42638001,0,0,3,8,0,迷宫装备,,,青藤挂饰,青藤挂饰,human_robot_icon_atlas_0,42608001,42608010,
308000002,42638002,0,0,3,8,0,迷宫装备,,,青藤挂饰,青藤挂饰,human_robot_icon_atlas_0,42608002,42608010,
308000003,42638003,0,0,3,8,0,迷宫装备,,,青藤挂饰,青藤挂饰,human_robot_icon_atlas_0,42608003,42608010,
308000004,42638004,0,0,3,8,0,迷宫装备,,,青藤挂饰,青藤挂饰,human_robot_icon_atlas_0,42608004,42608010,
308000005,42638005,0,0,3,8,0,迷宫装备,,,青藤挂饰,青藤挂饰,human_robot_icon_atlas_0,42608004,42608010,
308000006,42638006,0,0,3,8,0,迷宫装备,,,青藤挂饰,青藤挂饰,human_robot_icon_atlas_0,42608004,42608010,
308000007,42638007,0,0,3,8,0,迷宫装备,,,青藤挂饰,青藤挂饰,human_robot_icon_atlas_0,42608004,42608010,
308000008,42638008,0,0,3,8,0,迷宫装备,,,青藤挂饰,青藤挂饰,human_robot_icon_atlas_0,42608004,42608010,
308000009,42638009,0,0,3,8,0,迷宫装备,,,青藤挂饰,青藤挂饰,human_robot_icon_atlas_0,42608004,42608010,
308000010,42638010,0,0,3,8,0,迷宫装备,,,青藤挂饰,青藤挂饰,human_robot_icon_atlas_0,42608004,42608010,
308000011,42638011,0,0,3,8,0,迷宫装备,,,铁挂饰,铁挂饰,human_robot_icon_atlas_0,42608004,42608020,
308000012,42638012,0,0,3,8,0,迷宫装备,,,铁挂饰,铁挂饰,human_robot_icon_atlas_0,42608004,42608020,
308000013,42638013,0,0,3,8,0,迷宫装备,,,铁挂饰,铁挂饰,human_robot_icon_atlas_0,42608004,42608020,
308000014,42638014,0,0,3,8,0,迷宫装备,,,铁挂饰,铁挂饰,human_robot_icon_atlas_0,42608004,42608020,
308000015,42638015,0,0,3,8,0,迷宫装备,,,铁挂饰,铁挂饰,human_robot_icon_atlas_0,42608004,42608020,
308000016,42638016,0,0,3,8,0,迷宫装备,,,铁挂饰,铁挂饰,human_robot_icon_atlas_0,42608004,42608020,
308000017,42638017,0,0,3,8,0,迷宫装备,,,铁挂饰,铁挂饰,human_robot_icon_atlas_0,42608004,42608020,
308000018,42638018,0,0,3,8,0,迷宫装备,,,铁挂饰,铁挂饰,human_robot_icon_atlas_0,42608004,42608020,
308000019,42638019,0,0,3,8,0,迷宫装备,,,铁挂饰,铁挂饰,human_robot_icon_atlas_0,42608004,42608020,
308000020,42638020,0,0,3,8,0,迷宫装备,,,铁挂饰,铁挂饰,human_robot_icon_atlas_0,42608004,42608020,
308000021,42638021,0,0,3,8,0,迷宫装备,,,青钢挂饰,青钢挂饰,human_robot_icon_atlas_0,42608004,42608030,
308000022,42638022,0,0,3,8,0,迷宫装备,,,青钢挂饰,青钢挂饰,human_robot_icon_atlas_0,42608004,42608030,
308000023,42638023,0,0,3,8,0,迷宫装备,,,青钢挂饰,青钢挂饰,human_robot_icon_atlas_0,42608004,42608030,
308000024,42638024,0,0,3,8,0,迷宫装备,,,青钢挂饰,青钢挂饰,human_robot_icon_atlas_0,42608004,42608030,
308000025,42638025,0,0,3,8,0,迷宫装备,,,青钢挂饰,青钢挂饰,human_robot_icon_atlas_0,42608004,42608030,
308000026,42638026,0,0,3,8,0,迷宫装备,,,青钢挂饰,青钢挂饰,human_robot_icon_atlas_0,42608004,42608030,
308000027,42638027,0,0,3,8,0,迷宫装备,,,青钢挂饰,青钢挂饰,human_robot_icon_atlas_0,42608004,42608030,
308000028,42638028,0,0,3,8,0,迷宫装备,,,青钢挂饰,青钢挂饰,human_robot_icon_atlas_0,42608004,42608030,
308000029,42638029,0,0,3,8,0,迷宫装备,,,青钢挂饰,青钢挂饰,human_robot_icon_atlas_0,42608004,42608030,
308000030,42638030,0,0,3,8,0,迷宫装备,,,青钢挂饰,青钢挂饰,human_robot_icon_atlas_0,42608004,42608030,
308000031,42638031,0,0,3,8,0,迷宫装备,,,流云挂饰,流云挂饰,human_robot_icon_atlas_0,42608004,42608040,
308000032,42638032,0,0,3,8,0,迷宫装备,,,流云挂饰,流云挂饰,human_robot_icon_atlas_0,42608004,42608040,
308000033,42638033,0,0,3,8,0,迷宫装备,,,流云挂饰,流云挂饰,human_robot_icon_atlas_0,42608004,42608040,
308000034,42638034,0,0,3,8,0,迷宫装备,,,流云挂饰,流云挂饰,human_robot_icon_atlas_0,42608004,42608040,
308000035,42638035,0,0,3,8,0,迷宫装备,,,流云挂饰,流云挂饰,human_robot_icon_atlas_0,42608004,42608040,
308000036,42638036,0,0,3,8,0,迷宫装备,,,流云挂饰,流云挂饰,human_robot_icon_atlas_0,42608004,42608040,
308000037,42638037,0,0,3,8,0,迷宫装备,,,流云挂饰,流云挂饰,human_robot_icon_atlas_0,42608004,42608040,
308000038,42638038,0,0,3,8,0,迷宫装备,,,流云挂饰,流云挂饰,human_robot_icon_atlas_0,42608004,42608040,
308000039,42638039,0,0,3,8,0,迷宫装备,,,流云挂饰,流云挂饰,human_robot_icon_atlas_0,42608004,42608040,
308000040,42638040,0,0,3,8,0,迷宫装备,,,流云挂饰,流云挂饰,human_robot_icon_atlas_0,42608004,42608040,
308000041,42638041,0,0,3,8,0,迷宫装备,,,飞虹挂饰,飞虹挂饰,human_robot_icon_atlas_0,42608004,42608050,
308000042,42638042,0,0,3,8,0,迷宫装备,,,飞虹挂饰,飞虹挂饰,human_robot_icon_atlas_0,42608004,42608050,
308000043,42638043,0,0,3,8,0,迷宫装备,,,飞虹挂饰,飞虹挂饰,human_robot_icon_atlas_0,42608004,42608050,
308000044,42638044,0,0,3,8,0,迷宫装备,,,飞虹挂饰,飞虹挂饰,human_robot_icon_atlas_0,42608004,42608050,
308000045,42638045,0,0,3,8,0,迷宫装备,,,飞虹挂饰,飞虹挂饰,human_robot_icon_atlas_0,42608004,42608050,
308000046,42638046,0,0,3,8,0,迷宫装备,,,飞虹挂饰,飞虹挂饰,human_robot_icon_atlas_0,42608004,42608050,
308000047,42638047,0,0,3,8,0,迷宫装备,,,飞虹挂饰,飞虹挂饰,human_robot_icon_atlas_0,42608004,42608050,
308000048,42638048,0,0,3,8,0,迷宫装备,,,飞虹挂饰,飞虹挂饰,human_robot_icon_atlas_0,42608004,42608050,
308000049,42638049,0,0,3,8,0,迷宫装备,,,飞虹挂饰,飞虹挂饰,human_robot_icon_atlas_0,42608004,42608050,
308000050,42638050,0,0,3,8,0,迷宫装备,,,飞虹挂饰,飞虹挂饰,human_robot_icon_atlas_0,42608004,42608050,
308000051,42638051,0,0,3,8,0,迷宫装备,,,紫金挂饰,紫金挂饰,human_robot_icon_atlas_0,42608004,42608060,
308000052,42638052,0,0,3,8,0,迷宫装备,,,紫金挂饰,紫金挂饰,human_robot_icon_atlas_0,42608004,42608060,
308000053,42638053,0,0,3,8,0,迷宫装备,,,紫金挂饰,紫金挂饰,human_robot_icon_atlas_0,42608004,42608060,
308000054,42638054,0,0,3,8,0,迷宫装备,,,紫金挂饰,紫金挂饰,human_robot_icon_atlas_0,42608004,42608060,
308000055,42638055,0,0,3,8,0,迷宫装备,,,紫金挂饰,紫金挂饰,human_robot_icon_atlas_0,42608004,42608060,
308000056,42638056,0,0,3,8,0,迷宫装备,,,紫金挂饰,紫金挂饰,human_robot_icon_atlas_0,42608004,42608060,
308000057,42638057,0,0,3,8,0,迷宫装备,,,紫金挂饰,紫金挂饰,human_robot_icon_atlas_0,42608004,42608060,
308000058,42638058,0,0,3,8,0,迷宫装备,,,紫金挂饰,紫金挂饰,human_robot_icon_atlas_0,42608004,42608060,
308000059,42638059,0,0,3,8,0,迷宫装备,,,紫金挂饰,紫金挂饰,human_robot_icon_atlas_0,42608004,42608060,
308000060,42638060,0,0,3,8,0,迷宫装备,,,紫金挂饰,紫金挂饰,human_robot_icon_atlas_0,42608004,42608060,
308000061,42638061,0,0,3,8,0,迷宫装备,,,巨神挂饰,巨神挂饰,human_robot_icon_atlas_0,42608004,42608070,
308000062,42638062,0,0,3,8,0,迷宫装备,,,巨神挂饰,巨神挂饰,human_robot_icon_atlas_0,42608004,42608070,
308000063,42638063,0,0,3,8,0,迷宫装备,,,巨神挂饰,巨神挂饰,human_robot_icon_atlas_0,42608004,42608070,
308000064,42638064,0,0,3,8,0,迷宫装备,,,巨神挂饰,巨神挂饰,human_robot_icon_atlas_0,42608004,42608070,
308000065,42638065,0,0,3,8,0,迷宫装备,,,巨神挂饰,巨神挂饰,human_robot_icon_atlas_0,42608004,42608070,
308000066,42638066,0,0,3,8,0,迷宫装备,,,巨神挂饰,巨神挂饰,human_robot_icon_atlas_0,42608004,42608070,
308000067,42638067,0,0,3,8,0,迷宫装备,,,巨神挂饰,巨神挂饰,human_robot_icon_atlas_0,42608004,42608070,
308000068,42638068,0,0,3,8,0,迷宫装备,,,巨神挂饰,巨神挂饰,human_robot_icon_atlas_0,42608004,42608070,
308000069,42638069,0,0,3,8,0,迷宫装备,,,巨神挂饰,巨神挂饰,human_robot_icon_atlas_0,42608004,42608070,
308000070,42638070,0,0,3,8,0,迷宫装备,,,巨神挂饰,巨神挂饰,human_robot_icon_atlas_0,42608004,42608070,
308000071,42638071,0,0,3,8,0,迷宫装备,,,天罡挂饰,天罡挂饰,human_robot_icon_atlas_0,42608004,42608080,
308000072,42638072,0,0,3,8,0,迷宫装备,,,天罡挂饰,天罡挂饰,human_robot_icon_atlas_0,42608004,42608080,
308000073,42638073,0,0,3,8,0,迷宫装备,,,天罡挂饰,天罡挂饰,human_robot_icon_atlas_0,42608004,42608080,
308000074,42638074,0,0,3,8,0,迷宫装备,,,天罡挂饰,天罡挂饰,human_robot_icon_atlas_0,42608004,42608080,
308000075,42638075,0,0,3,8,0,迷宫装备,,,天罡挂饰,天罡挂饰,human_robot_icon_atlas_0,42608004,42608080,
308000076,42638076,0,0,3,8,0,迷宫装备,,,天罡挂饰,天罡挂饰,human_robot_icon_atlas_0,42608004,42608080,
308000077,42638077,0,0,3,8,0,迷宫装备,,,天罡挂饰,天罡挂饰,human_robot_icon_atlas_0,42608004,42608080,
308000078,42638078,0,0,3,8,0,迷宫装备,,,天罡挂饰,天罡挂饰,human_robot_icon_atlas_0,42608004,42608080,
308000079,42638079,0,0,3,8,0,迷宫装备,,,天罡挂饰,天罡挂饰,human_robot_icon_atlas_0,42608004,42608080,
308000080,42638080,0,0,3,8,0,迷宫装备,,,天罡挂饰,天罡挂饰,human_robot_icon_atlas_0,42608004,42608080,
308000081,42638081,0,0,3,8,0,迷宫装备,,,雷神挂饰,雷神挂饰,human_robot_icon_atlas_0,42608004,42608090,
308000082,42638082,0,0,3,8,0,迷宫装备,,,雷神挂饰,雷神挂饰,human_robot_icon_atlas_0,42608004,42608090,
308000083,42638083,0,0,3,8,0,迷宫装备,,,雷神挂饰,雷神挂饰,human_robot_icon_atlas_0,42608004,42608090,
308000084,42638084,0,0,3,8,0,迷宫装备,,,雷神挂饰,雷神挂饰,human_robot_icon_atlas_0,42608004,42608090,
308000085,42638085,0,0,3,8,0,迷宫装备,,,雷神挂饰,雷神挂饰,human_robot_icon_atlas_0,42608004,42608090,
308000086,42638086,0,0,3,8,0,迷宫装备,,,雷神挂饰,雷神挂饰,human_robot_icon_atlas_0,42608004,42608090,
308000087,42638087,0,0,3,8,0,迷宫装备,,,雷神挂饰,雷神挂饰,human_robot_icon_atlas_0,42608004,42608090,
308000088,42638088,0,0,3,8,0,迷宫装备,,,雷神挂饰,雷神挂饰,human_robot_icon_atlas_0,42608004,42608090,
308000089,42638089,0,0,3,8,0,迷宫装备,,,雷神挂饰,雷神挂饰,human_robot_icon_atlas_0,42608004,42608090,
308000090,42638090,0,0,3,8,0,迷宫装备,,,雷神挂饰,雷神挂饰,human_robot_icon_atlas_0,42608004,42608090,
308000091,42638091,0,0,3,8,0,迷宫装备,,,狮吼挂饰,狮吼挂饰,human_robot_icon_atlas_0,42608004,42608100,
308000092,42638092,0,0,3,8,0,迷宫装备,,,狮吼挂饰,狮吼挂饰,human_robot_icon_atlas_0,42608004,42608100,
308000093,42638093,0,0,3,8,0,迷宫装备,,,狮吼挂饰,狮吼挂饰,human_robot_icon_atlas_0,42608004,42608100,
308000094,42638094,0,0,3,8,0,迷宫装备,,,狮吼挂饰,狮吼挂饰,human_robot_icon_atlas_0,42608004,42608100,
308000095,42638095,0,0,3,8,0,迷宫装备,,,狮吼挂饰,狮吼挂饰,human_robot_icon_atlas_0,42608004,42608100,
308000096,42638096,0,0,3,8,0,迷宫装备,,,狮吼挂饰,狮吼挂饰,human_robot_icon_atlas_0,42608004,42608100,
308000097,42638097,0,0,3,8,0,迷宫装备,,,狮吼挂饰,狮吼挂饰,human_robot_icon_atlas_0,42608004,42608100,
308000098,42638098,0,0,3,8,0,迷宫装备,,,狮吼挂饰,狮吼挂饰,human_robot_icon_atlas_0,42608004,42608100,
308000099,42638099,0,0,3,8,0,迷宫装备,,,狮吼挂饰,狮吼挂饰,human_robot_icon_atlas_0,42608004,42608100,
308000100,42638100,0,0,3,8,0,迷宫装备,,,狮吼挂饰,狮吼挂饰,human_robot_icon_atlas_0,42608004,42608100,
308000101,42638101,0,0,3,8,0,迷宫装备,,,灵蛇挂饰,灵蛇挂饰,human_robot_icon_atlas_0,42608004,42608110,
308000102,42638102,0,0,3,8,0,迷宫装备,,,灵蛇挂饰,灵蛇挂饰,human_robot_icon_atlas_0,42608004,42608110,
308000103,42638103,0,0,3,8,0,迷宫装备,,,灵蛇挂饰,灵蛇挂饰,human_robot_icon_atlas_0,42608004,42608110,
308000104,42638104,0,0,3,8,0,迷宫装备,,,灵蛇挂饰,灵蛇挂饰,human_robot_icon_atlas_0,42608004,42608110,
308000105,42638105,0,0,3,8,0,迷宫装备,,,灵蛇挂饰,灵蛇挂饰,human_robot_icon_atlas_0,42608004,42608110,
308000106,42638106,0,0,3,8,0,迷宫装备,,,灵蛇挂饰,灵蛇挂饰,human_robot_icon_atlas_0,42608004,42608110,
308000107,42638107,0,0,3,8,0,迷宫装备,,,灵蛇挂饰,灵蛇挂饰,human_robot_icon_atlas_0,42608004,42608110,
308000108,42638108,0,0,3,8,0,迷宫装备,,,灵蛇挂饰,灵蛇挂饰,human_robot_icon_atlas_0,42608004,42608110,
308000109,42638109,0,0,3,8,0,迷宫装备,,,灵蛇挂饰,灵蛇挂饰,human_robot_icon_atlas_0,42608004,42608110,
308000110,42638110,0,0,3,8,0,迷宫装备,,,灵蛇挂饰,灵蛇挂饰,human_robot_icon_atlas_0,42608004,42608110,
308000111,42638111,0,0,3,8,0,迷宫装备,,,朱雀挂饰,朱雀挂饰,human_robot_icon_atlas_0,42608004,42608120,
308000112,42638112,0,0,3,8,0,迷宫装备,,,朱雀挂饰,朱雀挂饰,human_robot_icon_atlas_0,42608004,42608120,
308000113,42638113,0,0,3,8,0,迷宫装备,,,朱雀挂饰,朱雀挂饰,human_robot_icon_atlas_0,42608004,42608120,
308000114,42638114,0,0,3,8,0,迷宫装备,,,朱雀挂饰,朱雀挂饰,human_robot_icon_atlas_0,42608004,42608120,
308000115,42638115,0,0,3,8,0,迷宫装备,,,朱雀挂饰,朱雀挂饰,human_robot_icon_atlas_0,42608004,42608120,
308000116,42638116,0,0,3,8,0,迷宫装备,,,朱雀挂饰,朱雀挂饰,human_robot_icon_atlas_0,42608004,42608120,
308000117,42638117,0,0,3,8,0,迷宫装备,,,朱雀挂饰,朱雀挂饰,human_robot_icon_atlas_0,42608004,42608120,
308000118,42638118,0,0,3,8,0,迷宫装备,,,朱雀挂饰,朱雀挂饰,human_robot_icon_atlas_0,42608004,42608120,
308000119,42638119,0,0,3,8,0,迷宫装备,,,朱雀挂饰,朱雀挂饰,human_robot_icon_atlas_0,42608004,42608120,
308000120,42638120,0,0,3,8,0,迷宫装备,,,朱雀挂饰,朱雀挂饰,human_robot_icon_atlas_0,42608004,42608120,
308000121,42638121,0,0,3,8,0,迷宫装备,,,龙形挂饰,龙形挂饰,human_robot_icon_atlas_0,42608004,42608130,
308000122,42638122,0,0,3,8,0,迷宫装备,,,龙形挂饰,龙形挂饰,human_robot_icon_atlas_0,42608004,42608130,
308000123,42638123,0,0,3,8,0,迷宫装备,,,龙形挂饰,龙形挂饰,human_robot_icon_atlas_0,42608004,42608130,
308000124,42638124,0,0,3,8,0,迷宫装备,,,龙形挂饰,龙形挂饰,human_robot_icon_atlas_0,42608004,42608130,
308000125,42638125,0,0,3,8,0,迷宫装备,,,龙形挂饰,龙形挂饰,human_robot_icon_atlas_0,42608004,42608130,
308000126,42638126,0,0,3,8,0,迷宫装备,,,龙形挂饰,龙形挂饰,human_robot_icon_atlas_0,42608004,42608130,
308000127,42638127,0,0,3,8,0,迷宫装备,,,龙形挂饰,龙形挂饰,human_robot_icon_atlas_0,42608004,42608130,
308000128,42638128,0,0,3,8,0,迷宫装备,,,龙形挂饰,龙形挂饰,human_robot_icon_atlas_0,42608004,42608130,
308000129,42638129,0,0,3,8,0,迷宫装备,,,龙形挂饰,龙形挂饰,human_robot_icon_atlas_0,42608004,42608130,
308000130,42638130,0,0,3,8,0,迷宫装备,,,龙形挂饰,龙形挂饰,human_robot_icon_atlas_0,42608004,42608130,
308000131,42638131,0,0,3,8,0,迷宫装备,,,龙王挂饰,龙王挂饰,human_robot_icon_atlas_0,42608004,42608140,
308000132,42638132,0,0,3,8,0,迷宫装备,,,龙王挂饰,龙王挂饰,human_robot_icon_atlas_0,42608004,42608140,
308000133,42638133,0,0,3,8,0,迷宫装备,,,龙王挂饰,龙王挂饰,human_robot_icon_atlas_0,42608004,42608140,
308000134,42638134,0,0,3,8,0,迷宫装备,,,龙王挂饰,龙王挂饰,human_robot_icon_atlas_0,42608004,42608140,
308000135,42638135,0,0,3,8,0,迷宫装备,,,龙王挂饰,龙王挂饰,human_robot_icon_atlas_0,42608004,42608140,
308000136,42638136,0,0,3,8,0,迷宫装备,,,龙王挂饰,龙王挂饰,human_robot_icon_atlas_0,42608004,42608140,
308000137,42638137,0,0,3,8,0,迷宫装备,,,龙王挂饰,龙王挂饰,human_robot_icon_atlas_0,42608004,42608140,
308000138,42638138,0,0,3,8,0,迷宫装备,,,龙王挂饰,龙王挂饰,human_robot_icon_atlas_0,42608004,42608140,
308000139,42638139,0,0,3,8,0,迷宫装备,,,龙王挂饰,龙王挂饰,human_robot_icon_atlas_0,42608004,42608140,
308000140,42638140,0,0,3,8,0,迷宫装备,,,龙王挂饰,龙王挂饰,human_robot_icon_atlas_0,42608004,42608140,
308000141,42638141,0,0,3,8,0,迷宫装备,,,龙皇挂饰,龙皇挂饰,human_robot_icon_atlas_0,42608004,42608150,
308000142,42638142,0,0,3,8,0,迷宫装备,,,龙皇挂饰,龙皇挂饰,human_robot_icon_atlas_0,42608004,42608150,
308000143,42638143,0,0,3,8,0,迷宫装备,,,龙皇挂饰,龙皇挂饰,human_robot_icon_atlas_0,42608004,42608150,
308000144,42638144,0,0,3,8,0,迷宫装备,,,龙皇挂饰,龙皇挂饰,human_robot_icon_atlas_0,42608004,42608150,
308000145,42638145,0,0,3,8,0,迷宫装备,,,龙皇挂饰,龙皇挂饰,human_robot_icon_atlas_0,42608004,42608150,
308000146,42638146,0,0,3,8,0,迷宫装备,,,龙皇挂饰,龙皇挂饰,human_robot_icon_atlas_0,42608004,42608150,
308000147,42638147,0,0,3,8,0,迷宫装备,,,龙皇挂饰,龙皇挂饰,human_robot_icon_atlas_0,42608004,42608150,
308000148,42638148,0,0,3,8,0,迷宫装备,,,龙皇挂饰,龙皇挂饰,human_robot_icon_atlas_0,42608004,42608150,
308000149,42638149,0,0,3,8,0,迷宫装备,,,龙皇挂饰,龙皇挂饰,human_robot_icon_atlas_0,42608004,42608150,
308000150,42638150,0,0,3,8,0,迷宫装备,,,龙皇挂饰,龙皇挂饰,human_robot_icon_atlas_0,42608004,42608150,
308000151,42638151,0,0,3,8,0,迷宫装备,,,龙神挂饰,龙神挂饰,human_robot_icon_atlas_0,42608004,42608160,
308000152,42638152,0,0,3,8,0,迷宫装备,,,龙神挂饰,龙神挂饰,human_robot_icon_atlas_0,42608004,42608160,
308000153,42638153,0,0,3,8,0,迷宫装备,,,龙神挂饰,龙神挂饰,human_robot_icon_atlas_0,42608004,42608160,
308000154,42638154,0,0,3,8,0,迷宫装备,,,龙神挂饰,龙神挂饰,human_robot_icon_atlas_0,42608004,42608160,
308000155,42638155,0,0,3,8,0,迷宫装备,,,龙神挂饰,龙神挂饰,human_robot_icon_atlas_0,42608004,42608160,
308000156,42638156,0,0,3,8,0,迷宫装备,,,龙神挂饰,龙神挂饰,human_robot_icon_atlas_0,42608004,42608160,
308000157,42638157,0,0,3,8,0,迷宫装备,,,龙神挂饰,龙神挂饰,human_robot_icon_atlas_0,42608004,42608160,
308000158,42638158,0,0,3,8,0,迷宫装备,,,龙神挂饰,龙神挂饰,human_robot_icon_atlas_0,42608004,42608160,
308000159,42638159,0,0,3,8,0,迷宫装备,,,龙神挂饰,龙神挂饰,human_robot_icon_atlas_0,42608004,42608160,
308000160,42638160,0,0,3,8,0,迷宫装备,,,龙神挂饰,龙神挂饰,human_robot_icon_atlas_0,42608004,42608160,
508000001,42658001,0,0,5,8,0,迷宫装备,,,青藤挂饰,青藤挂饰,human_robot_icon_atlas_0,42608001,42608010,
508000002,42658002,0,0,5,8,0,迷宫装备,,,青藤挂饰,青藤挂饰,human_robot_icon_atlas_0,42608002,42608010,
508000003,42658003,0,0,5,8,0,迷宫装备,,,青藤挂饰,青藤挂饰,human_robot_icon_atlas_0,42608003,42608010,
508000004,42658004,0,0,5,8,0,迷宫装备,,,青藤挂饰,青藤挂饰,human_robot_icon_atlas_0,42608004,42608010,
508000005,42658005,0,0,5,8,0,迷宫装备,,,青藤挂饰,青藤挂饰,human_robot_icon_atlas_0,42608004,42608010,
508000006,42658006,0,0,5,8,0,迷宫装备,,,青藤挂饰,青藤挂饰,human_robot_icon_atlas_0,42608004,42608010,
508000007,42658007,0,0,5,8,0,迷宫装备,,,青藤挂饰,青藤挂饰,human_robot_icon_atlas_0,42608004,42608010,
508000008,42658008,0,0,5,8,0,迷宫装备,,,青藤挂饰,青藤挂饰,human_robot_icon_atlas_0,42608004,42608010,
508000009,42658009,0,0,5,8,0,迷宫装备,,,青藤挂饰,青藤挂饰,human_robot_icon_atlas_0,42608004,42608010,
508000010,42658010,0,0,5,8,0,迷宫装备,,,青藤挂饰,青藤挂饰,human_robot_icon_atlas_0,42608004,42608010,
508000011,42658011,0,0,5,8,0,迷宫装备,,,铁挂饰,铁挂饰,human_robot_icon_atlas_0,42608004,42608020,
508000012,42658012,0,0,5,8,0,迷宫装备,,,铁挂饰,铁挂饰,human_robot_icon_atlas_0,42608004,42608020,
508000013,42658013,0,0,5,8,0,迷宫装备,,,铁挂饰,铁挂饰,human_robot_icon_atlas_0,42608004,42608020,
508000014,42658014,0,0,5,8,0,迷宫装备,,,铁挂饰,铁挂饰,human_robot_icon_atlas_0,42608004,42608020,
508000015,42658015,0,0,5,8,0,迷宫装备,,,铁挂饰,铁挂饰,human_robot_icon_atlas_0,42608004,42608020,
508000016,42658016,0,0,5,8,0,迷宫装备,,,铁挂饰,铁挂饰,human_robot_icon_atlas_0,42608004,42608020,
508000017,42658017,0,0,5,8,0,迷宫装备,,,铁挂饰,铁挂饰,human_robot_icon_atlas_0,42608004,42608020,
508000018,42658018,0,0,5,8,0,迷宫装备,,,铁挂饰,铁挂饰,human_robot_icon_atlas_0,42608004,42608020,
508000019,42658019,0,0,5,8,0,迷宫装备,,,铁挂饰,铁挂饰,human_robot_icon_atlas_0,42608004,42608020,
508000020,42658020,0,0,5,8,0,迷宫装备,,,铁挂饰,铁挂饰,human_robot_icon_atlas_0,42608004,42608020,
508000021,42658021,0,0,5,8,0,迷宫装备,,,青钢挂饰,青钢挂饰,human_robot_icon_atlas_0,42608004,42608030,
508000022,42658022,0,0,5,8,0,迷宫装备,,,青钢挂饰,青钢挂饰,human_robot_icon_atlas_0,42608004,42608030,
508000023,42658023,0,0,5,8,0,迷宫装备,,,青钢挂饰,青钢挂饰,human_robot_icon_atlas_0,42608004,42608030,
508000024,42658024,0,0,5,8,0,迷宫装备,,,青钢挂饰,青钢挂饰,human_robot_icon_atlas_0,42608004,42608030,
508000025,42658025,0,0,5,8,0,迷宫装备,,,青钢挂饰,青钢挂饰,human_robot_icon_atlas_0,42608004,42608030,
508000026,42658026,0,0,5,8,0,迷宫装备,,,青钢挂饰,青钢挂饰,human_robot_icon_atlas_0,42608004,42608030,
508000027,42658027,0,0,5,8,0,迷宫装备,,,青钢挂饰,青钢挂饰,human_robot_icon_atlas_0,42608004,42608030,
508000028,42658028,0,0,5,8,0,迷宫装备,,,青钢挂饰,青钢挂饰,human_robot_icon_atlas_0,42608004,42608030,
508000029,42658029,0,0,5,8,0,迷宫装备,,,青钢挂饰,青钢挂饰,human_robot_icon_atlas_0,42608004,42608030,
508000030,42658030,0,0,5,8,0,迷宫装备,,,青钢挂饰,青钢挂饰,human_robot_icon_atlas_0,42608004,42608030,
508000031,42658031,0,0,5,8,0,迷宫装备,,,流云挂饰,流云挂饰,human_robot_icon_atlas_0,42608004,42608040,
508000032,42658032,0,0,5,8,0,迷宫装备,,,流云挂饰,流云挂饰,human_robot_icon_atlas_0,42608004,42608040,
508000033,42658033,0,0,5,8,0,迷宫装备,,,流云挂饰,流云挂饰,human_robot_icon_atlas_0,42608004,42608040,
508000034,42658034,0,0,5,8,0,迷宫装备,,,流云挂饰,流云挂饰,human_robot_icon_atlas_0,42608004,42608040,
508000035,42658035,0,0,5,8,0,迷宫装备,,,流云挂饰,流云挂饰,human_robot_icon_atlas_0,42608004,42608040,
508000036,42658036,0,0,5,8,0,迷宫装备,,,流云挂饰,流云挂饰,human_robot_icon_atlas_0,42608004,42608040,
508000037,42658037,0,0,5,8,0,迷宫装备,,,流云挂饰,流云挂饰,human_robot_icon_atlas_0,42608004,42608040,
508000038,42658038,0,0,5,8,0,迷宫装备,,,流云挂饰,流云挂饰,human_robot_icon_atlas_0,42608004,42608040,
508000039,42658039,0,0,5,8,0,迷宫装备,,,流云挂饰,流云挂饰,human_robot_icon_atlas_0,42608004,42608040,
508000040,42658040,0,0,5,8,0,迷宫装备,,,流云挂饰,流云挂饰,human_robot_icon_atlas_0,42608004,42608040,
508000041,42658041,0,0,5,8,0,迷宫装备,,,飞虹挂饰,飞虹挂饰,human_robot_icon_atlas_0,42608004,42608050,
508000042,42658042,0,0,5,8,0,迷宫装备,,,飞虹挂饰,飞虹挂饰,human_robot_icon_atlas_0,42608004,42608050,
508000043,42658043,0,0,5,8,0,迷宫装备,,,飞虹挂饰,飞虹挂饰,human_robot_icon_atlas_0,42608004,42608050,
508000044,42658044,0,0,5,8,0,迷宫装备,,,飞虹挂饰,飞虹挂饰,human_robot_icon_atlas_0,42608004,42608050,
508000045,42658045,0,0,5,8,0,迷宫装备,,,飞虹挂饰,飞虹挂饰,human_robot_icon_atlas_0,42608004,42608050,
508000046,42658046,0,0,5,8,0,迷宫装备,,,飞虹挂饰,飞虹挂饰,human_robot_icon_atlas_0,42608004,42608050,
508000047,42658047,0,0,5,8,0,迷宫装备,,,飞虹挂饰,飞虹挂饰,human_robot_icon_atlas_0,42608004,42608050,
508000048,42658048,0,0,5,8,0,迷宫装备,,,飞虹挂饰,飞虹挂饰,human_robot_icon_atlas_0,42608004,42608050,
508000049,42658049,0,0,5,8,0,迷宫装备,,,飞虹挂饰,飞虹挂饰,human_robot_icon_atlas_0,42608004,42608050,
508000050,42658050,0,0,5,8,0,迷宫装备,,,飞虹挂饰,飞虹挂饰,human_robot_icon_atlas_0,42608004,42608050,
508000051,42658051,0,0,5,8,0,迷宫装备,,,紫金挂饰,紫金挂饰,human_robot_icon_atlas_0,42608004,42608060,
508000052,42658052,0,0,5,8,0,迷宫装备,,,紫金挂饰,紫金挂饰,human_robot_icon_atlas_0,42608004,42608060,
508000053,42658053,0,0,5,8,0,迷宫装备,,,紫金挂饰,紫金挂饰,human_robot_icon_atlas_0,42608004,42608060,
508000054,42658054,0,0,5,8,0,迷宫装备,,,紫金挂饰,紫金挂饰,human_robot_icon_atlas_0,42608004,42608060,
508000055,42658055,0,0,5,8,0,迷宫装备,,,紫金挂饰,紫金挂饰,human_robot_icon_atlas_0,42608004,42608060,
508000056,42658056,0,0,5,8,0,迷宫装备,,,紫金挂饰,紫金挂饰,human_robot_icon_atlas_0,42608004,42608060,
508000057,42658057,0,0,5,8,0,迷宫装备,,,紫金挂饰,紫金挂饰,human_robot_icon_atlas_0,42608004,42608060,
508000058,42658058,0,0,5,8,0,迷宫装备,,,紫金挂饰,紫金挂饰,human_robot_icon_atlas_0,42608004,42608060,
508000059,42658059,0,0,5,8,0,迷宫装备,,,紫金挂饰,紫金挂饰,human_robot_icon_atlas_0,42608004,42608060,
508000060,42658060,0,0,5,8,0,迷宫装备,,,紫金挂饰,紫金挂饰,human_robot_icon_atlas_0,42608004,42608060,
508000061,42658061,0,0,5,8,0,迷宫装备,,,巨神挂饰,巨神挂饰,human_robot_icon_atlas_0,42608004,42608070,
508000062,42658062,0,0,5,8,0,迷宫装备,,,巨神挂饰,巨神挂饰,human_robot_icon_atlas_0,42608004,42608070,
508000063,42658063,0,0,5,8,0,迷宫装备,,,巨神挂饰,巨神挂饰,human_robot_icon_atlas_0,42608004,42608070,
508000064,42658064,0,0,5,8,0,迷宫装备,,,巨神挂饰,巨神挂饰,human_robot_icon_atlas_0,42608004,42608070,
508000065,42658065,0,0,5,8,0,迷宫装备,,,巨神挂饰,巨神挂饰,human_robot_icon_atlas_0,42608004,42608070,
508000066,42658066,0,0,5,8,0,迷宫装备,,,巨神挂饰,巨神挂饰,human_robot_icon_atlas_0,42608004,42608070,
508000067,42658067,0,0,5,8,0,迷宫装备,,,巨神挂饰,巨神挂饰,human_robot_icon_atlas_0,42608004,42608070,
508000068,42658068,0,0,5,8,0,迷宫装备,,,巨神挂饰,巨神挂饰,human_robot_icon_atlas_0,42608004,42608070,
508000069,42658069,0,0,5,8,0,迷宫装备,,,巨神挂饰,巨神挂饰,human_robot_icon_atlas_0,42608004,42608070,
508000070,42658070,0,0,5,8,0,迷宫装备,,,巨神挂饰,巨神挂饰,human_robot_icon_atlas_0,42608004,42608070,
508000071,42658071,0,0,5,8,0,迷宫装备,,,天罡挂饰,天罡挂饰,human_robot_icon_atlas_0,42608004,42608080,
508000072,42658072,0,0,5,8,0,迷宫装备,,,天罡挂饰,天罡挂饰,human_robot_icon_atlas_0,42608004,42608080,
508000073,42658073,0,0,5,8,0,迷宫装备,,,天罡挂饰,天罡挂饰,human_robot_icon_atlas_0,42608004,42608080,
508000074,42658074,0,0,5,8,0,迷宫装备,,,天罡挂饰,天罡挂饰,human_robot_icon_atlas_0,42608004,42608080,
508000075,42658075,0,0,5,8,0,迷宫装备,,,天罡挂饰,天罡挂饰,human_robot_icon_atlas_0,42608004,42608080,
508000076,42658076,0,0,5,8,0,迷宫装备,,,天罡挂饰,天罡挂饰,human_robot_icon_atlas_0,42608004,42608080,
508000077,42658077,0,0,5,8,0,迷宫装备,,,天罡挂饰,天罡挂饰,human_robot_icon_atlas_0,42608004,42608080,
508000078,42658078,0,0,5,8,0,迷宫装备,,,天罡挂饰,天罡挂饰,human_robot_icon_atlas_0,42608004,42608080,
508000079,42658079,0,0,5,8,0,迷宫装备,,,天罡挂饰,天罡挂饰,human_robot_icon_atlas_0,42608004,42608080,
508000080,42658080,0,0,5,8,0,迷宫装备,,,天罡挂饰,天罡挂饰,human_robot_icon_atlas_0,42608004,42608080,
508000081,42658081,0,0,5,8,0,迷宫装备,,,雷神挂饰,雷神挂饰,human_robot_icon_atlas_0,42608004,42608090,
508000082,42658082,0,0,5,8,0,迷宫装备,,,雷神挂饰,雷神挂饰,human_robot_icon_atlas_0,42608004,42608090,
508000083,42658083,0,0,5,8,0,迷宫装备,,,雷神挂饰,雷神挂饰,human_robot_icon_atlas_0,42608004,42608090,
508000084,42658084,0,0,5,8,0,迷宫装备,,,雷神挂饰,雷神挂饰,human_robot_icon_atlas_0,42608004,42608090,
508000085,42658085,0,0,5,8,0,迷宫装备,,,雷神挂饰,雷神挂饰,human_robot_icon_atlas_0,42608004,42608090,
508000086,42658086,0,0,5,8,0,迷宫装备,,,雷神挂饰,雷神挂饰,human_robot_icon_atlas_0,42608004,42608090,
508000087,42658087,0,0,5,8,0,迷宫装备,,,雷神挂饰,雷神挂饰,human_robot_icon_atlas_0,42608004,42608090,
508000088,42658088,0,0,5,8,0,迷宫装备,,,雷神挂饰,雷神挂饰,human_robot_icon_atlas_0,42608004,42608090,
508000089,42658089,0,0,5,8,0,迷宫装备,,,雷神挂饰,雷神挂饰,human_robot_icon_atlas_0,42608004,42608090,
508000090,42658090,0,0,5,8,0,迷宫装备,,,雷神挂饰,雷神挂饰,human_robot_icon_atlas_0,42608004,42608090,
508000091,42658091,0,0,5,8,0,迷宫装备,,,狮吼挂饰,狮吼挂饰,human_robot_icon_atlas_0,42608004,42608100,
508000092,42658092,0,0,5,8,0,迷宫装备,,,狮吼挂饰,狮吼挂饰,human_robot_icon_atlas_0,42608004,42608100,
508000093,42658093,0,0,5,8,0,迷宫装备,,,狮吼挂饰,狮吼挂饰,human_robot_icon_atlas_0,42608004,42608100,
508000094,42658094,0,0,5,8,0,迷宫装备,,,狮吼挂饰,狮吼挂饰,human_robot_icon_atlas_0,42608004,42608100,
508000095,42658095,0,0,5,8,0,迷宫装备,,,狮吼挂饰,狮吼挂饰,human_robot_icon_atlas_0,42608004,42608100,
508000096,42658096,0,0,5,8,0,迷宫装备,,,狮吼挂饰,狮吼挂饰,human_robot_icon_atlas_0,42608004,42608100,
508000097,42658097,0,0,5,8,0,迷宫装备,,,狮吼挂饰,狮吼挂饰,human_robot_icon_atlas_0,42608004,42608100,
508000098,42658098,0,0,5,8,0,迷宫装备,,,狮吼挂饰,狮吼挂饰,human_robot_icon_atlas_0,42608004,42608100,
508000099,42658099,0,0,5,8,0,迷宫装备,,,狮吼挂饰,狮吼挂饰,human_robot_icon_atlas_0,42608004,42608100,
508000100,42658100,0,0,5,8,0,迷宫装备,,,狮吼挂饰,狮吼挂饰,human_robot_icon_atlas_0,42608004,42608100,
508000101,42658101,0,0,5,8,0,迷宫装备,,,灵蛇挂饰,灵蛇挂饰,human_robot_icon_atlas_0,42608004,42608110,
508000102,42658102,0,0,5,8,0,迷宫装备,,,灵蛇挂饰,灵蛇挂饰,human_robot_icon_atlas_0,42608004,42608110,
508000103,42658103,0,0,5,8,0,迷宫装备,,,灵蛇挂饰,灵蛇挂饰,human_robot_icon_atlas_0,42608004,42608110,
508000104,42658104,0,0,5,8,0,迷宫装备,,,灵蛇挂饰,灵蛇挂饰,human_robot_icon_atlas_0,42608004,42608110,
508000105,42658105,0,0,5,8,0,迷宫装备,,,灵蛇挂饰,灵蛇挂饰,human_robot_icon_atlas_0,42608004,42608110,
508000106,42658106,0,0,5,8,0,迷宫装备,,,灵蛇挂饰,灵蛇挂饰,human_robot_icon_atlas_0,42608004,42608110,
508000107,42658107,0,0,5,8,0,迷宫装备,,,灵蛇挂饰,灵蛇挂饰,human_robot_icon_atlas_0,42608004,42608110,
508000108,42658108,0,0,5,8,0,迷宫装备,,,灵蛇挂饰,灵蛇挂饰,human_robot_icon_atlas_0,42608004,42608110,
508000109,42658109,0,0,5,8,0,迷宫装备,,,灵蛇挂饰,灵蛇挂饰,human_robot_icon_atlas_0,42608004,42608110,
508000110,42658110,0,0,5,8,0,迷宫装备,,,灵蛇挂饰,灵蛇挂饰,human_robot_icon_atlas_0,42608004,42608110,
508000111,42658111,0,0,5,8,0,迷宫装备,,,朱雀挂饰,朱雀挂饰,human_robot_icon_atlas_0,42608004,42608120,
508000112,42658112,0,0,5,8,0,迷宫装备,,,朱雀挂饰,朱雀挂饰,human_robot_icon_atlas_0,42608004,42608120,
508000113,42658113,0,0,5,8,0,迷宫装备,,,朱雀挂饰,朱雀挂饰,human_robot_icon_atlas_0,42608004,42608120,
508000114,42658114,0,0,5,8,0,迷宫装备,,,朱雀挂饰,朱雀挂饰,human_robot_icon_atlas_0,42608004,42608120,
508000115,42658115,0,0,5,8,0,迷宫装备,,,朱雀挂饰,朱雀挂饰,human_robot_icon_atlas_0,42608004,42608120,
508000116,42658116,0,0,5,8,0,迷宫装备,,,朱雀挂饰,朱雀挂饰,human_robot_icon_atlas_0,42608004,42608120,
508000117,42658117,0,0,5,8,0,迷宫装备,,,朱雀挂饰,朱雀挂饰,human_robot_icon_atlas_0,42608004,42608120,
508000118,42658118,0,0,5,8,0,迷宫装备,,,朱雀挂饰,朱雀挂饰,human_robot_icon_atlas_0,42608004,42608120,
508000119,42658119,0,0,5,8,0,迷宫装备,,,朱雀挂饰,朱雀挂饰,human_robot_icon_atlas_0,42608004,42608120,
508000120,42658120,0,0,5,8,0,迷宫装备,,,朱雀挂饰,朱雀挂饰,human_robot_icon_atlas_0,42608004,42608120,
508000121,42658121,0,0,5,8,0,迷宫装备,,,龙形挂饰,龙形挂饰,human_robot_icon_atlas_0,42608004,42608130,
508000122,42658122,0,0,5,8,0,迷宫装备,,,龙形挂饰,龙形挂饰,human_robot_icon_atlas_0,42608004,42608130,
508000123,42658123,0,0,5,8,0,迷宫装备,,,龙形挂饰,龙形挂饰,human_robot_icon_atlas_0,42608004,42608130,
508000124,42658124,0,0,5,8,0,迷宫装备,,,龙形挂饰,龙形挂饰,human_robot_icon_atlas_0,42608004,42608130,
508000125,42658125,0,0,5,8,0,迷宫装备,,,龙形挂饰,龙形挂饰,human_robot_icon_atlas_0,42608004,42608130,
508000126,42658126,0,0,5,8,0,迷宫装备,,,龙形挂饰,龙形挂饰,human_robot_icon_atlas_0,42608004,42608130,
508000127,42658127,0,0,5,8,0,迷宫装备,,,龙形挂饰,龙形挂饰,human_robot_icon_atlas_0,42608004,42608130,
508000128,42658128,0,0,5,8,0,迷宫装备,,,龙形挂饰,龙形挂饰,human_robot_icon_atlas_0,42608004,42608130,
508000129,42658129,0,0,5,8,0,迷宫装备,,,龙形挂饰,龙形挂饰,human_robot_icon_atlas_0,42608004,42608130,
508000130,42658130,0,0,5,8,0,迷宫装备,,,龙形挂饰,龙形挂饰,human_robot_icon_atlas_0,42608004,42608130,
508000131,42658131,0,0,5,8,0,迷宫装备,,,龙王挂饰,龙王挂饰,human_robot_icon_atlas_0,42608004,42608140,
508000132,42658132,0,0,5,8,0,迷宫装备,,,龙王挂饰,龙王挂饰,human_robot_icon_atlas_0,42608004,42608140,
508000133,42658133,0,0,5,8,0,迷宫装备,,,龙王挂饰,龙王挂饰,human_robot_icon_atlas_0,42608004,42608140,
508000134,42658134,0,0,5,8,0,迷宫装备,,,龙王挂饰,龙王挂饰,human_robot_icon_atlas_0,42608004,42608140,
508000135,42658135,0,0,5,8,0,迷宫装备,,,龙王挂饰,龙王挂饰,human_robot_icon_atlas_0,42608004,42608140,
508000136,42658136,0,0,5,8,0,迷宫装备,,,龙王挂饰,龙王挂饰,human_robot_icon_atlas_0,42608004,42608140,
508000137,42658137,0,0,5,8,0,迷宫装备,,,龙王挂饰,龙王挂饰,human_robot_icon_atlas_0,42608004,42608140,
508000138,42658138,0,0,5,8,0,迷宫装备,,,龙王挂饰,龙王挂饰,human_robot_icon_atlas_0,42608004,42608140,
508000139,42658139,0,0,5,8,0,迷宫装备,,,龙王挂饰,龙王挂饰,human_robot_icon_atlas_0,42608004,42608140,
508000140,42658140,0,0,5,8,0,迷宫装备,,,龙王挂饰,龙王挂饰,human_robot_icon_atlas_0,42608004,42608140,
508000141,42658141,0,0,5,8,0,迷宫装备,,,龙皇挂饰,龙皇挂饰,human_robot_icon_atlas_0,42608004,42608150,
508000142,42658142,0,0,5,8,0,迷宫装备,,,龙皇挂饰,龙皇挂饰,human_robot_icon_atlas_0,42608004,42608150,
508000143,42658143,0,0,5,8,0,迷宫装备,,,龙皇挂饰,龙皇挂饰,human_robot_icon_atlas_0,42608004,42608150,
508000144,42658144,0,0,5,8,0,迷宫装备,,,龙皇挂饰,龙皇挂饰,human_robot_icon_atlas_0,42608004,42608150,
508000145,42658145,0,0,5,8,0,迷宫装备,,,龙皇挂饰,龙皇挂饰,human_robot_icon_atlas_0,42608004,42608150,
508000146,42658146,0,0,5,8,0,迷宫装备,,,龙皇挂饰,龙皇挂饰,human_robot_icon_atlas_0,42608004,42608150,
508000147,42658147,0,0,5,8,0,迷宫装备,,,龙皇挂饰,龙皇挂饰,human_robot_icon_atlas_0,42608004,42608150,
508000148,42658148,0,0,5,8,0,迷宫装备,,,龙皇挂饰,龙皇挂饰,human_robot_icon_atlas_0,42608004,42608150,
508000149,42658149,0,0,5,8,0,迷宫装备,,,龙皇挂饰,龙皇挂饰,human_robot_icon_atlas_0,42608004,42608150,
508000150,42658150,0,0,5,8,0,迷宫装备,,,龙皇挂饰,龙皇挂饰,human_robot_icon_atlas_0,42608004,42608150,
508000151,42658151,0,0,5,8,0,迷宫装备,,,龙神挂饰,龙神挂饰,human_robot_icon_atlas_0,42608004,42608160,
508000152,42658152,0,0,5,8,0,迷宫装备,,,龙神挂饰,龙神挂饰,human_robot_icon_atlas_0,42608004,42608160,
508000153,42658153,0,0,5,8,0,迷宫装备,,,龙神挂饰,龙神挂饰,human_robot_icon_atlas_0,42608004,42608160,
508000154,42658154,0,0,5,8,0,迷宫装备,,,龙神挂饰,龙神挂饰,human_robot_icon_atlas_0,42608004,42608160,
508000155,42658155,0,0,5,8,0,迷宫装备,,,龙神挂饰,龙神挂饰,human_robot_icon_atlas_0,42608004,42608160,
508000156,42658156,0,0,5,8,0,迷宫装备,,,龙神挂饰,龙神挂饰,human_robot_icon_atlas_0,42608004,42608160,
508000157,42658157,0,0,5,8,0,迷宫装备,,,龙神挂饰,龙神挂饰,human_robot_icon_atlas_0,42608004,42608160,
508000158,42658158,0,0,5,8,0,迷宫装备,,,龙神挂饰,龙神挂饰,human_robot_icon_atlas_0,42608004,42608160,
508000159,42658159,0,0,5,8,0,迷宫装备,,,龙神挂饰,龙神挂饰,human_robot_icon_atlas_0,42608004,42608160,
508000160,42658160,0,0,5,8,0,迷宫装备,,,龙神挂饰,龙神挂饰,human_robot_icon_atlas_0,42608004,42608160,
608000001,42668001,0,0,6,8,0,迷宫装备,,,青藤挂饰,青藤挂饰,human_robot_icon_atlas_0,42608001,42608010,
608000002,42668002,0,0,6,8,0,迷宫装备,,,青藤挂饰,青藤挂饰,human_robot_icon_atlas_0,42608002,42608010,
608000003,42668003,0,0,6,8,0,迷宫装备,,,青藤挂饰,青藤挂饰,human_robot_icon_atlas_0,42608003,42608010,
608000004,42668004,0,0,6,8,0,迷宫装备,,,青藤挂饰,青藤挂饰,human_robot_icon_atlas_0,42608004,42608010,
608000005,42668005,0,0,6,8,0,迷宫装备,,,青藤挂饰,青藤挂饰,human_robot_icon_atlas_0,42608004,42608010,
608000006,42668006,0,0,6,8,0,迷宫装备,,,青藤挂饰,青藤挂饰,human_robot_icon_atlas_0,42608004,42608010,
608000007,42668007,0,0,6,8,0,迷宫装备,,,青藤挂饰,青藤挂饰,human_robot_icon_atlas_0,42608004,42608010,
608000008,42668008,0,0,6,8,0,迷宫装备,,,青藤挂饰,青藤挂饰,human_robot_icon_atlas_0,42608004,42608010,
608000009,42668009,0,0,6,8,0,迷宫装备,,,青藤挂饰,青藤挂饰,human_robot_icon_atlas_0,42608004,42608010,
608000010,42668010,0,0,6,8,0,迷宫装备,,,青藤挂饰,青藤挂饰,human_robot_icon_atlas_0,42608004,42608010,
608000011,42668011,0,0,6,8,0,迷宫装备,,,铁挂饰,铁挂饰,human_robot_icon_atlas_0,42608004,42608020,
608000012,42668012,0,0,6,8,0,迷宫装备,,,铁挂饰,铁挂饰,human_robot_icon_atlas_0,42608004,42608020,
608000013,42668013,0,0,6,8,0,迷宫装备,,,铁挂饰,铁挂饰,human_robot_icon_atlas_0,42608004,42608020,
608000014,42668014,0,0,6,8,0,迷宫装备,,,铁挂饰,铁挂饰,human_robot_icon_atlas_0,42608004,42608020,
608000015,42668015,0,0,6,8,0,迷宫装备,,,铁挂饰,铁挂饰,human_robot_icon_atlas_0,42608004,42608020,
608000016,42668016,0,0,6,8,0,迷宫装备,,,铁挂饰,铁挂饰,human_robot_icon_atlas_0,42608004,42608020,
608000017,42668017,0,0,6,8,0,迷宫装备,,,铁挂饰,铁挂饰,human_robot_icon_atlas_0,42608004,42608020,
608000018,42668018,0,0,6,8,0,迷宫装备,,,铁挂饰,铁挂饰,human_robot_icon_atlas_0,42608004,42608020,
608000019,42668019,0,0,6,8,0,迷宫装备,,,铁挂饰,铁挂饰,human_robot_icon_atlas_0,42608004,42608020,
608000020,42668020,0,0,6,8,0,迷宫装备,,,铁挂饰,铁挂饰,human_robot_icon_atlas_0,42608004,42608020,
608000021,42668021,0,0,6,8,0,迷宫装备,,,青钢挂饰,青钢挂饰,human_robot_icon_atlas_0,42608004,42608030,
608000022,42668022,0,0,6,8,0,迷宫装备,,,青钢挂饰,青钢挂饰,human_robot_icon_atlas_0,42608004,42608030,
608000023,42668023,0,0,6,8,0,迷宫装备,,,青钢挂饰,青钢挂饰,human_robot_icon_atlas_0,42608004,42608030,
608000024,42668024,0,0,6,8,0,迷宫装备,,,青钢挂饰,青钢挂饰,human_robot_icon_atlas_0,42608004,42608030,
608000025,42668025,0,0,6,8,0,迷宫装备,,,青钢挂饰,青钢挂饰,human_robot_icon_atlas_0,42608004,42608030,
608000026,42668026,0,0,6,8,0,迷宫装备,,,青钢挂饰,青钢挂饰,human_robot_icon_atlas_0,42608004,42608030,
608000027,42668027,0,0,6,8,0,迷宫装备,,,青钢挂饰,青钢挂饰,human_robot_icon_atlas_0,42608004,42608030,
608000028,42668028,0,0,6,8,0,迷宫装备,,,青钢挂饰,青钢挂饰,human_robot_icon_atlas_0,42608004,42608030,
608000029,42668029,0,0,6,8,0,迷宫装备,,,青钢挂饰,青钢挂饰,human_robot_icon_atlas_0,42608004,42608030,
608000030,42668030,0,0,6,8,0,迷宫装备,,,青钢挂饰,青钢挂饰,human_robot_icon_atlas_0,42608004,42608030,
608000031,42668031,0,0,6,8,0,迷宫装备,,,流云挂饰,流云挂饰,human_robot_icon_atlas_0,42608004,42608040,
608000032,42668032,0,0,6,8,0,迷宫装备,,,流云挂饰,流云挂饰,human_robot_icon_atlas_0,42608004,42608040,
608000033,42668033,0,0,6,8,0,迷宫装备,,,流云挂饰,流云挂饰,human_robot_icon_atlas_0,42608004,42608040,
608000034,42668034,0,0,6,8,0,迷宫装备,,,流云挂饰,流云挂饰,human_robot_icon_atlas_0,42608004,42608040,
608000035,42668035,0,0,6,8,0,迷宫装备,,,流云挂饰,流云挂饰,human_robot_icon_atlas_0,42608004,42608040,
608000036,42668036,0,0,6,8,0,迷宫装备,,,流云挂饰,流云挂饰,human_robot_icon_atlas_0,42608004,42608040,
608000037,42668037,0,0,6,8,0,迷宫装备,,,流云挂饰,流云挂饰,human_robot_icon_atlas_0,42608004,42608040,
608000038,42668038,0,0,6,8,0,迷宫装备,,,流云挂饰,流云挂饰,human_robot_icon_atlas_0,42608004,42608040,
608000039,42668039,0,0,6,8,0,迷宫装备,,,流云挂饰,流云挂饰,human_robot_icon_atlas_0,42608004,42608040,
608000040,42668040,0,0,6,8,0,迷宫装备,,,流云挂饰,流云挂饰,human_robot_icon_atlas_0,42608004,42608040,
608000041,42668041,0,0,6,8,0,迷宫装备,,,飞虹挂饰,飞虹挂饰,human_robot_icon_atlas_0,42608004,42608050,
608000042,42668042,0,0,6,8,0,迷宫装备,,,飞虹挂饰,飞虹挂饰,human_robot_icon_atlas_0,42608004,42608050,
608000043,42668043,0,0,6,8,0,迷宫装备,,,飞虹挂饰,飞虹挂饰,human_robot_icon_atlas_0,42608004,42608050,
608000044,42668044,0,0,6,8,0,迷宫装备,,,飞虹挂饰,飞虹挂饰,human_robot_icon_atlas_0,42608004,42608050,
608000045,42668045,0,0,6,8,0,迷宫装备,,,飞虹挂饰,飞虹挂饰,human_robot_icon_atlas_0,42608004,42608050,
608000046,42668046,0,0,6,8,0,迷宫装备,,,飞虹挂饰,飞虹挂饰,human_robot_icon_atlas_0,42608004,42608050,
608000047,42668047,0,0,6,8,0,迷宫装备,,,飞虹挂饰,飞虹挂饰,human_robot_icon_atlas_0,42608004,42608050,
608000048,42668048,0,0,6,8,0,迷宫装备,,,飞虹挂饰,飞虹挂饰,human_robot_icon_atlas_0,42608004,42608050,
608000049,42668049,0,0,6,8,0,迷宫装备,,,飞虹挂饰,飞虹挂饰,human_robot_icon_atlas_0,42608004,42608050,
608000050,42668050,0,0,6,8,0,迷宫装备,,,飞虹挂饰,飞虹挂饰,human_robot_icon_atlas_0,42608004,42608050,
608000051,42668051,0,0,6,8,0,迷宫装备,,,紫金挂饰,紫金挂饰,human_robot_icon_atlas_0,42608004,42608060,
608000052,42668052,0,0,6,8,0,迷宫装备,,,紫金挂饰,紫金挂饰,human_robot_icon_atlas_0,42608004,42608060,
608000053,42668053,0,0,6,8,0,迷宫装备,,,紫金挂饰,紫金挂饰,human_robot_icon_atlas_0,42608004,42608060,
608000054,42668054,0,0,6,8,0,迷宫装备,,,紫金挂饰,紫金挂饰,human_robot_icon_atlas_0,42608004,42608060,
608000055,42668055,0,0,6,8,0,迷宫装备,,,紫金挂饰,紫金挂饰,human_robot_icon_atlas_0,42608004,42608060,
608000056,42668056,0,0,6,8,0,迷宫装备,,,紫金挂饰,紫金挂饰,human_robot_icon_atlas_0,42608004,42608060,
608000057,42668057,0,0,6,8,0,迷宫装备,,,紫金挂饰,紫金挂饰,human_robot_icon_atlas_0,42608004,42608060,
608000058,42668058,0,0,6,8,0,迷宫装备,,,紫金挂饰,紫金挂饰,human_robot_icon_atlas_0,42608004,42608060,
608000059,42668059,0,0,6,8,0,迷宫装备,,,紫金挂饰,紫金挂饰,human_robot_icon_atlas_0,42608004,42608060,
608000060,42668060,0,0,6,8,0,迷宫装备,,,紫金挂饰,紫金挂饰,human_robot_icon_atlas_0,42608004,42608060,
608000061,42668061,0,0,6,8,0,迷宫装备,,,巨神挂饰,巨神挂饰,human_robot_icon_atlas_0,42608004,42608070,
608000062,42668062,0,0,6,8,0,迷宫装备,,,巨神挂饰,巨神挂饰,human_robot_icon_atlas_0,42608004,42608070,
608000063,42668063,0,0,6,8,0,迷宫装备,,,巨神挂饰,巨神挂饰,human_robot_icon_atlas_0,42608004,42608070,
608000064,42668064,0,0,6,8,0,迷宫装备,,,巨神挂饰,巨神挂饰,human_robot_icon_atlas_0,42608004,42608070,
608000065,42668065,0,0,6,8,0,迷宫装备,,,巨神挂饰,巨神挂饰,human_robot_icon_atlas_0,42608004,42608070,
608000066,42668066,0,0,6,8,0,迷宫装备,,,巨神挂饰,巨神挂饰,human_robot_icon_atlas_0,42608004,42608070,
608000067,42668067,0,0,6,8,0,迷宫装备,,,巨神挂饰,巨神挂饰,human_robot_icon_atlas_0,42608004,42608070,
608000068,42668068,0,0,6,8,0,迷宫装备,,,巨神挂饰,巨神挂饰,human_robot_icon_atlas_0,42608004,42608070,
608000069,42668069,0,0,6,8,0,迷宫装备,,,巨神挂饰,巨神挂饰,human_robot_icon_atlas_0,42608004,42608070,
608000070,42668070,0,0,6,8,0,迷宫装备,,,巨神挂饰,巨神挂饰,human_robot_icon_atlas_0,42608004,42608070,
608000071,42668071,0,0,6,8,0,迷宫装备,,,天罡挂饰,天罡挂饰,human_robot_icon_atlas_0,42608004,42608080,
608000072,42668072,0,0,6,8,0,迷宫装备,,,天罡挂饰,天罡挂饰,human_robot_icon_atlas_0,42608004,42608080,
608000073,42668073,0,0,6,8,0,迷宫装备,,,天罡挂饰,天罡挂饰,human_robot_icon_atlas_0,42608004,42608080,
608000074,42668074,0,0,6,8,0,迷宫装备,,,天罡挂饰,天罡挂饰,human_robot_icon_atlas_0,42608004,42608080,
608000075,42668075,0,0,6,8,0,迷宫装备,,,天罡挂饰,天罡挂饰,human_robot_icon_atlas_0,42608004,42608080,
608000076,42668076,0,0,6,8,0,迷宫装备,,,天罡挂饰,天罡挂饰,human_robot_icon_atlas_0,42608004,42608080,
608000077,42668077,0,0,6,8,0,迷宫装备,,,天罡挂饰,天罡挂饰,human_robot_icon_atlas_0,42608004,42608080,
608000078,42668078,0,0,6,8,0,迷宫装备,,,天罡挂饰,天罡挂饰,human_robot_icon_atlas_0,42608004,42608080,
608000079,42668079,0,0,6,8,0,迷宫装备,,,天罡挂饰,天罡挂饰,human_robot_icon_atlas_0,42608004,42608080,
608000080,42668080,0,0,6,8,0,迷宫装备,,,天罡挂饰,天罡挂饰,human_robot_icon_atlas_0,42608004,42608080,
608000081,42668081,0,0,6,8,0,迷宫装备,,,雷神挂饰,雷神挂饰,human_robot_icon_atlas_0,42608004,42608090,
608000082,42668082,0,0,6,8,0,迷宫装备,,,雷神挂饰,雷神挂饰,human_robot_icon_atlas_0,42608004,42608090,
608000083,42668083,0,0,6,8,0,迷宫装备,,,雷神挂饰,雷神挂饰,human_robot_icon_atlas_0,42608004,42608090,
608000084,42668084,0,0,6,8,0,迷宫装备,,,雷神挂饰,雷神挂饰,human_robot_icon_atlas_0,42608004,42608090,
608000085,42668085,0,0,6,8,0,迷宫装备,,,雷神挂饰,雷神挂饰,human_robot_icon_atlas_0,42608004,42608090,
608000086,42668086,0,0,6,8,0,迷宫装备,,,雷神挂饰,雷神挂饰,human_robot_icon_atlas_0,42608004,42608090,
608000087,42668087,0,0,6,8,0,迷宫装备,,,雷神挂饰,雷神挂饰,human_robot_icon_atlas_0,42608004,42608090,
608000088,42668088,0,0,6,8,0,迷宫装备,,,雷神挂饰,雷神挂饰,human_robot_icon_atlas_0,42608004,42608090,
608000089,42668089,0,0,6,8,0,迷宫装备,,,雷神挂饰,雷神挂饰,human_robot_icon_atlas_0,42608004,42608090,
608000090,42668090,0,0,6,8,0,迷宫装备,,,雷神挂饰,雷神挂饰,human_robot_icon_atlas_0,42608004,42608090,
608000091,42668091,0,0,6,8,0,迷宫装备,,,狮吼挂饰,狮吼挂饰,human_robot_icon_atlas_0,42608004,42608100,
608000092,42668092,0,0,6,8,0,迷宫装备,,,狮吼挂饰,狮吼挂饰,human_robot_icon_atlas_0,42608004,42608100,
608000093,42668093,0,0,6,8,0,迷宫装备,,,狮吼挂饰,狮吼挂饰,human_robot_icon_atlas_0,42608004,42608100,
608000094,42668094,0,0,6,8,0,迷宫装备,,,狮吼挂饰,狮吼挂饰,human_robot_icon_atlas_0,42608004,42608100,
608000095,42668095,0,0,6,8,0,迷宫装备,,,狮吼挂饰,狮吼挂饰,human_robot_icon_atlas_0,42608004,42608100,
608000096,42668096,0,0,6,8,0,迷宫装备,,,狮吼挂饰,狮吼挂饰,human_robot_icon_atlas_0,42608004,42608100,
608000097,42668097,0,0,6,8,0,迷宫装备,,,狮吼挂饰,狮吼挂饰,human_robot_icon_atlas_0,42608004,42608100,
608000098,42668098,0,0,6,8,0,迷宫装备,,,狮吼挂饰,狮吼挂饰,human_robot_icon_atlas_0,42608004,42608100,
608000099,42668099,0,0,6,8,0,迷宫装备,,,狮吼挂饰,狮吼挂饰,human_robot_icon_atlas_0,42608004,42608100,
608000100,42668100,0,0,6,8,0,迷宫装备,,,狮吼挂饰,狮吼挂饰,human_robot_icon_atlas_0,42608004,42608100,
608000101,42668101,0,0,6,8,0,迷宫装备,,,灵蛇挂饰,灵蛇挂饰,human_robot_icon_atlas_0,42608004,42608110,
608000102,42668102,0,0,6,8,0,迷宫装备,,,灵蛇挂饰,灵蛇挂饰,human_robot_icon_atlas_0,42608004,42608110,
608000103,42668103,0,0,6,8,0,迷宫装备,,,灵蛇挂饰,灵蛇挂饰,human_robot_icon_atlas_0,42608004,42608110,
608000104,42668104,0,0,6,8,0,迷宫装备,,,灵蛇挂饰,灵蛇挂饰,human_robot_icon_atlas_0,42608004,42608110,
608000105,42668105,0,0,6,8,0,迷宫装备,,,灵蛇挂饰,灵蛇挂饰,human_robot_icon_atlas_0,42608004,42608110,
608000106,42668106,0,0,6,8,0,迷宫装备,,,灵蛇挂饰,灵蛇挂饰,human_robot_icon_atlas_0,42608004,42608110,
608000107,42668107,0,0,6,8,0,迷宫装备,,,灵蛇挂饰,灵蛇挂饰,human_robot_icon_atlas_0,42608004,42608110,
608000108,42668108,0,0,6,8,0,迷宫装备,,,灵蛇挂饰,灵蛇挂饰,human_robot_icon_atlas_0,42608004,42608110,
608000109,42668109,0,0,6,8,0,迷宫装备,,,灵蛇挂饰,灵蛇挂饰,human_robot_icon_atlas_0,42608004,42608110,
608000110,42668110,0,0,6,8,0,迷宫装备,,,灵蛇挂饰,灵蛇挂饰,human_robot_icon_atlas_0,42608004,42608110,
608000111,42668111,0,0,6,8,0,迷宫装备,,,朱雀挂饰,朱雀挂饰,human_robot_icon_atlas_0,42608004,42608120,
608000112,42668112,0,0,6,8,0,迷宫装备,,,朱雀挂饰,朱雀挂饰,human_robot_icon_atlas_0,42608004,42608120,
608000113,42668113,0,0,6,8,0,迷宫装备,,,朱雀挂饰,朱雀挂饰,human_robot_icon_atlas_0,42608004,42608120,
608000114,42668114,0,0,6,8,0,迷宫装备,,,朱雀挂饰,朱雀挂饰,human_robot_icon_atlas_0,42608004,42608120,
608000115,42668115,0,0,6,8,0,迷宫装备,,,朱雀挂饰,朱雀挂饰,human_robot_icon_atlas_0,42608004,42608120,
608000116,42668116,0,0,6,8,0,迷宫装备,,,朱雀挂饰,朱雀挂饰,human_robot_icon_atlas_0,42608004,42608120,
608000117,42668117,0,0,6,8,0,迷宫装备,,,朱雀挂饰,朱雀挂饰,human_robot_icon_atlas_0,42608004,42608120,
608000118,42668118,0,0,6,8,0,迷宫装备,,,朱雀挂饰,朱雀挂饰,human_robot_icon_atlas_0,42608004,42608120,
608000119,42668119,0,0,6,8,0,迷宫装备,,,朱雀挂饰,朱雀挂饰,human_robot_icon_atlas_0,42608004,42608120,
608000120,42668120,0,0,6,8,0,迷宫装备,,,朱雀挂饰,朱雀挂饰,human_robot_icon_atlas_0,42608004,42608120,
608000121,42668121,0,0,6,8,0,迷宫装备,,,龙形挂饰,龙形挂饰,human_robot_icon_atlas_0,42608004,42608130,
608000122,42668122,0,0,6,8,0,迷宫装备,,,龙形挂饰,龙形挂饰,human_robot_icon_atlas_0,42608004,42608130,
608000123,42668123,0,0,6,8,0,迷宫装备,,,龙形挂饰,龙形挂饰,human_robot_icon_atlas_0,42608004,42608130,
608000124,42668124,0,0,6,8,0,迷宫装备,,,龙形挂饰,龙形挂饰,human_robot_icon_atlas_0,42608004,42608130,
608000125,42668125,0,0,6,8,0,迷宫装备,,,龙形挂饰,龙形挂饰,human_robot_icon_atlas_0,42608004,42608130,
608000126,42668126,0,0,6,8,0,迷宫装备,,,龙形挂饰,龙形挂饰,human_robot_icon_atlas_0,42608004,42608130,
608000127,42668127,0,0,6,8,0,迷宫装备,,,龙形挂饰,龙形挂饰,human_robot_icon_atlas_0,42608004,42608130,
608000128,42668128,0,0,6,8,0,迷宫装备,,,龙形挂饰,龙形挂饰,human_robot_icon_atlas_0,42608004,42608130,
608000129,42668129,0,0,6,8,0,迷宫装备,,,龙形挂饰,龙形挂饰,human_robot_icon_atlas_0,42608004,42608130,
608000130,42668130,0,0,6,8,0,迷宫装备,,,龙形挂饰,龙形挂饰,human_robot_icon_atlas_0,42608004,42608130,
608000131,42668131,0,0,6,8,0,迷宫装备,,,龙王挂饰,龙王挂饰,human_robot_icon_atlas_0,42608004,42608140,
608000132,42668132,0,0,6,8,0,迷宫装备,,,龙王挂饰,龙王挂饰,human_robot_icon_atlas_0,42608004,42608140,
608000133,42668133,0,0,6,8,0,迷宫装备,,,龙王挂饰,龙王挂饰,human_robot_icon_atlas_0,42608004,42608140,
608000134,42668134,0,0,6,8,0,迷宫装备,,,龙王挂饰,龙王挂饰,human_robot_icon_atlas_0,42608004,42608140,
608000135,42668135,0,0,6,8,0,迷宫装备,,,龙王挂饰,龙王挂饰,human_robot_icon_atlas_0,42608004,42608140,
608000136,42668136,0,0,6,8,0,迷宫装备,,,龙王挂饰,龙王挂饰,human_robot_icon_atlas_0,42608004,42608140,
608000137,42668137,0,0,6,8,0,迷宫装备,,,龙王挂饰,龙王挂饰,human_robot_icon_atlas_0,42608004,42608140,
608000138,42668138,0,0,6,8,0,迷宫装备,,,龙王挂饰,龙王挂饰,human_robot_icon_atlas_0,42608004,42608140,
608000139,42668139,0,0,6,8,0,迷宫装备,,,龙王挂饰,龙王挂饰,human_robot_icon_atlas_0,42608004,42608140,
608000140,42668140,0,0,6,8,0,迷宫装备,,,龙王挂饰,龙王挂饰,human_robot_icon_atlas_0,42608004,42608140,
608000141,42668141,0,0,6,8,0,迷宫装备,,,龙皇挂饰,龙皇挂饰,human_robot_icon_atlas_0,42608004,42608150,
608000142,42668142,0,0,6,8,0,迷宫装备,,,龙皇挂饰,龙皇挂饰,human_robot_icon_atlas_0,42608004,42608150,
608000143,42668143,0,0,6,8,0,迷宫装备,,,龙皇挂饰,龙皇挂饰,human_robot_icon_atlas_0,42608004,42608150,
608000144,42668144,0,0,6,8,0,迷宫装备,,,龙皇挂饰,龙皇挂饰,human_robot_icon_atlas_0,42608004,42608150,
608000145,42668145,0,0,6,8,0,迷宫装备,,,龙皇挂饰,龙皇挂饰,human_robot_icon_atlas_0,42608004,42608150,
608000146,42668146,0,0,6,8,0,迷宫装备,,,龙皇挂饰,龙皇挂饰,human_robot_icon_atlas_0,42608004,42608150,
608000147,42668147,0,0,6,8,0,迷宫装备,,,龙皇挂饰,龙皇挂饰,human_robot_icon_atlas_0,42608004,42608150,
608000148,42668148,0,0,6,8,0,迷宫装备,,,龙皇挂饰,龙皇挂饰,human_robot_icon_atlas_0,42608004,42608150,
608000149,42668149,0,0,6,8,0,迷宫装备,,,龙皇挂饰,龙皇挂饰,human_robot_icon_atlas_0,42608004,42608150,
608000150,42668150,0,0,6,8,0,迷宫装备,,,龙皇挂饰,龙皇挂饰,human_robot_icon_atlas_0,42608004,42608150,
608000151,42668151,0,0,6,8,0,迷宫装备,,,龙神挂饰,龙神挂饰,human_robot_icon_atlas_0,42608004,42608160,
608000152,42668152,0,0,6,8,0,迷宫装备,,,龙神挂饰,龙神挂饰,human_robot_icon_atlas_0,42608004,42608160,
608000153,42668153,0,0,6,8,0,迷宫装备,,,龙神挂饰,龙神挂饰,human_robot_icon_atlas_0,42608004,42608160,
608000154,42668154,0,0,6,8,0,迷宫装备,,,龙神挂饰,龙神挂饰,human_robot_icon_atlas_0,42608004,42608160,
608000155,42668155,0,0,6,8,0,迷宫装备,,,龙神挂饰,龙神挂饰,human_robot_icon_atlas_0,42608004,42608160,
608000156,42668156,0,0,6,8,0,迷宫装备,,,龙神挂饰,龙神挂饰,human_robot_icon_atlas_0,42608004,42608160,
608000157,42668157,0,0,6,8,0,迷宫装备,,,龙神挂饰,龙神挂饰,human_robot_icon_atlas_0,42608004,42608160,
608000158,42668158,0,0,6,8,0,迷宫装备,,,龙神挂饰,龙神挂饰,human_robot_icon_atlas_0,42608004,42608160,
608000159,42668159,0,0,6,8,0,迷宫装备,,,龙神挂饰,龙神挂饰,human_robot_icon_atlas_0,42608004,42608160,
608000160,42668160,0,0,6,8,0,迷宫装备,,,龙神挂饰,龙神挂饰,human_robot_icon_atlas_0,42608004,42608160,
808000001,42688001,0,0,8,8,0,迷宫装备,,,青藤挂饰,青藤挂饰,human_robot_icon_atlas_0,42608001,42608010,
808000002,42688002,0,0,8,8,0,迷宫装备,,,青藤挂饰,青藤挂饰,human_robot_icon_atlas_0,42608002,42608010,
808000003,42688003,0,0,8,8,0,迷宫装备,,,青藤挂饰,青藤挂饰,human_robot_icon_atlas_0,42608003,42608010,
808000004,42688004,0,0,8,8,0,迷宫装备,,,青藤挂饰,青藤挂饰,human_robot_icon_atlas_0,42608004,42608010,
808000005,42688005,0,0,8,8,0,迷宫装备,,,青藤挂饰,青藤挂饰,human_robot_icon_atlas_0,42608004,42608010,
808000006,42688006,0,0,8,8,0,迷宫装备,,,青藤挂饰,青藤挂饰,human_robot_icon_atlas_0,42608004,42608010,
808000007,42688007,0,0,8,8,0,迷宫装备,,,青藤挂饰,青藤挂饰,human_robot_icon_atlas_0,42608004,42608010,
808000008,42688008,0,0,8,8,0,迷宫装备,,,青藤挂饰,青藤挂饰,human_robot_icon_atlas_0,42608004,42608010,
808000009,42688009,0,0,8,8,0,迷宫装备,,,青藤挂饰,青藤挂饰,human_robot_icon_atlas_0,42608004,42608010,
808000010,42688010,0,0,8,8,0,迷宫装备,,,青藤挂饰,青藤挂饰,human_robot_icon_atlas_0,42608004,42608010,
808000011,42688011,0,0,8,8,0,迷宫装备,,,铁挂饰,铁挂饰,human_robot_icon_atlas_0,42608004,42608020,
808000012,42688012,0,0,8,8,0,迷宫装备,,,铁挂饰,铁挂饰,human_robot_icon_atlas_0,42608004,42608020,
808000013,42688013,0,0,8,8,0,迷宫装备,,,铁挂饰,铁挂饰,human_robot_icon_atlas_0,42608004,42608020,
808000014,42688014,0,0,8,8,0,迷宫装备,,,铁挂饰,铁挂饰,human_robot_icon_atlas_0,42608004,42608020,
808000015,42688015,0,0,8,8,0,迷宫装备,,,铁挂饰,铁挂饰,human_robot_icon_atlas_0,42608004,42608020,
808000016,42688016,0,0,8,8,0,迷宫装备,,,铁挂饰,铁挂饰,human_robot_icon_atlas_0,42608004,42608020,
808000017,42688017,0,0,8,8,0,迷宫装备,,,铁挂饰,铁挂饰,human_robot_icon_atlas_0,42608004,42608020,
808000018,42688018,0,0,8,8,0,迷宫装备,,,铁挂饰,铁挂饰,human_robot_icon_atlas_0,42608004,42608020,
808000019,42688019,0,0,8,8,0,迷宫装备,,,铁挂饰,铁挂饰,human_robot_icon_atlas_0,42608004,42608020,
808000020,42688020,0,0,8,8,0,迷宫装备,,,铁挂饰,铁挂饰,human_robot_icon_atlas_0,42608004,42608020,
808000021,42688021,0,0,8,8,0,迷宫装备,,,青钢挂饰,青钢挂饰,human_robot_icon_atlas_0,42608004,42608030,
808000022,42688022,0,0,8,8,0,迷宫装备,,,青钢挂饰,青钢挂饰,human_robot_icon_atlas_0,42608004,42608030,
808000023,42688023,0,0,8,8,0,迷宫装备,,,青钢挂饰,青钢挂饰,human_robot_icon_atlas_0,42608004,42608030,
808000024,42688024,0,0,8,8,0,迷宫装备,,,青钢挂饰,青钢挂饰,human_robot_icon_atlas_0,42608004,42608030,
808000025,42688025,0,0,8,8,0,迷宫装备,,,青钢挂饰,青钢挂饰,human_robot_icon_atlas_0,42608004,42608030,
808000026,42688026,0,0,8,8,0,迷宫装备,,,青钢挂饰,青钢挂饰,human_robot_icon_atlas_0,42608004,42608030,
808000027,42688027,0,0,8,8,0,迷宫装备,,,青钢挂饰,青钢挂饰,human_robot_icon_atlas_0,42608004,42608030,
808000028,42688028,0,0,8,8,0,迷宫装备,,,青钢挂饰,青钢挂饰,human_robot_icon_atlas_0,42608004,42608030,
808000029,42688029,0,0,8,8,0,迷宫装备,,,青钢挂饰,青钢挂饰,human_robot_icon_atlas_0,42608004,42608030,
808000030,42688030,0,0,8,8,0,迷宫装备,,,青钢挂饰,青钢挂饰,human_robot_icon_atlas_0,42608004,42608030,
808000031,42688031,0,0,8,8,0,迷宫装备,,,流云挂饰,流云挂饰,human_robot_icon_atlas_0,42608004,42608040,
808000032,42688032,0,0,8,8,0,迷宫装备,,,流云挂饰,流云挂饰,human_robot_icon_atlas_0,42608004,42608040,
808000033,42688033,0,0,8,8,0,迷宫装备,,,流云挂饰,流云挂饰,human_robot_icon_atlas_0,42608004,42608040,
808000034,42688034,0,0,8,8,0,迷宫装备,,,流云挂饰,流云挂饰,human_robot_icon_atlas_0,42608004,42608040,
808000035,42688035,0,0,8,8,0,迷宫装备,,,流云挂饰,流云挂饰,human_robot_icon_atlas_0,42608004,42608040,
808000036,42688036,0,0,8,8,0,迷宫装备,,,流云挂饰,流云挂饰,human_robot_icon_atlas_0,42608004,42608040,
808000037,42688037,0,0,8,8,0,迷宫装备,,,流云挂饰,流云挂饰,human_robot_icon_atlas_0,42608004,42608040,
808000038,42688038,0,0,8,8,0,迷宫装备,,,流云挂饰,流云挂饰,human_robot_icon_atlas_0,42608004,42608040,
808000039,42688039,0,0,8,8,0,迷宫装备,,,流云挂饰,流云挂饰,human_robot_icon_atlas_0,42608004,42608040,
808000040,42688040,0,0,8,8,0,迷宫装备,,,流云挂饰,流云挂饰,human_robot_icon_atlas_0,42608004,42608040,
808000041,42688041,0,0,8,8,0,迷宫装备,,,飞虹挂饰,飞虹挂饰,human_robot_icon_atlas_0,42608004,42608050,
808000042,42688042,0,0,8,8,0,迷宫装备,,,飞虹挂饰,飞虹挂饰,human_robot_icon_atlas_0,42608004,42608050,
808000043,42688043,0,0,8,8,0,迷宫装备,,,飞虹挂饰,飞虹挂饰,human_robot_icon_atlas_0,42608004,42608050,
808000044,42688044,0,0,8,8,0,迷宫装备,,,飞虹挂饰,飞虹挂饰,human_robot_icon_atlas_0,42608004,42608050,
808000045,42688045,0,0,8,8,0,迷宫装备,,,飞虹挂饰,飞虹挂饰,human_robot_icon_atlas_0,42608004,42608050,
808000046,42688046,0,0,8,8,0,迷宫装备,,,飞虹挂饰,飞虹挂饰,human_robot_icon_atlas_0,42608004,42608050,
808000047,42688047,0,0,8,8,0,迷宫装备,,,飞虹挂饰,飞虹挂饰,human_robot_icon_atlas_0,42608004,42608050,
808000048,42688048,0,0,8,8,0,迷宫装备,,,飞虹挂饰,飞虹挂饰,human_robot_icon_atlas_0,42608004,42608050,
808000049,42688049,0,0,8,8,0,迷宫装备,,,飞虹挂饰,飞虹挂饰,human_robot_icon_atlas_0,42608004,42608050,
808000050,42688050,0,0,8,8,0,迷宫装备,,,飞虹挂饰,飞虹挂饰,human_robot_icon_atlas_0,42608004,42608050,
808000051,42688051,0,0,8,8,0,迷宫装备,,,紫金挂饰,紫金挂饰,human_robot_icon_atlas_0,42608004,42608060,
808000052,42688052,0,0,8,8,0,迷宫装备,,,紫金挂饰,紫金挂饰,human_robot_icon_atlas_0,42608004,42608060,
808000053,42688053,0,0,8,8,0,迷宫装备,,,紫金挂饰,紫金挂饰,human_robot_icon_atlas_0,42608004,42608060,
808000054,42688054,0,0,8,8,0,迷宫装备,,,紫金挂饰,紫金挂饰,human_robot_icon_atlas_0,42608004,42608060,
808000055,42688055,0,0,8,8,0,迷宫装备,,,紫金挂饰,紫金挂饰,human_robot_icon_atlas_0,42608004,42608060,
808000056,42688056,0,0,8,8,0,迷宫装备,,,紫金挂饰,紫金挂饰,human_robot_icon_atlas_0,42608004,42608060,
808000057,42688057,0,0,8,8,0,迷宫装备,,,紫金挂饰,紫金挂饰,human_robot_icon_atlas_0,42608004,42608060,
808000058,42688058,0,0,8,8,0,迷宫装备,,,紫金挂饰,紫金挂饰,human_robot_icon_atlas_0,42608004,42608060,
808000059,42688059,0,0,8,8,0,迷宫装备,,,紫金挂饰,紫金挂饰,human_robot_icon_atlas_0,42608004,42608060,
808000060,42688060,0,0,8,8,0,迷宫装备,,,紫金挂饰,紫金挂饰,human_robot_icon_atlas_0,42608004,42608060,
808000061,42688061,0,0,8,8,0,迷宫装备,,,巨神挂饰,巨神挂饰,human_robot_icon_atlas_0,42608004,42608070,
808000062,42688062,0,0,8,8,0,迷宫装备,,,巨神挂饰,巨神挂饰,human_robot_icon_atlas_0,42608004,42608070,
808000063,42688063,0,0,8,8,0,迷宫装备,,,巨神挂饰,巨神挂饰,human_robot_icon_atlas_0,42608004,42608070,
808000064,42688064,0,0,8,8,0,迷宫装备,,,巨神挂饰,巨神挂饰,human_robot_icon_atlas_0,42608004,42608070,
808000065,42688065,0,0,8,8,0,迷宫装备,,,巨神挂饰,巨神挂饰,human_robot_icon_atlas_0,42608004,42608070,
808000066,42688066,0,0,8,8,0,迷宫装备,,,巨神挂饰,巨神挂饰,human_robot_icon_atlas_0,42608004,42608070,
808000067,42688067,0,0,8,8,0,迷宫装备,,,巨神挂饰,巨神挂饰,human_robot_icon_atlas_0,42608004,42608070,
808000068,42688068,0,0,8,8,0,迷宫装备,,,巨神挂饰,巨神挂饰,human_robot_icon_atlas_0,42608004,42608070,
808000069,42688069,0,0,8,8,0,迷宫装备,,,巨神挂饰,巨神挂饰,human_robot_icon_atlas_0,42608004,42608070,
808000070,42688070,0,0,8,8,0,迷宫装备,,,巨神挂饰,巨神挂饰,human_robot_icon_atlas_0,42608004,42608070,
808000071,42688071,0,0,8,8,0,迷宫装备,,,天罡挂饰,天罡挂饰,human_robot_icon_atlas_0,42608004,42608080,
808000072,42688072,0,0,8,8,0,迷宫装备,,,天罡挂饰,天罡挂饰,human_robot_icon_atlas_0,42608004,42608080,
808000073,42688073,0,0,8,8,0,迷宫装备,,,天罡挂饰,天罡挂饰,human_robot_icon_atlas_0,42608004,42608080,
808000074,42688074,0,0,8,8,0,迷宫装备,,,天罡挂饰,天罡挂饰,human_robot_icon_atlas_0,42608004,42608080,
808000075,42688075,0,0,8,8,0,迷宫装备,,,天罡挂饰,天罡挂饰,human_robot_icon_atlas_0,42608004,42608080,
808000076,42688076,0,0,8,8,0,迷宫装备,,,天罡挂饰,天罡挂饰,human_robot_icon_atlas_0,42608004,42608080,
808000077,42688077,0,0,8,8,0,迷宫装备,,,天罡挂饰,天罡挂饰,human_robot_icon_atlas_0,42608004,42608080,
808000078,42688078,0,0,8,8,0,迷宫装备,,,天罡挂饰,天罡挂饰,human_robot_icon_atlas_0,42608004,42608080,
808000079,42688079,0,0,8,8,0,迷宫装备,,,天罡挂饰,天罡挂饰,human_robot_icon_atlas_0,42608004,42608080,
808000080,42688080,0,0,8,8,0,迷宫装备,,,天罡挂饰,天罡挂饰,human_robot_icon_atlas_0,42608004,42608080,
808000081,42688081,0,0,8,8,0,迷宫装备,,,雷神挂饰,雷神挂饰,human_robot_icon_atlas_0,42608004,42608090,
808000082,42688082,0,0,8,8,0,迷宫装备,,,雷神挂饰,雷神挂饰,human_robot_icon_atlas_0,42608004,42608090,
808000083,42688083,0,0,8,8,0,迷宫装备,,,雷神挂饰,雷神挂饰,human_robot_icon_atlas_0,42608004,42608090,
808000084,42688084,0,0,8,8,0,迷宫装备,,,雷神挂饰,雷神挂饰,human_robot_icon_atlas_0,42608004,42608090,
808000085,42688085,0,0,8,8,0,迷宫装备,,,雷神挂饰,雷神挂饰,human_robot_icon_atlas_0,42608004,42608090,
808000086,42688086,0,0,8,8,0,迷宫装备,,,雷神挂饰,雷神挂饰,human_robot_icon_atlas_0,42608004,42608090,
808000087,42688087,0,0,8,8,0,迷宫装备,,,雷神挂饰,雷神挂饰,human_robot_icon_atlas_0,42608004,42608090,
808000088,42688088,0,0,8,8,0,迷宫装备,,,雷神挂饰,雷神挂饰,human_robot_icon_atlas_0,42608004,42608090,
808000089,42688089,0,0,8,8,0,迷宫装备,,,雷神挂饰,雷神挂饰,human_robot_icon_atlas_0,42608004,42608090,
808000090,42688090,0,0,8,8,0,迷宫装备,,,雷神挂饰,雷神挂饰,human_robot_icon_atlas_0,42608004,42608090,
808000091,42688091,0,0,8,8,0,迷宫装备,,,狮吼挂饰,狮吼挂饰,human_robot_icon_atlas_0,42608004,42608100,
808000092,42688092,0,0,8,8,0,迷宫装备,,,狮吼挂饰,狮吼挂饰,human_robot_icon_atlas_0,42608004,42608100,
808000093,42688093,0,0,8,8,0,迷宫装备,,,狮吼挂饰,狮吼挂饰,human_robot_icon_atlas_0,42608004,42608100,
808000094,42688094,0,0,8,8,0,迷宫装备,,,狮吼挂饰,狮吼挂饰,human_robot_icon_atlas_0,42608004,42608100,
808000095,42688095,0,0,8,8,0,迷宫装备,,,狮吼挂饰,狮吼挂饰,human_robot_icon_atlas_0,42608004,42608100,
808000096,42688096,0,0,8,8,0,迷宫装备,,,狮吼挂饰,狮吼挂饰,human_robot_icon_atlas_0,42608004,42608100,
808000097,42688097,0,0,8,8,0,迷宫装备,,,狮吼挂饰,狮吼挂饰,human_robot_icon_atlas_0,42608004,42608100,
808000098,42688098,0,0,8,8,0,迷宫装备,,,狮吼挂饰,狮吼挂饰,human_robot_icon_atlas_0,42608004,42608100,
808000099,42688099,0,0,8,8,0,迷宫装备,,,狮吼挂饰,狮吼挂饰,human_robot_icon_atlas_0,42608004,42608100,
808000100,42688100,0,0,8,8,0,迷宫装备,,,狮吼挂饰,狮吼挂饰,human_robot_icon_atlas_0,42608004,42608100,
808000101,42688101,0,0,8,8,0,迷宫装备,,,灵蛇挂饰,灵蛇挂饰,human_robot_icon_atlas_0,42608004,42608110,
808000102,42688102,0,0,8,8,0,迷宫装备,,,灵蛇挂饰,灵蛇挂饰,human_robot_icon_atlas_0,42608004,42608110,
808000103,42688103,0,0,8,8,0,迷宫装备,,,灵蛇挂饰,灵蛇挂饰,human_robot_icon_atlas_0,42608004,42608110,
808000104,42688104,0,0,8,8,0,迷宫装备,,,灵蛇挂饰,灵蛇挂饰,human_robot_icon_atlas_0,42608004,42608110,
808000105,42688105,0,0,8,8,0,迷宫装备,,,灵蛇挂饰,灵蛇挂饰,human_robot_icon_atlas_0,42608004,42608110,
808000106,42688106,0,0,8,8,0,迷宫装备,,,灵蛇挂饰,灵蛇挂饰,human_robot_icon_atlas_0,42608004,42608110,
808000107,42688107,0,0,8,8,0,迷宫装备,,,灵蛇挂饰,灵蛇挂饰,human_robot_icon_atlas_0,42608004,42608110,
808000108,42688108,0,0,8,8,0,迷宫装备,,,灵蛇挂饰,灵蛇挂饰,human_robot_icon_atlas_0,42608004,42608110,
808000109,42688109,0,0,8,8,0,迷宫装备,,,灵蛇挂饰,灵蛇挂饰,human_robot_icon_atlas_0,42608004,42608110,
808000110,42688110,0,0,8,8,0,迷宫装备,,,灵蛇挂饰,灵蛇挂饰,human_robot_icon_atlas_0,42608004,42608110,
808000111,42688111,0,0,8,8,0,迷宫装备,,,朱雀挂饰,朱雀挂饰,human_robot_icon_atlas_0,42608004,42608120,
808000112,42688112,0,0,8,8,0,迷宫装备,,,朱雀挂饰,朱雀挂饰,human_robot_icon_atlas_0,42608004,42608120,
808000113,42688113,0,0,8,8,0,迷宫装备,,,朱雀挂饰,朱雀挂饰,human_robot_icon_atlas_0,42608004,42608120,
808000114,42688114,0,0,8,8,0,迷宫装备,,,朱雀挂饰,朱雀挂饰,human_robot_icon_atlas_0,42608004,42608120,
808000115,42688115,0,0,8,8,0,迷宫装备,,,朱雀挂饰,朱雀挂饰,human_robot_icon_atlas_0,42608004,42608120,
808000116,42688116,0,0,8,8,0,迷宫装备,,,朱雀挂饰,朱雀挂饰,human_robot_icon_atlas_0,42608004,42608120,
808000117,42688117,0,0,8,8,0,迷宫装备,,,朱雀挂饰,朱雀挂饰,human_robot_icon_atlas_0,42608004,42608120,
808000118,42688118,0,0,8,8,0,迷宫装备,,,朱雀挂饰,朱雀挂饰,human_robot_icon_atlas_0,42608004,42608120,
808000119,42688119,0,0,8,8,0,迷宫装备,,,朱雀挂饰,朱雀挂饰,human_robot_icon_atlas_0,42608004,42608120,
808000120,42688120,0,0,8,8,0,迷宫装备,,,朱雀挂饰,朱雀挂饰,human_robot_icon_atlas_0,42608004,42608120,
808000121,42688121,0,0,8,8,0,迷宫装备,,,龙形挂饰,龙形挂饰,human_robot_icon_atlas_0,42608004,42608130,
808000122,42688122,0,0,8,8,0,迷宫装备,,,龙形挂饰,龙形挂饰,human_robot_icon_atlas_0,42608004,42608130,
808000123,42688123,0,0,8,8,0,迷宫装备,,,龙形挂饰,龙形挂饰,human_robot_icon_atlas_0,42608004,42608130,
808000124,42688124,0,0,8,8,0,迷宫装备,,,龙形挂饰,龙形挂饰,human_robot_icon_atlas_0,42608004,42608130,
808000125,42688125,0,0,8,8,0,迷宫装备,,,龙形挂饰,龙形挂饰,human_robot_icon_atlas_0,42608004,42608130,
808000126,42688126,0,0,8,8,0,迷宫装备,,,龙形挂饰,龙形挂饰,human_robot_icon_atlas_0,42608004,42608130,
808000127,42688127,0,0,8,8,0,迷宫装备,,,龙形挂饰,龙形挂饰,human_robot_icon_atlas_0,42608004,42608130,
808000128,42688128,0,0,8,8,0,迷宫装备,,,龙形挂饰,龙形挂饰,human_robot_icon_atlas_0,42608004,42608130,
808000129,42688129,0,0,8,8,0,迷宫装备,,,龙形挂饰,龙形挂饰,human_robot_icon_atlas_0,42608004,42608130,
808000130,42688130,0,0,8,8,0,迷宫装备,,,龙形挂饰,龙形挂饰,human_robot_icon_atlas_0,42608004,42608130,
808000131,42688131,0,0,8,8,0,迷宫装备,,,龙王挂饰,龙王挂饰,human_robot_icon_atlas_0,42608004,42608140,
808000132,42688132,0,0,8,8,0,迷宫装备,,,龙王挂饰,龙王挂饰,human_robot_icon_atlas_0,42608004,42608140,
808000133,42688133,0,0,8,8,0,迷宫装备,,,龙王挂饰,龙王挂饰,human_robot_icon_atlas_0,42608004,42608140,
808000134,42688134,0,0,8,8,0,迷宫装备,,,龙王挂饰,龙王挂饰,human_robot_icon_atlas_0,42608004,42608140,
808000135,42688135,0,0,8,8,0,迷宫装备,,,龙王挂饰,龙王挂饰,human_robot_icon_atlas_0,42608004,42608140,
808000136,42688136,0,0,8,8,0,迷宫装备,,,龙王挂饰,龙王挂饰,human_robot_icon_atlas_0,42608004,42608140,
808000137,42688137,0,0,8,8,0,迷宫装备,,,龙王挂饰,龙王挂饰,human_robot_icon_atlas_0,42608004,42608140,
808000138,42688138,0,0,8,8,0,迷宫装备,,,龙王挂饰,龙王挂饰,human_robot_icon_atlas_0,42608004,42608140,
808000139,42688139,0,0,8,8,0,迷宫装备,,,龙王挂饰,龙王挂饰,human_robot_icon_atlas_0,42608004,42608140,
808000140,42688140,0,0,8,8,0,迷宫装备,,,龙王挂饰,龙王挂饰,human_robot_icon_atlas_0,42608004,42608140,
808000141,42688141,0,0,8,8,0,迷宫装备,,,龙皇挂饰,龙皇挂饰,human_robot_icon_atlas_0,42608004,42608150,
808000142,42688142,0,0,8,8,0,迷宫装备,,,龙皇挂饰,龙皇挂饰,human_robot_icon_atlas_0,42608004,42608150,
808000143,42688143,0,0,8,8,0,迷宫装备,,,龙皇挂饰,龙皇挂饰,human_robot_icon_atlas_0,42608004,42608150,
808000144,42688144,0,0,8,8,0,迷宫装备,,,龙皇挂饰,龙皇挂饰,human_robot_icon_atlas_0,42608004,42608150,
808000145,42688145,0,0,8,8,0,迷宫装备,,,龙皇挂饰,龙皇挂饰,human_robot_icon_atlas_0,42608004,42608150,
808000146,42688146,0,0,8,8,0,迷宫装备,,,龙皇挂饰,龙皇挂饰,human_robot_icon_atlas_0,42608004,42608150,
808000147,42688147,0,0,8,8,0,迷宫装备,,,龙皇挂饰,龙皇挂饰,human_robot_icon_atlas_0,42608004,42608150,
808000148,42688148,0,0,8,8,0,迷宫装备,,,龙皇挂饰,龙皇挂饰,human_robot_icon_atlas_0,42608004,42608150,
808000149,42688149,0,0,8,8,0,迷宫装备,,,龙皇挂饰,龙皇挂饰,human_robot_icon_atlas_0,42608004,42608150,
808000150,42688150,0,0,8,8,0,迷宫装备,,,龙皇挂饰,龙皇挂饰,human_robot_icon_atlas_0,42608004,42608150,
808000151,42688151,0,0,8,8,0,迷宫装备,,,龙神挂饰,龙神挂饰,human_robot_icon_atlas_0,42608004,42608160,
808000152,42688152,0,0,8,8,0,迷宫装备,,,龙神挂饰,龙神挂饰,human_robot_icon_atlas_0,42608004,42608160,
808000153,42688153,0,0,8,8,0,迷宫装备,,,龙神挂饰,龙神挂饰,human_robot_icon_atlas_0,42608004,42608160,
808000154,42688154,0,0,8,8,0,迷宫装备,,,龙神挂饰,龙神挂饰,human_robot_icon_atlas_0,42608004,42608160,
808000155,42688155,0,0,8,8,0,迷宫装备,,,龙神挂饰,龙神挂饰,human_robot_icon_atlas_0,42608004,42608160,
808000156,42688156,0,0,8,8,0,迷宫装备,,,龙神挂饰,龙神挂饰,human_robot_icon_atlas_0,42608004,42608160,
808000157,42688157,0,0,8,8,0,迷宫装备,,,龙神挂饰,龙神挂饰,human_robot_icon_atlas_0,42608004,42608160,
808000158,42688158,0,0,8,8,0,迷宫装备,,,龙神挂饰,龙神挂饰,human_robot_icon_atlas_0,42608004,42608160,
808000159,42688159,0,0,8,8,0,迷宫装备,,,龙神挂饰,龙神挂饰,human_robot_icon_atlas_0,42608004,42608160,
808000160,42688160,0,0,8,8,0,迷宫装备,,,龙神挂饰,龙神挂饰,human_robot_icon_atlas_0,42608004,42608160,
