paipaiworld_config,Unnamed: 1,Unnamed: 2,Unnamed: 3,Unnamed: 4,Unnamed: 5,Unnamed: 6,Unnamed: 7,Unnamed: 8,Unnamed: 9,Unnamed: 10,Unnamed: 11,Unnamed: 12
INT_K,STRING,LIST<INT>_C_S,MAP<INT:LONG>_C_S,MAP<INT:LONG>_S,INT_S_C,LIST<INT>_C_S,MAP<INT:LONG>_C_S,MAP<INT:LONG>_S,INT_S_C,INT_S_C,INT_S_C,INT_S_C
id,desc2,award_equip,drop_exp_num,drop_item,add_kongfu,award_equip_first,drop_exp_num_first,drop_item_first,res_type,res_type_first,res_id,res_id_first
宝箱id,等级,装备奖励（非首次）,冒险等级:掉落经验数量（非首次）,宝箱掉落物品id：数量（非首次）,增加通关值,装备奖励（首次）,冒险等级:掉落经验数量（首次）,宝箱掉落物品id：数量（首次）,资源类型,资源类型（首次）,资源id,资源id（首次）
10001,测试宝箱,0,1:0_2:0_3:0_4:0_5:0_6:0_7:0_8:0_9:0_10:0_11:0_12:0_13:0_14:0_15:0_16:0_17:0_18:0_19:0_20:0_21:0_22:0_23:0_24:0_25:0_26:0_27:0_28:0_29:0_30:0_31:0_32:0_33:0_34:0_35:0_36:0_37:0_38:0_39:0_40:0_41:0_42:0_43:0_44:0_45:0_46:0_47:0_48:0_49:0_50:0_51:0_52:0_53:0_54:0_55:0_56:0_57:0_58:0_59:0_60:0_61:0_62:0_63:0_64:0_65:0_66:0_67:0_68:0_69:0_70:0_71:0_72:0_73:0_74:0_75:0_76:0_77:0_78:0_79:0_80:0_81:0_82:0_83:0_84:0_85:0_86:0_87:0_88:0_89:0_90:0_91:0_92:0_93:0_94:0_95:0_96:0_97:0_98:0_99:0_100:0_101:0_102:0_103:0_104:0_105:0_106:0_107:0_108:0_109:0_110:0_111:0_112:0_113:0_114:0_115:0_116:0_117:0_118:0_119:0_120:0_121:0_122:0_123:0_124:0_125:0_126:0_127:0_128:0_129:0_130:0_131:0_132:0_133:0_134:0_135:0_136:0_137:0_138:0_139:0_140:0_141:0_142:0_143:0_144:0_145:0_146:0_147:0_148:0_149:0_150:0_151:0_152:0_153:0_154:0_155:0_156:0_157:0_158:0_159:0_160:0,48300002:1_48300003:1_48300004:1_48300005:1_48300006:1,0,0,1:0_2:0_3:0_4:0_5:0_6:0_7:0_8:0_9:0_10:0_11:0_12:0_13:0_14:0_15:0_16:0_17:0_18:0_19:0_20:0_21:0_22:0_23:0_24:0_25:0_26:0_27:0_28:0_29:0_30:0_31:0_32:0_33:0_34:0_35:0_36:0_37:0_38:0_39:0_40:0_41:0_42:0_43:0_44:0_45:0_46:0_47:0_48:0_49:0_50:0_51:0_52:0_53:0_54:0_55:0_56:0_57:0_58:0_59:0_60:0_61:0_62:0_63:0_64:0_65:0_66:0_67:0_68:0_69:0_70:0_71:0_72:0_73:0_74:0_75:0_76:0_77:0_78:0_79:0_80:0_81:0_82:0_83:0_84:0_85:0_86:0_87:0_88:0_89:0_90:0_91:0_92:0_93:0_94:0_95:0_96:0_97:0_98:0_99:0_100:0_101:0_102:0_103:0_104:0_105:0_106:0_107:0_108:0_109:0_110:0_111:0_112:0_113:0_114:0_115:0_116:0_117:0_118:0_119:0_120:0_121:0_122:0_123:0_124:0_125:0_126:0_127:0_128:0_129:0_130:0_131:0_132:0_133:0_134:0_135:0_136:0_137:0_138:0_139:0_140:0_141:0_142:0_143:0_144:0_145:0_146:0_147:0_148:0_149:0_150:0_151:0_152:0_153:0_154:0_155:0_156:0_157:0_158:0_159:0_160:0,48300002:1_48300003:1_48300004:1_48300005:1_48300006:1,0,0,0,0
10002,测试宝箱,0,1:0_2:0_3:0_4:0_5:0_6:0_7:0_8:0_9:0_10:0_11:0_12:0_13:0_14:0_15:0_16:0_17:0_18:0_19:0_20:0_21:0_22:0_23:0_24:0_25:0_26:0_27:0_28:0_29:0_30:0_31:0_32:0_33:0_34:0_35:0_36:0_37:0_38:0_39:0_40:0_41:0_42:0_43:0_44:0_45:0_46:0_47:0_48:0_49:0_50:0_51:0_52:0_53:0_54:0_55:0_56:0_57:0_58:0_59:0_60:0_61:0_62:0_63:0_64:0_65:0_66:0_67:0_68:0_69:0_70:0_71:0_72:0_73:0_74:0_75:0_76:0_77:0_78:0_79:0_80:0_81:0_82:0_83:0_84:0_85:0_86:0_87:0_88:0_89:0_90:0_91:0_92:0_93:0_94:0_95:0_96:0_97:0_98:0_99:0_100:0_101:0_102:0_103:0_104:0_105:0_106:0_107:0_108:0_109:0_110:0_111:0_112:0_113:0_114:0_115:0_116:0_117:0_118:0_119:0_120:0_121:0_122:0_123:0_124:0_125:0_126:0_127:0_128:0_129:0_130:0_131:0_132:0_133:0_134:0_135:0_136:0_137:0_138:0_139:0_140:0_141:0_142:0_143:0_144:0_145:0_146:0_147:0_148:0_149:0_150:0_151:0_152:0_153:0_154:0_155:0_156:0_157:0_158:0_159:0_160:0,48300002:1_48300003:1_48300004:1_48300005:1_48300006:1,0,0,1:0_2:0_3:0_4:0_5:0_6:0_7:0_8:0_9:0_10:0_11:0_12:0_13:0_14:0_15:0_16:0_17:0_18:0_19:0_20:0_21:0_22:0_23:0_24:0_25:0_26:0_27:0_28:0_29:0_30:0_31:0_32:0_33:0_34:0_35:0_36:0_37:0_38:0_39:0_40:0_41:0_42:0_43:0_44:0_45:0_46:0_47:0_48:0_49:0_50:0_51:0_52:0_53:0_54:0_55:0_56:0_57:0_58:0_59:0_60:0_61:0_62:0_63:0_64:0_65:0_66:0_67:0_68:0_69:0_70:0_71:0_72:0_73:0_74:0_75:0_76:0_77:0_78:0_79:0_80:0_81:0_82:0_83:0_84:0_85:0_86:0_87:0_88:0_89:0_90:0_91:0_92:0_93:0_94:0_95:0_96:0_97:0_98:0_99:0_100:0_101:0_102:0_103:0_104:0_105:0_106:0_107:0_108:0_109:0_110:0_111:0_112:0_113:0_114:0_115:0_116:0_117:0_118:0_119:0_120:0_121:0_122:0_123:0_124:0_125:0_126:0_127:0_128:0_129:0_130:0_131:0_132:0_133:0_134:0_135:0_136:0_137:0_138:0_139:0_140:0_141:0_142:0_143:0_144:0_145:0_146:0_147:0_148:0_149:0_150:0_151:0_152:0_153:0_154:0_155:0_156:0_157:0_158:0_159:0_160:0,48300002:1_48300003:1_48300004:1_48300005:1_48300006:1,0,0,0,0
10003,测试宝箱,0,1:0_2:0_3:0_4:0_5:0_6:0_7:0_8:0_9:0_10:0_11:0_12:0_13:0_14:0_15:0_16:0_17:0_18:0_19:0_20:0_21:0_22:0_23:0_24:0_25:0_26:0_27:0_28:0_29:0_30:0_31:0_32:0_33:0_34:0_35:0_36:0_37:0_38:0_39:0_40:0_41:0_42:0_43:0_44:0_45:0_46:0_47:0_48:0_49:0_50:0_51:0_52:0_53:0_54:0_55:0_56:0_57:0_58:0_59:0_60:0_61:0_62:0_63:0_64:0_65:0_66:0_67:0_68:0_69:0_70:0_71:0_72:0_73:0_74:0_75:0_76:0_77:0_78:0_79:0_80:0_81:0_82:0_83:0_84:0_85:0_86:0_87:0_88:0_89:0_90:0_91:0_92:0_93:0_94:0_95:0_96:0_97:0_98:0_99:0_100:0_101:0_102:0_103:0_104:0_105:0_106:0_107:0_108:0_109:0_110:0_111:0_112:0_113:0_114:0_115:0_116:0_117:0_118:0_119:0_120:0_121:0_122:0_123:0_124:0_125:0_126:0_127:0_128:0_129:0_130:0_131:0_132:0_133:0_134:0_135:0_136:0_137:0_138:0_139:0_140:0_141:0_142:0_143:0_144:0_145:0_146:0_147:0_148:0_149:0_150:0_151:0_152:0_153:0_154:0_155:0_156:0_157:0_158:0_159:0_160:0,48300002:1_48300003:1_48300004:1_48300005:1_48300006:1,0,0,1:0_2:0_3:0_4:0_5:0_6:0_7:0_8:0_9:0_10:0_11:0_12:0_13:0_14:0_15:0_16:0_17:0_18:0_19:0_20:0_21:0_22:0_23:0_24:0_25:0_26:0_27:0_28:0_29:0_30:0_31:0_32:0_33:0_34:0_35:0_36:0_37:0_38:0_39:0_40:0_41:0_42:0_43:0_44:0_45:0_46:0_47:0_48:0_49:0_50:0_51:0_52:0_53:0_54:0_55:0_56:0_57:0_58:0_59:0_60:0_61:0_62:0_63:0_64:0_65:0_66:0_67:0_68:0_69:0_70:0_71:0_72:0_73:0_74:0_75:0_76:0_77:0_78:0_79:0_80:0_81:0_82:0_83:0_84:0_85:0_86:0_87:0_88:0_89:0_90:0_91:0_92:0_93:0_94:0_95:0_96:0_97:0_98:0_99:0_100:0_101:0_102:0_103:0_104:0_105:0_106:0_107:0_108:0_109:0_110:0_111:0_112:0_113:0_114:0_115:0_116:0_117:0_118:0_119:0_120:0_121:0_122:0_123:0_124:0_125:0_126:0_127:0_128:0_129:0_130:0_131:0_132:0_133:0_134:0_135:0_136:0_137:0_138:0_139:0_140:0_141:0_142:0_143:0_144:0_145:0_146:0_147:0_148:0_149:0_150:0_151:0_152:0_153:0_154:0_155:0_156:0_157:0_158:0_159:0_160:0,48300002:1_48300003:1_48300004:1_48300005:1_48300006:1,0,0,0,0
10004,测试宝箱,0,1:0_2:0_3:0_4:0_5:0_6:0_7:0_8:0_9:0_10:0_11:0_12:0_13:0_14:0_15:0_16:0_17:0_18:0_19:0_20:0_21:0_22:0_23:0_24:0_25:0_26:0_27:0_28:0_29:0_30:0_31:0_32:0_33:0_34:0_35:0_36:0_37:0_38:0_39:0_40:0_41:0_42:0_43:0_44:0_45:0_46:0_47:0_48:0_49:0_50:0_51:0_52:0_53:0_54:0_55:0_56:0_57:0_58:0_59:0_60:0_61:0_62:0_63:0_64:0_65:0_66:0_67:0_68:0_69:0_70:0_71:0_72:0_73:0_74:0_75:0_76:0_77:0_78:0_79:0_80:0_81:0_82:0_83:0_84:0_85:0_86:0_87:0_88:0_89:0_90:0_91:0_92:0_93:0_94:0_95:0_96:0_97:0_98:0_99:0_100:0_101:0_102:0_103:0_104:0_105:0_106:0_107:0_108:0_109:0_110:0_111:0_112:0_113:0_114:0_115:0_116:0_117:0_118:0_119:0_120:0_121:0_122:0_123:0_124:0_125:0_126:0_127:0_128:0_129:0_130:0_131:0_132:0_133:0_134:0_135:0_136:0_137:0_138:0_139:0_140:0_141:0_142:0_143:0_144:0_145:0_146:0_147:0_148:0_149:0_150:0_151:0_152:0_153:0_154:0_155:0_156:0_157:0_158:0_159:0_160:0,48300002:1_48300003:1_48300004:1_48300005:1_48300006:1,0,0,1:0_2:0_3:0_4:0_5:0_6:0_7:0_8:0_9:0_10:0_11:0_12:0_13:0_14:0_15:0_16:0_17:0_18:0_19:0_20:0_21:0_22:0_23:0_24:0_25:0_26:0_27:0_28:0_29:0_30:0_31:0_32:0_33:0_34:0_35:0_36:0_37:0_38:0_39:0_40:0_41:0_42:0_43:0_44:0_45:0_46:0_47:0_48:0_49:0_50:0_51:0_52:0_53:0_54:0_55:0_56:0_57:0_58:0_59:0_60:0_61:0_62:0_63:0_64:0_65:0_66:0_67:0_68:0_69:0_70:0_71:0_72:0_73:0_74:0_75:0_76:0_77:0_78:0_79:0_80:0_81:0_82:0_83:0_84:0_85:0_86:0_87:0_88:0_89:0_90:0_91:0_92:0_93:0_94:0_95:0_96:0_97:0_98:0_99:0_100:0_101:0_102:0_103:0_104:0_105:0_106:0_107:0_108:0_109:0_110:0_111:0_112:0_113:0_114:0_115:0_116:0_117:0_118:0_119:0_120:0_121:0_122:0_123:0_124:0_125:0_126:0_127:0_128:0_129:0_130:0_131:0_132:0_133:0_134:0_135:0_136:0_137:0_138:0_139:0_140:0_141:0_142:0_143:0_144:0_145:0_146:0_147:0_148:0_149:0_150:0_151:0_152:0_153:0_154:0_155:0_156:0_157:0_158:0_159:0_160:0,48300002:1_48300003:1_48300004:1_48300005:1_48300006:1,0,0,0,0
10005,测试宝箱,0,1:0_2:0_3:0_4:0_5:0_6:0_7:0_8:0_9:0_10:0_11:0_12:0_13:0_14:0_15:0_16:0_17:0_18:0_19:0_20:0_21:0_22:0_23:0_24:0_25:0_26:0_27:0_28:0_29:0_30:0_31:0_32:0_33:0_34:0_35:0_36:0_37:0_38:0_39:0_40:0_41:0_42:0_43:0_44:0_45:0_46:0_47:0_48:0_49:0_50:0_51:0_52:0_53:0_54:0_55:0_56:0_57:0_58:0_59:0_60:0_61:0_62:0_63:0_64:0_65:0_66:0_67:0_68:0_69:0_70:0_71:0_72:0_73:0_74:0_75:0_76:0_77:0_78:0_79:0_80:0_81:0_82:0_83:0_84:0_85:0_86:0_87:0_88:0_89:0_90:0_91:0_92:0_93:0_94:0_95:0_96:0_97:0_98:0_99:0_100:0_101:0_102:0_103:0_104:0_105:0_106:0_107:0_108:0_109:0_110:0_111:0_112:0_113:0_114:0_115:0_116:0_117:0_118:0_119:0_120:0_121:0_122:0_123:0_124:0_125:0_126:0_127:0_128:0_129:0_130:0_131:0_132:0_133:0_134:0_135:0_136:0_137:0_138:0_139:0_140:0_141:0_142:0_143:0_144:0_145:0_146:0_147:0_148:0_149:0_150:0_151:0_152:0_153:0_154:0_155:0_156:0_157:0_158:0_159:0_160:0,48300002:1_48300003:1_48300004:1_48300005:1_48300006:1,0,0,1:0_2:0_3:0_4:0_5:0_6:0_7:0_8:0_9:0_10:0_11:0_12:0_13:0_14:0_15:0_16:0_17:0_18:0_19:0_20:0_21:0_22:0_23:0_24:0_25:0_26:0_27:0_28:0_29:0_30:0_31:0_32:0_33:0_34:0_35:0_36:0_37:0_38:0_39:0_40:0_41:0_42:0_43:0_44:0_45:0_46:0_47:0_48:0_49:0_50:0_51:0_52:0_53:0_54:0_55:0_56:0_57:0_58:0_59:0_60:0_61:0_62:0_63:0_64:0_65:0_66:0_67:0_68:0_69:0_70:0_71:0_72:0_73:0_74:0_75:0_76:0_77:0_78:0_79:0_80:0_81:0_82:0_83:0_84:0_85:0_86:0_87:0_88:0_89:0_90:0_91:0_92:0_93:0_94:0_95:0_96:0_97:0_98:0_99:0_100:0_101:0_102:0_103:0_104:0_105:0_106:0_107:0_108:0_109:0_110:0_111:0_112:0_113:0_114:0_115:0_116:0_117:0_118:0_119:0_120:0_121:0_122:0_123:0_124:0_125:0_126:0_127:0_128:0_129:0_130:0_131:0_132:0_133:0_134:0_135:0_136:0_137:0_138:0_139:0_140:0_141:0_142:0_143:0_144:0_145:0_146:0_147:0_148:0_149:0_150:0_151:0_152:0_153:0_154:0_155:0_156:0_157:0_158:0_159:0_160:0,48300002:1_48300003:1_48300004:1_48300005:1_48300006:1,0,0,0,0
10006,测试宝箱,0,1:0_2:0_3:0_4:0_5:0_6:0_7:0_8:0_9:0_10:0_11:0_12:0_13:0_14:0_15:0_16:0_17:0_18:0_19:0_20:0_21:0_22:0_23:0_24:0_25:0_26:0_27:0_28:0_29:0_30:0_31:0_32:0_33:0_34:0_35:0_36:0_37:0_38:0_39:0_40:0_41:0_42:0_43:0_44:0_45:0_46:0_47:0_48:0_49:0_50:0_51:0_52:0_53:0_54:0_55:0_56:0_57:0_58:0_59:0_60:0_61:0_62:0_63:0_64:0_65:0_66:0_67:0_68:0_69:0_70:0_71:0_72:0_73:0_74:0_75:0_76:0_77:0_78:0_79:0_80:0_81:0_82:0_83:0_84:0_85:0_86:0_87:0_88:0_89:0_90:0_91:0_92:0_93:0_94:0_95:0_96:0_97:0_98:0_99:0_100:0_101:0_102:0_103:0_104:0_105:0_106:0_107:0_108:0_109:0_110:0_111:0_112:0_113:0_114:0_115:0_116:0_117:0_118:0_119:0_120:0_121:0_122:0_123:0_124:0_125:0_126:0_127:0_128:0_129:0_130:0_131:0_132:0_133:0_134:0_135:0_136:0_137:0_138:0_139:0_140:0_141:0_142:0_143:0_144:0_145:0_146:0_147:0_148:0_149:0_150:0_151:0_152:0_153:0_154:0_155:0_156:0_157:0_158:0_159:0_160:0,48300002:1_48300003:1_48300004:1_48300005:1_48300006:1,0,0,1:0_2:0_3:0_4:0_5:0_6:0_7:0_8:0_9:0_10:0_11:0_12:0_13:0_14:0_15:0_16:0_17:0_18:0_19:0_20:0_21:0_22:0_23:0_24:0_25:0_26:0_27:0_28:0_29:0_30:0_31:0_32:0_33:0_34:0_35:0_36:0_37:0_38:0_39:0_40:0_41:0_42:0_43:0_44:0_45:0_46:0_47:0_48:0_49:0_50:0_51:0_52:0_53:0_54:0_55:0_56:0_57:0_58:0_59:0_60:0_61:0_62:0_63:0_64:0_65:0_66:0_67:0_68:0_69:0_70:0_71:0_72:0_73:0_74:0_75:0_76:0_77:0_78:0_79:0_80:0_81:0_82:0_83:0_84:0_85:0_86:0_87:0_88:0_89:0_90:0_91:0_92:0_93:0_94:0_95:0_96:0_97:0_98:0_99:0_100:0_101:0_102:0_103:0_104:0_105:0_106:0_107:0_108:0_109:0_110:0_111:0_112:0_113:0_114:0_115:0_116:0_117:0_118:0_119:0_120:0_121:0_122:0_123:0_124:0_125:0_126:0_127:0_128:0_129:0_130:0_131:0_132:0_133:0_134:0_135:0_136:0_137:0_138:0_139:0_140:0_141:0_142:0_143:0_144:0_145:0_146:0_147:0_148:0_149:0_150:0_151:0_152:0_153:0_154:0_155:0_156:0_157:0_158:0_159:0_160:0,48300002:1_48300003:1_48300004:1_48300005:1_48300006:1,0,0,0,0
10007,测试宝箱,0,1:0_2:0_3:0_4:0_5:0_6:0_7:0_8:0_9:0_10:0_11:0_12:0_13:0_14:0_15:0_16:0_17:0_18:0_19:0_20:0_21:0_22:0_23:0_24:0_25:0_26:0_27:0_28:0_29:0_30:0_31:0_32:0_33:0_34:0_35:0_36:0_37:0_38:0_39:0_40:0_41:0_42:0_43:0_44:0_45:0_46:0_47:0_48:0_49:0_50:0_51:0_52:0_53:0_54:0_55:0_56:0_57:0_58:0_59:0_60:0_61:0_62:0_63:0_64:0_65:0_66:0_67:0_68:0_69:0_70:0_71:0_72:0_73:0_74:0_75:0_76:0_77:0_78:0_79:0_80:0_81:0_82:0_83:0_84:0_85:0_86:0_87:0_88:0_89:0_90:0_91:0_92:0_93:0_94:0_95:0_96:0_97:0_98:0_99:0_100:0_101:0_102:0_103:0_104:0_105:0_106:0_107:0_108:0_109:0_110:0_111:0_112:0_113:0_114:0_115:0_116:0_117:0_118:0_119:0_120:0_121:0_122:0_123:0_124:0_125:0_126:0_127:0_128:0_129:0_130:0_131:0_132:0_133:0_134:0_135:0_136:0_137:0_138:0_139:0_140:0_141:0_142:0_143:0_144:0_145:0_146:0_147:0_148:0_149:0_150:0_151:0_152:0_153:0_154:0_155:0_156:0_157:0_158:0_159:0_160:0,48300002:1_48300003:1_48300004:1_48300005:1_48300006:1,0,0,1:0_2:0_3:0_4:0_5:0_6:0_7:0_8:0_9:0_10:0_11:0_12:0_13:0_14:0_15:0_16:0_17:0_18:0_19:0_20:0_21:0_22:0_23:0_24:0_25:0_26:0_27:0_28:0_29:0_30:0_31:0_32:0_33:0_34:0_35:0_36:0_37:0_38:0_39:0_40:0_41:0_42:0_43:0_44:0_45:0_46:0_47:0_48:0_49:0_50:0_51:0_52:0_53:0_54:0_55:0_56:0_57:0_58:0_59:0_60:0_61:0_62:0_63:0_64:0_65:0_66:0_67:0_68:0_69:0_70:0_71:0_72:0_73:0_74:0_75:0_76:0_77:0_78:0_79:0_80:0_81:0_82:0_83:0_84:0_85:0_86:0_87:0_88:0_89:0_90:0_91:0_92:0_93:0_94:0_95:0_96:0_97:0_98:0_99:0_100:0_101:0_102:0_103:0_104:0_105:0_106:0_107:0_108:0_109:0_110:0_111:0_112:0_113:0_114:0_115:0_116:0_117:0_118:0_119:0_120:0_121:0_122:0_123:0_124:0_125:0_126:0_127:0_128:0_129:0_130:0_131:0_132:0_133:0_134:0_135:0_136:0_137:0_138:0_139:0_140:0_141:0_142:0_143:0_144:0_145:0_146:0_147:0_148:0_149:0_150:0_151:0_152:0_153:0_154:0_155:0_156:0_157:0_158:0_159:0_160:0,48300002:1_48300003:1_48300004:1_48300005:1_48300006:1,0,0,0,0
10008,测试宝箱,0,1:0_2:0_3:0_4:0_5:0_6:0_7:0_8:0_9:0_10:0_11:0_12:0_13:0_14:0_15:0_16:0_17:0_18:0_19:0_20:0_21:0_22:0_23:0_24:0_25:0_26:0_27:0_28:0_29:0_30:0_31:0_32:0_33:0_34:0_35:0_36:0_37:0_38:0_39:0_40:0_41:0_42:0_43:0_44:0_45:0_46:0_47:0_48:0_49:0_50:0_51:0_52:0_53:0_54:0_55:0_56:0_57:0_58:0_59:0_60:0_61:0_62:0_63:0_64:0_65:0_66:0_67:0_68:0_69:0_70:0_71:0_72:0_73:0_74:0_75:0_76:0_77:0_78:0_79:0_80:0_81:0_82:0_83:0_84:0_85:0_86:0_87:0_88:0_89:0_90:0_91:0_92:0_93:0_94:0_95:0_96:0_97:0_98:0_99:0_100:0_101:0_102:0_103:0_104:0_105:0_106:0_107:0_108:0_109:0_110:0_111:0_112:0_113:0_114:0_115:0_116:0_117:0_118:0_119:0_120:0_121:0_122:0_123:0_124:0_125:0_126:0_127:0_128:0_129:0_130:0_131:0_132:0_133:0_134:0_135:0_136:0_137:0_138:0_139:0_140:0_141:0_142:0_143:0_144:0_145:0_146:0_147:0_148:0_149:0_150:0_151:0_152:0_153:0_154:0_155:0_156:0_157:0_158:0_159:0_160:0,48300002:1_48300003:1_48300004:1_48300005:1_48300006:1,0,0,1:0_2:0_3:0_4:0_5:0_6:0_7:0_8:0_9:0_10:0_11:0_12:0_13:0_14:0_15:0_16:0_17:0_18:0_19:0_20:0_21:0_22:0_23:0_24:0_25:0_26:0_27:0_28:0_29:0_30:0_31:0_32:0_33:0_34:0_35:0_36:0_37:0_38:0_39:0_40:0_41:0_42:0_43:0_44:0_45:0_46:0_47:0_48:0_49:0_50:0_51:0_52:0_53:0_54:0_55:0_56:0_57:0_58:0_59:0_60:0_61:0_62:0_63:0_64:0_65:0_66:0_67:0_68:0_69:0_70:0_71:0_72:0_73:0_74:0_75:0_76:0_77:0_78:0_79:0_80:0_81:0_82:0_83:0_84:0_85:0_86:0_87:0_88:0_89:0_90:0_91:0_92:0_93:0_94:0_95:0_96:0_97:0_98:0_99:0_100:0_101:0_102:0_103:0_104:0_105:0_106:0_107:0_108:0_109:0_110:0_111:0_112:0_113:0_114:0_115:0_116:0_117:0_118:0_119:0_120:0_121:0_122:0_123:0_124:0_125:0_126:0_127:0_128:0_129:0_130:0_131:0_132:0_133:0_134:0_135:0_136:0_137:0_138:0_139:0_140:0_141:0_142:0_143:0_144:0_145:0_146:0_147:0_148:0_149:0_150:0_151:0_152:0_153:0_154:0_155:0_156:0_157:0_158:0_159:0_160:0,48300002:1_48300003:1_48300004:1_48300005:1_48300006:1,0,0,0,0
10009,测试宝箱,0,1:0_2:0_3:0_4:0_5:0_6:0_7:0_8:0_9:0_10:0_11:0_12:0_13:0_14:0_15:0_16:0_17:0_18:0_19:0_20:0_21:0_22:0_23:0_24:0_25:0_26:0_27:0_28:0_29:0_30:0_31:0_32:0_33:0_34:0_35:0_36:0_37:0_38:0_39:0_40:0_41:0_42:0_43:0_44:0_45:0_46:0_47:0_48:0_49:0_50:0_51:0_52:0_53:0_54:0_55:0_56:0_57:0_58:0_59:0_60:0_61:0_62:0_63:0_64:0_65:0_66:0_67:0_68:0_69:0_70:0_71:0_72:0_73:0_74:0_75:0_76:0_77:0_78:0_79:0_80:0_81:0_82:0_83:0_84:0_85:0_86:0_87:0_88:0_89:0_90:0_91:0_92:0_93:0_94:0_95:0_96:0_97:0_98:0_99:0_100:0_101:0_102:0_103:0_104:0_105:0_106:0_107:0_108:0_109:0_110:0_111:0_112:0_113:0_114:0_115:0_116:0_117:0_118:0_119:0_120:0_121:0_122:0_123:0_124:0_125:0_126:0_127:0_128:0_129:0_130:0_131:0_132:0_133:0_134:0_135:0_136:0_137:0_138:0_139:0_140:0_141:0_142:0_143:0_144:0_145:0_146:0_147:0_148:0_149:0_150:0_151:0_152:0_153:0_154:0_155:0_156:0_157:0_158:0_159:0_160:0,48300002:1_48300003:1_48300004:1_48300005:1_48300006:1,0,0,1:0_2:0_3:0_4:0_5:0_6:0_7:0_8:0_9:0_10:0_11:0_12:0_13:0_14:0_15:0_16:0_17:0_18:0_19:0_20:0_21:0_22:0_23:0_24:0_25:0_26:0_27:0_28:0_29:0_30:0_31:0_32:0_33:0_34:0_35:0_36:0_37:0_38:0_39:0_40:0_41:0_42:0_43:0_44:0_45:0_46:0_47:0_48:0_49:0_50:0_51:0_52:0_53:0_54:0_55:0_56:0_57:0_58:0_59:0_60:0_61:0_62:0_63:0_64:0_65:0_66:0_67:0_68:0_69:0_70:0_71:0_72:0_73:0_74:0_75:0_76:0_77:0_78:0_79:0_80:0_81:0_82:0_83:0_84:0_85:0_86:0_87:0_88:0_89:0_90:0_91:0_92:0_93:0_94:0_95:0_96:0_97:0_98:0_99:0_100:0_101:0_102:0_103:0_104:0_105:0_106:0_107:0_108:0_109:0_110:0_111:0_112:0_113:0_114:0_115:0_116:0_117:0_118:0_119:0_120:0_121:0_122:0_123:0_124:0_125:0_126:0_127:0_128:0_129:0_130:0_131:0_132:0_133:0_134:0_135:0_136:0_137:0_138:0_139:0_140:0_141:0_142:0_143:0_144:0_145:0_146:0_147:0_148:0_149:0_150:0_151:0_152:0_153:0_154:0_155:0_156:0_157:0_158:0_159:0_160:0,48300002:1_48300003:1_48300004:1_48300005:1_48300006:1,0,0,0,0
10020,首通宝箱1,0,1:0_2:0_3:0_4:0_5:0_6:0_7:0_8:0_9:0_10:0_11:0_12:0_13:0_14:0_15:0_16:0_17:0_18:0_19:0_20:0_21:0_22:0_23:0_24:0_25:0_26:0_27:0_28:0_29:0_30:0_31:0_32:0_33:0_34:0_35:0_36:0_37:0_38:0_39:0_40:0_41:0_42:0_43:0_44:0_45:0_46:0_47:0_48:0_49:0_50:0_51:0_52:0_53:0_54:0_55:0_56:0_57:0_58:0_59:0_60:0_61:0_62:0_63:0_64:0_65:0_66:0_67:0_68:0_69:0_70:0_71:0_72:0_73:0_74:0_75:0_76:0_77:0_78:0_79:0_80:0_81:0_82:0_83:0_84:0_85:0_86:0_87:0_88:0_89:0_90:0_91:0_92:0_93:0_94:0_95:0_96:0_97:0_98:0_99:0_100:0_101:0_102:0_103:0_104:0_105:0_106:0_107:0_108:0_109:0_110:0_111:0_112:0_113:0_114:0_115:0_116:0_117:0_118:0_119:0_120:0_121:0_122:0_123:0_124:0_125:0_126:0_127:0_128:0_129:0_130:0_131:0_132:0_133:0_134:0_135:0_136:0_137:0_138:0_139:0_140:0_141:0_142:0_143:0_144:0_145:0_146:0_147:0_148:0_149:0_150:0_151:0_152:0_153:0_154:0_155:0_156:0_157:0_158:0_159:0_160:0,0:1,0,0,1:0_2:0_3:0_4:0_5:0_6:0_7:0_8:0_9:0_10:0_11:0_12:0_13:0_14:0_15:0_16:0_17:0_18:0_19:0_20:0_21:0_22:0_23:0_24:0_25:0_26:0_27:0_28:0_29:0_30:0_31:0_32:0_33:0_34:0_35:0_36:0_37:0_38:0_39:0_40:0_41:0_42:0_43:0_44:0_45:0_46:0_47:0_48:0_49:0_50:0_51:0_52:0_53:0_54:0_55:0_56:0_57:0_58:0_59:0_60:0_61:0_62:0_63:0_64:0_65:0_66:0_67:0_68:0_69:0_70:0_71:0_72:0_73:0_74:0_75:0_76:0_77:0_78:0_79:0_80:0_81:0_82:0_83:0_84:0_85:0_86:0_87:0_88:0_89:0_90:0_91:0_92:0_93:0_94:0_95:0_96:0_97:0_98:0_99:0_100:0_101:0_102:0_103:0_104:0_105:0_106:0_107:0_108:0_109:0_110:0_111:0_112:0_113:0_114:0_115:0_116:0_117:0_118:0_119:0_120:0_121:0_122:0_123:0_124:0_125:0_126:0_127:0_128:0_129:0_130:0_131:0_132:0_133:0_134:0_135:0_136:0_137:0_138:0_139:0_140:0_141:0_142:0_143:0_144:0_145:0_146:0_147:0_148:0_149:0_150:0_151:0_152:0_153:0_154:0_155:0_156:0_157:0_158:0_159:0_160:0,0:1,0,0,0,0
10010,通关宝箱1,0,1:0_2:0_3:0_4:0_5:0_6:0_7:0_8:0_9:0_10:0_11:0_12:0_13:0_14:0_15:0_16:0_17:0_18:0_19:0_20:0_21:0_22:0_23:0_24:0_25:0_26:0_27:0_28:0_29:0_30:0_31:0_32:0_33:0_34:0_35:0_36:0_37:0_38:0_39:0_40:0_41:0_42:0_43:0_44:0_45:0_46:0_47:0_48:0_49:0_50:0_51:0_52:0_53:0_54:0_55:0_56:0_57:0_58:0_59:0_60:0_61:0_62:0_63:0_64:0_65:0_66:0_67:0_68:0_69:0_70:0_71:0_72:0_73:0_74:0_75:0_76:0_77:0_78:0_79:0_80:0_81:0_82:0_83:0_84:0_85:0_86:0_87:0_88:0_89:0_90:0_91:0_92:0_93:0_94:0_95:0_96:0_97:0_98:0_99:0_100:0_101:0_102:0_103:0_104:0_105:0_106:0_107:0_108:0_109:0_110:0_111:0_112:0_113:0_114:0_115:0_116:0_117:0_118:0_119:0_120:0_121:0_122:0_123:0_124:0_125:0_126:0_127:0_128:0_129:0_130:0_131:0_132:0_133:0_134:0_135:0_136:0_137:0_138:0_139:0_140:0_141:0_142:0_143:0_144:0_145:0_146:0_147:0_148:0_149:0_150:0_151:0_152:0_153:0_154:0_155:0_156:0_157:0_158:0_159:0_160:0,0:1,0,0,1:0_2:0_3:0_4:0_5:0_6:0_7:0_8:0_9:0_10:0_11:0_12:0_13:0_14:0_15:0_16:0_17:0_18:0_19:0_20:0_21:0_22:0_23:0_24:0_25:0_26:0_27:0_28:0_29:0_30:0_31:0_32:0_33:0_34:0_35:0_36:0_37:0_38:0_39:0_40:0_41:0_42:0_43:0_44:0_45:0_46:0_47:0_48:0_49:0_50:0_51:0_52:0_53:0_54:0_55:0_56:0_57:0_58:0_59:0_60:0_61:0_62:0_63:0_64:0_65:0_66:0_67:0_68:0_69:0_70:0_71:0_72:0_73:0_74:0_75:0_76:0_77:0_78:0_79:0_80:0_81:0_82:0_83:0_84:0_85:0_86:0_87:0_88:0_89:0_90:0_91:0_92:0_93:0_94:0_95:0_96:0_97:0_98:0_99:0_100:0_101:0_102:0_103:0_104:0_105:0_106:0_107:0_108:0_109:0_110:0_111:0_112:0_113:0_114:0_115:0_116:0_117:0_118:0_119:0_120:0_121:0_122:0_123:0_124:0_125:0_126:0_127:0_128:0_129:0_130:0_131:0_132:0_133:0_134:0_135:0_136:0_137:0_138:0_139:0_140:0_141:0_142:0_143:0_144:0_145:0_146:0_147:0_148:0_149:0_150:0_151:0_152:0_153:0_154:0_155:0_156:0_157:0_158:0_159:0_160:0,0:1,0,0,0,0
10011,第1关武器,0,1:0_2:0_3:0_4:0_5:0_6:0_7:0_8:0_9:0_10:0_11:0_12:0_13:0_14:0_15:0_16:0_17:0_18:0_19:0_20:0_21:0_22:0_23:0_24:0_25:0_26:0_27:0_28:0_29:0_30:0_31:0_32:0_33:0_34:0_35:0_36:0_37:0_38:0_39:0_40:0_41:0_42:0_43:0_44:0_45:0_46:0_47:0_48:0_49:0_50:0_51:0_52:0_53:0_54:0_55:0_56:0_57:0_58:0_59:0_60:0_61:0_62:0_63:0_64:0_65:0_66:0_67:0_68:0_69:0_70:0_71:0_72:0_73:0_74:0_75:0_76:0_77:0_78:0_79:0_80:0_81:0_82:0_83:0_84:0_85:0_86:0_87:0_88:0_89:0_90:0_91:0_92:0_93:0_94:0_95:0_96:0_97:0_98:0_99:0_100:0_101:0_102:0_103:0_104:0_105:0_106:0_107:0_108:0_109:0_110:0_111:0_112:0_113:0_114:0_115:0_116:0_117:0_118:0_119:0_120:0_121:0_122:0_123:0_124:0_125:0_126:0_127:0_128:0_129:0_130:0_131:0_132:0_133:0_134:0_135:0_136:0_137:0_138:0_139:0_140:0_141:0_142:0_143:0_144:0_145:0_146:0_147:0_148:0_149:0_150:0_151:0_152:0_153:0_154:0_155:0_156:0_157:0_158:0_159:0_160:0,0:1,0,0,1:0_2:0_3:0_4:0_5:0_6:0_7:0_8:0_9:0_10:0_11:0_12:0_13:0_14:0_15:0_16:0_17:0_18:0_19:0_20:0_21:0_22:0_23:0_24:0_25:0_26:0_27:0_28:0_29:0_30:0_31:0_32:0_33:0_34:0_35:0_36:0_37:0_38:0_39:0_40:0_41:0_42:0_43:0_44:0_45:0_46:0_47:0_48:0_49:0_50:0_51:0_52:0_53:0_54:0_55:0_56:0_57:0_58:0_59:0_60:0_61:0_62:0_63:0_64:0_65:0_66:0_67:0_68:0_69:0_70:0_71:0_72:0_73:0_74:0_75:0_76:0_77:0_78:0_79:0_80:0_81:0_82:0_83:0_84:0_85:0_86:0_87:0_88:0_89:0_90:0_91:0_92:0_93:0_94:0_95:0_96:0_97:0_98:0_99:0_100:0_101:0_102:0_103:0_104:0_105:0_106:0_107:0_108:0_109:0_110:0_111:0_112:0_113:0_114:0_115:0_116:0_117:0_118:0_119:0_120:0_121:0_122:0_123:0_124:0_125:0_126:0_127:0_128:0_129:0_130:0_131:0_132:0_133:0_134:0_135:0_136:0_137:0_138:0_139:0_140:0_141:0_142:0_143:0_144:0_145:0_146:0_147:0_148:0_149:0_150:0_151:0_152:0_153:0_154:0_155:0_156:0_157:0_158:0_159:0_160:0,0:1,0,0,0,0
20020,首通宝箱2,0,1:0_2:0_3:0_4:0_5:0_6:0_7:0_8:0_9:0_10:0_11:0_12:0_13:0_14:0_15:0_16:0_17:0_18:0_19:0_20:0_21:0_22:0_23:0_24:0_25:0_26:0_27:0_28:0_29:0_30:0_31:0_32:0_33:0_34:0_35:0_36:0_37:0_38:0_39:0_40:0_41:0_42:0_43:0_44:0_45:0_46:0_47:0_48:0_49:0_50:0_51:0_52:0_53:0_54:0_55:0_56:0_57:0_58:0_59:0_60:0_61:0_62:0_63:0_64:0_65:0_66:0_67:0_68:0_69:0_70:0_71:0_72:0_73:0_74:0_75:0_76:0_77:0_78:0_79:0_80:0_81:0_82:0_83:0_84:0_85:0_86:0_87:0_88:0_89:0_90:0_91:0_92:0_93:0_94:0_95:0_96:0_97:0_98:0_99:0_100:0_101:0_102:0_103:0_104:0_105:0_106:0_107:0_108:0_109:0_110:0_111:0_112:0_113:0_114:0_115:0_116:0_117:0_118:0_119:0_120:0_121:0_122:0_123:0_124:0_125:0_126:0_127:0_128:0_129:0_130:0_131:0_132:0_133:0_134:0_135:0_136:0_137:0_138:0_139:0_140:0_141:0_142:0_143:0_144:0_145:0_146:0_147:0_148:0_149:0_150:0_151:0_152:0_153:0_154:0_155:0_156:0_157:0_158:0_159:0_160:0,0:1,0,0,1:0_2:0_3:0_4:0_5:0_6:0_7:0_8:0_9:0_10:0_11:0_12:0_13:0_14:0_15:0_16:0_17:0_18:0_19:0_20:0_21:0_22:0_23:0_24:0_25:0_26:0_27:0_28:0_29:0_30:0_31:0_32:0_33:0_34:0_35:0_36:0_37:0_38:0_39:0_40:0_41:0_42:0_43:0_44:0_45:0_46:0_47:0_48:0_49:0_50:0_51:0_52:0_53:0_54:0_55:0_56:0_57:0_58:0_59:0_60:0_61:0_62:0_63:0_64:0_65:0_66:0_67:0_68:0_69:0_70:0_71:0_72:0_73:0_74:0_75:0_76:0_77:0_78:0_79:0_80:0_81:0_82:0_83:0_84:0_85:0_86:0_87:0_88:0_89:0_90:0_91:0_92:0_93:0_94:0_95:0_96:0_97:0_98:0_99:0_100:0_101:0_102:0_103:0_104:0_105:0_106:0_107:0_108:0_109:0_110:0_111:0_112:0_113:0_114:0_115:0_116:0_117:0_118:0_119:0_120:0_121:0_122:0_123:0_124:0_125:0_126:0_127:0_128:0_129:0_130:0_131:0_132:0_133:0_134:0_135:0_136:0_137:0_138:0_139:0_140:0_141:0_142:0_143:0_144:0_145:0_146:0_147:0_148:0_149:0_150:0_151:0_152:0_153:0_154:0_155:0_156:0_157:0_158:0_159:0_160:0,0:1,0,0,0,0
20010,通关宝箱2,0,1:0_2:0_3:0_4:0_5:0_6:0_7:0_8:0_9:0_10:0_11:0_12:0_13:0_14:0_15:0_16:0_17:0_18:0_19:0_20:0_21:0_22:0_23:0_24:0_25:0_26:0_27:0_28:0_29:0_30:0_31:0_32:0_33:0_34:0_35:0_36:0_37:0_38:0_39:0_40:0_41:0_42:0_43:0_44:0_45:0_46:0_47:0_48:0_49:0_50:0_51:0_52:0_53:0_54:0_55:0_56:0_57:0_58:0_59:0_60:0_61:0_62:0_63:0_64:0_65:0_66:0_67:0_68:0_69:0_70:0_71:0_72:0_73:0_74:0_75:0_76:0_77:0_78:0_79:0_80:0_81:0_82:0_83:0_84:0_85:0_86:0_87:0_88:0_89:0_90:0_91:0_92:0_93:0_94:0_95:0_96:0_97:0_98:0_99:0_100:0_101:0_102:0_103:0_104:0_105:0_106:0_107:0_108:0_109:0_110:0_111:0_112:0_113:0_114:0_115:0_116:0_117:0_118:0_119:0_120:0_121:0_122:0_123:0_124:0_125:0_126:0_127:0_128:0_129:0_130:0_131:0_132:0_133:0_134:0_135:0_136:0_137:0_138:0_139:0_140:0_141:0_142:0_143:0_144:0_145:0_146:0_147:0_148:0_149:0_150:0_151:0_152:0_153:0_154:0_155:0_156:0_157:0_158:0_159:0_160:0,0:1,0,0,1:0_2:0_3:0_4:0_5:0_6:0_7:0_8:0_9:0_10:0_11:0_12:0_13:0_14:0_15:0_16:0_17:0_18:0_19:0_20:0_21:0_22:0_23:0_24:0_25:0_26:0_27:0_28:0_29:0_30:0_31:0_32:0_33:0_34:0_35:0_36:0_37:0_38:0_39:0_40:0_41:0_42:0_43:0_44:0_45:0_46:0_47:0_48:0_49:0_50:0_51:0_52:0_53:0_54:0_55:0_56:0_57:0_58:0_59:0_60:0_61:0_62:0_63:0_64:0_65:0_66:0_67:0_68:0_69:0_70:0_71:0_72:0_73:0_74:0_75:0_76:0_77:0_78:0_79:0_80:0_81:0_82:0_83:0_84:0_85:0_86:0_87:0_88:0_89:0_90:0_91:0_92:0_93:0_94:0_95:0_96:0_97:0_98:0_99:0_100:0_101:0_102:0_103:0_104:0_105:0_106:0_107:0_108:0_109:0_110:0_111:0_112:0_113:0_114:0_115:0_116:0_117:0_118:0_119:0_120:0_121:0_122:0_123:0_124:0_125:0_126:0_127:0_128:0_129:0_130:0_131:0_132:0_133:0_134:0_135:0_136:0_137:0_138:0_139:0_140:0_141:0_142:0_143:0_144:0_145:0_146:0_147:0_148:0_149:0_150:0_151:0_152:0_153:0_154:0_155:0_156:0_157:0_158:0_159:0_160:0,0:1,0,0,0,0
20001,第2关铠甲,0,1:0_2:0_3:0_4:0_5:0_6:0_7:0_8:0_9:0_10:0_11:0_12:0_13:0_14:0_15:0_16:0_17:0_18:0_19:0_20:0_21:0_22:0_23:0_24:0_25:0_26:0_27:0_28:0_29:0_30:0_31:0_32:0_33:0_34:0_35:0_36:0_37:0_38:0_39:0_40:0_41:0_42:0_43:0_44:0_45:0_46:0_47:0_48:0_49:0_50:0_51:0_52:0_53:0_54:0_55:0_56:0_57:0_58:0_59:0_60:0_61:0_62:0_63:0_64:0_65:0_66:0_67:0_68:0_69:0_70:0_71:0_72:0_73:0_74:0_75:0_76:0_77:0_78:0_79:0_80:0_81:0_82:0_83:0_84:0_85:0_86:0_87:0_88:0_89:0_90:0_91:0_92:0_93:0_94:0_95:0_96:0_97:0_98:0_99:0_100:0_101:0_102:0_103:0_104:0_105:0_106:0_107:0_108:0_109:0_110:0_111:0_112:0_113:0_114:0_115:0_116:0_117:0_118:0_119:0_120:0_121:0_122:0_123:0_124:0_125:0_126:0_127:0_128:0_129:0_130:0_131:0_132:0_133:0_134:0_135:0_136:0_137:0_138:0_139:0_140:0_141:0_142:0_143:0_144:0_145:0_146:0_147:0_148:0_149:0_150:0_151:0_152:0_153:0_154:0_155:0_156:0_157:0_158:0_159:0_160:0,0:1,0,0,1:0_2:0_3:0_4:0_5:0_6:0_7:0_8:0_9:0_10:0_11:0_12:0_13:0_14:0_15:0_16:0_17:0_18:0_19:0_20:0_21:0_22:0_23:0_24:0_25:0_26:0_27:0_28:0_29:0_30:0_31:0_32:0_33:0_34:0_35:0_36:0_37:0_38:0_39:0_40:0_41:0_42:0_43:0_44:0_45:0_46:0_47:0_48:0_49:0_50:0_51:0_52:0_53:0_54:0_55:0_56:0_57:0_58:0_59:0_60:0_61:0_62:0_63:0_64:0_65:0_66:0_67:0_68:0_69:0_70:0_71:0_72:0_73:0_74:0_75:0_76:0_77:0_78:0_79:0_80:0_81:0_82:0_83:0_84:0_85:0_86:0_87:0_88:0_89:0_90:0_91:0_92:0_93:0_94:0_95:0_96:0_97:0_98:0_99:0_100:0_101:0_102:0_103:0_104:0_105:0_106:0_107:0_108:0_109:0_110:0_111:0_112:0_113:0_114:0_115:0_116:0_117:0_118:0_119:0_120:0_121:0_122:0_123:0_124:0_125:0_126:0_127:0_128:0_129:0_130:0_131:0_132:0_133:0_134:0_135:0_136:0_137:0_138:0_139:0_140:0_141:0_142:0_143:0_144:0_145:0_146:0_147:0_148:0_149:0_150:0_151:0_152:0_153:0_154:0_155:0_156:0_157:0_158:0_159:0_160:0,0:1,0,0,0,0
30020,首通宝箱3,0,1:0_2:0_3:0_4:0_5:0_6:0_7:0_8:0_9:0_10:0_11:0_12:0_13:0_14:0_15:0_16:0_17:0_18:0_19:0_20:0_21:0_22:0_23:0_24:0_25:0_26:0_27:0_28:0_29:0_30:0_31:0_32:0_33:0_34:0_35:0_36:0_37:0_38:0_39:0_40:0_41:0_42:0_43:0_44:0_45:0_46:0_47:0_48:0_49:0_50:0_51:0_52:0_53:0_54:0_55:0_56:0_57:0_58:0_59:0_60:0_61:0_62:0_63:0_64:0_65:0_66:0_67:0_68:0_69:0_70:0_71:0_72:0_73:0_74:0_75:0_76:0_77:0_78:0_79:0_80:0_81:0_82:0_83:0_84:0_85:0_86:0_87:0_88:0_89:0_90:0_91:0_92:0_93:0_94:0_95:0_96:0_97:0_98:0_99:0_100:0_101:0_102:0_103:0_104:0_105:0_106:0_107:0_108:0_109:0_110:0_111:0_112:0_113:0_114:0_115:0_116:0_117:0_118:0_119:0_120:0_121:0_122:0_123:0_124:0_125:0_126:0_127:0_128:0_129:0_130:0_131:0_132:0_133:0_134:0_135:0_136:0_137:0_138:0_139:0_140:0_141:0_142:0_143:0_144:0_145:0_146:0_147:0_148:0_149:0_150:0_151:0_152:0_153:0_154:0_155:0_156:0_157:0_158:0_159:0_160:0,0:1,0,0,1:0_2:0_3:0_4:0_5:0_6:0_7:0_8:0_9:0_10:0_11:0_12:0_13:0_14:0_15:0_16:0_17:0_18:0_19:0_20:0_21:0_22:0_23:0_24:0_25:0_26:0_27:0_28:0_29:0_30:0_31:0_32:0_33:0_34:0_35:0_36:0_37:0_38:0_39:0_40:0_41:0_42:0_43:0_44:0_45:0_46:0_47:0_48:0_49:0_50:0_51:0_52:0_53:0_54:0_55:0_56:0_57:0_58:0_59:0_60:0_61:0_62:0_63:0_64:0_65:0_66:0_67:0_68:0_69:0_70:0_71:0_72:0_73:0_74:0_75:0_76:0_77:0_78:0_79:0_80:0_81:0_82:0_83:0_84:0_85:0_86:0_87:0_88:0_89:0_90:0_91:0_92:0_93:0_94:0_95:0_96:0_97:0_98:0_99:0_100:0_101:0_102:0_103:0_104:0_105:0_106:0_107:0_108:0_109:0_110:0_111:0_112:0_113:0_114:0_115:0_116:0_117:0_118:0_119:0_120:0_121:0_122:0_123:0_124:0_125:0_126:0_127:0_128:0_129:0_130:0_131:0_132:0_133:0_134:0_135:0_136:0_137:0_138:0_139:0_140:0_141:0_142:0_143:0_144:0_145:0_146:0_147:0_148:0_149:0_150:0_151:0_152:0_153:0_154:0_155:0_156:0_157:0_158:0_159:0_160:0,0:1,0,0,0,0
30010,通关宝箱3,0,1:0_2:0_3:0_4:0_5:0_6:0_7:0_8:0_9:0_10:0_11:0_12:0_13:0_14:0_15:0_16:0_17:0_18:0_19:0_20:0_21:0_22:0_23:0_24:0_25:0_26:0_27:0_28:0_29:0_30:0_31:0_32:0_33:0_34:0_35:0_36:0_37:0_38:0_39:0_40:0_41:0_42:0_43:0_44:0_45:0_46:0_47:0_48:0_49:0_50:0_51:0_52:0_53:0_54:0_55:0_56:0_57:0_58:0_59:0_60:0_61:0_62:0_63:0_64:0_65:0_66:0_67:0_68:0_69:0_70:0_71:0_72:0_73:0_74:0_75:0_76:0_77:0_78:0_79:0_80:0_81:0_82:0_83:0_84:0_85:0_86:0_87:0_88:0_89:0_90:0_91:0_92:0_93:0_94:0_95:0_96:0_97:0_98:0_99:0_100:0_101:0_102:0_103:0_104:0_105:0_106:0_107:0_108:0_109:0_110:0_111:0_112:0_113:0_114:0_115:0_116:0_117:0_118:0_119:0_120:0_121:0_122:0_123:0_124:0_125:0_126:0_127:0_128:0_129:0_130:0_131:0_132:0_133:0_134:0_135:0_136:0_137:0_138:0_139:0_140:0_141:0_142:0_143:0_144:0_145:0_146:0_147:0_148:0_149:0_150:0_151:0_152:0_153:0_154:0_155:0_156:0_157:0_158:0_159:0_160:0,0:1,0,0,1:0_2:0_3:0_4:0_5:0_6:0_7:0_8:0_9:0_10:0_11:0_12:0_13:0_14:0_15:0_16:0_17:0_18:0_19:0_20:0_21:0_22:0_23:0_24:0_25:0_26:0_27:0_28:0_29:0_30:0_31:0_32:0_33:0_34:0_35:0_36:0_37:0_38:0_39:0_40:0_41:0_42:0_43:0_44:0_45:0_46:0_47:0_48:0_49:0_50:0_51:0_52:0_53:0_54:0_55:0_56:0_57:0_58:0_59:0_60:0_61:0_62:0_63:0_64:0_65:0_66:0_67:0_68:0_69:0_70:0_71:0_72:0_73:0_74:0_75:0_76:0_77:0_78:0_79:0_80:0_81:0_82:0_83:0_84:0_85:0_86:0_87:0_88:0_89:0_90:0_91:0_92:0_93:0_94:0_95:0_96:0_97:0_98:0_99:0_100:0_101:0_102:0_103:0_104:0_105:0_106:0_107:0_108:0_109:0_110:0_111:0_112:0_113:0_114:0_115:0_116:0_117:0_118:0_119:0_120:0_121:0_122:0_123:0_124:0_125:0_126:0_127:0_128:0_129:0_130:0_131:0_132:0_133:0_134:0_135:0_136:0_137:0_138:0_139:0_140:0_141:0_142:0_143:0_144:0_145:0_146:0_147:0_148:0_149:0_150:0_151:0_152:0_153:0_154:0_155:0_156:0_157:0_158:0_159:0_160:0,0:1,0,0,0,0
30001,第3关强化石,0,1:0_2:0_3:0_4:0_5:0_6:0_7:0_8:0_9:0_10:0_11:0_12:0_13:0_14:0_15:0_16:0_17:0_18:0_19:0_20:0_21:0_22:0_23:0_24:0_25:0_26:0_27:0_28:0_29:0_30:0_31:0_32:0_33:0_34:0_35:0_36:0_37:0_38:0_39:0_40:0_41:0_42:0_43:0_44:0_45:0_46:0_47:0_48:0_49:0_50:0_51:0_52:0_53:0_54:0_55:0_56:0_57:0_58:0_59:0_60:0_61:0_62:0_63:0_64:0_65:0_66:0_67:0_68:0_69:0_70:0_71:0_72:0_73:0_74:0_75:0_76:0_77:0_78:0_79:0_80:0_81:0_82:0_83:0_84:0_85:0_86:0_87:0_88:0_89:0_90:0_91:0_92:0_93:0_94:0_95:0_96:0_97:0_98:0_99:0_100:0_101:0_102:0_103:0_104:0_105:0_106:0_107:0_108:0_109:0_110:0_111:0_112:0_113:0_114:0_115:0_116:0_117:0_118:0_119:0_120:0_121:0_122:0_123:0_124:0_125:0_126:0_127:0_128:0_129:0_130:0_131:0_132:0_133:0_134:0_135:0_136:0_137:0_138:0_139:0_140:0_141:0_142:0_143:0_144:0_145:0_146:0_147:0_148:0_149:0_150:0_151:0_152:0_153:0_154:0_155:0_156:0_157:0_158:0_159:0_160:0,46700001:1,0,0,1:0_2:0_3:0_4:0_5:0_6:0_7:0_8:0_9:0_10:0_11:0_12:0_13:0_14:0_15:0_16:0_17:0_18:0_19:0_20:0_21:0_22:0_23:0_24:0_25:0_26:0_27:0_28:0_29:0_30:0_31:0_32:0_33:0_34:0_35:0_36:0_37:0_38:0_39:0_40:0_41:0_42:0_43:0_44:0_45:0_46:0_47:0_48:0_49:0_50:0_51:0_52:0_53:0_54:0_55:0_56:0_57:0_58:0_59:0_60:0_61:0_62:0_63:0_64:0_65:0_66:0_67:0_68:0_69:0_70:0_71:0_72:0_73:0_74:0_75:0_76:0_77:0_78:0_79:0_80:0_81:0_82:0_83:0_84:0_85:0_86:0_87:0_88:0_89:0_90:0_91:0_92:0_93:0_94:0_95:0_96:0_97:0_98:0_99:0_100:0_101:0_102:0_103:0_104:0_105:0_106:0_107:0_108:0_109:0_110:0_111:0_112:0_113:0_114:0_115:0_116:0_117:0_118:0_119:0_120:0_121:0_122:0_123:0_124:0_125:0_126:0_127:0_128:0_129:0_130:0_131:0_132:0_133:0_134:0_135:0_136:0_137:0_138:0_139:0_140:0_141:0_142:0_143:0_144:0_145:0_146:0_147:0_148:0_149:0_150:0_151:0_152:0_153:0_154:0_155:0_156:0_157:0_158:0_159:0_160:0,46700001:4,5,5,1,1
30002,第3关武器,0,1:0_2:0_3:0_4:0_5:0_6:0_7:0_8:0_9:0_10:0_11:0_12:0_13:0_14:0_15:0_16:0_17:0_18:0_19:0_20:0_21:0_22:0_23:0_24:0_25:0_26:0_27:0_28:0_29:0_30:0_31:0_32:0_33:0_34:0_35:0_36:0_37:0_38:0_39:0_40:0_41:0_42:0_43:0_44:0_45:0_46:0_47:0_48:0_49:0_50:0_51:0_52:0_53:0_54:0_55:0_56:0_57:0_58:0_59:0_60:0_61:0_62:0_63:0_64:0_65:0_66:0_67:0_68:0_69:0_70:0_71:0_72:0_73:0_74:0_75:0_76:0_77:0_78:0_79:0_80:0_81:0_82:0_83:0_84:0_85:0_86:0_87:0_88:0_89:0_90:0_91:0_92:0_93:0_94:0_95:0_96:0_97:0_98:0_99:0_100:0_101:0_102:0_103:0_104:0_105:0_106:0_107:0_108:0_109:0_110:0_111:0_112:0_113:0_114:0_115:0_116:0_117:0_118:0_119:0_120:0_121:0_122:0_123:0_124:0_125:0_126:0_127:0_128:0_129:0_130:0_131:0_132:0_133:0_134:0_135:0_136:0_137:0_138:0_139:0_140:0_141:0_142:0_143:0_144:0_145:0_146:0_147:0_148:0_149:0_150:0_151:0_152:0_153:0_154:0_155:0_156:0_157:0_158:0_159:0_160:0,0:1,0,0,1:0_2:0_3:0_4:0_5:0_6:0_7:0_8:0_9:0_10:0_11:0_12:0_13:0_14:0_15:0_16:0_17:0_18:0_19:0_20:0_21:0_22:0_23:0_24:0_25:0_26:0_27:0_28:0_29:0_30:0_31:0_32:0_33:0_34:0_35:0_36:0_37:0_38:0_39:0_40:0_41:0_42:0_43:0_44:0_45:0_46:0_47:0_48:0_49:0_50:0_51:0_52:0_53:0_54:0_55:0_56:0_57:0_58:0_59:0_60:0_61:0_62:0_63:0_64:0_65:0_66:0_67:0_68:0_69:0_70:0_71:0_72:0_73:0_74:0_75:0_76:0_77:0_78:0_79:0_80:0_81:0_82:0_83:0_84:0_85:0_86:0_87:0_88:0_89:0_90:0_91:0_92:0_93:0_94:0_95:0_96:0_97:0_98:0_99:0_100:0_101:0_102:0_103:0_104:0_105:0_106:0_107:0_108:0_109:0_110:0_111:0_112:0_113:0_114:0_115:0_116:0_117:0_118:0_119:0_120:0_121:0_122:0_123:0_124:0_125:0_126:0_127:0_128:0_129:0_130:0_131:0_132:0_133:0_134:0_135:0_136:0_137:0_138:0_139:0_140:0_141:0_142:0_143:0_144:0_145:0_146:0_147:0_148:0_149:0_150:0_151:0_152:0_153:0_154:0_155:0_156:0_157:0_158:0_159:0_160:0,0:1,0,0,0,0
40020,首通宝箱4,0,1:0_2:0_3:0_4:0_5:0_6:0_7:0_8:0_9:0_10:0_11:0_12:0_13:0_14:0_15:0_16:0_17:0_18:0_19:0_20:0_21:0_22:0_23:0_24:0_25:0_26:0_27:0_28:0_29:0_30:0_31:0_32:0_33:0_34:0_35:0_36:0_37:0_38:0_39:0_40:0_41:0_42:0_43:0_44:0_45:0_46:0_47:0_48:0_49:0_50:0_51:0_52:0_53:0_54:0_55:0_56:0_57:0_58:0_59:0_60:0_61:0_62:0_63:0_64:0_65:0_66:0_67:0_68:0_69:0_70:0_71:0_72:0_73:0_74:0_75:0_76:0_77:0_78:0_79:0_80:0_81:0_82:0_83:0_84:0_85:0_86:0_87:0_88:0_89:0_90:0_91:0_92:0_93:0_94:0_95:0_96:0_97:0_98:0_99:0_100:0_101:0_102:0_103:0_104:0_105:0_106:0_107:0_108:0_109:0_110:0_111:0_112:0_113:0_114:0_115:0_116:0_117:0_118:0_119:0_120:0_121:0_122:0_123:0_124:0_125:0_126:0_127:0_128:0_129:0_130:0_131:0_132:0_133:0_134:0_135:0_136:0_137:0_138:0_139:0_140:0_141:0_142:0_143:0_144:0_145:0_146:0_147:0_148:0_149:0_150:0_151:0_152:0_153:0_154:0_155:0_156:0_157:0_158:0_159:0_160:0,0:1,0,0,1:0_2:0_3:0_4:0_5:0_6:0_7:0_8:0_9:0_10:0_11:0_12:0_13:0_14:0_15:0_16:0_17:0_18:0_19:0_20:0_21:0_22:0_23:0_24:0_25:0_26:0_27:0_28:0_29:0_30:0_31:0_32:0_33:0_34:0_35:0_36:0_37:0_38:0_39:0_40:0_41:0_42:0_43:0_44:0_45:0_46:0_47:0_48:0_49:0_50:0_51:0_52:0_53:0_54:0_55:0_56:0_57:0_58:0_59:0_60:0_61:0_62:0_63:0_64:0_65:0_66:0_67:0_68:0_69:0_70:0_71:0_72:0_73:0_74:0_75:0_76:0_77:0_78:0_79:0_80:0_81:0_82:0_83:0_84:0_85:0_86:0_87:0_88:0_89:0_90:0_91:0_92:0_93:0_94:0_95:0_96:0_97:0_98:0_99:0_100:0_101:0_102:0_103:0_104:0_105:0_106:0_107:0_108:0_109:0_110:0_111:0_112:0_113:0_114:0_115:0_116:0_117:0_118:0_119:0_120:0_121:0_122:0_123:0_124:0_125:0_126:0_127:0_128:0_129:0_130:0_131:0_132:0_133:0_134:0_135:0_136:0_137:0_138:0_139:0_140:0_141:0_142:0_143:0_144:0_145:0_146:0_147:0_148:0_149:0_150:0_151:0_152:0_153:0_154:0_155:0_156:0_157:0_158:0_159:0_160:0,0:1,0,0,0,0
40010,通关宝箱4,0,1:0_2:0_3:0_4:0_5:0_6:0_7:0_8:0_9:0_10:0_11:0_12:0_13:0_14:0_15:0_16:0_17:0_18:0_19:0_20:0_21:0_22:0_23:0_24:0_25:0_26:0_27:0_28:0_29:0_30:0_31:0_32:0_33:0_34:0_35:0_36:0_37:0_38:0_39:0_40:0_41:0_42:0_43:0_44:0_45:0_46:0_47:0_48:0_49:0_50:0_51:0_52:0_53:0_54:0_55:0_56:0_57:0_58:0_59:0_60:0_61:0_62:0_63:0_64:0_65:0_66:0_67:0_68:0_69:0_70:0_71:0_72:0_73:0_74:0_75:0_76:0_77:0_78:0_79:0_80:0_81:0_82:0_83:0_84:0_85:0_86:0_87:0_88:0_89:0_90:0_91:0_92:0_93:0_94:0_95:0_96:0_97:0_98:0_99:0_100:0_101:0_102:0_103:0_104:0_105:0_106:0_107:0_108:0_109:0_110:0_111:0_112:0_113:0_114:0_115:0_116:0_117:0_118:0_119:0_120:0_121:0_122:0_123:0_124:0_125:0_126:0_127:0_128:0_129:0_130:0_131:0_132:0_133:0_134:0_135:0_136:0_137:0_138:0_139:0_140:0_141:0_142:0_143:0_144:0_145:0_146:0_147:0_148:0_149:0_150:0_151:0_152:0_153:0_154:0_155:0_156:0_157:0_158:0_159:0_160:0,0:1,0,0,1:0_2:0_3:0_4:0_5:0_6:0_7:0_8:0_9:0_10:0_11:0_12:0_13:0_14:0_15:0_16:0_17:0_18:0_19:0_20:0_21:0_22:0_23:0_24:0_25:0_26:0_27:0_28:0_29:0_30:0_31:0_32:0_33:0_34:0_35:0_36:0_37:0_38:0_39:0_40:0_41:0_42:0_43:0_44:0_45:0_46:0_47:0_48:0_49:0_50:0_51:0_52:0_53:0_54:0_55:0_56:0_57:0_58:0_59:0_60:0_61:0_62:0_63:0_64:0_65:0_66:0_67:0_68:0_69:0_70:0_71:0_72:0_73:0_74:0_75:0_76:0_77:0_78:0_79:0_80:0_81:0_82:0_83:0_84:0_85:0_86:0_87:0_88:0_89:0_90:0_91:0_92:0_93:0_94:0_95:0_96:0_97:0_98:0_99:0_100:0_101:0_102:0_103:0_104:0_105:0_106:0_107:0_108:0_109:0_110:0_111:0_112:0_113:0_114:0_115:0_116:0_117:0_118:0_119:0_120:0_121:0_122:0_123:0_124:0_125:0_126:0_127:0_128:0_129:0_130:0_131:0_132:0_133:0_134:0_135:0_136:0_137:0_138:0_139:0_140:0_141:0_142:0_143:0_144:0_145:0_146:0_147:0_148:0_149:0_150:0_151:0_152:0_153:0_154:0_155:0_156:0_157:0_158:0_159:0_160:0,0:1,0,0,0,0
40001,第4关强化石,0,1:0_2:0_3:0_4:0_5:0_6:0_7:0_8:0_9:0_10:0_11:0_12:0_13:0_14:0_15:0_16:0_17:0_18:0_19:0_20:0_21:0_22:0_23:0_24:0_25:0_26:0_27:0_28:0_29:0_30:0_31:0_32:0_33:0_34:0_35:0_36:0_37:0_38:0_39:0_40:0_41:0_42:0_43:0_44:0_45:0_46:0_47:0_48:0_49:0_50:0_51:0_52:0_53:0_54:0_55:0_56:0_57:0_58:0_59:0_60:0_61:0_62:0_63:0_64:0_65:0_66:0_67:0_68:0_69:0_70:0_71:0_72:0_73:0_74:0_75:0_76:0_77:0_78:0_79:0_80:0_81:0_82:0_83:0_84:0_85:0_86:0_87:0_88:0_89:0_90:0_91:0_92:0_93:0_94:0_95:0_96:0_97:0_98:0_99:0_100:0_101:0_102:0_103:0_104:0_105:0_106:0_107:0_108:0_109:0_110:0_111:0_112:0_113:0_114:0_115:0_116:0_117:0_118:0_119:0_120:0_121:0_122:0_123:0_124:0_125:0_126:0_127:0_128:0_129:0_130:0_131:0_132:0_133:0_134:0_135:0_136:0_137:0_138:0_139:0_140:0_141:0_142:0_143:0_144:0_145:0_146:0_147:0_148:0_149:0_150:0_151:0_152:0_153:0_154:0_155:0_156:0_157:0_158:0_159:0_160:0,46700001:1,0,0,1:0_2:0_3:0_4:0_5:0_6:0_7:0_8:0_9:0_10:0_11:0_12:0_13:0_14:0_15:0_16:0_17:0_18:0_19:0_20:0_21:0_22:0_23:0_24:0_25:0_26:0_27:0_28:0_29:0_30:0_31:0_32:0_33:0_34:0_35:0_36:0_37:0_38:0_39:0_40:0_41:0_42:0_43:0_44:0_45:0_46:0_47:0_48:0_49:0_50:0_51:0_52:0_53:0_54:0_55:0_56:0_57:0_58:0_59:0_60:0_61:0_62:0_63:0_64:0_65:0_66:0_67:0_68:0_69:0_70:0_71:0_72:0_73:0_74:0_75:0_76:0_77:0_78:0_79:0_80:0_81:0_82:0_83:0_84:0_85:0_86:0_87:0_88:0_89:0_90:0_91:0_92:0_93:0_94:0_95:0_96:0_97:0_98:0_99:0_100:0_101:0_102:0_103:0_104:0_105:0_106:0_107:0_108:0_109:0_110:0_111:0_112:0_113:0_114:0_115:0_116:0_117:0_118:0_119:0_120:0_121:0_122:0_123:0_124:0_125:0_126:0_127:0_128:0_129:0_130:0_131:0_132:0_133:0_134:0_135:0_136:0_137:0_138:0_139:0_140:0_141:0_142:0_143:0_144:0_145:0_146:0_147:0_148:0_149:0_150:0_151:0_152:0_153:0_154:0_155:0_156:0_157:0_158:0_159:0_160:0,46700001:4,5,5,1,1
40002,第4关铠甲,0,1:0_2:0_3:0_4:0_5:0_6:0_7:0_8:0_9:0_10:0_11:0_12:0_13:0_14:0_15:0_16:0_17:0_18:0_19:0_20:0_21:0_22:0_23:0_24:0_25:0_26:0_27:0_28:0_29:0_30:0_31:0_32:0_33:0_34:0_35:0_36:0_37:0_38:0_39:0_40:0_41:0_42:0_43:0_44:0_45:0_46:0_47:0_48:0_49:0_50:0_51:0_52:0_53:0_54:0_55:0_56:0_57:0_58:0_59:0_60:0_61:0_62:0_63:0_64:0_65:0_66:0_67:0_68:0_69:0_70:0_71:0_72:0_73:0_74:0_75:0_76:0_77:0_78:0_79:0_80:0_81:0_82:0_83:0_84:0_85:0_86:0_87:0_88:0_89:0_90:0_91:0_92:0_93:0_94:0_95:0_96:0_97:0_98:0_99:0_100:0_101:0_102:0_103:0_104:0_105:0_106:0_107:0_108:0_109:0_110:0_111:0_112:0_113:0_114:0_115:0_116:0_117:0_118:0_119:0_120:0_121:0_122:0_123:0_124:0_125:0_126:0_127:0_128:0_129:0_130:0_131:0_132:0_133:0_134:0_135:0_136:0_137:0_138:0_139:0_140:0_141:0_142:0_143:0_144:0_145:0_146:0_147:0_148:0_149:0_150:0_151:0_152:0_153:0_154:0_155:0_156:0_157:0_158:0_159:0_160:0,0:1,0,0,1:0_2:0_3:0_4:0_5:0_6:0_7:0_8:0_9:0_10:0_11:0_12:0_13:0_14:0_15:0_16:0_17:0_18:0_19:0_20:0_21:0_22:0_23:0_24:0_25:0_26:0_27:0_28:0_29:0_30:0_31:0_32:0_33:0_34:0_35:0_36:0_37:0_38:0_39:0_40:0_41:0_42:0_43:0_44:0_45:0_46:0_47:0_48:0_49:0_50:0_51:0_52:0_53:0_54:0_55:0_56:0_57:0_58:0_59:0_60:0_61:0_62:0_63:0_64:0_65:0_66:0_67:0_68:0_69:0_70:0_71:0_72:0_73:0_74:0_75:0_76:0_77:0_78:0_79:0_80:0_81:0_82:0_83:0_84:0_85:0_86:0_87:0_88:0_89:0_90:0_91:0_92:0_93:0_94:0_95:0_96:0_97:0_98:0_99:0_100:0_101:0_102:0_103:0_104:0_105:0_106:0_107:0_108:0_109:0_110:0_111:0_112:0_113:0_114:0_115:0_116:0_117:0_118:0_119:0_120:0_121:0_122:0_123:0_124:0_125:0_126:0_127:0_128:0_129:0_130:0_131:0_132:0_133:0_134:0_135:0_136:0_137:0_138:0_139:0_140:0_141:0_142:0_143:0_144:0_145:0_146:0_147:0_148:0_149:0_150:0_151:0_152:0_153:0_154:0_155:0_156:0_157:0_158:0_159:0_160:0,0:1,0,0,0,0
50020,首通宝箱5,0,1:0_2:0_3:0_4:0_5:0_6:0_7:0_8:0_9:0_10:0_11:0_12:0_13:0_14:0_15:0_16:0_17:0_18:0_19:0_20:0_21:0_22:0_23:0_24:0_25:0_26:0_27:0_28:0_29:0_30:0_31:0_32:0_33:0_34:0_35:0_36:0_37:0_38:0_39:0_40:0_41:0_42:0_43:0_44:0_45:0_46:0_47:0_48:0_49:0_50:0_51:0_52:0_53:0_54:0_55:0_56:0_57:0_58:0_59:0_60:0_61:0_62:0_63:0_64:0_65:0_66:0_67:0_68:0_69:0_70:0_71:0_72:0_73:0_74:0_75:0_76:0_77:0_78:0_79:0_80:0_81:0_82:0_83:0_84:0_85:0_86:0_87:0_88:0_89:0_90:0_91:0_92:0_93:0_94:0_95:0_96:0_97:0_98:0_99:0_100:0_101:0_102:0_103:0_104:0_105:0_106:0_107:0_108:0_109:0_110:0_111:0_112:0_113:0_114:0_115:0_116:0_117:0_118:0_119:0_120:0_121:0_122:0_123:0_124:0_125:0_126:0_127:0_128:0_129:0_130:0_131:0_132:0_133:0_134:0_135:0_136:0_137:0_138:0_139:0_140:0_141:0_142:0_143:0_144:0_145:0_146:0_147:0_148:0_149:0_150:0_151:0_152:0_153:0_154:0_155:0_156:0_157:0_158:0_159:0_160:0,0:1,0,0,1:0_2:0_3:0_4:0_5:0_6:0_7:0_8:0_9:0_10:0_11:0_12:0_13:0_14:0_15:0_16:0_17:0_18:0_19:0_20:0_21:0_22:0_23:0_24:0_25:0_26:0_27:0_28:0_29:0_30:0_31:0_32:0_33:0_34:0_35:0_36:0_37:0_38:0_39:0_40:0_41:0_42:0_43:0_44:0_45:0_46:0_47:0_48:0_49:0_50:0_51:0_52:0_53:0_54:0_55:0_56:0_57:0_58:0_59:0_60:0_61:0_62:0_63:0_64:0_65:0_66:0_67:0_68:0_69:0_70:0_71:0_72:0_73:0_74:0_75:0_76:0_77:0_78:0_79:0_80:0_81:0_82:0_83:0_84:0_85:0_86:0_87:0_88:0_89:0_90:0_91:0_92:0_93:0_94:0_95:0_96:0_97:0_98:0_99:0_100:0_101:0_102:0_103:0_104:0_105:0_106:0_107:0_108:0_109:0_110:0_111:0_112:0_113:0_114:0_115:0_116:0_117:0_118:0_119:0_120:0_121:0_122:0_123:0_124:0_125:0_126:0_127:0_128:0_129:0_130:0_131:0_132:0_133:0_134:0_135:0_136:0_137:0_138:0_139:0_140:0_141:0_142:0_143:0_144:0_145:0_146:0_147:0_148:0_149:0_150:0_151:0_152:0_153:0_154:0_155:0_156:0_157:0_158:0_159:0_160:0,0:1,0,0,0,0
50010,通关宝箱5,0,1:0_2:0_3:0_4:0_5:0_6:0_7:0_8:0_9:0_10:0_11:0_12:0_13:0_14:0_15:0_16:0_17:0_18:0_19:0_20:0_21:0_22:0_23:0_24:0_25:0_26:0_27:0_28:0_29:0_30:0_31:0_32:0_33:0_34:0_35:0_36:0_37:0_38:0_39:0_40:0_41:0_42:0_43:0_44:0_45:0_46:0_47:0_48:0_49:0_50:0_51:0_52:0_53:0_54:0_55:0_56:0_57:0_58:0_59:0_60:0_61:0_62:0_63:0_64:0_65:0_66:0_67:0_68:0_69:0_70:0_71:0_72:0_73:0_74:0_75:0_76:0_77:0_78:0_79:0_80:0_81:0_82:0_83:0_84:0_85:0_86:0_87:0_88:0_89:0_90:0_91:0_92:0_93:0_94:0_95:0_96:0_97:0_98:0_99:0_100:0_101:0_102:0_103:0_104:0_105:0_106:0_107:0_108:0_109:0_110:0_111:0_112:0_113:0_114:0_115:0_116:0_117:0_118:0_119:0_120:0_121:0_122:0_123:0_124:0_125:0_126:0_127:0_128:0_129:0_130:0_131:0_132:0_133:0_134:0_135:0_136:0_137:0_138:0_139:0_140:0_141:0_142:0_143:0_144:0_145:0_146:0_147:0_148:0_149:0_150:0_151:0_152:0_153:0_154:0_155:0_156:0_157:0_158:0_159:0_160:0,0:1,0,0,1:0_2:0_3:0_4:0_5:0_6:0_7:0_8:0_9:0_10:0_11:0_12:0_13:0_14:0_15:0_16:0_17:0_18:0_19:0_20:0_21:0_22:0_23:0_24:0_25:0_26:0_27:0_28:0_29:0_30:0_31:0_32:0_33:0_34:0_35:0_36:0_37:0_38:0_39:0_40:0_41:0_42:0_43:0_44:0_45:0_46:0_47:0_48:0_49:0_50:0_51:0_52:0_53:0_54:0_55:0_56:0_57:0_58:0_59:0_60:0_61:0_62:0_63:0_64:0_65:0_66:0_67:0_68:0_69:0_70:0_71:0_72:0_73:0_74:0_75:0_76:0_77:0_78:0_79:0_80:0_81:0_82:0_83:0_84:0_85:0_86:0_87:0_88:0_89:0_90:0_91:0_92:0_93:0_94:0_95:0_96:0_97:0_98:0_99:0_100:0_101:0_102:0_103:0_104:0_105:0_106:0_107:0_108:0_109:0_110:0_111:0_112:0_113:0_114:0_115:0_116:0_117:0_118:0_119:0_120:0_121:0_122:0_123:0_124:0_125:0_126:0_127:0_128:0_129:0_130:0_131:0_132:0_133:0_134:0_135:0_136:0_137:0_138:0_139:0_140:0_141:0_142:0_143:0_144:0_145:0_146:0_147:0_148:0_149:0_150:0_151:0_152:0_153:0_154:0_155:0_156:0_157:0_158:0_159:0_160:0,0:1,0,0,0,0
50001,第5关强化石,0,1:0_2:0_3:0_4:0_5:0_6:0_7:0_8:0_9:0_10:0_11:0_12:0_13:0_14:0_15:0_16:0_17:0_18:0_19:0_20:0_21:0_22:0_23:0_24:0_25:0_26:0_27:0_28:0_29:0_30:0_31:0_32:0_33:0_34:0_35:0_36:0_37:0_38:0_39:0_40:0_41:0_42:0_43:0_44:0_45:0_46:0_47:0_48:0_49:0_50:0_51:0_52:0_53:0_54:0_55:0_56:0_57:0_58:0_59:0_60:0_61:0_62:0_63:0_64:0_65:0_66:0_67:0_68:0_69:0_70:0_71:0_72:0_73:0_74:0_75:0_76:0_77:0_78:0_79:0_80:0_81:0_82:0_83:0_84:0_85:0_86:0_87:0_88:0_89:0_90:0_91:0_92:0_93:0_94:0_95:0_96:0_97:0_98:0_99:0_100:0_101:0_102:0_103:0_104:0_105:0_106:0_107:0_108:0_109:0_110:0_111:0_112:0_113:0_114:0_115:0_116:0_117:0_118:0_119:0_120:0_121:0_122:0_123:0_124:0_125:0_126:0_127:0_128:0_129:0_130:0_131:0_132:0_133:0_134:0_135:0_136:0_137:0_138:0_139:0_140:0_141:0_142:0_143:0_144:0_145:0_146:0_147:0_148:0_149:0_150:0_151:0_152:0_153:0_154:0_155:0_156:0_157:0_158:0_159:0_160:0,46700001:1,0,0,1:0_2:0_3:0_4:0_5:0_6:0_7:0_8:0_9:0_10:0_11:0_12:0_13:0_14:0_15:0_16:0_17:0_18:0_19:0_20:0_21:0_22:0_23:0_24:0_25:0_26:0_27:0_28:0_29:0_30:0_31:0_32:0_33:0_34:0_35:0_36:0_37:0_38:0_39:0_40:0_41:0_42:0_43:0_44:0_45:0_46:0_47:0_48:0_49:0_50:0_51:0_52:0_53:0_54:0_55:0_56:0_57:0_58:0_59:0_60:0_61:0_62:0_63:0_64:0_65:0_66:0_67:0_68:0_69:0_70:0_71:0_72:0_73:0_74:0_75:0_76:0_77:0_78:0_79:0_80:0_81:0_82:0_83:0_84:0_85:0_86:0_87:0_88:0_89:0_90:0_91:0_92:0_93:0_94:0_95:0_96:0_97:0_98:0_99:0_100:0_101:0_102:0_103:0_104:0_105:0_106:0_107:0_108:0_109:0_110:0_111:0_112:0_113:0_114:0_115:0_116:0_117:0_118:0_119:0_120:0_121:0_122:0_123:0_124:0_125:0_126:0_127:0_128:0_129:0_130:0_131:0_132:0_133:0_134:0_135:0_136:0_137:0_138:0_139:0_140:0_141:0_142:0_143:0_144:0_145:0_146:0_147:0_148:0_149:0_150:0_151:0_152:0_153:0_154:0_155:0_156:0_157:0_158:0_159:0_160:0,46700001:4,5,5,1,1
50002,第5关金币,0,1:0_2:0_3:0_4:0_5:0_6:0_7:0_8:0_9:0_10:0_11:0_12:0_13:0_14:0_15:0_16:0_17:0_18:0_19:0_20:0_21:0_22:0_23:0_24:0_25:0_26:0_27:0_28:0_29:0_30:0_31:0_32:0_33:0_34:0_35:0_36:0_37:0_38:0_39:0_40:0_41:0_42:0_43:0_44:0_45:0_46:0_47:0_48:0_49:0_50:0_51:0_52:0_53:0_54:0_55:0_56:0_57:0_58:0_59:0_60:0_61:0_62:0_63:0_64:0_65:0_66:0_67:0_68:0_69:0_70:0_71:0_72:0_73:0_74:0_75:0_76:0_77:0_78:0_79:0_80:0_81:0_82:0_83:0_84:0_85:0_86:0_87:0_88:0_89:0_90:0_91:0_92:0_93:0_94:0_95:0_96:0_97:0_98:0_99:0_100:0_101:0_102:0_103:0_104:0_105:0_106:0_107:0_108:0_109:0_110:0_111:0_112:0_113:0_114:0_115:0_116:0_117:0_118:0_119:0_120:0_121:0_122:0_123:0_124:0_125:0_126:0_127:0_128:0_129:0_130:0_131:0_132:0_133:0_134:0_135:0_136:0_137:0_138:0_139:0_140:0_141:0_142:0_143:0_144:0_145:0_146:0_147:0_148:0_149:0_150:0_151:0_152:0_153:0_154:0_155:0_156:0_157:0_158:0_159:0_160:0,46200001:20,0,0,1:0_2:0_3:0_4:0_5:0_6:0_7:0_8:0_9:0_10:0_11:0_12:0_13:0_14:0_15:0_16:0_17:0_18:0_19:0_20:0_21:0_22:0_23:0_24:0_25:0_26:0_27:0_28:0_29:0_30:0_31:0_32:0_33:0_34:0_35:0_36:0_37:0_38:0_39:0_40:0_41:0_42:0_43:0_44:0_45:0_46:0_47:0_48:0_49:0_50:0_51:0_52:0_53:0_54:0_55:0_56:0_57:0_58:0_59:0_60:0_61:0_62:0_63:0_64:0_65:0_66:0_67:0_68:0_69:0_70:0_71:0_72:0_73:0_74:0_75:0_76:0_77:0_78:0_79:0_80:0_81:0_82:0_83:0_84:0_85:0_86:0_87:0_88:0_89:0_90:0_91:0_92:0_93:0_94:0_95:0_96:0_97:0_98:0_99:0_100:0_101:0_102:0_103:0_104:0_105:0_106:0_107:0_108:0_109:0_110:0_111:0_112:0_113:0_114:0_115:0_116:0_117:0_118:0_119:0_120:0_121:0_122:0_123:0_124:0_125:0_126:0_127:0_128:0_129:0_130:0_131:0_132:0_133:0_134:0_135:0_136:0_137:0_138:0_139:0_140:0_141:0_142:0_143:0_144:0_145:0_146:0_147:0_148:0_149:0_150:0_151:0_152:0_153:0_154:0_155:0_156:0_157:0_158:0_159:0_160:0,46200001:100,4,4,1,1
50003,第5关武器,0,1:0_2:0_3:0_4:0_5:0_6:0_7:0_8:0_9:0_10:0_11:0_12:0_13:0_14:0_15:0_16:0_17:0_18:0_19:0_20:0_21:0_22:0_23:0_24:0_25:0_26:0_27:0_28:0_29:0_30:0_31:0_32:0_33:0_34:0_35:0_36:0_37:0_38:0_39:0_40:0_41:0_42:0_43:0_44:0_45:0_46:0_47:0_48:0_49:0_50:0_51:0_52:0_53:0_54:0_55:0_56:0_57:0_58:0_59:0_60:0_61:0_62:0_63:0_64:0_65:0_66:0_67:0_68:0_69:0_70:0_71:0_72:0_73:0_74:0_75:0_76:0_77:0_78:0_79:0_80:0_81:0_82:0_83:0_84:0_85:0_86:0_87:0_88:0_89:0_90:0_91:0_92:0_93:0_94:0_95:0_96:0_97:0_98:0_99:0_100:0_101:0_102:0_103:0_104:0_105:0_106:0_107:0_108:0_109:0_110:0_111:0_112:0_113:0_114:0_115:0_116:0_117:0_118:0_119:0_120:0_121:0_122:0_123:0_124:0_125:0_126:0_127:0_128:0_129:0_130:0_131:0_132:0_133:0_134:0_135:0_136:0_137:0_138:0_139:0_140:0_141:0_142:0_143:0_144:0_145:0_146:0_147:0_148:0_149:0_150:0_151:0_152:0_153:0_154:0_155:0_156:0_157:0_158:0_159:0_160:0,0:1,0,0,1:0_2:0_3:0_4:0_5:0_6:0_7:0_8:0_9:0_10:0_11:0_12:0_13:0_14:0_15:0_16:0_17:0_18:0_19:0_20:0_21:0_22:0_23:0_24:0_25:0_26:0_27:0_28:0_29:0_30:0_31:0_32:0_33:0_34:0_35:0_36:0_37:0_38:0_39:0_40:0_41:0_42:0_43:0_44:0_45:0_46:0_47:0_48:0_49:0_50:0_51:0_52:0_53:0_54:0_55:0_56:0_57:0_58:0_59:0_60:0_61:0_62:0_63:0_64:0_65:0_66:0_67:0_68:0_69:0_70:0_71:0_72:0_73:0_74:0_75:0_76:0_77:0_78:0_79:0_80:0_81:0_82:0_83:0_84:0_85:0_86:0_87:0_88:0_89:0_90:0_91:0_92:0_93:0_94:0_95:0_96:0_97:0_98:0_99:0_100:0_101:0_102:0_103:0_104:0_105:0_106:0_107:0_108:0_109:0_110:0_111:0_112:0_113:0_114:0_115:0_116:0_117:0_118:0_119:0_120:0_121:0_122:0_123:0_124:0_125:0_126:0_127:0_128:0_129:0_130:0_131:0_132:0_133:0_134:0_135:0_136:0_137:0_138:0_139:0_140:0_141:0_142:0_143:0_144:0_145:0_146:0_147:0_148:0_149:0_150:0_151:0_152:0_153:0_154:0_155:0_156:0_157:0_158:0_159:0_160:0,0:1,0,0,0,0
60020,首通宝箱6,0,1:0_2:0_3:0_4:0_5:0_6:0_7:0_8:0_9:0_10:0_11:0_12:0_13:0_14:0_15:0_16:0_17:0_18:0_19:0_20:0_21:0_22:0_23:0_24:0_25:0_26:0_27:0_28:0_29:0_30:0_31:0_32:0_33:0_34:0_35:0_36:0_37:0_38:0_39:0_40:0_41:0_42:0_43:0_44:0_45:0_46:0_47:0_48:0_49:0_50:0_51:0_52:0_53:0_54:0_55:0_56:0_57:0_58:0_59:0_60:0_61:0_62:0_63:0_64:0_65:0_66:0_67:0_68:0_69:0_70:0_71:0_72:0_73:0_74:0_75:0_76:0_77:0_78:0_79:0_80:0_81:0_82:0_83:0_84:0_85:0_86:0_87:0_88:0_89:0_90:0_91:0_92:0_93:0_94:0_95:0_96:0_97:0_98:0_99:0_100:0_101:0_102:0_103:0_104:0_105:0_106:0_107:0_108:0_109:0_110:0_111:0_112:0_113:0_114:0_115:0_116:0_117:0_118:0_119:0_120:0_121:0_122:0_123:0_124:0_125:0_126:0_127:0_128:0_129:0_130:0_131:0_132:0_133:0_134:0_135:0_136:0_137:0_138:0_139:0_140:0_141:0_142:0_143:0_144:0_145:0_146:0_147:0_148:0_149:0_150:0_151:0_152:0_153:0_154:0_155:0_156:0_157:0_158:0_159:0_160:0,0:1,0,0,1:0_2:0_3:0_4:0_5:0_6:0_7:0_8:0_9:0_10:0_11:0_12:0_13:0_14:0_15:0_16:0_17:0_18:0_19:0_20:0_21:0_22:0_23:0_24:0_25:0_26:0_27:0_28:0_29:0_30:0_31:0_32:0_33:0_34:0_35:0_36:0_37:0_38:0_39:0_40:0_41:0_42:0_43:0_44:0_45:0_46:0_47:0_48:0_49:0_50:0_51:0_52:0_53:0_54:0_55:0_56:0_57:0_58:0_59:0_60:0_61:0_62:0_63:0_64:0_65:0_66:0_67:0_68:0_69:0_70:0_71:0_72:0_73:0_74:0_75:0_76:0_77:0_78:0_79:0_80:0_81:0_82:0_83:0_84:0_85:0_86:0_87:0_88:0_89:0_90:0_91:0_92:0_93:0_94:0_95:0_96:0_97:0_98:0_99:0_100:0_101:0_102:0_103:0_104:0_105:0_106:0_107:0_108:0_109:0_110:0_111:0_112:0_113:0_114:0_115:0_116:0_117:0_118:0_119:0_120:0_121:0_122:0_123:0_124:0_125:0_126:0_127:0_128:0_129:0_130:0_131:0_132:0_133:0_134:0_135:0_136:0_137:0_138:0_139:0_140:0_141:0_142:0_143:0_144:0_145:0_146:0_147:0_148:0_149:0_150:0_151:0_152:0_153:0_154:0_155:0_156:0_157:0_158:0_159:0_160:0,0:1,0,0,0,0
60010,通关宝箱6,0,1:0_2:0_3:0_4:0_5:0_6:0_7:0_8:0_9:0_10:0_11:0_12:0_13:0_14:0_15:0_16:0_17:0_18:0_19:0_20:0_21:0_22:0_23:0_24:0_25:0_26:0_27:0_28:0_29:0_30:0_31:0_32:0_33:0_34:0_35:0_36:0_37:0_38:0_39:0_40:0_41:0_42:0_43:0_44:0_45:0_46:0_47:0_48:0_49:0_50:0_51:0_52:0_53:0_54:0_55:0_56:0_57:0_58:0_59:0_60:0_61:0_62:0_63:0_64:0_65:0_66:0_67:0_68:0_69:0_70:0_71:0_72:0_73:0_74:0_75:0_76:0_77:0_78:0_79:0_80:0_81:0_82:0_83:0_84:0_85:0_86:0_87:0_88:0_89:0_90:0_91:0_92:0_93:0_94:0_95:0_96:0_97:0_98:0_99:0_100:0_101:0_102:0_103:0_104:0_105:0_106:0_107:0_108:0_109:0_110:0_111:0_112:0_113:0_114:0_115:0_116:0_117:0_118:0_119:0_120:0_121:0_122:0_123:0_124:0_125:0_126:0_127:0_128:0_129:0_130:0_131:0_132:0_133:0_134:0_135:0_136:0_137:0_138:0_139:0_140:0_141:0_142:0_143:0_144:0_145:0_146:0_147:0_148:0_149:0_150:0_151:0_152:0_153:0_154:0_155:0_156:0_157:0_158:0_159:0_160:0,0:1,0,0,1:0_2:0_3:0_4:0_5:0_6:0_7:0_8:0_9:0_10:0_11:0_12:0_13:0_14:0_15:0_16:0_17:0_18:0_19:0_20:0_21:0_22:0_23:0_24:0_25:0_26:0_27:0_28:0_29:0_30:0_31:0_32:0_33:0_34:0_35:0_36:0_37:0_38:0_39:0_40:0_41:0_42:0_43:0_44:0_45:0_46:0_47:0_48:0_49:0_50:0_51:0_52:0_53:0_54:0_55:0_56:0_57:0_58:0_59:0_60:0_61:0_62:0_63:0_64:0_65:0_66:0_67:0_68:0_69:0_70:0_71:0_72:0_73:0_74:0_75:0_76:0_77:0_78:0_79:0_80:0_81:0_82:0_83:0_84:0_85:0_86:0_87:0_88:0_89:0_90:0_91:0_92:0_93:0_94:0_95:0_96:0_97:0_98:0_99:0_100:0_101:0_102:0_103:0_104:0_105:0_106:0_107:0_108:0_109:0_110:0_111:0_112:0_113:0_114:0_115:0_116:0_117:0_118:0_119:0_120:0_121:0_122:0_123:0_124:0_125:0_126:0_127:0_128:0_129:0_130:0_131:0_132:0_133:0_134:0_135:0_136:0_137:0_138:0_139:0_140:0_141:0_142:0_143:0_144:0_145:0_146:0_147:0_148:0_149:0_150:0_151:0_152:0_153:0_154:0_155:0_156:0_157:0_158:0_159:0_160:0,0:1,0,0,0,0
60001,第6关强化石1,0,1:0_2:0_3:0_4:0_5:0_6:0_7:0_8:0_9:0_10:0_11:0_12:0_13:0_14:0_15:0_16:0_17:0_18:0_19:0_20:0_21:0_22:0_23:0_24:0_25:0_26:0_27:0_28:0_29:0_30:0_31:0_32:0_33:0_34:0_35:0_36:0_37:0_38:0_39:0_40:0_41:0_42:0_43:0_44:0_45:0_46:0_47:0_48:0_49:0_50:0_51:0_52:0_53:0_54:0_55:0_56:0_57:0_58:0_59:0_60:0_61:0_62:0_63:0_64:0_65:0_66:0_67:0_68:0_69:0_70:0_71:0_72:0_73:0_74:0_75:0_76:0_77:0_78:0_79:0_80:0_81:0_82:0_83:0_84:0_85:0_86:0_87:0_88:0_89:0_90:0_91:0_92:0_93:0_94:0_95:0_96:0_97:0_98:0_99:0_100:0_101:0_102:0_103:0_104:0_105:0_106:0_107:0_108:0_109:0_110:0_111:0_112:0_113:0_114:0_115:0_116:0_117:0_118:0_119:0_120:0_121:0_122:0_123:0_124:0_125:0_126:0_127:0_128:0_129:0_130:0_131:0_132:0_133:0_134:0_135:0_136:0_137:0_138:0_139:0_140:0_141:0_142:0_143:0_144:0_145:0_146:0_147:0_148:0_149:0_150:0_151:0_152:0_153:0_154:0_155:0_156:0_157:0_158:0_159:0_160:0,46700001:1,0,0,1:0_2:0_3:0_4:0_5:0_6:0_7:0_8:0_9:0_10:0_11:0_12:0_13:0_14:0_15:0_16:0_17:0_18:0_19:0_20:0_21:0_22:0_23:0_24:0_25:0_26:0_27:0_28:0_29:0_30:0_31:0_32:0_33:0_34:0_35:0_36:0_37:0_38:0_39:0_40:0_41:0_42:0_43:0_44:0_45:0_46:0_47:0_48:0_49:0_50:0_51:0_52:0_53:0_54:0_55:0_56:0_57:0_58:0_59:0_60:0_61:0_62:0_63:0_64:0_65:0_66:0_67:0_68:0_69:0_70:0_71:0_72:0_73:0_74:0_75:0_76:0_77:0_78:0_79:0_80:0_81:0_82:0_83:0_84:0_85:0_86:0_87:0_88:0_89:0_90:0_91:0_92:0_93:0_94:0_95:0_96:0_97:0_98:0_99:0_100:0_101:0_102:0_103:0_104:0_105:0_106:0_107:0_108:0_109:0_110:0_111:0_112:0_113:0_114:0_115:0_116:0_117:0_118:0_119:0_120:0_121:0_122:0_123:0_124:0_125:0_126:0_127:0_128:0_129:0_130:0_131:0_132:0_133:0_134:0_135:0_136:0_137:0_138:0_139:0_140:0_141:0_142:0_143:0_144:0_145:0_146:0_147:0_148:0_149:0_150:0_151:0_152:0_153:0_154:0_155:0_156:0_157:0_158:0_159:0_160:0,46700001:4,5,5,1,1
60002,第6关金币1,0,1:0_2:0_3:0_4:0_5:0_6:0_7:0_8:0_9:0_10:0_11:0_12:0_13:0_14:0_15:0_16:0_17:0_18:0_19:0_20:0_21:0_22:0_23:0_24:0_25:0_26:0_27:0_28:0_29:0_30:0_31:0_32:0_33:0_34:0_35:0_36:0_37:0_38:0_39:0_40:0_41:0_42:0_43:0_44:0_45:0_46:0_47:0_48:0_49:0_50:0_51:0_52:0_53:0_54:0_55:0_56:0_57:0_58:0_59:0_60:0_61:0_62:0_63:0_64:0_65:0_66:0_67:0_68:0_69:0_70:0_71:0_72:0_73:0_74:0_75:0_76:0_77:0_78:0_79:0_80:0_81:0_82:0_83:0_84:0_85:0_86:0_87:0_88:0_89:0_90:0_91:0_92:0_93:0_94:0_95:0_96:0_97:0_98:0_99:0_100:0_101:0_102:0_103:0_104:0_105:0_106:0_107:0_108:0_109:0_110:0_111:0_112:0_113:0_114:0_115:0_116:0_117:0_118:0_119:0_120:0_121:0_122:0_123:0_124:0_125:0_126:0_127:0_128:0_129:0_130:0_131:0_132:0_133:0_134:0_135:0_136:0_137:0_138:0_139:0_140:0_141:0_142:0_143:0_144:0_145:0_146:0_147:0_148:0_149:0_150:0_151:0_152:0_153:0_154:0_155:0_156:0_157:0_158:0_159:0_160:0,46200001:20,0,0,1:0_2:0_3:0_4:0_5:0_6:0_7:0_8:0_9:0_10:0_11:0_12:0_13:0_14:0_15:0_16:0_17:0_18:0_19:0_20:0_21:0_22:0_23:0_24:0_25:0_26:0_27:0_28:0_29:0_30:0_31:0_32:0_33:0_34:0_35:0_36:0_37:0_38:0_39:0_40:0_41:0_42:0_43:0_44:0_45:0_46:0_47:0_48:0_49:0_50:0_51:0_52:0_53:0_54:0_55:0_56:0_57:0_58:0_59:0_60:0_61:0_62:0_63:0_64:0_65:0_66:0_67:0_68:0_69:0_70:0_71:0_72:0_73:0_74:0_75:0_76:0_77:0_78:0_79:0_80:0_81:0_82:0_83:0_84:0_85:0_86:0_87:0_88:0_89:0_90:0_91:0_92:0_93:0_94:0_95:0_96:0_97:0_98:0_99:0_100:0_101:0_102:0_103:0_104:0_105:0_106:0_107:0_108:0_109:0_110:0_111:0_112:0_113:0_114:0_115:0_116:0_117:0_118:0_119:0_120:0_121:0_122:0_123:0_124:0_125:0_126:0_127:0_128:0_129:0_130:0_131:0_132:0_133:0_134:0_135:0_136:0_137:0_138:0_139:0_140:0_141:0_142:0_143:0_144:0_145:0_146:0_147:0_148:0_149:0_150:0_151:0_152:0_153:0_154:0_155:0_156:0_157:0_158:0_159:0_160:0,46200001:100,4,4,1,1
60003,第6关武器,0,1:0_2:0_3:0_4:0_5:0_6:0_7:0_8:0_9:0_10:0_11:0_12:0_13:0_14:0_15:0_16:0_17:0_18:0_19:0_20:0_21:0_22:0_23:0_24:0_25:0_26:0_27:0_28:0_29:0_30:0_31:0_32:0_33:0_34:0_35:0_36:0_37:0_38:0_39:0_40:0_41:0_42:0_43:0_44:0_45:0_46:0_47:0_48:0_49:0_50:0_51:0_52:0_53:0_54:0_55:0_56:0_57:0_58:0_59:0_60:0_61:0_62:0_63:0_64:0_65:0_66:0_67:0_68:0_69:0_70:0_71:0_72:0_73:0_74:0_75:0_76:0_77:0_78:0_79:0_80:0_81:0_82:0_83:0_84:0_85:0_86:0_87:0_88:0_89:0_90:0_91:0_92:0_93:0_94:0_95:0_96:0_97:0_98:0_99:0_100:0_101:0_102:0_103:0_104:0_105:0_106:0_107:0_108:0_109:0_110:0_111:0_112:0_113:0_114:0_115:0_116:0_117:0_118:0_119:0_120:0_121:0_122:0_123:0_124:0_125:0_126:0_127:0_128:0_129:0_130:0_131:0_132:0_133:0_134:0_135:0_136:0_137:0_138:0_139:0_140:0_141:0_142:0_143:0_144:0_145:0_146:0_147:0_148:0_149:0_150:0_151:0_152:0_153:0_154:0_155:0_156:0_157:0_158:0_159:0_160:0,46700001:2,0,42731006,1:0_2:0_3:0_4:0_5:0_6:0_7:0_8:0_9:0_10:0_11:0_12:0_13:0_14:0_15:0_16:0_17:0_18:0_19:0_20:0_21:0_22:0_23:0_24:0_25:0_26:0_27:0_28:0_29:0_30:0_31:0_32:0_33:0_34:0_35:0_36:0_37:0_38:0_39:0_40:0_41:0_42:0_43:0_44:0_45:0_46:0_47:0_48:0_49:0_50:0_51:0_52:0_53:0_54:0_55:0_56:0_57:0_58:0_59:0_60:0_61:0_62:0_63:0_64:0_65:0_66:0_67:0_68:0_69:0_70:0_71:0_72:0_73:0_74:0_75:0_76:0_77:0_78:0_79:0_80:0_81:0_82:0_83:0_84:0_85:0_86:0_87:0_88:0_89:0_90:0_91:0_92:0_93:0_94:0_95:0_96:0_97:0_98:0_99:0_100:0_101:0_102:0_103:0_104:0_105:0_106:0_107:0_108:0_109:0_110:0_111:0_112:0_113:0_114:0_115:0_116:0_117:0_118:0_119:0_120:0_121:0_122:0_123:0_124:0_125:0_126:0_127:0_128:0_129:0_130:0_131:0_132:0_133:0_134:0_135:0_136:0_137:0_138:0_139:0_140:0_141:0_142:0_143:0_144:0_145:0_146:0_147:0_148:0_149:0_150:0_151:0_152:0_153:0_154:0_155:0_156:0_157:0_158:0_159:0_160:0,0:1,5,3,1,2
60004,第6关金币2,0,1:0_2:0_3:0_4:0_5:0_6:0_7:0_8:0_9:0_10:0_11:0_12:0_13:0_14:0_15:0_16:0_17:0_18:0_19:0_20:0_21:0_22:0_23:0_24:0_25:0_26:0_27:0_28:0_29:0_30:0_31:0_32:0_33:0_34:0_35:0_36:0_37:0_38:0_39:0_40:0_41:0_42:0_43:0_44:0_45:0_46:0_47:0_48:0_49:0_50:0_51:0_52:0_53:0_54:0_55:0_56:0_57:0_58:0_59:0_60:0_61:0_62:0_63:0_64:0_65:0_66:0_67:0_68:0_69:0_70:0_71:0_72:0_73:0_74:0_75:0_76:0_77:0_78:0_79:0_80:0_81:0_82:0_83:0_84:0_85:0_86:0_87:0_88:0_89:0_90:0_91:0_92:0_93:0_94:0_95:0_96:0_97:0_98:0_99:0_100:0_101:0_102:0_103:0_104:0_105:0_106:0_107:0_108:0_109:0_110:0_111:0_112:0_113:0_114:0_115:0_116:0_117:0_118:0_119:0_120:0_121:0_122:0_123:0_124:0_125:0_126:0_127:0_128:0_129:0_130:0_131:0_132:0_133:0_134:0_135:0_136:0_137:0_138:0_139:0_140:0_141:0_142:0_143:0_144:0_145:0_146:0_147:0_148:0_149:0_150:0_151:0_152:0_153:0_154:0_155:0_156:0_157:0_158:0_159:0_160:0,46200001:40,0,0,1:0_2:0_3:0_4:0_5:0_6:0_7:0_8:0_9:0_10:0_11:0_12:0_13:0_14:0_15:0_16:0_17:0_18:0_19:0_20:0_21:0_22:0_23:0_24:0_25:0_26:0_27:0_28:0_29:0_30:0_31:0_32:0_33:0_34:0_35:0_36:0_37:0_38:0_39:0_40:0_41:0_42:0_43:0_44:0_45:0_46:0_47:0_48:0_49:0_50:0_51:0_52:0_53:0_54:0_55:0_56:0_57:0_58:0_59:0_60:0_61:0_62:0_63:0_64:0_65:0_66:0_67:0_68:0_69:0_70:0_71:0_72:0_73:0_74:0_75:0_76:0_77:0_78:0_79:0_80:0_81:0_82:0_83:0_84:0_85:0_86:0_87:0_88:0_89:0_90:0_91:0_92:0_93:0_94:0_95:0_96:0_97:0_98:0_99:0_100:0_101:0_102:0_103:0_104:0_105:0_106:0_107:0_108:0_109:0_110:0_111:0_112:0_113:0_114:0_115:0_116:0_117:0_118:0_119:0_120:0_121:0_122:0_123:0_124:0_125:0_126:0_127:0_128:0_129:0_130:0_131:0_132:0_133:0_134:0_135:0_136:0_137:0_138:0_139:0_140:0_141:0_142:0_143:0_144:0_145:0_146:0_147:0_148:0_149:0_150:0_151:0_152:0_153:0_154:0_155:0_156:0_157:0_158:0_159:0_160:0,46200001:200,4,4,1,2
60005,第6关强化石2,0,1:0_2:0_3:0_4:0_5:0_6:0_7:0_8:0_9:0_10:0_11:0_12:0_13:0_14:0_15:0_16:0_17:0_18:0_19:0_20:0_21:0_22:0_23:0_24:0_25:0_26:0_27:0_28:0_29:0_30:0_31:0_32:0_33:0_34:0_35:0_36:0_37:0_38:0_39:0_40:0_41:0_42:0_43:0_44:0_45:0_46:0_47:0_48:0_49:0_50:0_51:0_52:0_53:0_54:0_55:0_56:0_57:0_58:0_59:0_60:0_61:0_62:0_63:0_64:0_65:0_66:0_67:0_68:0_69:0_70:0_71:0_72:0_73:0_74:0_75:0_76:0_77:0_78:0_79:0_80:0_81:0_82:0_83:0_84:0_85:0_86:0_87:0_88:0_89:0_90:0_91:0_92:0_93:0_94:0_95:0_96:0_97:0_98:0_99:0_100:0_101:0_102:0_103:0_104:0_105:0_106:0_107:0_108:0_109:0_110:0_111:0_112:0_113:0_114:0_115:0_116:0_117:0_118:0_119:0_120:0_121:0_122:0_123:0_124:0_125:0_126:0_127:0_128:0_129:0_130:0_131:0_132:0_133:0_134:0_135:0_136:0_137:0_138:0_139:0_140:0_141:0_142:0_143:0_144:0_145:0_146:0_147:0_148:0_149:0_150:0_151:0_152:0_153:0_154:0_155:0_156:0_157:0_158:0_159:0_160:0,46700001:2,0,0,1:0_2:0_3:0_4:0_5:0_6:0_7:0_8:0_9:0_10:0_11:0_12:0_13:0_14:0_15:0_16:0_17:0_18:0_19:0_20:0_21:0_22:0_23:0_24:0_25:0_26:0_27:0_28:0_29:0_30:0_31:0_32:0_33:0_34:0_35:0_36:0_37:0_38:0_39:0_40:0_41:0_42:0_43:0_44:0_45:0_46:0_47:0_48:0_49:0_50:0_51:0_52:0_53:0_54:0_55:0_56:0_57:0_58:0_59:0_60:0_61:0_62:0_63:0_64:0_65:0_66:0_67:0_68:0_69:0_70:0_71:0_72:0_73:0_74:0_75:0_76:0_77:0_78:0_79:0_80:0_81:0_82:0_83:0_84:0_85:0_86:0_87:0_88:0_89:0_90:0_91:0_92:0_93:0_94:0_95:0_96:0_97:0_98:0_99:0_100:0_101:0_102:0_103:0_104:0_105:0_106:0_107:0_108:0_109:0_110:0_111:0_112:0_113:0_114:0_115:0_116:0_117:0_118:0_119:0_120:0_121:0_122:0_123:0_124:0_125:0_126:0_127:0_128:0_129:0_130:0_131:0_132:0_133:0_134:0_135:0_136:0_137:0_138:0_139:0_140:0_141:0_142:0_143:0_144:0_145:0_146:0_147:0_148:0_149:0_150:0_151:0_152:0_153:0_154:0_155:0_156:0_157:0_158:0_159:0_160:0,46700001:8,5,5,1,2
60006,第6关铠甲,0,1:0_2:0_3:0_4:0_5:0_6:0_7:0_8:0_9:0_10:0_11:0_12:0_13:0_14:0_15:0_16:0_17:0_18:0_19:0_20:0_21:0_22:0_23:0_24:0_25:0_26:0_27:0_28:0_29:0_30:0_31:0_32:0_33:0_34:0_35:0_36:0_37:0_38:0_39:0_40:0_41:0_42:0_43:0_44:0_45:0_46:0_47:0_48:0_49:0_50:0_51:0_52:0_53:0_54:0_55:0_56:0_57:0_58:0_59:0_60:0_61:0_62:0_63:0_64:0_65:0_66:0_67:0_68:0_69:0_70:0_71:0_72:0_73:0_74:0_75:0_76:0_77:0_78:0_79:0_80:0_81:0_82:0_83:0_84:0_85:0_86:0_87:0_88:0_89:0_90:0_91:0_92:0_93:0_94:0_95:0_96:0_97:0_98:0_99:0_100:0_101:0_102:0_103:0_104:0_105:0_106:0_107:0_108:0_109:0_110:0_111:0_112:0_113:0_114:0_115:0_116:0_117:0_118:0_119:0_120:0_121:0_122:0_123:0_124:0_125:0_126:0_127:0_128:0_129:0_130:0_131:0_132:0_133:0_134:0_135:0_136:0_137:0_138:0_139:0_140:0_141:0_142:0_143:0_144:0_145:0_146:0_147:0_148:0_149:0_150:0_151:0_152:0_153:0_154:0_155:0_156:0_157:0_158:0_159:0_160:0,46700001:2,0,42633006,1:0_2:0_3:0_4:0_5:0_6:0_7:0_8:0_9:0_10:0_11:0_12:0_13:0_14:0_15:0_16:0_17:0_18:0_19:0_20:0_21:0_22:0_23:0_24:0_25:0_26:0_27:0_28:0_29:0_30:0_31:0_32:0_33:0_34:0_35:0_36:0_37:0_38:0_39:0_40:0_41:0_42:0_43:0_44:0_45:0_46:0_47:0_48:0_49:0_50:0_51:0_52:0_53:0_54:0_55:0_56:0_57:0_58:0_59:0_60:0_61:0_62:0_63:0_64:0_65:0_66:0_67:0_68:0_69:0_70:0_71:0_72:0_73:0_74:0_75:0_76:0_77:0_78:0_79:0_80:0_81:0_82:0_83:0_84:0_85:0_86:0_87:0_88:0_89:0_90:0_91:0_92:0_93:0_94:0_95:0_96:0_97:0_98:0_99:0_100:0_101:0_102:0_103:0_104:0_105:0_106:0_107:0_108:0_109:0_110:0_111:0_112:0_113:0_114:0_115:0_116:0_117:0_118:0_119:0_120:0_121:0_122:0_123:0_124:0_125:0_126:0_127:0_128:0_129:0_130:0_131:0_132:0_133:0_134:0_135:0_136:0_137:0_138:0_139:0_140:0_141:0_142:0_143:0_144:0_145:0_146:0_147:0_148:0_149:0_150:0_151:0_152:0_153:0_154:0_155:0_156:0_157:0_158:0_159:0_160:0,0:1,5,2,1,2
70020,首通宝箱7,0,1:0_2:0_3:0_4:0_5:0_6:0_7:0_8:0_9:0_10:0_11:0_12:0_13:0_14:0_15:0_16:0_17:0_18:0_19:0_20:0_21:0_22:0_23:0_24:0_25:0_26:0_27:0_28:0_29:0_30:0_31:0_32:0_33:0_34:0_35:0_36:0_37:0_38:0_39:0_40:0_41:0_42:0_43:0_44:0_45:0_46:0_47:0_48:0_49:0_50:0_51:0_52:0_53:0_54:0_55:0_56:0_57:0_58:0_59:0_60:0_61:0_62:0_63:0_64:0_65:0_66:0_67:0_68:0_69:0_70:0_71:0_72:0_73:0_74:0_75:0_76:0_77:0_78:0_79:0_80:0_81:0_82:0_83:0_84:0_85:0_86:0_87:0_88:0_89:0_90:0_91:0_92:0_93:0_94:0_95:0_96:0_97:0_98:0_99:0_100:0_101:0_102:0_103:0_104:0_105:0_106:0_107:0_108:0_109:0_110:0_111:0_112:0_113:0_114:0_115:0_116:0_117:0_118:0_119:0_120:0_121:0_122:0_123:0_124:0_125:0_126:0_127:0_128:0_129:0_130:0_131:0_132:0_133:0_134:0_135:0_136:0_137:0_138:0_139:0_140:0_141:0_142:0_143:0_144:0_145:0_146:0_147:0_148:0_149:0_150:0_151:0_152:0_153:0_154:0_155:0_156:0_157:0_158:0_159:0_160:0,0:1,0,0,1:0_2:0_3:0_4:0_5:0_6:0_7:0_8:0_9:0_10:0_11:0_12:0_13:0_14:0_15:0_16:0_17:0_18:0_19:0_20:0_21:0_22:0_23:0_24:0_25:0_26:0_27:0_28:0_29:0_30:0_31:0_32:0_33:0_34:0_35:0_36:0_37:0_38:0_39:0_40:0_41:0_42:0_43:0_44:0_45:0_46:0_47:0_48:0_49:0_50:0_51:0_52:0_53:0_54:0_55:0_56:0_57:0_58:0_59:0_60:0_61:0_62:0_63:0_64:0_65:0_66:0_67:0_68:0_69:0_70:0_71:0_72:0_73:0_74:0_75:0_76:0_77:0_78:0_79:0_80:0_81:0_82:0_83:0_84:0_85:0_86:0_87:0_88:0_89:0_90:0_91:0_92:0_93:0_94:0_95:0_96:0_97:0_98:0_99:0_100:0_101:0_102:0_103:0_104:0_105:0_106:0_107:0_108:0_109:0_110:0_111:0_112:0_113:0_114:0_115:0_116:0_117:0_118:0_119:0_120:0_121:0_122:0_123:0_124:0_125:0_126:0_127:0_128:0_129:0_130:0_131:0_132:0_133:0_134:0_135:0_136:0_137:0_138:0_139:0_140:0_141:0_142:0_143:0_144:0_145:0_146:0_147:0_148:0_149:0_150:0_151:0_152:0_153:0_154:0_155:0_156:0_157:0_158:0_159:0_160:0,46700001:42,0,0,0,0
70010,通关宝箱7,0,1:0_2:0_3:0_4:0_5:0_6:0_7:0_8:0_9:0_10:0_11:0_12:0_13:0_14:0_15:0_16:0_17:0_18:0_19:0_20:0_21:0_22:0_23:0_24:0_25:0_26:0_27:0_28:0_29:0_30:0_31:0_32:0_33:0_34:0_35:0_36:0_37:0_38:0_39:0_40:0_41:0_42:0_43:0_44:0_45:0_46:0_47:0_48:0_49:0_50:0_51:0_52:0_53:0_54:0_55:0_56:0_57:0_58:0_59:0_60:0_61:0_62:0_63:0_64:0_65:0_66:0_67:0_68:0_69:0_70:0_71:0_72:0_73:0_74:0_75:0_76:0_77:0_78:0_79:0_80:0_81:0_82:0_83:0_84:0_85:0_86:0_87:0_88:0_89:0_90:0_91:0_92:0_93:0_94:0_95:0_96:0_97:0_98:0_99:0_100:0_101:0_102:0_103:0_104:0_105:0_106:0_107:0_108:0_109:0_110:0_111:0_112:0_113:0_114:0_115:0_116:0_117:0_118:0_119:0_120:0_121:0_122:0_123:0_124:0_125:0_126:0_127:0_128:0_129:0_130:0_131:0_132:0_133:0_134:0_135:0_136:0_137:0_138:0_139:0_140:0_141:0_142:0_143:0_144:0_145:0_146:0_147:0_148:0_149:0_150:0_151:0_152:0_153:0_154:0_155:0_156:0_157:0_158:0_159:0_160:0,0:1,0,0,1:0_2:0_3:0_4:0_5:0_6:0_7:0_8:0_9:0_10:0_11:0_12:0_13:0_14:0_15:0_16:0_17:0_18:0_19:0_20:0_21:0_22:0_23:0_24:0_25:0_26:0_27:0_28:0_29:0_30:0_31:0_32:0_33:0_34:0_35:0_36:0_37:0_38:0_39:0_40:0_41:0_42:0_43:0_44:0_45:0_46:0_47:0_48:0_49:0_50:0_51:0_52:0_53:0_54:0_55:0_56:0_57:0_58:0_59:0_60:0_61:0_62:0_63:0_64:0_65:0_66:0_67:0_68:0_69:0_70:0_71:0_72:0_73:0_74:0_75:0_76:0_77:0_78:0_79:0_80:0_81:0_82:0_83:0_84:0_85:0_86:0_87:0_88:0_89:0_90:0_91:0_92:0_93:0_94:0_95:0_96:0_97:0_98:0_99:0_100:0_101:0_102:0_103:0_104:0_105:0_106:0_107:0_108:0_109:0_110:0_111:0_112:0_113:0_114:0_115:0_116:0_117:0_118:0_119:0_120:0_121:0_122:0_123:0_124:0_125:0_126:0_127:0_128:0_129:0_130:0_131:0_132:0_133:0_134:0_135:0_136:0_137:0_138:0_139:0_140:0_141:0_142:0_143:0_144:0_145:0_146:0_147:0_148:0_149:0_150:0_151:0_152:0_153:0_154:0_155:0_156:0_157:0_158:0_159:0_160:0,46700001:16,0,0,0,0
70001,第7关铠甲1,0,1:0_2:0_3:0_4:0_5:0_6:0_7:0_8:0_9:0_10:0_11:0_12:0_13:0_14:0_15:0_16:0_17:0_18:0_19:0_20:0_21:0_22:0_23:0_24:0_25:0_26:0_27:0_28:0_29:0_30:0_31:0_32:0_33:0_34:0_35:0_36:0_37:0_38:0_39:0_40:0_41:0_42:0_43:0_44:0_45:0_46:0_47:0_48:0_49:0_50:0_51:0_52:0_53:0_54:0_55:0_56:0_57:0_58:0_59:0_60:0_61:0_62:0_63:0_64:0_65:0_66:0_67:0_68:0_69:0_70:0_71:0_72:0_73:0_74:0_75:0_76:0_77:0_78:0_79:0_80:0_81:0_82:0_83:0_84:0_85:0_86:0_87:0_88:0_89:0_90:0_91:0_92:0_93:0_94:0_95:0_96:0_97:0_98:0_99:0_100:0_101:0_102:0_103:0_104:0_105:0_106:0_107:0_108:0_109:0_110:0_111:0_112:0_113:0_114:0_115:0_116:0_117:0_118:0_119:0_120:0_121:0_122:0_123:0_124:0_125:0_126:0_127:0_128:0_129:0_130:0_131:0_132:0_133:0_134:0_135:0_136:0_137:0_138:0_139:0_140:0_141:0_142:0_143:0_144:0_145:0_146:0_147:0_148:0_149:0_150:0_151:0_152:0_153:0_154:0_155:0_156:0_157:0_158:0_159:0_160:0,46700001:2,0,42633007,1:0_2:0_3:0_4:0_5:0_6:0_7:0_8:0_9:0_10:0_11:0_12:0_13:0_14:0_15:0_16:0_17:0_18:0_19:0_20:0_21:0_22:0_23:0_24:0_25:0_26:0_27:0_28:0_29:0_30:0_31:0_32:0_33:0_34:0_35:0_36:0_37:0_38:0_39:0_40:0_41:0_42:0_43:0_44:0_45:0_46:0_47:0_48:0_49:0_50:0_51:0_52:0_53:0_54:0_55:0_56:0_57:0_58:0_59:0_60:0_61:0_62:0_63:0_64:0_65:0_66:0_67:0_68:0_69:0_70:0_71:0_72:0_73:0_74:0_75:0_76:0_77:0_78:0_79:0_80:0_81:0_82:0_83:0_84:0_85:0_86:0_87:0_88:0_89:0_90:0_91:0_92:0_93:0_94:0_95:0_96:0_97:0_98:0_99:0_100:0_101:0_102:0_103:0_104:0_105:0_106:0_107:0_108:0_109:0_110:0_111:0_112:0_113:0_114:0_115:0_116:0_117:0_118:0_119:0_120:0_121:0_122:0_123:0_124:0_125:0_126:0_127:0_128:0_129:0_130:0_131:0_132:0_133:0_134:0_135:0_136:0_137:0_138:0_139:0_140:0_141:0_142:0_143:0_144:0_145:0_146:0_147:0_148:0_149:0_150:0_151:0_152:0_153:0_154:0_155:0_156:0_157:0_158:0_159:0_160:0,0:1,5,2,1,2
70002,第7关强化石1,0,1:0_2:0_3:0_4:0_5:0_6:0_7:0_8:0_9:0_10:0_11:0_12:0_13:0_14:0_15:0_16:0_17:0_18:0_19:0_20:0_21:0_22:0_23:0_24:0_25:0_26:0_27:0_28:0_29:0_30:0_31:0_32:0_33:0_34:0_35:0_36:0_37:0_38:0_39:0_40:0_41:0_42:0_43:0_44:0_45:0_46:0_47:0_48:0_49:0_50:0_51:0_52:0_53:0_54:0_55:0_56:0_57:0_58:0_59:0_60:0_61:0_62:0_63:0_64:0_65:0_66:0_67:0_68:0_69:0_70:0_71:0_72:0_73:0_74:0_75:0_76:0_77:0_78:0_79:0_80:0_81:0_82:0_83:0_84:0_85:0_86:0_87:0_88:0_89:0_90:0_91:0_92:0_93:0_94:0_95:0_96:0_97:0_98:0_99:0_100:0_101:0_102:0_103:0_104:0_105:0_106:0_107:0_108:0_109:0_110:0_111:0_112:0_113:0_114:0_115:0_116:0_117:0_118:0_119:0_120:0_121:0_122:0_123:0_124:0_125:0_126:0_127:0_128:0_129:0_130:0_131:0_132:0_133:0_134:0_135:0_136:0_137:0_138:0_139:0_140:0_141:0_142:0_143:0_144:0_145:0_146:0_147:0_148:0_149:0_150:0_151:0_152:0_153:0_154:0_155:0_156:0_157:0_158:0_159:0_160:0,46700001:1,0,0,1:0_2:0_3:0_4:0_5:0_6:0_7:0_8:0_9:0_10:0_11:0_12:0_13:0_14:0_15:0_16:0_17:0_18:0_19:0_20:0_21:0_22:0_23:0_24:0_25:0_26:0_27:0_28:0_29:0_30:0_31:0_32:0_33:0_34:0_35:0_36:0_37:0_38:0_39:0_40:0_41:0_42:0_43:0_44:0_45:0_46:0_47:0_48:0_49:0_50:0_51:0_52:0_53:0_54:0_55:0_56:0_57:0_58:0_59:0_60:0_61:0_62:0_63:0_64:0_65:0_66:0_67:0_68:0_69:0_70:0_71:0_72:0_73:0_74:0_75:0_76:0_77:0_78:0_79:0_80:0_81:0_82:0_83:0_84:0_85:0_86:0_87:0_88:0_89:0_90:0_91:0_92:0_93:0_94:0_95:0_96:0_97:0_98:0_99:0_100:0_101:0_102:0_103:0_104:0_105:0_106:0_107:0_108:0_109:0_110:0_111:0_112:0_113:0_114:0_115:0_116:0_117:0_118:0_119:0_120:0_121:0_122:0_123:0_124:0_125:0_126:0_127:0_128:0_129:0_130:0_131:0_132:0_133:0_134:0_135:0_136:0_137:0_138:0_139:0_140:0_141:0_142:0_143:0_144:0_145:0_146:0_147:0_148:0_149:0_150:0_151:0_152:0_153:0_154:0_155:0_156:0_157:0_158:0_159:0_160:0,46700001:4,5,5,1,1
70003,第7关金币1,0,1:0_2:0_3:0_4:0_5:0_6:0_7:0_8:0_9:0_10:0_11:0_12:0_13:0_14:0_15:0_16:0_17:0_18:0_19:0_20:0_21:0_22:0_23:0_24:0_25:0_26:0_27:0_28:0_29:0_30:0_31:0_32:0_33:0_34:0_35:0_36:0_37:0_38:0_39:0_40:0_41:0_42:0_43:0_44:0_45:0_46:0_47:0_48:0_49:0_50:0_51:0_52:0_53:0_54:0_55:0_56:0_57:0_58:0_59:0_60:0_61:0_62:0_63:0_64:0_65:0_66:0_67:0_68:0_69:0_70:0_71:0_72:0_73:0_74:0_75:0_76:0_77:0_78:0_79:0_80:0_81:0_82:0_83:0_84:0_85:0_86:0_87:0_88:0_89:0_90:0_91:0_92:0_93:0_94:0_95:0_96:0_97:0_98:0_99:0_100:0_101:0_102:0_103:0_104:0_105:0_106:0_107:0_108:0_109:0_110:0_111:0_112:0_113:0_114:0_115:0_116:0_117:0_118:0_119:0_120:0_121:0_122:0_123:0_124:0_125:0_126:0_127:0_128:0_129:0_130:0_131:0_132:0_133:0_134:0_135:0_136:0_137:0_138:0_139:0_140:0_141:0_142:0_143:0_144:0_145:0_146:0_147:0_148:0_149:0_150:0_151:0_152:0_153:0_154:0_155:0_156:0_157:0_158:0_159:0_160:0,46200001:20,0,0,1:0_2:0_3:0_4:0_5:0_6:0_7:0_8:0_9:0_10:0_11:0_12:0_13:0_14:0_15:0_16:0_17:0_18:0_19:0_20:0_21:0_22:0_23:0_24:0_25:0_26:0_27:0_28:0_29:0_30:0_31:0_32:0_33:0_34:0_35:0_36:0_37:0_38:0_39:0_40:0_41:0_42:0_43:0_44:0_45:0_46:0_47:0_48:0_49:0_50:0_51:0_52:0_53:0_54:0_55:0_56:0_57:0_58:0_59:0_60:0_61:0_62:0_63:0_64:0_65:0_66:0_67:0_68:0_69:0_70:0_71:0_72:0_73:0_74:0_75:0_76:0_77:0_78:0_79:0_80:0_81:0_82:0_83:0_84:0_85:0_86:0_87:0_88:0_89:0_90:0_91:0_92:0_93:0_94:0_95:0_96:0_97:0_98:0_99:0_100:0_101:0_102:0_103:0_104:0_105:0_106:0_107:0_108:0_109:0_110:0_111:0_112:0_113:0_114:0_115:0_116:0_117:0_118:0_119:0_120:0_121:0_122:0_123:0_124:0_125:0_126:0_127:0_128:0_129:0_130:0_131:0_132:0_133:0_134:0_135:0_136:0_137:0_138:0_139:0_140:0_141:0_142:0_143:0_144:0_145:0_146:0_147:0_148:0_149:0_150:0_151:0_152:0_153:0_154:0_155:0_156:0_157:0_158:0_159:0_160:0,46200001:100,4,4,1,1
70004,第7关武器1,0,1:0_2:0_3:0_4:0_5:0_6:0_7:0_8:0_9:0_10:0_11:0_12:0_13:0_14:0_15:0_16:0_17:0_18:0_19:0_20:0_21:0_22:0_23:0_24:0_25:0_26:0_27:0_28:0_29:0_30:0_31:0_32:0_33:0_34:0_35:0_36:0_37:0_38:0_39:0_40:0_41:0_42:0_43:0_44:0_45:0_46:0_47:0_48:0_49:0_50:0_51:0_52:0_53:0_54:0_55:0_56:0_57:0_58:0_59:0_60:0_61:0_62:0_63:0_64:0_65:0_66:0_67:0_68:0_69:0_70:0_71:0_72:0_73:0_74:0_75:0_76:0_77:0_78:0_79:0_80:0_81:0_82:0_83:0_84:0_85:0_86:0_87:0_88:0_89:0_90:0_91:0_92:0_93:0_94:0_95:0_96:0_97:0_98:0_99:0_100:0_101:0_102:0_103:0_104:0_105:0_106:0_107:0_108:0_109:0_110:0_111:0_112:0_113:0_114:0_115:0_116:0_117:0_118:0_119:0_120:0_121:0_122:0_123:0_124:0_125:0_126:0_127:0_128:0_129:0_130:0_131:0_132:0_133:0_134:0_135:0_136:0_137:0_138:0_139:0_140:0_141:0_142:0_143:0_144:0_145:0_146:0_147:0_148:0_149:0_150:0_151:0_152:0_153:0_154:0_155:0_156:0_157:0_158:0_159:0_160:0,46700001:2,0,42731007,1:0_2:0_3:0_4:0_5:0_6:0_7:0_8:0_9:0_10:0_11:0_12:0_13:0_14:0_15:0_16:0_17:0_18:0_19:0_20:0_21:0_22:0_23:0_24:0_25:0_26:0_27:0_28:0_29:0_30:0_31:0_32:0_33:0_34:0_35:0_36:0_37:0_38:0_39:0_40:0_41:0_42:0_43:0_44:0_45:0_46:0_47:0_48:0_49:0_50:0_51:0_52:0_53:0_54:0_55:0_56:0_57:0_58:0_59:0_60:0_61:0_62:0_63:0_64:0_65:0_66:0_67:0_68:0_69:0_70:0_71:0_72:0_73:0_74:0_75:0_76:0_77:0_78:0_79:0_80:0_81:0_82:0_83:0_84:0_85:0_86:0_87:0_88:0_89:0_90:0_91:0_92:0_93:0_94:0_95:0_96:0_97:0_98:0_99:0_100:0_101:0_102:0_103:0_104:0_105:0_106:0_107:0_108:0_109:0_110:0_111:0_112:0_113:0_114:0_115:0_116:0_117:0_118:0_119:0_120:0_121:0_122:0_123:0_124:0_125:0_126:0_127:0_128:0_129:0_130:0_131:0_132:0_133:0_134:0_135:0_136:0_137:0_138:0_139:0_140:0_141:0_142:0_143:0_144:0_145:0_146:0_147:0_148:0_149:0_150:0_151:0_152:0_153:0_154:0_155:0_156:0_157:0_158:0_159:0_160:0,0:1,5,3,1,2
70005,第7关铠甲2,0,1:0_2:0_3:0_4:0_5:0_6:0_7:0_8:0_9:0_10:0_11:0_12:0_13:0_14:0_15:0_16:0_17:0_18:0_19:0_20:0_21:0_22:0_23:0_24:0_25:0_26:0_27:0_28:0_29:0_30:0_31:0_32:0_33:0_34:0_35:0_36:0_37:0_38:0_39:0_40:0_41:0_42:0_43:0_44:0_45:0_46:0_47:0_48:0_49:0_50:0_51:0_52:0_53:0_54:0_55:0_56:0_57:0_58:0_59:0_60:0_61:0_62:0_63:0_64:0_65:0_66:0_67:0_68:0_69:0_70:0_71:0_72:0_73:0_74:0_75:0_76:0_77:0_78:0_79:0_80:0_81:0_82:0_83:0_84:0_85:0_86:0_87:0_88:0_89:0_90:0_91:0_92:0_93:0_94:0_95:0_96:0_97:0_98:0_99:0_100:0_101:0_102:0_103:0_104:0_105:0_106:0_107:0_108:0_109:0_110:0_111:0_112:0_113:0_114:0_115:0_116:0_117:0_118:0_119:0_120:0_121:0_122:0_123:0_124:0_125:0_126:0_127:0_128:0_129:0_130:0_131:0_132:0_133:0_134:0_135:0_136:0_137:0_138:0_139:0_140:0_141:0_142:0_143:0_144:0_145:0_146:0_147:0_148:0_149:0_150:0_151:0_152:0_153:0_154:0_155:0_156:0_157:0_158:0_159:0_160:0,46700001:4,0,42653007,1:0_2:0_3:0_4:0_5:0_6:0_7:0_8:0_9:0_10:0_11:0_12:0_13:0_14:0_15:0_16:0_17:0_18:0_19:0_20:0_21:0_22:0_23:0_24:0_25:0_26:0_27:0_28:0_29:0_30:0_31:0_32:0_33:0_34:0_35:0_36:0_37:0_38:0_39:0_40:0_41:0_42:0_43:0_44:0_45:0_46:0_47:0_48:0_49:0_50:0_51:0_52:0_53:0_54:0_55:0_56:0_57:0_58:0_59:0_60:0_61:0_62:0_63:0_64:0_65:0_66:0_67:0_68:0_69:0_70:0_71:0_72:0_73:0_74:0_75:0_76:0_77:0_78:0_79:0_80:0_81:0_82:0_83:0_84:0_85:0_86:0_87:0_88:0_89:0_90:0_91:0_92:0_93:0_94:0_95:0_96:0_97:0_98:0_99:0_100:0_101:0_102:0_103:0_104:0_105:0_106:0_107:0_108:0_109:0_110:0_111:0_112:0_113:0_114:0_115:0_116:0_117:0_118:0_119:0_120:0_121:0_122:0_123:0_124:0_125:0_126:0_127:0_128:0_129:0_130:0_131:0_132:0_133:0_134:0_135:0_136:0_137:0_138:0_139:0_140:0_141:0_142:0_143:0_144:0_145:0_146:0_147:0_148:0_149:0_150:0_151:0_152:0_153:0_154:0_155:0_156:0_157:0_158:0_159:0_160:0,0:1,5,2,1,3
70006,第7关强化石2,0,1:0_2:0_3:0_4:0_5:0_6:0_7:0_8:0_9:0_10:0_11:0_12:0_13:0_14:0_15:0_16:0_17:0_18:0_19:0_20:0_21:0_22:0_23:0_24:0_25:0_26:0_27:0_28:0_29:0_30:0_31:0_32:0_33:0_34:0_35:0_36:0_37:0_38:0_39:0_40:0_41:0_42:0_43:0_44:0_45:0_46:0_47:0_48:0_49:0_50:0_51:0_52:0_53:0_54:0_55:0_56:0_57:0_58:0_59:0_60:0_61:0_62:0_63:0_64:0_65:0_66:0_67:0_68:0_69:0_70:0_71:0_72:0_73:0_74:0_75:0_76:0_77:0_78:0_79:0_80:0_81:0_82:0_83:0_84:0_85:0_86:0_87:0_88:0_89:0_90:0_91:0_92:0_93:0_94:0_95:0_96:0_97:0_98:0_99:0_100:0_101:0_102:0_103:0_104:0_105:0_106:0_107:0_108:0_109:0_110:0_111:0_112:0_113:0_114:0_115:0_116:0_117:0_118:0_119:0_120:0_121:0_122:0_123:0_124:0_125:0_126:0_127:0_128:0_129:0_130:0_131:0_132:0_133:0_134:0_135:0_136:0_137:0_138:0_139:0_140:0_141:0_142:0_143:0_144:0_145:0_146:0_147:0_148:0_149:0_150:0_151:0_152:0_153:0_154:0_155:0_156:0_157:0_158:0_159:0_160:0,46700001:2,0,0,1:0_2:0_3:0_4:0_5:0_6:0_7:0_8:0_9:0_10:0_11:0_12:0_13:0_14:0_15:0_16:0_17:0_18:0_19:0_20:0_21:0_22:0_23:0_24:0_25:0_26:0_27:0_28:0_29:0_30:0_31:0_32:0_33:0_34:0_35:0_36:0_37:0_38:0_39:0_40:0_41:0_42:0_43:0_44:0_45:0_46:0_47:0_48:0_49:0_50:0_51:0_52:0_53:0_54:0_55:0_56:0_57:0_58:0_59:0_60:0_61:0_62:0_63:0_64:0_65:0_66:0_67:0_68:0_69:0_70:0_71:0_72:0_73:0_74:0_75:0_76:0_77:0_78:0_79:0_80:0_81:0_82:0_83:0_84:0_85:0_86:0_87:0_88:0_89:0_90:0_91:0_92:0_93:0_94:0_95:0_96:0_97:0_98:0_99:0_100:0_101:0_102:0_103:0_104:0_105:0_106:0_107:0_108:0_109:0_110:0_111:0_112:0_113:0_114:0_115:0_116:0_117:0_118:0_119:0_120:0_121:0_122:0_123:0_124:0_125:0_126:0_127:0_128:0_129:0_130:0_131:0_132:0_133:0_134:0_135:0_136:0_137:0_138:0_139:0_140:0_141:0_142:0_143:0_144:0_145:0_146:0_147:0_148:0_149:0_150:0_151:0_152:0_153:0_154:0_155:0_156:0_157:0_158:0_159:0_160:0,46700001:8,5,5,1,2
70007,第7关金币2,0,1:0_2:0_3:0_4:0_5:0_6:0_7:0_8:0_9:0_10:0_11:0_12:0_13:0_14:0_15:0_16:0_17:0_18:0_19:0_20:0_21:0_22:0_23:0_24:0_25:0_26:0_27:0_28:0_29:0_30:0_31:0_32:0_33:0_34:0_35:0_36:0_37:0_38:0_39:0_40:0_41:0_42:0_43:0_44:0_45:0_46:0_47:0_48:0_49:0_50:0_51:0_52:0_53:0_54:0_55:0_56:0_57:0_58:0_59:0_60:0_61:0_62:0_63:0_64:0_65:0_66:0_67:0_68:0_69:0_70:0_71:0_72:0_73:0_74:0_75:0_76:0_77:0_78:0_79:0_80:0_81:0_82:0_83:0_84:0_85:0_86:0_87:0_88:0_89:0_90:0_91:0_92:0_93:0_94:0_95:0_96:0_97:0_98:0_99:0_100:0_101:0_102:0_103:0_104:0_105:0_106:0_107:0_108:0_109:0_110:0_111:0_112:0_113:0_114:0_115:0_116:0_117:0_118:0_119:0_120:0_121:0_122:0_123:0_124:0_125:0_126:0_127:0_128:0_129:0_130:0_131:0_132:0_133:0_134:0_135:0_136:0_137:0_138:0_139:0_140:0_141:0_142:0_143:0_144:0_145:0_146:0_147:0_148:0_149:0_150:0_151:0_152:0_153:0_154:0_155:0_156:0_157:0_158:0_159:0_160:0,46200001:40,0,0,1:0_2:0_3:0_4:0_5:0_6:0_7:0_8:0_9:0_10:0_11:0_12:0_13:0_14:0_15:0_16:0_17:0_18:0_19:0_20:0_21:0_22:0_23:0_24:0_25:0_26:0_27:0_28:0_29:0_30:0_31:0_32:0_33:0_34:0_35:0_36:0_37:0_38:0_39:0_40:0_41:0_42:0_43:0_44:0_45:0_46:0_47:0_48:0_49:0_50:0_51:0_52:0_53:0_54:0_55:0_56:0_57:0_58:0_59:0_60:0_61:0_62:0_63:0_64:0_65:0_66:0_67:0_68:0_69:0_70:0_71:0_72:0_73:0_74:0_75:0_76:0_77:0_78:0_79:0_80:0_81:0_82:0_83:0_84:0_85:0_86:0_87:0_88:0_89:0_90:0_91:0_92:0_93:0_94:0_95:0_96:0_97:0_98:0_99:0_100:0_101:0_102:0_103:0_104:0_105:0_106:0_107:0_108:0_109:0_110:0_111:0_112:0_113:0_114:0_115:0_116:0_117:0_118:0_119:0_120:0_121:0_122:0_123:0_124:0_125:0_126:0_127:0_128:0_129:0_130:0_131:0_132:0_133:0_134:0_135:0_136:0_137:0_138:0_139:0_140:0_141:0_142:0_143:0_144:0_145:0_146:0_147:0_148:0_149:0_150:0_151:0_152:0_153:0_154:0_155:0_156:0_157:0_158:0_159:0_160:0,46200001:200,4,4,1,2
70008,第7关武器2,0,1:0_2:0_3:0_4:0_5:0_6:0_7:0_8:0_9:0_10:0_11:0_12:0_13:0_14:0_15:0_16:0_17:0_18:0_19:0_20:0_21:0_22:0_23:0_24:0_25:0_26:0_27:0_28:0_29:0_30:0_31:0_32:0_33:0_34:0_35:0_36:0_37:0_38:0_39:0_40:0_41:0_42:0_43:0_44:0_45:0_46:0_47:0_48:0_49:0_50:0_51:0_52:0_53:0_54:0_55:0_56:0_57:0_58:0_59:0_60:0_61:0_62:0_63:0_64:0_65:0_66:0_67:0_68:0_69:0_70:0_71:0_72:0_73:0_74:0_75:0_76:0_77:0_78:0_79:0_80:0_81:0_82:0_83:0_84:0_85:0_86:0_87:0_88:0_89:0_90:0_91:0_92:0_93:0_94:0_95:0_96:0_97:0_98:0_99:0_100:0_101:0_102:0_103:0_104:0_105:0_106:0_107:0_108:0_109:0_110:0_111:0_112:0_113:0_114:0_115:0_116:0_117:0_118:0_119:0_120:0_121:0_122:0_123:0_124:0_125:0_126:0_127:0_128:0_129:0_130:0_131:0_132:0_133:0_134:0_135:0_136:0_137:0_138:0_139:0_140:0_141:0_142:0_143:0_144:0_145:0_146:0_147:0_148:0_149:0_150:0_151:0_152:0_153:0_154:0_155:0_156:0_157:0_158:0_159:0_160:0,46700001:4,0,42751007,1:0_2:0_3:0_4:0_5:0_6:0_7:0_8:0_9:0_10:0_11:0_12:0_13:0_14:0_15:0_16:0_17:0_18:0_19:0_20:0_21:0_22:0_23:0_24:0_25:0_26:0_27:0_28:0_29:0_30:0_31:0_32:0_33:0_34:0_35:0_36:0_37:0_38:0_39:0_40:0_41:0_42:0_43:0_44:0_45:0_46:0_47:0_48:0_49:0_50:0_51:0_52:0_53:0_54:0_55:0_56:0_57:0_58:0_59:0_60:0_61:0_62:0_63:0_64:0_65:0_66:0_67:0_68:0_69:0_70:0_71:0_72:0_73:0_74:0_75:0_76:0_77:0_78:0_79:0_80:0_81:0_82:0_83:0_84:0_85:0_86:0_87:0_88:0_89:0_90:0_91:0_92:0_93:0_94:0_95:0_96:0_97:0_98:0_99:0_100:0_101:0_102:0_103:0_104:0_105:0_106:0_107:0_108:0_109:0_110:0_111:0_112:0_113:0_114:0_115:0_116:0_117:0_118:0_119:0_120:0_121:0_122:0_123:0_124:0_125:0_126:0_127:0_128:0_129:0_130:0_131:0_132:0_133:0_134:0_135:0_136:0_137:0_138:0_139:0_140:0_141:0_142:0_143:0_144:0_145:0_146:0_147:0_148:0_149:0_150:0_151:0_152:0_153:0_154:0_155:0_156:0_157:0_158:0_159:0_160:0,0:1,5,3,1,3
70009,第7关金币3,0,1:0_2:0_3:0_4:0_5:0_6:0_7:0_8:0_9:0_10:0_11:0_12:0_13:0_14:0_15:0_16:0_17:0_18:0_19:0_20:0_21:0_22:0_23:0_24:0_25:0_26:0_27:0_28:0_29:0_30:0_31:0_32:0_33:0_34:0_35:0_36:0_37:0_38:0_39:0_40:0_41:0_42:0_43:0_44:0_45:0_46:0_47:0_48:0_49:0_50:0_51:0_52:0_53:0_54:0_55:0_56:0_57:0_58:0_59:0_60:0_61:0_62:0_63:0_64:0_65:0_66:0_67:0_68:0_69:0_70:0_71:0_72:0_73:0_74:0_75:0_76:0_77:0_78:0_79:0_80:0_81:0_82:0_83:0_84:0_85:0_86:0_87:0_88:0_89:0_90:0_91:0_92:0_93:0_94:0_95:0_96:0_97:0_98:0_99:0_100:0_101:0_102:0_103:0_104:0_105:0_106:0_107:0_108:0_109:0_110:0_111:0_112:0_113:0_114:0_115:0_116:0_117:0_118:0_119:0_120:0_121:0_122:0_123:0_124:0_125:0_126:0_127:0_128:0_129:0_130:0_131:0_132:0_133:0_134:0_135:0_136:0_137:0_138:0_139:0_140:0_141:0_142:0_143:0_144:0_145:0_146:0_147:0_148:0_149:0_150:0_151:0_152:0_153:0_154:0_155:0_156:0_157:0_158:0_159:0_160:0,46200001:60,0,0,1:0_2:0_3:0_4:0_5:0_6:0_7:0_8:0_9:0_10:0_11:0_12:0_13:0_14:0_15:0_16:0_17:0_18:0_19:0_20:0_21:0_22:0_23:0_24:0_25:0_26:0_27:0_28:0_29:0_30:0_31:0_32:0_33:0_34:0_35:0_36:0_37:0_38:0_39:0_40:0_41:0_42:0_43:0_44:0_45:0_46:0_47:0_48:0_49:0_50:0_51:0_52:0_53:0_54:0_55:0_56:0_57:0_58:0_59:0_60:0_61:0_62:0_63:0_64:0_65:0_66:0_67:0_68:0_69:0_70:0_71:0_72:0_73:0_74:0_75:0_76:0_77:0_78:0_79:0_80:0_81:0_82:0_83:0_84:0_85:0_86:0_87:0_88:0_89:0_90:0_91:0_92:0_93:0_94:0_95:0_96:0_97:0_98:0_99:0_100:0_101:0_102:0_103:0_104:0_105:0_106:0_107:0_108:0_109:0_110:0_111:0_112:0_113:0_114:0_115:0_116:0_117:0_118:0_119:0_120:0_121:0_122:0_123:0_124:0_125:0_126:0_127:0_128:0_129:0_130:0_131:0_132:0_133:0_134:0_135:0_136:0_137:0_138:0_139:0_140:0_141:0_142:0_143:0_144:0_145:0_146:0_147:0_148:0_149:0_150:0_151:0_152:0_153:0_154:0_155:0_156:0_157:0_158:0_159:0_160:0,46200001:300,4,4,1,3
70011,第7关铠甲3,0,1:0_2:0_3:0_4:0_5:0_6:0_7:0_8:0_9:0_10:0_11:0_12:0_13:0_14:0_15:0_16:0_17:0_18:0_19:0_20:0_21:0_22:0_23:0_24:0_25:0_26:0_27:0_28:0_29:0_30:0_31:0_32:0_33:0_34:0_35:0_36:0_37:0_38:0_39:0_40:0_41:0_42:0_43:0_44:0_45:0_46:0_47:0_48:0_49:0_50:0_51:0_52:0_53:0_54:0_55:0_56:0_57:0_58:0_59:0_60:0_61:0_62:0_63:0_64:0_65:0_66:0_67:0_68:0_69:0_70:0_71:0_72:0_73:0_74:0_75:0_76:0_77:0_78:0_79:0_80:0_81:0_82:0_83:0_84:0_85:0_86:0_87:0_88:0_89:0_90:0_91:0_92:0_93:0_94:0_95:0_96:0_97:0_98:0_99:0_100:0_101:0_102:0_103:0_104:0_105:0_106:0_107:0_108:0_109:0_110:0_111:0_112:0_113:0_114:0_115:0_116:0_117:0_118:0_119:0_120:0_121:0_122:0_123:0_124:0_125:0_126:0_127:0_128:0_129:0_130:0_131:0_132:0_133:0_134:0_135:0_136:0_137:0_138:0_139:0_140:0_141:0_142:0_143:0_144:0_145:0_146:0_147:0_148:0_149:0_150:0_151:0_152:0_153:0_154:0_155:0_156:0_157:0_158:0_159:0_160:0,46700001:6,0,42663007,1:0_2:0_3:0_4:0_5:0_6:0_7:0_8:0_9:0_10:0_11:0_12:0_13:0_14:0_15:0_16:0_17:0_18:0_19:0_20:0_21:0_22:0_23:0_24:0_25:0_26:0_27:0_28:0_29:0_30:0_31:0_32:0_33:0_34:0_35:0_36:0_37:0_38:0_39:0_40:0_41:0_42:0_43:0_44:0_45:0_46:0_47:0_48:0_49:0_50:0_51:0_52:0_53:0_54:0_55:0_56:0_57:0_58:0_59:0_60:0_61:0_62:0_63:0_64:0_65:0_66:0_67:0_68:0_69:0_70:0_71:0_72:0_73:0_74:0_75:0_76:0_77:0_78:0_79:0_80:0_81:0_82:0_83:0_84:0_85:0_86:0_87:0_88:0_89:0_90:0_91:0_92:0_93:0_94:0_95:0_96:0_97:0_98:0_99:0_100:0_101:0_102:0_103:0_104:0_105:0_106:0_107:0_108:0_109:0_110:0_111:0_112:0_113:0_114:0_115:0_116:0_117:0_118:0_119:0_120:0_121:0_122:0_123:0_124:0_125:0_126:0_127:0_128:0_129:0_130:0_131:0_132:0_133:0_134:0_135:0_136:0_137:0_138:0_139:0_140:0_141:0_142:0_143:0_144:0_145:0_146:0_147:0_148:0_149:0_150:0_151:0_152:0_153:0_154:0_155:0_156:0_157:0_158:0_159:0_160:0,0:1,5,2,1,4
70012,第7关武器3,0,1:0_2:0_3:0_4:0_5:0_6:0_7:0_8:0_9:0_10:0_11:0_12:0_13:0_14:0_15:0_16:0_17:0_18:0_19:0_20:0_21:0_22:0_23:0_24:0_25:0_26:0_27:0_28:0_29:0_30:0_31:0_32:0_33:0_34:0_35:0_36:0_37:0_38:0_39:0_40:0_41:0_42:0_43:0_44:0_45:0_46:0_47:0_48:0_49:0_50:0_51:0_52:0_53:0_54:0_55:0_56:0_57:0_58:0_59:0_60:0_61:0_62:0_63:0_64:0_65:0_66:0_67:0_68:0_69:0_70:0_71:0_72:0_73:0_74:0_75:0_76:0_77:0_78:0_79:0_80:0_81:0_82:0_83:0_84:0_85:0_86:0_87:0_88:0_89:0_90:0_91:0_92:0_93:0_94:0_95:0_96:0_97:0_98:0_99:0_100:0_101:0_102:0_103:0_104:0_105:0_106:0_107:0_108:0_109:0_110:0_111:0_112:0_113:0_114:0_115:0_116:0_117:0_118:0_119:0_120:0_121:0_122:0_123:0_124:0_125:0_126:0_127:0_128:0_129:0_130:0_131:0_132:0_133:0_134:0_135:0_136:0_137:0_138:0_139:0_140:0_141:0_142:0_143:0_144:0_145:0_146:0_147:0_148:0_149:0_150:0_151:0_152:0_153:0_154:0_155:0_156:0_157:0_158:0_159:0_160:0,46700001:6,0,42761007,1:0_2:0_3:0_4:0_5:0_6:0_7:0_8:0_9:0_10:0_11:0_12:0_13:0_14:0_15:0_16:0_17:0_18:0_19:0_20:0_21:0_22:0_23:0_24:0_25:0_26:0_27:0_28:0_29:0_30:0_31:0_32:0_33:0_34:0_35:0_36:0_37:0_38:0_39:0_40:0_41:0_42:0_43:0_44:0_45:0_46:0_47:0_48:0_49:0_50:0_51:0_52:0_53:0_54:0_55:0_56:0_57:0_58:0_59:0_60:0_61:0_62:0_63:0_64:0_65:0_66:0_67:0_68:0_69:0_70:0_71:0_72:0_73:0_74:0_75:0_76:0_77:0_78:0_79:0_80:0_81:0_82:0_83:0_84:0_85:0_86:0_87:0_88:0_89:0_90:0_91:0_92:0_93:0_94:0_95:0_96:0_97:0_98:0_99:0_100:0_101:0_102:0_103:0_104:0_105:0_106:0_107:0_108:0_109:0_110:0_111:0_112:0_113:0_114:0_115:0_116:0_117:0_118:0_119:0_120:0_121:0_122:0_123:0_124:0_125:0_126:0_127:0_128:0_129:0_130:0_131:0_132:0_133:0_134:0_135:0_136:0_137:0_138:0_139:0_140:0_141:0_142:0_143:0_144:0_145:0_146:0_147:0_148:0_149:0_150:0_151:0_152:0_153:0_154:0_155:0_156:0_157:0_158:0_159:0_160:0,0:1,5,3,1,4
70013,第7关强化石3,0,1:0_2:0_3:0_4:0_5:0_6:0_7:0_8:0_9:0_10:0_11:0_12:0_13:0_14:0_15:0_16:0_17:0_18:0_19:0_20:0_21:0_22:0_23:0_24:0_25:0_26:0_27:0_28:0_29:0_30:0_31:0_32:0_33:0_34:0_35:0_36:0_37:0_38:0_39:0_40:0_41:0_42:0_43:0_44:0_45:0_46:0_47:0_48:0_49:0_50:0_51:0_52:0_53:0_54:0_55:0_56:0_57:0_58:0_59:0_60:0_61:0_62:0_63:0_64:0_65:0_66:0_67:0_68:0_69:0_70:0_71:0_72:0_73:0_74:0_75:0_76:0_77:0_78:0_79:0_80:0_81:0_82:0_83:0_84:0_85:0_86:0_87:0_88:0_89:0_90:0_91:0_92:0_93:0_94:0_95:0_96:0_97:0_98:0_99:0_100:0_101:0_102:0_103:0_104:0_105:0_106:0_107:0_108:0_109:0_110:0_111:0_112:0_113:0_114:0_115:0_116:0_117:0_118:0_119:0_120:0_121:0_122:0_123:0_124:0_125:0_126:0_127:0_128:0_129:0_130:0_131:0_132:0_133:0_134:0_135:0_136:0_137:0_138:0_139:0_140:0_141:0_142:0_143:0_144:0_145:0_146:0_147:0_148:0_149:0_150:0_151:0_152:0_153:0_154:0_155:0_156:0_157:0_158:0_159:0_160:0,46700001:3,0,0,1:0_2:0_3:0_4:0_5:0_6:0_7:0_8:0_9:0_10:0_11:0_12:0_13:0_14:0_15:0_16:0_17:0_18:0_19:0_20:0_21:0_22:0_23:0_24:0_25:0_26:0_27:0_28:0_29:0_30:0_31:0_32:0_33:0_34:0_35:0_36:0_37:0_38:0_39:0_40:0_41:0_42:0_43:0_44:0_45:0_46:0_47:0_48:0_49:0_50:0_51:0_52:0_53:0_54:0_55:0_56:0_57:0_58:0_59:0_60:0_61:0_62:0_63:0_64:0_65:0_66:0_67:0_68:0_69:0_70:0_71:0_72:0_73:0_74:0_75:0_76:0_77:0_78:0_79:0_80:0_81:0_82:0_83:0_84:0_85:0_86:0_87:0_88:0_89:0_90:0_91:0_92:0_93:0_94:0_95:0_96:0_97:0_98:0_99:0_100:0_101:0_102:0_103:0_104:0_105:0_106:0_107:0_108:0_109:0_110:0_111:0_112:0_113:0_114:0_115:0_116:0_117:0_118:0_119:0_120:0_121:0_122:0_123:0_124:0_125:0_126:0_127:0_128:0_129:0_130:0_131:0_132:0_133:0_134:0_135:0_136:0_137:0_138:0_139:0_140:0_141:0_142:0_143:0_144:0_145:0_146:0_147:0_148:0_149:0_150:0_151:0_152:0_153:0_154:0_155:0_156:0_157:0_158:0_159:0_160:0,46700001:12,5,5,1,3
80020,首通宝箱8,0,1:0_2:0_3:0_4:0_5:0_6:0_7:0_8:0_9:0_10:0_11:0_12:0_13:0_14:0_15:0_16:0_17:0_18:0_19:0_20:0_21:0_22:0_23:0_24:0_25:0_26:0_27:0_28:0_29:0_30:0_31:0_32:0_33:0_34:0_35:0_36:0_37:0_38:0_39:0_40:0_41:0_42:0_43:0_44:0_45:0_46:0_47:0_48:0_49:0_50:0_51:0_52:0_53:0_54:0_55:0_56:0_57:0_58:0_59:0_60:0_61:0_62:0_63:0_64:0_65:0_66:0_67:0_68:0_69:0_70:0_71:0_72:0_73:0_74:0_75:0_76:0_77:0_78:0_79:0_80:0_81:0_82:0_83:0_84:0_85:0_86:0_87:0_88:0_89:0_90:0_91:0_92:0_93:0_94:0_95:0_96:0_97:0_98:0_99:0_100:0_101:0_102:0_103:0_104:0_105:0_106:0_107:0_108:0_109:0_110:0_111:0_112:0_113:0_114:0_115:0_116:0_117:0_118:0_119:0_120:0_121:0_122:0_123:0_124:0_125:0_126:0_127:0_128:0_129:0_130:0_131:0_132:0_133:0_134:0_135:0_136:0_137:0_138:0_139:0_140:0_141:0_142:0_143:0_144:0_145:0_146:0_147:0_148:0_149:0_150:0_151:0_152:0_153:0_154:0_155:0_156:0_157:0_158:0_159:0_160:0,0:1,0,0,1:0_2:0_3:0_4:0_5:0_6:0_7:0_8:0_9:0_10:0_11:0_12:0_13:0_14:0_15:0_16:0_17:0_18:0_19:0_20:0_21:0_22:0_23:0_24:0_25:0_26:0_27:0_28:0_29:0_30:0_31:0_32:0_33:0_34:0_35:0_36:0_37:0_38:0_39:0_40:0_41:0_42:0_43:0_44:0_45:0_46:0_47:0_48:0_49:0_50:0_51:0_52:0_53:0_54:0_55:0_56:0_57:0_58:0_59:0_60:0_61:0_62:0_63:0_64:0_65:0_66:0_67:0_68:0_69:0_70:0_71:0_72:0_73:0_74:0_75:0_76:0_77:0_78:0_79:0_80:0_81:0_82:0_83:0_84:0_85:0_86:0_87:0_88:0_89:0_90:0_91:0_92:0_93:0_94:0_95:0_96:0_97:0_98:0_99:0_100:0_101:0_102:0_103:0_104:0_105:0_106:0_107:0_108:0_109:0_110:0_111:0_112:0_113:0_114:0_115:0_116:0_117:0_118:0_119:0_120:0_121:0_122:0_123:0_124:0_125:0_126:0_127:0_128:0_129:0_130:0_131:0_132:0_133:0_134:0_135:0_136:0_137:0_138:0_139:0_140:0_141:0_142:0_143:0_144:0_145:0_146:0_147:0_148:0_149:0_150:0_151:0_152:0_153:0_154:0_155:0_156:0_157:0_158:0_159:0_160:0,0:1,0,0,0,0
80010,通关宝箱8,0,1:0_2:0_3:0_4:0_5:0_6:0_7:0_8:0_9:0_10:0_11:0_12:0_13:0_14:0_15:0_16:0_17:0_18:0_19:0_20:0_21:0_22:0_23:0_24:0_25:0_26:0_27:0_28:0_29:0_30:0_31:0_32:0_33:0_34:0_35:0_36:0_37:0_38:0_39:0_40:0_41:0_42:0_43:0_44:0_45:0_46:0_47:0_48:0_49:0_50:0_51:0_52:0_53:0_54:0_55:0_56:0_57:0_58:0_59:0_60:0_61:0_62:0_63:0_64:0_65:0_66:0_67:0_68:0_69:0_70:0_71:0_72:0_73:0_74:0_75:0_76:0_77:0_78:0_79:0_80:0_81:0_82:0_83:0_84:0_85:0_86:0_87:0_88:0_89:0_90:0_91:0_92:0_93:0_94:0_95:0_96:0_97:0_98:0_99:0_100:0_101:0_102:0_103:0_104:0_105:0_106:0_107:0_108:0_109:0_110:0_111:0_112:0_113:0_114:0_115:0_116:0_117:0_118:0_119:0_120:0_121:0_122:0_123:0_124:0_125:0_126:0_127:0_128:0_129:0_130:0_131:0_132:0_133:0_134:0_135:0_136:0_137:0_138:0_139:0_140:0_141:0_142:0_143:0_144:0_145:0_146:0_147:0_148:0_149:0_150:0_151:0_152:0_153:0_154:0_155:0_156:0_157:0_158:0_159:0_160:0,0:1,0,0,1:0_2:0_3:0_4:0_5:0_6:0_7:0_8:0_9:0_10:0_11:0_12:0_13:0_14:0_15:0_16:0_17:0_18:0_19:0_20:0_21:0_22:0_23:0_24:0_25:0_26:0_27:0_28:0_29:0_30:0_31:0_32:0_33:0_34:0_35:0_36:0_37:0_38:0_39:0_40:0_41:0_42:0_43:0_44:0_45:0_46:0_47:0_48:0_49:0_50:0_51:0_52:0_53:0_54:0_55:0_56:0_57:0_58:0_59:0_60:0_61:0_62:0_63:0_64:0_65:0_66:0_67:0_68:0_69:0_70:0_71:0_72:0_73:0_74:0_75:0_76:0_77:0_78:0_79:0_80:0_81:0_82:0_83:0_84:0_85:0_86:0_87:0_88:0_89:0_90:0_91:0_92:0_93:0_94:0_95:0_96:0_97:0_98:0_99:0_100:0_101:0_102:0_103:0_104:0_105:0_106:0_107:0_108:0_109:0_110:0_111:0_112:0_113:0_114:0_115:0_116:0_117:0_118:0_119:0_120:0_121:0_122:0_123:0_124:0_125:0_126:0_127:0_128:0_129:0_130:0_131:0_132:0_133:0_134:0_135:0_136:0_137:0_138:0_139:0_140:0_141:0_142:0_143:0_144:0_145:0_146:0_147:0_148:0_149:0_150:0_151:0_152:0_153:0_154:0_155:0_156:0_157:0_158:0_159:0_160:0,0:1,0,0,0,0
90020,首通宝箱9,0,1:0_2:0_3:0_4:0_5:0_6:0_7:0_8:0_9:0_10:0_11:0_12:0_13:0_14:0_15:0_16:0_17:0_18:0_19:0_20:0_21:0_22:0_23:0_24:0_25:0_26:0_27:0_28:0_29:0_30:0_31:0_32:0_33:0_34:0_35:0_36:0_37:0_38:0_39:0_40:0_41:0_42:0_43:0_44:0_45:0_46:0_47:0_48:0_49:0_50:0_51:0_52:0_53:0_54:0_55:0_56:0_57:0_58:0_59:0_60:0_61:0_62:0_63:0_64:0_65:0_66:0_67:0_68:0_69:0_70:0_71:0_72:0_73:0_74:0_75:0_76:0_77:0_78:0_79:0_80:0_81:0_82:0_83:0_84:0_85:0_86:0_87:0_88:0_89:0_90:0_91:0_92:0_93:0_94:0_95:0_96:0_97:0_98:0_99:0_100:0_101:0_102:0_103:0_104:0_105:0_106:0_107:0_108:0_109:0_110:0_111:0_112:0_113:0_114:0_115:0_116:0_117:0_118:0_119:0_120:0_121:0_122:0_123:0_124:0_125:0_126:0_127:0_128:0_129:0_130:0_131:0_132:0_133:0_134:0_135:0_136:0_137:0_138:0_139:0_140:0_141:0_142:0_143:0_144:0_145:0_146:0_147:0_148:0_149:0_150:0_151:0_152:0_153:0_154:0_155:0_156:0_157:0_158:0_159:0_160:0,0:1,0,0,1:0_2:0_3:0_4:0_5:0_6:0_7:0_8:0_9:0_10:0_11:0_12:0_13:0_14:0_15:0_16:0_17:0_18:0_19:0_20:0_21:0_22:0_23:0_24:0_25:0_26:0_27:0_28:0_29:0_30:0_31:0_32:0_33:0_34:0_35:0_36:0_37:0_38:0_39:0_40:0_41:0_42:0_43:0_44:0_45:0_46:0_47:0_48:0_49:0_50:0_51:0_52:0_53:0_54:0_55:0_56:0_57:0_58:0_59:0_60:0_61:0_62:0_63:0_64:0_65:0_66:0_67:0_68:0_69:0_70:0_71:0_72:0_73:0_74:0_75:0_76:0_77:0_78:0_79:0_80:0_81:0_82:0_83:0_84:0_85:0_86:0_87:0_88:0_89:0_90:0_91:0_92:0_93:0_94:0_95:0_96:0_97:0_98:0_99:0_100:0_101:0_102:0_103:0_104:0_105:0_106:0_107:0_108:0_109:0_110:0_111:0_112:0_113:0_114:0_115:0_116:0_117:0_118:0_119:0_120:0_121:0_122:0_123:0_124:0_125:0_126:0_127:0_128:0_129:0_130:0_131:0_132:0_133:0_134:0_135:0_136:0_137:0_138:0_139:0_140:0_141:0_142:0_143:0_144:0_145:0_146:0_147:0_148:0_149:0_150:0_151:0_152:0_153:0_154:0_155:0_156:0_157:0_158:0_159:0_160:0,0:1,0,0,0,0
90010,通关宝箱9,0,1:0_2:0_3:0_4:0_5:0_6:0_7:0_8:0_9:0_10:0_11:0_12:0_13:0_14:0_15:0_16:0_17:0_18:0_19:0_20:0_21:0_22:0_23:0_24:0_25:0_26:0_27:0_28:0_29:0_30:0_31:0_32:0_33:0_34:0_35:0_36:0_37:0_38:0_39:0_40:0_41:0_42:0_43:0_44:0_45:0_46:0_47:0_48:0_49:0_50:0_51:0_52:0_53:0_54:0_55:0_56:0_57:0_58:0_59:0_60:0_61:0_62:0_63:0_64:0_65:0_66:0_67:0_68:0_69:0_70:0_71:0_72:0_73:0_74:0_75:0_76:0_77:0_78:0_79:0_80:0_81:0_82:0_83:0_84:0_85:0_86:0_87:0_88:0_89:0_90:0_91:0_92:0_93:0_94:0_95:0_96:0_97:0_98:0_99:0_100:0_101:0_102:0_103:0_104:0_105:0_106:0_107:0_108:0_109:0_110:0_111:0_112:0_113:0_114:0_115:0_116:0_117:0_118:0_119:0_120:0_121:0_122:0_123:0_124:0_125:0_126:0_127:0_128:0_129:0_130:0_131:0_132:0_133:0_134:0_135:0_136:0_137:0_138:0_139:0_140:0_141:0_142:0_143:0_144:0_145:0_146:0_147:0_148:0_149:0_150:0_151:0_152:0_153:0_154:0_155:0_156:0_157:0_158:0_159:0_160:0,0:1,0,0,1:0_2:0_3:0_4:0_5:0_6:0_7:0_8:0_9:0_10:0_11:0_12:0_13:0_14:0_15:0_16:0_17:0_18:0_19:0_20:0_21:0_22:0_23:0_24:0_25:0_26:0_27:0_28:0_29:0_30:0_31:0_32:0_33:0_34:0_35:0_36:0_37:0_38:0_39:0_40:0_41:0_42:0_43:0_44:0_45:0_46:0_47:0_48:0_49:0_50:0_51:0_52:0_53:0_54:0_55:0_56:0_57:0_58:0_59:0_60:0_61:0_62:0_63:0_64:0_65:0_66:0_67:0_68:0_69:0_70:0_71:0_72:0_73:0_74:0_75:0_76:0_77:0_78:0_79:0_80:0_81:0_82:0_83:0_84:0_85:0_86:0_87:0_88:0_89:0_90:0_91:0_92:0_93:0_94:0_95:0_96:0_97:0_98:0_99:0_100:0_101:0_102:0_103:0_104:0_105:0_106:0_107:0_108:0_109:0_110:0_111:0_112:0_113:0_114:0_115:0_116:0_117:0_118:0_119:0_120:0_121:0_122:0_123:0_124:0_125:0_126:0_127:0_128:0_129:0_130:0_131:0_132:0_133:0_134:0_135:0_136:0_137:0_138:0_139:0_140:0_141:0_142:0_143:0_144:0_145:0_146:0_147:0_148:0_149:0_150:0_151:0_152:0_153:0_154:0_155:0_156:0_157:0_158:0_159:0_160:0,0:1,0,0,0,0
100020,首通宝箱10,0,1:0_2:0_3:0_4:0_5:0_6:0_7:0_8:0_9:0_10:0_11:0_12:0_13:0_14:0_15:0_16:0_17:0_18:0_19:0_20:0_21:0_22:0_23:0_24:0_25:0_26:0_27:0_28:0_29:0_30:0_31:0_32:0_33:0_34:0_35:0_36:0_37:0_38:0_39:0_40:0_41:0_42:0_43:0_44:0_45:0_46:0_47:0_48:0_49:0_50:0_51:0_52:0_53:0_54:0_55:0_56:0_57:0_58:0_59:0_60:0_61:0_62:0_63:0_64:0_65:0_66:0_67:0_68:0_69:0_70:0_71:0_72:0_73:0_74:0_75:0_76:0_77:0_78:0_79:0_80:0_81:0_82:0_83:0_84:0_85:0_86:0_87:0_88:0_89:0_90:0_91:0_92:0_93:0_94:0_95:0_96:0_97:0_98:0_99:0_100:0_101:0_102:0_103:0_104:0_105:0_106:0_107:0_108:0_109:0_110:0_111:0_112:0_113:0_114:0_115:0_116:0_117:0_118:0_119:0_120:0_121:0_122:0_123:0_124:0_125:0_126:0_127:0_128:0_129:0_130:0_131:0_132:0_133:0_134:0_135:0_136:0_137:0_138:0_139:0_140:0_141:0_142:0_143:0_144:0_145:0_146:0_147:0_148:0_149:0_150:0_151:0_152:0_153:0_154:0_155:0_156:0_157:0_158:0_159:0_160:0,0:1,0,0,1:0_2:0_3:0_4:0_5:0_6:0_7:0_8:0_9:0_10:0_11:0_12:0_13:0_14:0_15:0_16:0_17:0_18:0_19:0_20:0_21:0_22:0_23:0_24:0_25:0_26:0_27:0_28:0_29:0_30:0_31:0_32:0_33:0_34:0_35:0_36:0_37:0_38:0_39:0_40:0_41:0_42:0_43:0_44:0_45:0_46:0_47:0_48:0_49:0_50:0_51:0_52:0_53:0_54:0_55:0_56:0_57:0_58:0_59:0_60:0_61:0_62:0_63:0_64:0_65:0_66:0_67:0_68:0_69:0_70:0_71:0_72:0_73:0_74:0_75:0_76:0_77:0_78:0_79:0_80:0_81:0_82:0_83:0_84:0_85:0_86:0_87:0_88:0_89:0_90:0_91:0_92:0_93:0_94:0_95:0_96:0_97:0_98:0_99:0_100:0_101:0_102:0_103:0_104:0_105:0_106:0_107:0_108:0_109:0_110:0_111:0_112:0_113:0_114:0_115:0_116:0_117:0_118:0_119:0_120:0_121:0_122:0_123:0_124:0_125:0_126:0_127:0_128:0_129:0_130:0_131:0_132:0_133:0_134:0_135:0_136:0_137:0_138:0_139:0_140:0_141:0_142:0_143:0_144:0_145:0_146:0_147:0_148:0_149:0_150:0_151:0_152:0_153:0_154:0_155:0_156:0_157:0_158:0_159:0_160:0,0:1,0,0,0,0
100010,通关宝箱10,0,1:0_2:0_3:0_4:0_5:0_6:0_7:0_8:0_9:0_10:0_11:0_12:0_13:0_14:0_15:0_16:0_17:0_18:0_19:0_20:0_21:0_22:0_23:0_24:0_25:0_26:0_27:0_28:0_29:0_30:0_31:0_32:0_33:0_34:0_35:0_36:0_37:0_38:0_39:0_40:0_41:0_42:0_43:0_44:0_45:0_46:0_47:0_48:0_49:0_50:0_51:0_52:0_53:0_54:0_55:0_56:0_57:0_58:0_59:0_60:0_61:0_62:0_63:0_64:0_65:0_66:0_67:0_68:0_69:0_70:0_71:0_72:0_73:0_74:0_75:0_76:0_77:0_78:0_79:0_80:0_81:0_82:0_83:0_84:0_85:0_86:0_87:0_88:0_89:0_90:0_91:0_92:0_93:0_94:0_95:0_96:0_97:0_98:0_99:0_100:0_101:0_102:0_103:0_104:0_105:0_106:0_107:0_108:0_109:0_110:0_111:0_112:0_113:0_114:0_115:0_116:0_117:0_118:0_119:0_120:0_121:0_122:0_123:0_124:0_125:0_126:0_127:0_128:0_129:0_130:0_131:0_132:0_133:0_134:0_135:0_136:0_137:0_138:0_139:0_140:0_141:0_142:0_143:0_144:0_145:0_146:0_147:0_148:0_149:0_150:0_151:0_152:0_153:0_154:0_155:0_156:0_157:0_158:0_159:0_160:0,0:1,0,0,1:0_2:0_3:0_4:0_5:0_6:0_7:0_8:0_9:0_10:0_11:0_12:0_13:0_14:0_15:0_16:0_17:0_18:0_19:0_20:0_21:0_22:0_23:0_24:0_25:0_26:0_27:0_28:0_29:0_30:0_31:0_32:0_33:0_34:0_35:0_36:0_37:0_38:0_39:0_40:0_41:0_42:0_43:0_44:0_45:0_46:0_47:0_48:0_49:0_50:0_51:0_52:0_53:0_54:0_55:0_56:0_57:0_58:0_59:0_60:0_61:0_62:0_63:0_64:0_65:0_66:0_67:0_68:0_69:0_70:0_71:0_72:0_73:0_74:0_75:0_76:0_77:0_78:0_79:0_80:0_81:0_82:0_83:0_84:0_85:0_86:0_87:0_88:0_89:0_90:0_91:0_92:0_93:0_94:0_95:0_96:0_97:0_98:0_99:0_100:0_101:0_102:0_103:0_104:0_105:0_106:0_107:0_108:0_109:0_110:0_111:0_112:0_113:0_114:0_115:0_116:0_117:0_118:0_119:0_120:0_121:0_122:0_123:0_124:0_125:0_126:0_127:0_128:0_129:0_130:0_131:0_132:0_133:0_134:0_135:0_136:0_137:0_138:0_139:0_140:0_141:0_142:0_143:0_144:0_145:0_146:0_147:0_148:0_149:0_150:0_151:0_152:0_153:0_154:0_155:0_156:0_157:0_158:0_159:0_160:0,0:1,0,0,0,0
110020,,0,1:0_2:0_3:0_4:0_5:0_6:0_7:0_8:0_9:0_10:0_11:0_12:0_13:0_14:0_15:0_16:0_17:0_18:0_19:0_20:0_21:0_22:0_23:0_24:0_25:0_26:0_27:0_28:0_29:0_30:0_31:0_32:0_33:0_34:0_35:0_36:0_37:0_38:0_39:0_40:0_41:0_42:0_43:0_44:0_45:0_46:0_47:0_48:0_49:0_50:0_51:0_52:0_53:0_54:0_55:0_56:0_57:0_58:0_59:0_60:0_61:0_62:0_63:0_64:0_65:0_66:0_67:0_68:0_69:0_70:0_71:0_72:0_73:0_74:0_75:0_76:0_77:0_78:0_79:0_80:0_81:0_82:0_83:0_84:0_85:0_86:0_87:0_88:0_89:0_90:0_91:0_92:0_93:0_94:0_95:0_96:0_97:0_98:0_99:0_100:0_101:0_102:0_103:0_104:0_105:0_106:0_107:0_108:0_109:0_110:0_111:0_112:0_113:0_114:0_115:0_116:0_117:0_118:0_119:0_120:0_121:0_122:0_123:0_124:0_125:0_126:0_127:0_128:0_129:0_130:0_131:0_132:0_133:0_134:0_135:0_136:0_137:0_138:0_139:0_140:0_141:0_142:0_143:0_144:0_145:0_146:0_147:0_148:0_149:0_150:0_151:0_152:0_153:0_154:0_155:0_156:0_157:0_158:0_159:0_160:0,0:1,0,0,1:0_2:0_3:0_4:0_5:0_6:0_7:0_8:0_9:0_10:0_11:0_12:0_13:0_14:0_15:0_16:0_17:0_18:0_19:0_20:0_21:0_22:0_23:0_24:0_25:0_26:0_27:0_28:0_29:0_30:0_31:0_32:0_33:0_34:0_35:0_36:0_37:0_38:0_39:0_40:0_41:0_42:0_43:0_44:0_45:0_46:0_47:0_48:0_49:0_50:0_51:0_52:0_53:0_54:0_55:0_56:0_57:0_58:0_59:0_60:0_61:0_62:0_63:0_64:0_65:0_66:0_67:0_68:0_69:0_70:0_71:0_72:0_73:0_74:0_75:0_76:0_77:0_78:0_79:0_80:0_81:0_82:0_83:0_84:0_85:0_86:0_87:0_88:0_89:0_90:0_91:0_92:0_93:0_94:0_95:0_96:0_97:0_98:0_99:0_100:0_101:0_102:0_103:0_104:0_105:0_106:0_107:0_108:0_109:0_110:0_111:0_112:0_113:0_114:0_115:0_116:0_117:0_118:0_119:0_120:0_121:0_122:0_123:0_124:0_125:0_126:0_127:0_128:0_129:0_130:0_131:0_132:0_133:0_134:0_135:0_136:0_137:0_138:0_139:0_140:0_141:0_142:0_143:0_144:0_145:0_146:0_147:0_148:0_149:0_150:0_151:0_152:0_153:0_154:0_155:0_156:0_157:0_158:0_159:0_160:0,0:1,0,0,0,0
110010,,0,1:0_2:0_3:0_4:0_5:0_6:0_7:0_8:0_9:0_10:0_11:0_12:0_13:0_14:0_15:0_16:0_17:0_18:0_19:0_20:0_21:0_22:0_23:0_24:0_25:0_26:0_27:0_28:0_29:0_30:0_31:0_32:0_33:0_34:0_35:0_36:0_37:0_38:0_39:0_40:0_41:0_42:0_43:0_44:0_45:0_46:0_47:0_48:0_49:0_50:0_51:0_52:0_53:0_54:0_55:0_56:0_57:0_58:0_59:0_60:0_61:0_62:0_63:0_64:0_65:0_66:0_67:0_68:0_69:0_70:0_71:0_72:0_73:0_74:0_75:0_76:0_77:0_78:0_79:0_80:0_81:0_82:0_83:0_84:0_85:0_86:0_87:0_88:0_89:0_90:0_91:0_92:0_93:0_94:0_95:0_96:0_97:0_98:0_99:0_100:0_101:0_102:0_103:0_104:0_105:0_106:0_107:0_108:0_109:0_110:0_111:0_112:0_113:0_114:0_115:0_116:0_117:0_118:0_119:0_120:0_121:0_122:0_123:0_124:0_125:0_126:0_127:0_128:0_129:0_130:0_131:0_132:0_133:0_134:0_135:0_136:0_137:0_138:0_139:0_140:0_141:0_142:0_143:0_144:0_145:0_146:0_147:0_148:0_149:0_150:0_151:0_152:0_153:0_154:0_155:0_156:0_157:0_158:0_159:0_160:0,0:1,0,0,1:0_2:0_3:0_4:0_5:0_6:0_7:0_8:0_9:0_10:0_11:0_12:0_13:0_14:0_15:0_16:0_17:0_18:0_19:0_20:0_21:0_22:0_23:0_24:0_25:0_26:0_27:0_28:0_29:0_30:0_31:0_32:0_33:0_34:0_35:0_36:0_37:0_38:0_39:0_40:0_41:0_42:0_43:0_44:0_45:0_46:0_47:0_48:0_49:0_50:0_51:0_52:0_53:0_54:0_55:0_56:0_57:0_58:0_59:0_60:0_61:0_62:0_63:0_64:0_65:0_66:0_67:0_68:0_69:0_70:0_71:0_72:0_73:0_74:0_75:0_76:0_77:0_78:0_79:0_80:0_81:0_82:0_83:0_84:0_85:0_86:0_87:0_88:0_89:0_90:0_91:0_92:0_93:0_94:0_95:0_96:0_97:0_98:0_99:0_100:0_101:0_102:0_103:0_104:0_105:0_106:0_107:0_108:0_109:0_110:0_111:0_112:0_113:0_114:0_115:0_116:0_117:0_118:0_119:0_120:0_121:0_122:0_123:0_124:0_125:0_126:0_127:0_128:0_129:0_130:0_131:0_132:0_133:0_134:0_135:0_136:0_137:0_138:0_139:0_140:0_141:0_142:0_143:0_144:0_145:0_146:0_147:0_148:0_149:0_150:0_151:0_152:0_153:0_154:0_155:0_156:0_157:0_158:0_159:0_160:0,0:1,0,0,0,0
110001,,0,1:0_2:0_3:0_4:0_5:0_6:0_7:0_8:0_9:0_10:0_11:0_12:0_13:0_14:0_15:0_16:0_17:0_18:0_19:0_20:0_21:0_22:0_23:0_24:0_25:0_26:0_27:0_28:0_29:0_30:0_31:0_32:0_33:0_34:0_35:0_36:0_37:0_38:0_39:0_40:0_41:0_42:0_43:0_44:0_45:0_46:0_47:0_48:0_49:0_50:0_51:0_52:0_53:0_54:0_55:0_56:0_57:0_58:0_59:0_60:0_61:0_62:0_63:0_64:0_65:0_66:0_67:0_68:0_69:0_70:0_71:0_72:0_73:0_74:0_75:0_76:0_77:0_78:0_79:0_80:0_81:0_82:0_83:0_84:0_85:0_86:0_87:0_88:0_89:0_90:0_91:0_92:0_93:0_94:0_95:0_96:0_97:0_98:0_99:0_100:0_101:0_102:0_103:0_104:0_105:0_106:0_107:0_108:0_109:0_110:0_111:0_112:0_113:0_114:0_115:0_116:0_117:0_118:0_119:0_120:0_121:0_122:0_123:0_124:0_125:0_126:0_127:0_128:0_129:0_130:0_131:0_132:0_133:0_134:0_135:0_136:0_137:0_138:0_139:0_140:0_141:0_142:0_143:0_144:0_145:0_146:0_147:0_148:0_149:0_150:0_151:0_152:0_153:0_154:0_155:0_156:0_157:0_158:0_159:0_160:0,46200001:2,30,42617001,1:0_2:0_3:0_4:0_5:0_6:0_7:0_8:0_9:0_10:0_11:0_12:0_13:0_14:0_15:0_16:0_17:0_18:0_19:0_20:0_21:0_22:0_23:0_24:0_25:0_26:0_27:0_28:0_29:0_30:0_31:0_32:0_33:0_34:0_35:0_36:0_37:0_38:0_39:0_40:0_41:0_42:0_43:0_44:0_45:0_46:0_47:0_48:0_49:0_50:0_51:0_52:0_53:0_54:0_55:0_56:0_57:0_58:0_59:0_60:0_61:0_62:0_63:0_64:0_65:0_66:0_67:0_68:0_69:0_70:0_71:0_72:0_73:0_74:0_75:0_76:0_77:0_78:0_79:0_80:0_81:0_82:0_83:0_84:0_85:0_86:0_87:0_88:0_89:0_90:0_91:0_92:0_93:0_94:0_95:0_96:0_97:0_98:0_99:0_100:0_101:0_102:0_103:0_104:0_105:0_106:0_107:0_108:0_109:0_110:0_111:0_112:0_113:0_114:0_115:0_116:0_117:0_118:0_119:0_120:0_121:0_122:0_123:0_124:0_125:0_126:0_127:0_128:0_129:0_130:0_131:0_132:0_133:0_134:0_135:0_136:0_137:0_138:0_139:0_140:0_141:0_142:0_143:0_144:0_145:0_146:0_147:0_148:0_149:0_150:0_151:0_152:0_153:0_154:0_155:0_156:0_157:0_158:0_159:0_160:0,0:1,4,2,1,1
110002,,0,1:0_2:0_3:0_4:0_5:0_6:0_7:0_8:0_9:0_10:0_11:0_12:0_13:0_14:0_15:0_16:0_17:0_18:0_19:0_20:0_21:0_22:0_23:0_24:0_25:0_26:0_27:0_28:0_29:0_30:0_31:0_32:0_33:0_34:0_35:0_36:0_37:0_38:0_39:0_40:0_41:0_42:0_43:0_44:0_45:0_46:0_47:0_48:0_49:0_50:0_51:0_52:0_53:0_54:0_55:0_56:0_57:0_58:0_59:0_60:0_61:0_62:0_63:0_64:0_65:0_66:0_67:0_68:0_69:0_70:0_71:0_72:0_73:0_74:0_75:0_76:0_77:0_78:0_79:0_80:0_81:0_82:0_83:0_84:0_85:0_86:0_87:0_88:0_89:0_90:0_91:0_92:0_93:0_94:0_95:0_96:0_97:0_98:0_99:0_100:0_101:0_102:0_103:0_104:0_105:0_106:0_107:0_108:0_109:0_110:0_111:0_112:0_113:0_114:0_115:0_116:0_117:0_118:0_119:0_120:0_121:0_122:0_123:0_124:0_125:0_126:0_127:0_128:0_129:0_130:0_131:0_132:0_133:0_134:0_135:0_136:0_137:0_138:0_139:0_140:0_141:0_142:0_143:0_144:0_145:0_146:0_147:0_148:0_149:0_150:0_151:0_152:0_153:0_154:0_155:0_156:0_157:0_158:0_159:0_160:0,48300003:1,40,0,1:0_2:0_3:0_4:0_5:0_6:0_7:0_8:0_9:0_10:0_11:0_12:0_13:0_14:0_15:0_16:0_17:0_18:0_19:0_20:0_21:0_22:0_23:0_24:0_25:0_26:0_27:0_28:0_29:0_30:0_31:0_32:0_33:0_34:0_35:0_36:0_37:0_38:0_39:0_40:0_41:0_42:0_43:0_44:0_45:0_46:0_47:0_48:0_49:0_50:0_51:0_52:0_53:0_54:0_55:0_56:0_57:0_58:0_59:0_60:0_61:0_62:0_63:0_64:0_65:0_66:0_67:0_68:0_69:0_70:0_71:0_72:0_73:0_74:0_75:0_76:0_77:0_78:0_79:0_80:0_81:0_82:0_83:0_84:0_85:0_86:0_87:0_88:0_89:0_90:0_91:0_92:0_93:0_94:0_95:0_96:0_97:0_98:0_99:0_100:0_101:0_102:0_103:0_104:0_105:0_106:0_107:0_108:0_109:0_110:0_111:0_112:0_113:0_114:0_115:0_116:0_117:0_118:0_119:0_120:0_121:0_122:0_123:0_124:0_125:0_126:0_127:0_128:0_129:0_130:0_131:0_132:0_133:0_134:0_135:0_136:0_137:0_138:0_139:0_140:0_141:0_142:0_143:0_144:0_145:0_146:0_147:0_148:0_149:0_150:0_151:0_152:0_153:0_154:0_155:0_156:0_157:0_158:0_159:0_160:0,48300003:1,4,2,1,2
110003,,0,1:0_2:0_3:0_4:0_5:0_6:0_7:0_8:0_9:0_10:0_11:0_12:0_13:0_14:0_15:0_16:0_17:0_18:0_19:0_20:0_21:0_22:0_23:0_24:0_25:0_26:0_27:0_28:0_29:0_30:0_31:0_32:0_33:0_34:0_35:0_36:0_37:0_38:0_39:0_40:0_41:0_42:0_43:0_44:0_45:0_46:0_47:0_48:0_49:0_50:0_51:0_52:0_53:0_54:0_55:0_56:0_57:0_58:0_59:0_60:0_61:0_62:0_63:0_64:0_65:0_66:0_67:0_68:0_69:0_70:0_71:0_72:0_73:0_74:0_75:0_76:0_77:0_78:0_79:0_80:0_81:0_82:0_83:0_84:0_85:0_86:0_87:0_88:0_89:0_90:0_91:0_92:0_93:0_94:0_95:0_96:0_97:0_98:0_99:0_100:0_101:0_102:0_103:0_104:0_105:0_106:0_107:0_108:0_109:0_110:0_111:0_112:0_113:0_114:0_115:0_116:0_117:0_118:0_119:0_120:0_121:0_122:0_123:0_124:0_125:0_126:0_127:0_128:0_129:0_130:0_131:0_132:0_133:0_134:0_135:0_136:0_137:0_138:0_139:0_140:0_141:0_142:0_143:0_144:0_145:0_146:0_147:0_148:0_149:0_150:0_151:0_152:0_153:0_154:0_155:0_156:0_157:0_158:0_159:0_160:0,46200001:2,50,42613001,1:0_2:0_3:0_4:0_5:0_6:0_7:0_8:0_9:0_10:0_11:0_12:0_13:0_14:0_15:0_16:0_17:0_18:0_19:0_20:0_21:0_22:0_23:0_24:0_25:0_26:0_27:0_28:0_29:0_30:0_31:0_32:0_33:0_34:0_35:0_36:0_37:0_38:0_39:0_40:0_41:0_42:0_43:0_44:0_45:0_46:0_47:0_48:0_49:0_50:0_51:0_52:0_53:0_54:0_55:0_56:0_57:0_58:0_59:0_60:0_61:0_62:0_63:0_64:0_65:0_66:0_67:0_68:0_69:0_70:0_71:0_72:0_73:0_74:0_75:0_76:0_77:0_78:0_79:0_80:0_81:0_82:0_83:0_84:0_85:0_86:0_87:0_88:0_89:0_90:0_91:0_92:0_93:0_94:0_95:0_96:0_97:0_98:0_99:0_100:0_101:0_102:0_103:0_104:0_105:0_106:0_107:0_108:0_109:0_110:0_111:0_112:0_113:0_114:0_115:0_116:0_117:0_118:0_119:0_120:0_121:0_122:0_123:0_124:0_125:0_126:0_127:0_128:0_129:0_130:0_131:0_132:0_133:0_134:0_135:0_136:0_137:0_138:0_139:0_140:0_141:0_142:0_143:0_144:0_145:0_146:0_147:0_148:0_149:0_150:0_151:0_152:0_153:0_154:0_155:0_156:0_157:0_158:0_159:0_160:0,0:1,4,2,2,3
110004,,0,1:0_2:0_3:0_4:0_5:0_6:0_7:0_8:0_9:0_10:0_11:0_12:0_13:0_14:0_15:0_16:0_17:0_18:0_19:0_20:0_21:0_22:0_23:0_24:0_25:0_26:0_27:0_28:0_29:0_30:0_31:0_32:0_33:0_34:0_35:0_36:0_37:0_38:0_39:0_40:0_41:0_42:0_43:0_44:0_45:0_46:0_47:0_48:0_49:0_50:0_51:0_52:0_53:0_54:0_55:0_56:0_57:0_58:0_59:0_60:0_61:0_62:0_63:0_64:0_65:0_66:0_67:0_68:0_69:0_70:0_71:0_72:0_73:0_74:0_75:0_76:0_77:0_78:0_79:0_80:0_81:0_82:0_83:0_84:0_85:0_86:0_87:0_88:0_89:0_90:0_91:0_92:0_93:0_94:0_95:0_96:0_97:0_98:0_99:0_100:0_101:0_102:0_103:0_104:0_105:0_106:0_107:0_108:0_109:0_110:0_111:0_112:0_113:0_114:0_115:0_116:0_117:0_118:0_119:0_120:0_121:0_122:0_123:0_124:0_125:0_126:0_127:0_128:0_129:0_130:0_131:0_132:0_133:0_134:0_135:0_136:0_137:0_138:0_139:0_140:0_141:0_142:0_143:0_144:0_145:0_146:0_147:0_148:0_149:0_150:0_151:0_152:0_153:0_154:0_155:0_156:0_157:0_158:0_159:0_160:0,48300005:1,70,0,1:0_2:0_3:0_4:0_5:0_6:0_7:0_8:0_9:0_10:0_11:0_12:0_13:0_14:0_15:0_16:0_17:0_18:0_19:0_20:0_21:0_22:0_23:0_24:0_25:0_26:0_27:0_28:0_29:0_30:0_31:0_32:0_33:0_34:0_35:0_36:0_37:0_38:0_39:0_40:0_41:0_42:0_43:0_44:0_45:0_46:0_47:0_48:0_49:0_50:0_51:0_52:0_53:0_54:0_55:0_56:0_57:0_58:0_59:0_60:0_61:0_62:0_63:0_64:0_65:0_66:0_67:0_68:0_69:0_70:0_71:0_72:0_73:0_74:0_75:0_76:0_77:0_78:0_79:0_80:0_81:0_82:0_83:0_84:0_85:0_86:0_87:0_88:0_89:0_90:0_91:0_92:0_93:0_94:0_95:0_96:0_97:0_98:0_99:0_100:0_101:0_102:0_103:0_104:0_105:0_106:0_107:0_108:0_109:0_110:0_111:0_112:0_113:0_114:0_115:0_116:0_117:0_118:0_119:0_120:0_121:0_122:0_123:0_124:0_125:0_126:0_127:0_128:0_129:0_130:0_131:0_132:0_133:0_134:0_135:0_136:0_137:0_138:0_139:0_140:0_141:0_142:0_143:0_144:0_145:0_146:0_147:0_148:0_149:0_150:0_151:0_152:0_153:0_154:0_155:0_156:0_157:0_158:0_159:0_160:0,48300005:1,4,2,2,4
110005,,0,1:0_2:0_3:0_4:0_5:0_6:0_7:0_8:0_9:0_10:0_11:0_12:0_13:0_14:0_15:0_16:0_17:0_18:0_19:0_20:0_21:0_22:0_23:0_24:0_25:0_26:0_27:0_28:0_29:0_30:0_31:0_32:0_33:0_34:0_35:0_36:0_37:0_38:0_39:0_40:0_41:0_42:0_43:0_44:0_45:0_46:0_47:0_48:0_49:0_50:0_51:0_52:0_53:0_54:0_55:0_56:0_57:0_58:0_59:0_60:0_61:0_62:0_63:0_64:0_65:0_66:0_67:0_68:0_69:0_70:0_71:0_72:0_73:0_74:0_75:0_76:0_77:0_78:0_79:0_80:0_81:0_82:0_83:0_84:0_85:0_86:0_87:0_88:0_89:0_90:0_91:0_92:0_93:0_94:0_95:0_96:0_97:0_98:0_99:0_100:0_101:0_102:0_103:0_104:0_105:0_106:0_107:0_108:0_109:0_110:0_111:0_112:0_113:0_114:0_115:0_116:0_117:0_118:0_119:0_120:0_121:0_122:0_123:0_124:0_125:0_126:0_127:0_128:0_129:0_130:0_131:0_132:0_133:0_134:0_135:0_136:0_137:0_138:0_139:0_140:0_141:0_142:0_143:0_144:0_145:0_146:0_147:0_148:0_149:0_150:0_151:0_152:0_153:0_154:0_155:0_156:0_157:0_158:0_159:0_160:0,46200001:2,120,0,1:0_2:0_3:0_4:0_5:0_6:0_7:0_8:0_9:0_10:0_11:0_12:0_13:0_14:0_15:0_16:0_17:0_18:0_19:0_20:0_21:0_22:0_23:0_24:0_25:0_26:0_27:0_28:0_29:0_30:0_31:0_32:0_33:0_34:0_35:0_36:0_37:0_38:0_39:0_40:0_41:0_42:0_43:0_44:0_45:0_46:0_47:0_48:0_49:0_50:0_51:0_52:0_53:0_54:0_55:0_56:0_57:0_58:0_59:0_60:0_61:0_62:0_63:0_64:0_65:0_66:0_67:0_68:0_69:0_70:0_71:0_72:0_73:0_74:0_75:0_76:0_77:0_78:0_79:0_80:0_81:0_82:0_83:0_84:0_85:0_86:0_87:0_88:0_89:0_90:0_91:0_92:0_93:0_94:0_95:0_96:0_97:0_98:0_99:0_100:0_101:0_102:0_103:0_104:0_105:0_106:0_107:0_108:0_109:0_110:0_111:0_112:0_113:0_114:0_115:0_116:0_117:0_118:0_119:0_120:0_121:0_122:0_123:0_124:0_125:0_126:0_127:0_128:0_129:0_130:0_131:0_132:0_133:0_134:0_135:0_136:0_137:0_138:0_139:0_140:0_141:0_142:0_143:0_144:0_145:0_146:0_147:0_148:0_149:0_150:0_151:0_152:0_153:0_154:0_155:0_156:0_157:0_158:0_159:0_160:0,46700001:2,4,2,3,5
110006,,0,1:0_2:0_3:0_4:0_5:0_6:0_7:0_8:0_9:0_10:0_11:0_12:0_13:0_14:0_15:0_16:0_17:0_18:0_19:0_20:0_21:0_22:0_23:0_24:0_25:0_26:0_27:0_28:0_29:0_30:0_31:0_32:0_33:0_34:0_35:0_36:0_37:0_38:0_39:0_40:0_41:0_42:0_43:0_44:0_45:0_46:0_47:0_48:0_49:0_50:0_51:0_52:0_53:0_54:0_55:0_56:0_57:0_58:0_59:0_60:0_61:0_62:0_63:0_64:0_65:0_66:0_67:0_68:0_69:0_70:0_71:0_72:0_73:0_74:0_75:0_76:0_77:0_78:0_79:0_80:0_81:0_82:0_83:0_84:0_85:0_86:0_87:0_88:0_89:0_90:0_91:0_92:0_93:0_94:0_95:0_96:0_97:0_98:0_99:0_100:0_101:0_102:0_103:0_104:0_105:0_106:0_107:0_108:0_109:0_110:0_111:0_112:0_113:0_114:0_115:0_116:0_117:0_118:0_119:0_120:0_121:0_122:0_123:0_124:0_125:0_126:0_127:0_128:0_129:0_130:0_131:0_132:0_133:0_134:0_135:0_136:0_137:0_138:0_139:0_140:0_141:0_142:0_143:0_144:0_145:0_146:0_147:0_148:0_149:0_150:0_151:0_152:0_153:0_154:0_155:0_156:0_157:0_158:0_159:0_160:0,46200001:2,150,42614001,1:0_2:0_3:0_4:0_5:0_6:0_7:0_8:0_9:0_10:0_11:0_12:0_13:0_14:0_15:0_16:0_17:0_18:0_19:0_20:0_21:0_22:0_23:0_24:0_25:0_26:0_27:0_28:0_29:0_30:0_31:0_32:0_33:0_34:0_35:0_36:0_37:0_38:0_39:0_40:0_41:0_42:0_43:0_44:0_45:0_46:0_47:0_48:0_49:0_50:0_51:0_52:0_53:0_54:0_55:0_56:0_57:0_58:0_59:0_60:0_61:0_62:0_63:0_64:0_65:0_66:0_67:0_68:0_69:0_70:0_71:0_72:0_73:0_74:0_75:0_76:0_77:0_78:0_79:0_80:0_81:0_82:0_83:0_84:0_85:0_86:0_87:0_88:0_89:0_90:0_91:0_92:0_93:0_94:0_95:0_96:0_97:0_98:0_99:0_100:0_101:0_102:0_103:0_104:0_105:0_106:0_107:0_108:0_109:0_110:0_111:0_112:0_113:0_114:0_115:0_116:0_117:0_118:0_119:0_120:0_121:0_122:0_123:0_124:0_125:0_126:0_127:0_128:0_129:0_130:0_131:0_132:0_133:0_134:0_135:0_136:0_137:0_138:0_139:0_140:0_141:0_142:0_143:0_144:0_145:0_146:0_147:0_148:0_149:0_150:0_151:0_152:0_153:0_154:0_155:0_156:0_157:0_158:0_159:0_160:0,0:1,5,3,1,1
110007,,0,1:0_2:0_3:0_4:0_5:0_6:0_7:0_8:0_9:0_10:0_11:0_12:0_13:0_14:0_15:0_16:0_17:0_18:0_19:0_20:0_21:0_22:0_23:0_24:0_25:0_26:0_27:0_28:0_29:0_30:0_31:0_32:0_33:0_34:0_35:0_36:0_37:0_38:0_39:0_40:0_41:0_42:0_43:0_44:0_45:0_46:0_47:0_48:0_49:0_50:0_51:0_52:0_53:0_54:0_55:0_56:0_57:0_58:0_59:0_60:0_61:0_62:0_63:0_64:0_65:0_66:0_67:0_68:0_69:0_70:0_71:0_72:0_73:0_74:0_75:0_76:0_77:0_78:0_79:0_80:0_81:0_82:0_83:0_84:0_85:0_86:0_87:0_88:0_89:0_90:0_91:0_92:0_93:0_94:0_95:0_96:0_97:0_98:0_99:0_100:0_101:0_102:0_103:0_104:0_105:0_106:0_107:0_108:0_109:0_110:0_111:0_112:0_113:0_114:0_115:0_116:0_117:0_118:0_119:0_120:0_121:0_122:0_123:0_124:0_125:0_126:0_127:0_128:0_129:0_130:0_131:0_132:0_133:0_134:0_135:0_136:0_137:0_138:0_139:0_140:0_141:0_142:0_143:0_144:0_145:0_146:0_147:0_148:0_149:0_150:0_151:0_152:0_153:0_154:0_155:0_156:0_157:0_158:0_159:0_160:0,46700001:1,210,42731001,1:0_2:0_3:0_4:0_5:0_6:0_7:0_8:0_9:0_10:0_11:0_12:0_13:0_14:0_15:0_16:0_17:0_18:0_19:0_20:0_21:0_22:0_23:0_24:0_25:0_26:0_27:0_28:0_29:0_30:0_31:0_32:0_33:0_34:0_35:0_36:0_37:0_38:0_39:0_40:0_41:0_42:0_43:0_44:0_45:0_46:0_47:0_48:0_49:0_50:0_51:0_52:0_53:0_54:0_55:0_56:0_57:0_58:0_59:0_60:0_61:0_62:0_63:0_64:0_65:0_66:0_67:0_68:0_69:0_70:0_71:0_72:0_73:0_74:0_75:0_76:0_77:0_78:0_79:0_80:0_81:0_82:0_83:0_84:0_85:0_86:0_87:0_88:0_89:0_90:0_91:0_92:0_93:0_94:0_95:0_96:0_97:0_98:0_99:0_100:0_101:0_102:0_103:0_104:0_105:0_106:0_107:0_108:0_109:0_110:0_111:0_112:0_113:0_114:0_115:0_116:0_117:0_118:0_119:0_120:0_121:0_122:0_123:0_124:0_125:0_126:0_127:0_128:0_129:0_130:0_131:0_132:0_133:0_134:0_135:0_136:0_137:0_138:0_139:0_140:0_141:0_142:0_143:0_144:0_145:0_146:0_147:0_148:0_149:0_150:0_151:0_152:0_153:0_154:0_155:0_156:0_157:0_158:0_159:0_160:0,0:1,5,3,1,2
110008,,0,1:0_2:0_3:0_4:0_5:0_6:0_7:0_8:0_9:0_10:0_11:0_12:0_13:0_14:0_15:0_16:0_17:0_18:0_19:0_20:0_21:0_22:0_23:0_24:0_25:0_26:0_27:0_28:0_29:0_30:0_31:0_32:0_33:0_34:0_35:0_36:0_37:0_38:0_39:0_40:0_41:0_42:0_43:0_44:0_45:0_46:0_47:0_48:0_49:0_50:0_51:0_52:0_53:0_54:0_55:0_56:0_57:0_58:0_59:0_60:0_61:0_62:0_63:0_64:0_65:0_66:0_67:0_68:0_69:0_70:0_71:0_72:0_73:0_74:0_75:0_76:0_77:0_78:0_79:0_80:0_81:0_82:0_83:0_84:0_85:0_86:0_87:0_88:0_89:0_90:0_91:0_92:0_93:0_94:0_95:0_96:0_97:0_98:0_99:0_100:0_101:0_102:0_103:0_104:0_105:0_106:0_107:0_108:0_109:0_110:0_111:0_112:0_113:0_114:0_115:0_116:0_117:0_118:0_119:0_120:0_121:0_122:0_123:0_124:0_125:0_126:0_127:0_128:0_129:0_130:0_131:0_132:0_133:0_134:0_135:0_136:0_137:0_138:0_139:0_140:0_141:0_142:0_143:0_144:0_145:0_146:0_147:0_148:0_149:0_150:0_151:0_152:0_153:0_154:0_155:0_156:0_157:0_158:0_159:0_160:0,48300004:1,250,0,1:0_2:0_3:0_4:0_5:0_6:0_7:0_8:0_9:0_10:0_11:0_12:0_13:0_14:0_15:0_16:0_17:0_18:0_19:0_20:0_21:0_22:0_23:0_24:0_25:0_26:0_27:0_28:0_29:0_30:0_31:0_32:0_33:0_34:0_35:0_36:0_37:0_38:0_39:0_40:0_41:0_42:0_43:0_44:0_45:0_46:0_47:0_48:0_49:0_50:0_51:0_52:0_53:0_54:0_55:0_56:0_57:0_58:0_59:0_60:0_61:0_62:0_63:0_64:0_65:0_66:0_67:0_68:0_69:0_70:0_71:0_72:0_73:0_74:0_75:0_76:0_77:0_78:0_79:0_80:0_81:0_82:0_83:0_84:0_85:0_86:0_87:0_88:0_89:0_90:0_91:0_92:0_93:0_94:0_95:0_96:0_97:0_98:0_99:0_100:0_101:0_102:0_103:0_104:0_105:0_106:0_107:0_108:0_109:0_110:0_111:0_112:0_113:0_114:0_115:0_116:0_117:0_118:0_119:0_120:0_121:0_122:0_123:0_124:0_125:0_126:0_127:0_128:0_129:0_130:0_131:0_132:0_133:0_134:0_135:0_136:0_137:0_138:0_139:0_140:0_141:0_142:0_143:0_144:0_145:0_146:0_147:0_148:0_149:0_150:0_151:0_152:0_153:0_154:0_155:0_156:0_157:0_158:0_159:0_160:0,48300004:1,5,3,2,3
110009,,0,1:0_2:0_3:0_4:0_5:0_6:0_7:0_8:0_9:0_10:0_11:0_12:0_13:0_14:0_15:0_16:0_17:0_18:0_19:0_20:0_21:0_22:0_23:0_24:0_25:0_26:0_27:0_28:0_29:0_30:0_31:0_32:0_33:0_34:0_35:0_36:0_37:0_38:0_39:0_40:0_41:0_42:0_43:0_44:0_45:0_46:0_47:0_48:0_49:0_50:0_51:0_52:0_53:0_54:0_55:0_56:0_57:0_58:0_59:0_60:0_61:0_62:0_63:0_64:0_65:0_66:0_67:0_68:0_69:0_70:0_71:0_72:0_73:0_74:0_75:0_76:0_77:0_78:0_79:0_80:0_81:0_82:0_83:0_84:0_85:0_86:0_87:0_88:0_89:0_90:0_91:0_92:0_93:0_94:0_95:0_96:0_97:0_98:0_99:0_100:0_101:0_102:0_103:0_104:0_105:0_106:0_107:0_108:0_109:0_110:0_111:0_112:0_113:0_114:0_115:0_116:0_117:0_118:0_119:0_120:0_121:0_122:0_123:0_124:0_125:0_126:0_127:0_128:0_129:0_130:0_131:0_132:0_133:0_134:0_135:0_136:0_137:0_138:0_139:0_140:0_141:0_142:0_143:0_144:0_145:0_146:0_147:0_148:0_149:0_150:0_151:0_152:0_153:0_154:0_155:0_156:0_157:0_158:0_159:0_160:0,48200001:1,400,0,1:0_2:0_3:0_4:0_5:0_6:0_7:0_8:0_9:0_10:0_11:0_12:0_13:0_14:0_15:0_16:0_17:0_18:0_19:0_20:0_21:0_22:0_23:0_24:0_25:0_26:0_27:0_28:0_29:0_30:0_31:0_32:0_33:0_34:0_35:0_36:0_37:0_38:0_39:0_40:0_41:0_42:0_43:0_44:0_45:0_46:0_47:0_48:0_49:0_50:0_51:0_52:0_53:0_54:0_55:0_56:0_57:0_58:0_59:0_60:0_61:0_62:0_63:0_64:0_65:0_66:0_67:0_68:0_69:0_70:0_71:0_72:0_73:0_74:0_75:0_76:0_77:0_78:0_79:0_80:0_81:0_82:0_83:0_84:0_85:0_86:0_87:0_88:0_89:0_90:0_91:0_92:0_93:0_94:0_95:0_96:0_97:0_98:0_99:0_100:0_101:0_102:0_103:0_104:0_105:0_106:0_107:0_108:0_109:0_110:0_111:0_112:0_113:0_114:0_115:0_116:0_117:0_118:0_119:0_120:0_121:0_122:0_123:0_124:0_125:0_126:0_127:0_128:0_129:0_130:0_131:0_132:0_133:0_134:0_135:0_136:0_137:0_138:0_139:0_140:0_141:0_142:0_143:0_144:0_145:0_146:0_147:0_148:0_149:0_150:0_151:0_152:0_153:0_154:0_155:0_156:0_157:0_158:0_159:0_160:0,48200001:1,5,3,2,4
110011,,0,1:0_2:0_3:0_4:0_5:0_6:0_7:0_8:0_9:0_10:0_11:0_12:0_13:0_14:0_15:0_16:0_17:0_18:0_19:0_20:0_21:0_22:0_23:0_24:0_25:0_26:0_27:0_28:0_29:0_30:0_31:0_32:0_33:0_34:0_35:0_36:0_37:0_38:0_39:0_40:0_41:0_42:0_43:0_44:0_45:0_46:0_47:0_48:0_49:0_50:0_51:0_52:0_53:0_54:0_55:0_56:0_57:0_58:0_59:0_60:0_61:0_62:0_63:0_64:0_65:0_66:0_67:0_68:0_69:0_70:0_71:0_72:0_73:0_74:0_75:0_76:0_77:0_78:0_79:0_80:0_81:0_82:0_83:0_84:0_85:0_86:0_87:0_88:0_89:0_90:0_91:0_92:0_93:0_94:0_95:0_96:0_97:0_98:0_99:0_100:0_101:0_102:0_103:0_104:0_105:0_106:0_107:0_108:0_109:0_110:0_111:0_112:0_113:0_114:0_115:0_116:0_117:0_118:0_119:0_120:0_121:0_122:0_123:0_124:0_125:0_126:0_127:0_128:0_129:0_130:0_131:0_132:0_133:0_134:0_135:0_136:0_137:0_138:0_139:0_140:0_141:0_142:0_143:0_144:0_145:0_146:0_147:0_148:0_149:0_150:0_151:0_152:0_153:0_154:0_155:0_156:0_157:0_158:0_159:0_160:0,46200001:2,500,0,1:0_2:0_3:0_4:0_5:0_6:0_7:0_8:0_9:0_10:0_11:0_12:0_13:0_14:0_15:0_16:0_17:0_18:0_19:0_20:0_21:0_22:0_23:0_24:0_25:0_26:0_27:0_28:0_29:0_30:0_31:0_32:0_33:0_34:0_35:0_36:0_37:0_38:0_39:0_40:0_41:0_42:0_43:0_44:0_45:0_46:0_47:0_48:0_49:0_50:0_51:0_52:0_53:0_54:0_55:0_56:0_57:0_58:0_59:0_60:0_61:0_62:0_63:0_64:0_65:0_66:0_67:0_68:0_69:0_70:0_71:0_72:0_73:0_74:0_75:0_76:0_77:0_78:0_79:0_80:0_81:0_82:0_83:0_84:0_85:0_86:0_87:0_88:0_89:0_90:0_91:0_92:0_93:0_94:0_95:0_96:0_97:0_98:0_99:0_100:0_101:0_102:0_103:0_104:0_105:0_106:0_107:0_108:0_109:0_110:0_111:0_112:0_113:0_114:0_115:0_116:0_117:0_118:0_119:0_120:0_121:0_122:0_123:0_124:0_125:0_126:0_127:0_128:0_129:0_130:0_131:0_132:0_133:0_134:0_135:0_136:0_137:0_138:0_139:0_140:0_141:0_142:0_143:0_144:0_145:0_146:0_147:0_148:0_149:0_150:0_151:0_152:0_153:0_154:0_155:0_156:0_157:0_158:0_159:0_160:0,46700001:2,5,3,3,5
110012,,0,1:0_2:0_3:0_4:0_5:0_6:0_7:0_8:0_9:0_10:0_11:0_12:0_13:0_14:0_15:0_16:0_17:0_18:0_19:0_20:0_21:0_22:0_23:0_24:0_25:0_26:0_27:0_28:0_29:0_30:0_31:0_32:0_33:0_34:0_35:0_36:0_37:0_38:0_39:0_40:0_41:0_42:0_43:0_44:0_45:0_46:0_47:0_48:0_49:0_50:0_51:0_52:0_53:0_54:0_55:0_56:0_57:0_58:0_59:0_60:0_61:0_62:0_63:0_64:0_65:0_66:0_67:0_68:0_69:0_70:0_71:0_72:0_73:0_74:0_75:0_76:0_77:0_78:0_79:0_80:0_81:0_82:0_83:0_84:0_85:0_86:0_87:0_88:0_89:0_90:0_91:0_92:0_93:0_94:0_95:0_96:0_97:0_98:0_99:0_100:0_101:0_102:0_103:0_104:0_105:0_106:0_107:0_108:0_109:0_110:0_111:0_112:0_113:0_114:0_115:0_116:0_117:0_118:0_119:0_120:0_121:0_122:0_123:0_124:0_125:0_126:0_127:0_128:0_129:0_130:0_131:0_132:0_133:0_134:0_135:0_136:0_137:0_138:0_139:0_140:0_141:0_142:0_143:0_144:0_145:0_146:0_147:0_148:0_149:0_150:0_151:0_152:0_153:0_154:0_155:0_156:0_157:0_158:0_159:0_160:0,46700001:1,600,42635001,1:0_2:0_3:0_4:0_5:0_6:0_7:0_8:0_9:0_10:0_11:0_12:0_13:0_14:0_15:0_16:0_17:0_18:0_19:0_20:0_21:0_22:0_23:0_24:0_25:0_26:0_27:0_28:0_29:0_30:0_31:0_32:0_33:0_34:0_35:0_36:0_37:0_38:0_39:0_40:0_41:0_42:0_43:0_44:0_45:0_46:0_47:0_48:0_49:0_50:0_51:0_52:0_53:0_54:0_55:0_56:0_57:0_58:0_59:0_60:0_61:0_62:0_63:0_64:0_65:0_66:0_67:0_68:0_69:0_70:0_71:0_72:0_73:0_74:0_75:0_76:0_77:0_78:0_79:0_80:0_81:0_82:0_83:0_84:0_85:0_86:0_87:0_88:0_89:0_90:0_91:0_92:0_93:0_94:0_95:0_96:0_97:0_98:0_99:0_100:0_101:0_102:0_103:0_104:0_105:0_106:0_107:0_108:0_109:0_110:0_111:0_112:0_113:0_114:0_115:0_116:0_117:0_118:0_119:0_120:0_121:0_122:0_123:0_124:0_125:0_126:0_127:0_128:0_129:0_130:0_131:0_132:0_133:0_134:0_135:0_136:0_137:0_138:0_139:0_140:0_141:0_142:0_143:0_144:0_145:0_146:0_147:0_148:0_149:0_150:0_151:0_152:0_153:0_154:0_155:0_156:0_157:0_158:0_159:0_160:0,0:1,0,0,0,0
110013,,0,1:0_2:0_3:0_4:0_5:0_6:0_7:0_8:0_9:0_10:0_11:0_12:0_13:0_14:0_15:0_16:0_17:0_18:0_19:0_20:0_21:0_22:0_23:0_24:0_25:0_26:0_27:0_28:0_29:0_30:0_31:0_32:0_33:0_34:0_35:0_36:0_37:0_38:0_39:0_40:0_41:0_42:0_43:0_44:0_45:0_46:0_47:0_48:0_49:0_50:0_51:0_52:0_53:0_54:0_55:0_56:0_57:0_58:0_59:0_60:0_61:0_62:0_63:0_64:0_65:0_66:0_67:0_68:0_69:0_70:0_71:0_72:0_73:0_74:0_75:0_76:0_77:0_78:0_79:0_80:0_81:0_82:0_83:0_84:0_85:0_86:0_87:0_88:0_89:0_90:0_91:0_92:0_93:0_94:0_95:0_96:0_97:0_98:0_99:0_100:0_101:0_102:0_103:0_104:0_105:0_106:0_107:0_108:0_109:0_110:0_111:0_112:0_113:0_114:0_115:0_116:0_117:0_118:0_119:0_120:0_121:0_122:0_123:0_124:0_125:0_126:0_127:0_128:0_129:0_130:0_131:0_132:0_133:0_134:0_135:0_136:0_137:0_138:0_139:0_140:0_141:0_142:0_143:0_144:0_145:0_146:0_147:0_148:0_149:0_150:0_151:0_152:0_153:0_154:0_155:0_156:0_157:0_158:0_159:0_160:0,46200001:2,800,0,1:0_2:0_3:0_4:0_5:0_6:0_7:0_8:0_9:0_10:0_11:0_12:0_13:0_14:0_15:0_16:0_17:0_18:0_19:0_20:0_21:0_22:0_23:0_24:0_25:0_26:0_27:0_28:0_29:0_30:0_31:0_32:0_33:0_34:0_35:0_36:0_37:0_38:0_39:0_40:0_41:0_42:0_43:0_44:0_45:0_46:0_47:0_48:0_49:0_50:0_51:0_52:0_53:0_54:0_55:0_56:0_57:0_58:0_59:0_60:0_61:0_62:0_63:0_64:0_65:0_66:0_67:0_68:0_69:0_70:0_71:0_72:0_73:0_74:0_75:0_76:0_77:0_78:0_79:0_80:0_81:0_82:0_83:0_84:0_85:0_86:0_87:0_88:0_89:0_90:0_91:0_92:0_93:0_94:0_95:0_96:0_97:0_98:0_99:0_100:0_101:0_102:0_103:0_104:0_105:0_106:0_107:0_108:0_109:0_110:0_111:0_112:0_113:0_114:0_115:0_116:0_117:0_118:0_119:0_120:0_121:0_122:0_123:0_124:0_125:0_126:0_127:0_128:0_129:0_130:0_131:0_132:0_133:0_134:0_135:0_136:0_137:0_138:0_139:0_140:0_141:0_142:0_143:0_144:0_145:0_146:0_147:0_148:0_149:0_150:0_151:0_152:0_153:0_154:0_155:0_156:0_157:0_158:0_159:0_160:0,46700001:2,0,0,0,0
110014,,0,1:0_2:0_3:0_4:0_5:0_6:0_7:0_8:0_9:0_10:0_11:0_12:0_13:0_14:0_15:0_16:0_17:0_18:0_19:0_20:0_21:0_22:0_23:0_24:0_25:0_26:0_27:0_28:0_29:0_30:0_31:0_32:0_33:0_34:0_35:0_36:0_37:0_38:0_39:0_40:0_41:0_42:0_43:0_44:0_45:0_46:0_47:0_48:0_49:0_50:0_51:0_52:0_53:0_54:0_55:0_56:0_57:0_58:0_59:0_60:0_61:0_62:0_63:0_64:0_65:0_66:0_67:0_68:0_69:0_70:0_71:0_72:0_73:0_74:0_75:0_76:0_77:0_78:0_79:0_80:0_81:0_82:0_83:0_84:0_85:0_86:0_87:0_88:0_89:0_90:0_91:0_92:0_93:0_94:0_95:0_96:0_97:0_98:0_99:0_100:0_101:0_102:0_103:0_104:0_105:0_106:0_107:0_108:0_109:0_110:0_111:0_112:0_113:0_114:0_115:0_116:0_117:0_118:0_119:0_120:0_121:0_122:0_123:0_124:0_125:0_126:0_127:0_128:0_129:0_130:0_131:0_132:0_133:0_134:0_135:0_136:0_137:0_138:0_139:0_140:0_141:0_142:0_143:0_144:0_145:0_146:0_147:0_148:0_149:0_150:0_151:0_152:0_153:0_154:0_155:0_156:0_157:0_158:0_159:0_160:0,46700001:2,1000,42654001,1:0_2:0_3:0_4:0_5:0_6:0_7:0_8:0_9:0_10:0_11:0_12:0_13:0_14:0_15:0_16:0_17:0_18:0_19:0_20:0_21:0_22:0_23:0_24:0_25:0_26:0_27:0_28:0_29:0_30:0_31:0_32:0_33:0_34:0_35:0_36:0_37:0_38:0_39:0_40:0_41:0_42:0_43:0_44:0_45:0_46:0_47:0_48:0_49:0_50:0_51:0_52:0_53:0_54:0_55:0_56:0_57:0_58:0_59:0_60:0_61:0_62:0_63:0_64:0_65:0_66:0_67:0_68:0_69:0_70:0_71:0_72:0_73:0_74:0_75:0_76:0_77:0_78:0_79:0_80:0_81:0_82:0_83:0_84:0_85:0_86:0_87:0_88:0_89:0_90:0_91:0_92:0_93:0_94:0_95:0_96:0_97:0_98:0_99:0_100:0_101:0_102:0_103:0_104:0_105:0_106:0_107:0_108:0_109:0_110:0_111:0_112:0_113:0_114:0_115:0_116:0_117:0_118:0_119:0_120:0_121:0_122:0_123:0_124:0_125:0_126:0_127:0_128:0_129:0_130:0_131:0_132:0_133:0_134:0_135:0_136:0_137:0_138:0_139:0_140:0_141:0_142:0_143:0_144:0_145:0_146:0_147:0_148:0_149:0_150:0_151:0_152:0_153:0_154:0_155:0_156:0_157:0_158:0_159:0_160:0,0:1,0,0,0,0
110015,,0,1:0_2:0_3:0_4:0_5:0_6:0_7:0_8:0_9:0_10:0_11:0_12:0_13:0_14:0_15:0_16:0_17:0_18:0_19:0_20:0_21:0_22:0_23:0_24:0_25:0_26:0_27:0_28:0_29:0_30:0_31:0_32:0_33:0_34:0_35:0_36:0_37:0_38:0_39:0_40:0_41:0_42:0_43:0_44:0_45:0_46:0_47:0_48:0_49:0_50:0_51:0_52:0_53:0_54:0_55:0_56:0_57:0_58:0_59:0_60:0_61:0_62:0_63:0_64:0_65:0_66:0_67:0_68:0_69:0_70:0_71:0_72:0_73:0_74:0_75:0_76:0_77:0_78:0_79:0_80:0_81:0_82:0_83:0_84:0_85:0_86:0_87:0_88:0_89:0_90:0_91:0_92:0_93:0_94:0_95:0_96:0_97:0_98:0_99:0_100:0_101:0_102:0_103:0_104:0_105:0_106:0_107:0_108:0_109:0_110:0_111:0_112:0_113:0_114:0_115:0_116:0_117:0_118:0_119:0_120:0_121:0_122:0_123:0_124:0_125:0_126:0_127:0_128:0_129:0_130:0_131:0_132:0_133:0_134:0_135:0_136:0_137:0_138:0_139:0_140:0_141:0_142:0_143:0_144:0_145:0_146:0_147:0_148:0_149:0_150:0_151:0_152:0_153:0_154:0_155:0_156:0_157:0_158:0_159:0_160:0,48200001:1,1200,0,1:0_2:0_3:0_4:0_5:0_6:0_7:0_8:0_9:0_10:0_11:0_12:0_13:0_14:0_15:0_16:0_17:0_18:0_19:0_20:0_21:0_22:0_23:0_24:0_25:0_26:0_27:0_28:0_29:0_30:0_31:0_32:0_33:0_34:0_35:0_36:0_37:0_38:0_39:0_40:0_41:0_42:0_43:0_44:0_45:0_46:0_47:0_48:0_49:0_50:0_51:0_52:0_53:0_54:0_55:0_56:0_57:0_58:0_59:0_60:0_61:0_62:0_63:0_64:0_65:0_66:0_67:0_68:0_69:0_70:0_71:0_72:0_73:0_74:0_75:0_76:0_77:0_78:0_79:0_80:0_81:0_82:0_83:0_84:0_85:0_86:0_87:0_88:0_89:0_90:0_91:0_92:0_93:0_94:0_95:0_96:0_97:0_98:0_99:0_100:0_101:0_102:0_103:0_104:0_105:0_106:0_107:0_108:0_109:0_110:0_111:0_112:0_113:0_114:0_115:0_116:0_117:0_118:0_119:0_120:0_121:0_122:0_123:0_124:0_125:0_126:0_127:0_128:0_129:0_130:0_131:0_132:0_133:0_134:0_135:0_136:0_137:0_138:0_139:0_140:0_141:0_142:0_143:0_144:0_145:0_146:0_147:0_148:0_149:0_150:0_151:0_152:0_153:0_154:0_155:0_156:0_157:0_158:0_159:0_160:0,48200001:1,0,0,0,0
110016,,0,1:0_2:0_3:0_4:0_5:0_6:0_7:0_8:0_9:0_10:0_11:0_12:0_13:0_14:0_15:0_16:0_17:0_18:0_19:0_20:0_21:0_22:0_23:0_24:0_25:0_26:0_27:0_28:0_29:0_30:0_31:0_32:0_33:0_34:0_35:0_36:0_37:0_38:0_39:0_40:0_41:0_42:0_43:0_44:0_45:0_46:0_47:0_48:0_49:0_50:0_51:0_52:0_53:0_54:0_55:0_56:0_57:0_58:0_59:0_60:0_61:0_62:0_63:0_64:0_65:0_66:0_67:0_68:0_69:0_70:0_71:0_72:0_73:0_74:0_75:0_76:0_77:0_78:0_79:0_80:0_81:0_82:0_83:0_84:0_85:0_86:0_87:0_88:0_89:0_90:0_91:0_92:0_93:0_94:0_95:0_96:0_97:0_98:0_99:0_100:0_101:0_102:0_103:0_104:0_105:0_106:0_107:0_108:0_109:0_110:0_111:0_112:0_113:0_114:0_115:0_116:0_117:0_118:0_119:0_120:0_121:0_122:0_123:0_124:0_125:0_126:0_127:0_128:0_129:0_130:0_131:0_132:0_133:0_134:0_135:0_136:0_137:0_138:0_139:0_140:0_141:0_142:0_143:0_144:0_145:0_146:0_147:0_148:0_149:0_150:0_151:0_152:0_153:0_154:0_155:0_156:0_157:0_158:0_159:0_160:0,46200001:3,1500,0,1:0_2:0_3:0_4:0_5:0_6:0_7:0_8:0_9:0_10:0_11:0_12:0_13:0_14:0_15:0_16:0_17:0_18:0_19:0_20:0_21:0_22:0_23:0_24:0_25:0_26:0_27:0_28:0_29:0_30:0_31:0_32:0_33:0_34:0_35:0_36:0_37:0_38:0_39:0_40:0_41:0_42:0_43:0_44:0_45:0_46:0_47:0_48:0_49:0_50:0_51:0_52:0_53:0_54:0_55:0_56:0_57:0_58:0_59:0_60:0_61:0_62:0_63:0_64:0_65:0_66:0_67:0_68:0_69:0_70:0_71:0_72:0_73:0_74:0_75:0_76:0_77:0_78:0_79:0_80:0_81:0_82:0_83:0_84:0_85:0_86:0_87:0_88:0_89:0_90:0_91:0_92:0_93:0_94:0_95:0_96:0_97:0_98:0_99:0_100:0_101:0_102:0_103:0_104:0_105:0_106:0_107:0_108:0_109:0_110:0_111:0_112:0_113:0_114:0_115:0_116:0_117:0_118:0_119:0_120:0_121:0_122:0_123:0_124:0_125:0_126:0_127:0_128:0_129:0_130:0_131:0_132:0_133:0_134:0_135:0_136:0_137:0_138:0_139:0_140:0_141:0_142:0_143:0_144:0_145:0_146:0_147:0_148:0_149:0_150:0_151:0_152:0_153:0_154:0_155:0_156:0_157:0_158:0_159:0_160:0,46700001:3,0,0,0,0
110017,,0,1:0_2:0_3:0_4:0_5:0_6:0_7:0_8:0_9:0_10:0_11:0_12:0_13:0_14:0_15:0_16:0_17:0_18:0_19:0_20:0_21:0_22:0_23:0_24:0_25:0_26:0_27:0_28:0_29:0_30:0_31:0_32:0_33:0_34:0_35:0_36:0_37:0_38:0_39:0_40:0_41:0_42:0_43:0_44:0_45:0_46:0_47:0_48:0_49:0_50:0_51:0_52:0_53:0_54:0_55:0_56:0_57:0_58:0_59:0_60:0_61:0_62:0_63:0_64:0_65:0_66:0_67:0_68:0_69:0_70:0_71:0_72:0_73:0_74:0_75:0_76:0_77:0_78:0_79:0_80:0_81:0_82:0_83:0_84:0_85:0_86:0_87:0_88:0_89:0_90:0_91:0_92:0_93:0_94:0_95:0_96:0_97:0_98:0_99:0_100:0_101:0_102:0_103:0_104:0_105:0_106:0_107:0_108:0_109:0_110:0_111:0_112:0_113:0_114:0_115:0_116:0_117:0_118:0_119:0_120:0_121:0_122:0_123:0_124:0_125:0_126:0_127:0_128:0_129:0_130:0_131:0_132:0_133:0_134:0_135:0_136:0_137:0_138:0_139:0_140:0_141:0_142:0_143:0_144:0_145:0_146:0_147:0_148:0_149:0_150:0_151:0_152:0_153:0_154:0_155:0_156:0_157:0_158:0_159:0_160:0,48200004:1,1800,0,1:0_2:0_3:0_4:0_5:0_6:0_7:0_8:0_9:0_10:0_11:0_12:0_13:0_14:0_15:0_16:0_17:0_18:0_19:0_20:0_21:0_22:0_23:0_24:0_25:0_26:0_27:0_28:0_29:0_30:0_31:0_32:0_33:0_34:0_35:0_36:0_37:0_38:0_39:0_40:0_41:0_42:0_43:0_44:0_45:0_46:0_47:0_48:0_49:0_50:0_51:0_52:0_53:0_54:0_55:0_56:0_57:0_58:0_59:0_60:0_61:0_62:0_63:0_64:0_65:0_66:0_67:0_68:0_69:0_70:0_71:0_72:0_73:0_74:0_75:0_76:0_77:0_78:0_79:0_80:0_81:0_82:0_83:0_84:0_85:0_86:0_87:0_88:0_89:0_90:0_91:0_92:0_93:0_94:0_95:0_96:0_97:0_98:0_99:0_100:0_101:0_102:0_103:0_104:0_105:0_106:0_107:0_108:0_109:0_110:0_111:0_112:0_113:0_114:0_115:0_116:0_117:0_118:0_119:0_120:0_121:0_122:0_123:0_124:0_125:0_126:0_127:0_128:0_129:0_130:0_131:0_132:0_133:0_134:0_135:0_136:0_137:0_138:0_139:0_140:0_141:0_142:0_143:0_144:0_145:0_146:0_147:0_148:0_149:0_150:0_151:0_152:0_153:0_154:0_155:0_156:0_157:0_158:0_159:0_160:0,48200004:1,0,0,0,0
110018,,0,1:0_2:0_3:0_4:0_5:0_6:0_7:0_8:0_9:0_10:0_11:0_12:0_13:0_14:0_15:0_16:0_17:0_18:0_19:0_20:0_21:0_22:0_23:0_24:0_25:0_26:0_27:0_28:0_29:0_30:0_31:0_32:0_33:0_34:0_35:0_36:0_37:0_38:0_39:0_40:0_41:0_42:0_43:0_44:0_45:0_46:0_47:0_48:0_49:0_50:0_51:0_52:0_53:0_54:0_55:0_56:0_57:0_58:0_59:0_60:0_61:0_62:0_63:0_64:0_65:0_66:0_67:0_68:0_69:0_70:0_71:0_72:0_73:0_74:0_75:0_76:0_77:0_78:0_79:0_80:0_81:0_82:0_83:0_84:0_85:0_86:0_87:0_88:0_89:0_90:0_91:0_92:0_93:0_94:0_95:0_96:0_97:0_98:0_99:0_100:0_101:0_102:0_103:0_104:0_105:0_106:0_107:0_108:0_109:0_110:0_111:0_112:0_113:0_114:0_115:0_116:0_117:0_118:0_119:0_120:0_121:0_122:0_123:0_124:0_125:0_126:0_127:0_128:0_129:0_130:0_131:0_132:0_133:0_134:0_135:0_136:0_137:0_138:0_139:0_140:0_141:0_142:0_143:0_144:0_145:0_146:0_147:0_148:0_149:0_150:0_151:0_152:0_153:0_154:0_155:0_156:0_157:0_158:0_159:0_160:0,46200001:3,2000,0,1:0_2:0_3:0_4:0_5:0_6:0_7:0_8:0_9:0_10:0_11:0_12:0_13:0_14:0_15:0_16:0_17:0_18:0_19:0_20:0_21:0_22:0_23:0_24:0_25:0_26:0_27:0_28:0_29:0_30:0_31:0_32:0_33:0_34:0_35:0_36:0_37:0_38:0_39:0_40:0_41:0_42:0_43:0_44:0_45:0_46:0_47:0_48:0_49:0_50:0_51:0_52:0_53:0_54:0_55:0_56:0_57:0_58:0_59:0_60:0_61:0_62:0_63:0_64:0_65:0_66:0_67:0_68:0_69:0_70:0_71:0_72:0_73:0_74:0_75:0_76:0_77:0_78:0_79:0_80:0_81:0_82:0_83:0_84:0_85:0_86:0_87:0_88:0_89:0_90:0_91:0_92:0_93:0_94:0_95:0_96:0_97:0_98:0_99:0_100:0_101:0_102:0_103:0_104:0_105:0_106:0_107:0_108:0_109:0_110:0_111:0_112:0_113:0_114:0_115:0_116:0_117:0_118:0_119:0_120:0_121:0_122:0_123:0_124:0_125:0_126:0_127:0_128:0_129:0_130:0_131:0_132:0_133:0_134:0_135:0_136:0_137:0_138:0_139:0_140:0_141:0_142:0_143:0_144:0_145:0_146:0_147:0_148:0_149:0_150:0_151:0_152:0_153:0_154:0_155:0_156:0_157:0_158:0_159:0_160:0,46700001:3,0,0,0,0
110019,,0,1:0_2:0_3:0_4:0_5:0_6:0_7:0_8:0_9:0_10:0_11:0_12:0_13:0_14:0_15:0_16:0_17:0_18:0_19:0_20:0_21:0_22:0_23:0_24:0_25:0_26:0_27:0_28:0_29:0_30:0_31:0_32:0_33:0_34:0_35:0_36:0_37:0_38:0_39:0_40:0_41:0_42:0_43:0_44:0_45:0_46:0_47:0_48:0_49:0_50:0_51:0_52:0_53:0_54:0_55:0_56:0_57:0_58:0_59:0_60:0_61:0_62:0_63:0_64:0_65:0_66:0_67:0_68:0_69:0_70:0_71:0_72:0_73:0_74:0_75:0_76:0_77:0_78:0_79:0_80:0_81:0_82:0_83:0_84:0_85:0_86:0_87:0_88:0_89:0_90:0_91:0_92:0_93:0_94:0_95:0_96:0_97:0_98:0_99:0_100:0_101:0_102:0_103:0_104:0_105:0_106:0_107:0_108:0_109:0_110:0_111:0_112:0_113:0_114:0_115:0_116:0_117:0_118:0_119:0_120:0_121:0_122:0_123:0_124:0_125:0_126:0_127:0_128:0_129:0_130:0_131:0_132:0_133:0_134:0_135:0_136:0_137:0_138:0_139:0_140:0_141:0_142:0_143:0_144:0_145:0_146:0_147:0_148:0_149:0_150:0_151:0_152:0_153:0_154:0_155:0_156:0_157:0_158:0_159:0_160:0,46700001:2,2500,42656001,1:0_2:0_3:0_4:0_5:0_6:0_7:0_8:0_9:0_10:0_11:0_12:0_13:0_14:0_15:0_16:0_17:0_18:0_19:0_20:0_21:0_22:0_23:0_24:0_25:0_26:0_27:0_28:0_29:0_30:0_31:0_32:0_33:0_34:0_35:0_36:0_37:0_38:0_39:0_40:0_41:0_42:0_43:0_44:0_45:0_46:0_47:0_48:0_49:0_50:0_51:0_52:0_53:0_54:0_55:0_56:0_57:0_58:0_59:0_60:0_61:0_62:0_63:0_64:0_65:0_66:0_67:0_68:0_69:0_70:0_71:0_72:0_73:0_74:0_75:0_76:0_77:0_78:0_79:0_80:0_81:0_82:0_83:0_84:0_85:0_86:0_87:0_88:0_89:0_90:0_91:0_92:0_93:0_94:0_95:0_96:0_97:0_98:0_99:0_100:0_101:0_102:0_103:0_104:0_105:0_106:0_107:0_108:0_109:0_110:0_111:0_112:0_113:0_114:0_115:0_116:0_117:0_118:0_119:0_120:0_121:0_122:0_123:0_124:0_125:0_126:0_127:0_128:0_129:0_130:0_131:0_132:0_133:0_134:0_135:0_136:0_137:0_138:0_139:0_140:0_141:0_142:0_143:0_144:0_145:0_146:0_147:0_148:0_149:0_150:0_151:0_152:0_153:0_154:0_155:0_156:0_157:0_158:0_159:0_160:0,0:1,0,0,0,0
110021,,0,1:0_2:0_3:0_4:0_5:0_6:0_7:0_8:0_9:0_10:0_11:0_12:0_13:0_14:0_15:0_16:0_17:0_18:0_19:0_20:0_21:0_22:0_23:0_24:0_25:0_26:0_27:0_28:0_29:0_30:0_31:0_32:0_33:0_34:0_35:0_36:0_37:0_38:0_39:0_40:0_41:0_42:0_43:0_44:0_45:0_46:0_47:0_48:0_49:0_50:0_51:0_52:0_53:0_54:0_55:0_56:0_57:0_58:0_59:0_60:0_61:0_62:0_63:0_64:0_65:0_66:0_67:0_68:0_69:0_70:0_71:0_72:0_73:0_74:0_75:0_76:0_77:0_78:0_79:0_80:0_81:0_82:0_83:0_84:0_85:0_86:0_87:0_88:0_89:0_90:0_91:0_92:0_93:0_94:0_95:0_96:0_97:0_98:0_99:0_100:0_101:0_102:0_103:0_104:0_105:0_106:0_107:0_108:0_109:0_110:0_111:0_112:0_113:0_114:0_115:0_116:0_117:0_118:0_119:0_120:0_121:0_122:0_123:0_124:0_125:0_126:0_127:0_128:0_129:0_130:0_131:0_132:0_133:0_134:0_135:0_136:0_137:0_138:0_139:0_140:0_141:0_142:0_143:0_144:0_145:0_146:0_147:0_148:0_149:0_150:0_151:0_152:0_153:0_154:0_155:0_156:0_157:0_158:0_159:0_160:0,48200006:1,3000,0,1:0_2:0_3:0_4:0_5:0_6:0_7:0_8:0_9:0_10:0_11:0_12:0_13:0_14:0_15:0_16:0_17:0_18:0_19:0_20:0_21:0_22:0_23:0_24:0_25:0_26:0_27:0_28:0_29:0_30:0_31:0_32:0_33:0_34:0_35:0_36:0_37:0_38:0_39:0_40:0_41:0_42:0_43:0_44:0_45:0_46:0_47:0_48:0_49:0_50:0_51:0_52:0_53:0_54:0_55:0_56:0_57:0_58:0_59:0_60:0_61:0_62:0_63:0_64:0_65:0_66:0_67:0_68:0_69:0_70:0_71:0_72:0_73:0_74:0_75:0_76:0_77:0_78:0_79:0_80:0_81:0_82:0_83:0_84:0_85:0_86:0_87:0_88:0_89:0_90:0_91:0_92:0_93:0_94:0_95:0_96:0_97:0_98:0_99:0_100:0_101:0_102:0_103:0_104:0_105:0_106:0_107:0_108:0_109:0_110:0_111:0_112:0_113:0_114:0_115:0_116:0_117:0_118:0_119:0_120:0_121:0_122:0_123:0_124:0_125:0_126:0_127:0_128:0_129:0_130:0_131:0_132:0_133:0_134:0_135:0_136:0_137:0_138:0_139:0_140:0_141:0_142:0_143:0_144:0_145:0_146:0_147:0_148:0_149:0_150:0_151:0_152:0_153:0_154:0_155:0_156:0_157:0_158:0_159:0_160:0,48200006:1,0,0,0,0
110022,,0,1:0_2:0_3:0_4:0_5:0_6:0_7:0_8:0_9:0_10:0_11:0_12:0_13:0_14:0_15:0_16:0_17:0_18:0_19:0_20:0_21:0_22:0_23:0_24:0_25:0_26:0_27:0_28:0_29:0_30:0_31:0_32:0_33:0_34:0_35:0_36:0_37:0_38:0_39:0_40:0_41:0_42:0_43:0_44:0_45:0_46:0_47:0_48:0_49:0_50:0_51:0_52:0_53:0_54:0_55:0_56:0_57:0_58:0_59:0_60:0_61:0_62:0_63:0_64:0_65:0_66:0_67:0_68:0_69:0_70:0_71:0_72:0_73:0_74:0_75:0_76:0_77:0_78:0_79:0_80:0_81:0_82:0_83:0_84:0_85:0_86:0_87:0_88:0_89:0_90:0_91:0_92:0_93:0_94:0_95:0_96:0_97:0_98:0_99:0_100:0_101:0_102:0_103:0_104:0_105:0_106:0_107:0_108:0_109:0_110:0_111:0_112:0_113:0_114:0_115:0_116:0_117:0_118:0_119:0_120:0_121:0_122:0_123:0_124:0_125:0_126:0_127:0_128:0_129:0_130:0_131:0_132:0_133:0_134:0_135:0_136:0_137:0_138:0_139:0_140:0_141:0_142:0_143:0_144:0_145:0_146:0_147:0_148:0_149:0_150:0_151:0_152:0_153:0_154:0_155:0_156:0_157:0_158:0_159:0_160:0,46700001:2,6000,42653001,1:0_2:0_3:0_4:0_5:0_6:0_7:0_8:0_9:0_10:0_11:0_12:0_13:0_14:0_15:0_16:0_17:0_18:0_19:0_20:0_21:0_22:0_23:0_24:0_25:0_26:0_27:0_28:0_29:0_30:0_31:0_32:0_33:0_34:0_35:0_36:0_37:0_38:0_39:0_40:0_41:0_42:0_43:0_44:0_45:0_46:0_47:0_48:0_49:0_50:0_51:0_52:0_53:0_54:0_55:0_56:0_57:0_58:0_59:0_60:0_61:0_62:0_63:0_64:0_65:0_66:0_67:0_68:0_69:0_70:0_71:0_72:0_73:0_74:0_75:0_76:0_77:0_78:0_79:0_80:0_81:0_82:0_83:0_84:0_85:0_86:0_87:0_88:0_89:0_90:0_91:0_92:0_93:0_94:0_95:0_96:0_97:0_98:0_99:0_100:0_101:0_102:0_103:0_104:0_105:0_106:0_107:0_108:0_109:0_110:0_111:0_112:0_113:0_114:0_115:0_116:0_117:0_118:0_119:0_120:0_121:0_122:0_123:0_124:0_125:0_126:0_127:0_128:0_129:0_130:0_131:0_132:0_133:0_134:0_135:0_136:0_137:0_138:0_139:0_140:0_141:0_142:0_143:0_144:0_145:0_146:0_147:0_148:0_149:0_150:0_151:0_152:0_153:0_154:0_155:0_156:0_157:0_158:0_159:0_160:0,0:1,0,0,0,0
110023,,0,1:0_2:0_3:0_4:0_5:0_6:0_7:0_8:0_9:0_10:0_11:0_12:0_13:0_14:0_15:0_16:0_17:0_18:0_19:0_20:0_21:0_22:0_23:0_24:0_25:0_26:0_27:0_28:0_29:0_30:0_31:0_32:0_33:0_34:0_35:0_36:0_37:0_38:0_39:0_40:0_41:0_42:0_43:0_44:0_45:0_46:0_47:0_48:0_49:0_50:0_51:0_52:0_53:0_54:0_55:0_56:0_57:0_58:0_59:0_60:0_61:0_62:0_63:0_64:0_65:0_66:0_67:0_68:0_69:0_70:0_71:0_72:0_73:0_74:0_75:0_76:0_77:0_78:0_79:0_80:0_81:0_82:0_83:0_84:0_85:0_86:0_87:0_88:0_89:0_90:0_91:0_92:0_93:0_94:0_95:0_96:0_97:0_98:0_99:0_100:0_101:0_102:0_103:0_104:0_105:0_106:0_107:0_108:0_109:0_110:0_111:0_112:0_113:0_114:0_115:0_116:0_117:0_118:0_119:0_120:0_121:0_122:0_123:0_124:0_125:0_126:0_127:0_128:0_129:0_130:0_131:0_132:0_133:0_134:0_135:0_136:0_137:0_138:0_139:0_140:0_141:0_142:0_143:0_144:0_145:0_146:0_147:0_148:0_149:0_150:0_151:0_152:0_153:0_154:0_155:0_156:0_157:0_158:0_159:0_160:0,46700001:1,8000,0,1:0_2:0_3:0_4:0_5:0_6:0_7:0_8:0_9:0_10:0_11:0_12:0_13:0_14:0_15:0_16:0_17:0_18:0_19:0_20:0_21:0_22:0_23:0_24:0_25:0_26:0_27:0_28:0_29:0_30:0_31:0_32:0_33:0_34:0_35:0_36:0_37:0_38:0_39:0_40:0_41:0_42:0_43:0_44:0_45:0_46:0_47:0_48:0_49:0_50:0_51:0_52:0_53:0_54:0_55:0_56:0_57:0_58:0_59:0_60:0_61:0_62:0_63:0_64:0_65:0_66:0_67:0_68:0_69:0_70:0_71:0_72:0_73:0_74:0_75:0_76:0_77:0_78:0_79:0_80:0_81:0_82:0_83:0_84:0_85:0_86:0_87:0_88:0_89:0_90:0_91:0_92:0_93:0_94:0_95:0_96:0_97:0_98:0_99:0_100:0_101:0_102:0_103:0_104:0_105:0_106:0_107:0_108:0_109:0_110:0_111:0_112:0_113:0_114:0_115:0_116:0_117:0_118:0_119:0_120:0_121:0_122:0_123:0_124:0_125:0_126:0_127:0_128:0_129:0_130:0_131:0_132:0_133:0_134:0_135:0_136:0_137:0_138:0_139:0_140:0_141:0_142:0_143:0_144:0_145:0_146:0_147:0_148:0_149:0_150:0_151:0_152:0_153:0_154:0_155:0_156:0_157:0_158:0_159:0_160:0,46700001:5,0,0,0,0
110024,,0,1:0_2:0_3:0_4:0_5:0_6:0_7:0_8:0_9:0_10:0_11:0_12:0_13:0_14:0_15:0_16:0_17:0_18:0_19:0_20:0_21:0_22:0_23:0_24:0_25:0_26:0_27:0_28:0_29:0_30:0_31:0_32:0_33:0_34:0_35:0_36:0_37:0_38:0_39:0_40:0_41:0_42:0_43:0_44:0_45:0_46:0_47:0_48:0_49:0_50:0_51:0_52:0_53:0_54:0_55:0_56:0_57:0_58:0_59:0_60:0_61:0_62:0_63:0_64:0_65:0_66:0_67:0_68:0_69:0_70:0_71:0_72:0_73:0_74:0_75:0_76:0_77:0_78:0_79:0_80:0_81:0_82:0_83:0_84:0_85:0_86:0_87:0_88:0_89:0_90:0_91:0_92:0_93:0_94:0_95:0_96:0_97:0_98:0_99:0_100:0_101:0_102:0_103:0_104:0_105:0_106:0_107:0_108:0_109:0_110:0_111:0_112:0_113:0_114:0_115:0_116:0_117:0_118:0_119:0_120:0_121:0_122:0_123:0_124:0_125:0_126:0_127:0_128:0_129:0_130:0_131:0_132:0_133:0_134:0_135:0_136:0_137:0_138:0_139:0_140:0_141:0_142:0_143:0_144:0_145:0_146:0_147:0_148:0_149:0_150:0_151:0_152:0_153:0_154:0_155:0_156:0_157:0_158:0_159:0_160:0,0:1,0,0,1:0_2:0_3:0_4:0_5:0_6:0_7:0_8:0_9:0_10:0_11:0_12:0_13:0_14:0_15:0_16:0_17:0_18:0_19:0_20:0_21:0_22:0_23:0_24:0_25:0_26:0_27:0_28:0_29:0_30:0_31:0_32:0_33:0_34:0_35:0_36:0_37:0_38:0_39:0_40:0_41:0_42:0_43:0_44:0_45:0_46:0_47:0_48:0_49:0_50:0_51:0_52:0_53:0_54:0_55:0_56:0_57:0_58:0_59:0_60:0_61:0_62:0_63:0_64:0_65:0_66:0_67:0_68:0_69:0_70:0_71:0_72:0_73:0_74:0_75:0_76:0_77:0_78:0_79:0_80:0_81:0_82:0_83:0_84:0_85:0_86:0_87:0_88:0_89:0_90:0_91:0_92:0_93:0_94:0_95:0_96:0_97:0_98:0_99:0_100:0_101:0_102:0_103:0_104:0_105:0_106:0_107:0_108:0_109:0_110:0_111:0_112:0_113:0_114:0_115:0_116:0_117:0_118:0_119:0_120:0_121:0_122:0_123:0_124:0_125:0_126:0_127:0_128:0_129:0_130:0_131:0_132:0_133:0_134:0_135:0_136:0_137:0_138:0_139:0_140:0_141:0_142:0_143:0_144:0_145:0_146:0_147:0_148:0_149:0_150:0_151:0_152:0_153:0_154:0_155:0_156:0_157:0_158:0_159:0_160:0,0:1,0,0,0,0
120020,,"42761010,42663010",1:0_2:0_3:0_4:0_5:0_6:0_7:0_8:0_9:0_10:0_11:0_12:0_13:0_14:0_15:0_16:0_17:0_18:0_19:0_20:0_21:0_22:0_23:0_24:0_25:0_26:0_27:0_28:0_29:0_30:0_31:0_32:0_33:0_34:0_35:0_36:0_37:0_38:0_39:0_40:0_41:0_42:0_43:0_44:0_45:0_46:0_47:0_48:0_49:0_50:0_51:0_52:0_53:0_54:0_55:0_56:0_57:0_58:0_59:0_60:0_61:0_62:0_63:0_64:0_65:0_66:0_67:0_68:0_69:0_70:0_71:0_72:0_73:0_74:0_75:0_76:0_77:0_78:0_79:0_80:0_81:0_82:0_83:0_84:0_85:0_86:0_87:0_88:0_89:0_90:0_91:0_92:0_93:0_94:0_95:0_96:0_97:0_98:0_99:0_100:0_101:0_102:0_103:0_104:0_105:0_106:0_107:0_108:0_109:0_110:0_111:0_112:0_113:0_114:0_115:0_116:0_117:0_118:0_119:0_120:0_121:0_122:0_123:0_124:0_125:0_126:0_127:0_128:0_129:0_130:0_131:0_132:0_133:0_134:0_135:0_136:0_137:0_138:0_139:0_140:0_141:0_142:0_143:0_144:0_145:0_146:0_147:0_148:0_149:0_150:0_151:0_152:0_153:0_154:0_155:0_156:0_157:0_158:0_159:0_160:0,0:1,0,0,1:0_2:0_3:0_4:0_5:0_6:0_7:0_8:0_9:0_10:0_11:0_12:0_13:0_14:0_15:0_16:0_17:0_18:0_19:0_20:0_21:0_22:0_23:0_24:0_25:0_26:0_27:0_28:0_29:0_30:0_31:0_32:0_33:0_34:0_35:0_36:0_37:0_38:0_39:0_40:0_41:0_42:0_43:0_44:0_45:0_46:0_47:0_48:0_49:0_50:0_51:0_52:0_53:0_54:0_55:0_56:0_57:0_58:0_59:0_60:0_61:0_62:0_63:0_64:0_65:0_66:0_67:0_68:0_69:0_70:0_71:0_72:0_73:0_74:0_75:0_76:0_77:0_78:0_79:0_80:0_81:0_82:0_83:0_84:0_85:0_86:0_87:0_88:0_89:0_90:0_91:0_92:0_93:0_94:0_95:0_96:0_97:0_98:0_99:0_100:0_101:0_102:0_103:0_104:0_105:0_106:0_107:0_108:0_109:0_110:0_111:0_112:0_113:0_114:0_115:0_116:0_117:0_118:0_119:0_120:0_121:0_122:0_123:0_124:0_125:0_126:0_127:0_128:0_129:0_130:0_131:0_132:0_133:0_134:0_135:0_136:0_137:0_138:0_139:0_140:0_141:0_142:0_143:0_144:0_145:0_146:0_147:0_148:0_149:0_150:0_151:0_152:0_153:0_154:0_155:0_156:0_157:0_158:0_159:0_160:0,0:1,0,0,0,0
120010,,"42761010,42663010",1:0_2:0_3:0_4:0_5:0_6:0_7:0_8:0_9:0_10:0_11:0_12:0_13:0_14:0_15:0_16:0_17:0_18:0_19:0_20:0_21:0_22:0_23:0_24:0_25:0_26:0_27:0_28:0_29:0_30:0_31:0_32:0_33:0_34:0_35:0_36:0_37:0_38:0_39:0_40:0_41:0_42:0_43:0_44:0_45:0_46:0_47:0_48:0_49:0_50:0_51:0_52:0_53:0_54:0_55:0_56:0_57:0_58:0_59:0_60:0_61:0_62:0_63:0_64:0_65:0_66:0_67:0_68:0_69:0_70:0_71:0_72:0_73:0_74:0_75:0_76:0_77:0_78:0_79:0_80:0_81:0_82:0_83:0_84:0_85:0_86:0_87:0_88:0_89:0_90:0_91:0_92:0_93:0_94:0_95:0_96:0_97:0_98:0_99:0_100:0_101:0_102:0_103:0_104:0_105:0_106:0_107:0_108:0_109:0_110:0_111:0_112:0_113:0_114:0_115:0_116:0_117:0_118:0_119:0_120:0_121:0_122:0_123:0_124:0_125:0_126:0_127:0_128:0_129:0_130:0_131:0_132:0_133:0_134:0_135:0_136:0_137:0_138:0_139:0_140:0_141:0_142:0_143:0_144:0_145:0_146:0_147:0_148:0_149:0_150:0_151:0_152:0_153:0_154:0_155:0_156:0_157:0_158:0_159:0_160:0,0:1,0,0,1:0_2:0_3:0_4:0_5:0_6:0_7:0_8:0_9:0_10:0_11:0_12:0_13:0_14:0_15:0_16:0_17:0_18:0_19:0_20:0_21:0_22:0_23:0_24:0_25:0_26:0_27:0_28:0_29:0_30:0_31:0_32:0_33:0_34:0_35:0_36:0_37:0_38:0_39:0_40:0_41:0_42:0_43:0_44:0_45:0_46:0_47:0_48:0_49:0_50:0_51:0_52:0_53:0_54:0_55:0_56:0_57:0_58:0_59:0_60:0_61:0_62:0_63:0_64:0_65:0_66:0_67:0_68:0_69:0_70:0_71:0_72:0_73:0_74:0_75:0_76:0_77:0_78:0_79:0_80:0_81:0_82:0_83:0_84:0_85:0_86:0_87:0_88:0_89:0_90:0_91:0_92:0_93:0_94:0_95:0_96:0_97:0_98:0_99:0_100:0_101:0_102:0_103:0_104:0_105:0_106:0_107:0_108:0_109:0_110:0_111:0_112:0_113:0_114:0_115:0_116:0_117:0_118:0_119:0_120:0_121:0_122:0_123:0_124:0_125:0_126:0_127:0_128:0_129:0_130:0_131:0_132:0_133:0_134:0_135:0_136:0_137:0_138:0_139:0_140:0_141:0_142:0_143:0_144:0_145:0_146:0_147:0_148:0_149:0_150:0_151:0_152:0_153:0_154:0_155:0_156:0_157:0_158:0_159:0_160:0,0:1,0,0,0,0
130020,,"42761010,42663010",1:0_2:0_3:0_4:0_5:0_6:0_7:0_8:0_9:0_10:0_11:0_12:0_13:0_14:0_15:0_16:0_17:0_18:0_19:0_20:0_21:0_22:0_23:0_24:0_25:0_26:0_27:0_28:0_29:0_30:0_31:0_32:0_33:0_34:0_35:0_36:0_37:0_38:0_39:0_40:0_41:0_42:0_43:0_44:0_45:0_46:0_47:0_48:0_49:0_50:0_51:0_52:0_53:0_54:0_55:0_56:0_57:0_58:0_59:0_60:0_61:0_62:0_63:0_64:0_65:0_66:0_67:0_68:0_69:0_70:0_71:0_72:0_73:0_74:0_75:0_76:0_77:0_78:0_79:0_80:0_81:0_82:0_83:0_84:0_85:0_86:0_87:0_88:0_89:0_90:0_91:0_92:0_93:0_94:0_95:0_96:0_97:0_98:0_99:0_100:0_101:0_102:0_103:0_104:0_105:0_106:0_107:0_108:0_109:0_110:0_111:0_112:0_113:0_114:0_115:0_116:0_117:0_118:0_119:0_120:0_121:0_122:0_123:0_124:0_125:0_126:0_127:0_128:0_129:0_130:0_131:0_132:0_133:0_134:0_135:0_136:0_137:0_138:0_139:0_140:0_141:0_142:0_143:0_144:0_145:0_146:0_147:0_148:0_149:0_150:0_151:0_152:0_153:0_154:0_155:0_156:0_157:0_158:0_159:0_160:0,0:1,0,0,1:0_2:0_3:0_4:0_5:0_6:0_7:0_8:0_9:0_10:0_11:0_12:0_13:0_14:0_15:0_16:0_17:0_18:0_19:0_20:0_21:0_22:0_23:0_24:0_25:0_26:0_27:0_28:0_29:0_30:0_31:0_32:0_33:0_34:0_35:0_36:0_37:0_38:0_39:0_40:0_41:0_42:0_43:0_44:0_45:0_46:0_47:0_48:0_49:0_50:0_51:0_52:0_53:0_54:0_55:0_56:0_57:0_58:0_59:0_60:0_61:0_62:0_63:0_64:0_65:0_66:0_67:0_68:0_69:0_70:0_71:0_72:0_73:0_74:0_75:0_76:0_77:0_78:0_79:0_80:0_81:0_82:0_83:0_84:0_85:0_86:0_87:0_88:0_89:0_90:0_91:0_92:0_93:0_94:0_95:0_96:0_97:0_98:0_99:0_100:0_101:0_102:0_103:0_104:0_105:0_106:0_107:0_108:0_109:0_110:0_111:0_112:0_113:0_114:0_115:0_116:0_117:0_118:0_119:0_120:0_121:0_122:0_123:0_124:0_125:0_126:0_127:0_128:0_129:0_130:0_131:0_132:0_133:0_134:0_135:0_136:0_137:0_138:0_139:0_140:0_141:0_142:0_143:0_144:0_145:0_146:0_147:0_148:0_149:0_150:0_151:0_152:0_153:0_154:0_155:0_156:0_157:0_158:0_159:0_160:0,0:1,0,0,0,0
130010,,"42761010,42663010",1:0_2:0_3:0_4:0_5:0_6:0_7:0_8:0_9:0_10:0_11:0_12:0_13:0_14:0_15:0_16:0_17:0_18:0_19:0_20:0_21:0_22:0_23:0_24:0_25:0_26:0_27:0_28:0_29:0_30:0_31:0_32:0_33:0_34:0_35:0_36:0_37:0_38:0_39:0_40:0_41:0_42:0_43:0_44:0_45:0_46:0_47:0_48:0_49:0_50:0_51:0_52:0_53:0_54:0_55:0_56:0_57:0_58:0_59:0_60:0_61:0_62:0_63:0_64:0_65:0_66:0_67:0_68:0_69:0_70:0_71:0_72:0_73:0_74:0_75:0_76:0_77:0_78:0_79:0_80:0_81:0_82:0_83:0_84:0_85:0_86:0_87:0_88:0_89:0_90:0_91:0_92:0_93:0_94:0_95:0_96:0_97:0_98:0_99:0_100:0_101:0_102:0_103:0_104:0_105:0_106:0_107:0_108:0_109:0_110:0_111:0_112:0_113:0_114:0_115:0_116:0_117:0_118:0_119:0_120:0_121:0_122:0_123:0_124:0_125:0_126:0_127:0_128:0_129:0_130:0_131:0_132:0_133:0_134:0_135:0_136:0_137:0_138:0_139:0_140:0_141:0_142:0_143:0_144:0_145:0_146:0_147:0_148:0_149:0_150:0_151:0_152:0_153:0_154:0_155:0_156:0_157:0_158:0_159:0_160:0,0:1,0,0,1:0_2:0_3:0_4:0_5:0_6:0_7:0_8:0_9:0_10:0_11:0_12:0_13:0_14:0_15:0_16:0_17:0_18:0_19:0_20:0_21:0_22:0_23:0_24:0_25:0_26:0_27:0_28:0_29:0_30:0_31:0_32:0_33:0_34:0_35:0_36:0_37:0_38:0_39:0_40:0_41:0_42:0_43:0_44:0_45:0_46:0_47:0_48:0_49:0_50:0_51:0_52:0_53:0_54:0_55:0_56:0_57:0_58:0_59:0_60:0_61:0_62:0_63:0_64:0_65:0_66:0_67:0_68:0_69:0_70:0_71:0_72:0_73:0_74:0_75:0_76:0_77:0_78:0_79:0_80:0_81:0_82:0_83:0_84:0_85:0_86:0_87:0_88:0_89:0_90:0_91:0_92:0_93:0_94:0_95:0_96:0_97:0_98:0_99:0_100:0_101:0_102:0_103:0_104:0_105:0_106:0_107:0_108:0_109:0_110:0_111:0_112:0_113:0_114:0_115:0_116:0_117:0_118:0_119:0_120:0_121:0_122:0_123:0_124:0_125:0_126:0_127:0_128:0_129:0_130:0_131:0_132:0_133:0_134:0_135:0_136:0_137:0_138:0_139:0_140:0_141:0_142:0_143:0_144:0_145:0_146:0_147:0_148:0_149:0_150:0_151:0_152:0_153:0_154:0_155:0_156:0_157:0_158:0_159:0_160:0,0:1,0,0,0,0
130001,,0,1:0_2:0_3:0_4:0_5:0_6:0_7:0_8:0_9:0_10:0_11:0_12:0_13:0_14:0_15:0_16:0_17:0_18:0_19:0_20:0_21:0_22:0_23:0_24:0_25:0_26:0_27:0_28:0_29:0_30:0_31:0_32:0_33:0_34:0_35:0_36:0_37:0_38:0_39:0_40:0_41:0_42:0_43:0_44:0_45:0_46:0_47:0_48:0_49:0_50:0_51:0_52:0_53:0_54:0_55:0_56:0_57:0_58:0_59:0_60:0_61:0_62:0_63:0_64:0_65:0_66:0_67:0_68:0_69:0_70:0_71:0_72:0_73:0_74:0_75:0_76:0_77:0_78:0_79:0_80:0_81:0_82:0_83:0_84:0_85:0_86:0_87:0_88:0_89:0_90:0_91:0_92:0_93:0_94:0_95:0_96:0_97:0_98:0_99:0_100:0_101:0_102:0_103:0_104:0_105:0_106:0_107:0_108:0_109:0_110:0_111:0_112:0_113:0_114:0_115:0_116:0_117:0_118:0_119:0_120:0_121:0_122:0_123:0_124:0_125:0_126:0_127:0_128:0_129:0_130:0_131:0_132:0_133:0_134:0_135:0_136:0_137:0_138:0_139:0_140:0_141:0_142:0_143:0_144:0_145:0_146:0_147:0_148:0_149:0_150:0_151:0_152:0_153:0_154:0_155:0_156:0_157:0_158:0_159:0_160:0,46200001:2,30,42617001,1:0_2:0_3:0_4:0_5:0_6:0_7:0_8:0_9:0_10:0_11:0_12:0_13:0_14:0_15:0_16:0_17:0_18:0_19:0_20:0_21:0_22:0_23:0_24:0_25:0_26:0_27:0_28:0_29:0_30:0_31:0_32:0_33:0_34:0_35:0_36:0_37:0_38:0_39:0_40:0_41:0_42:0_43:0_44:0_45:0_46:0_47:0_48:0_49:0_50:0_51:0_52:0_53:0_54:0_55:0_56:0_57:0_58:0_59:0_60:0_61:0_62:0_63:0_64:0_65:0_66:0_67:0_68:0_69:0_70:0_71:0_72:0_73:0_74:0_75:0_76:0_77:0_78:0_79:0_80:0_81:0_82:0_83:0_84:0_85:0_86:0_87:0_88:0_89:0_90:0_91:0_92:0_93:0_94:0_95:0_96:0_97:0_98:0_99:0_100:0_101:0_102:0_103:0_104:0_105:0_106:0_107:0_108:0_109:0_110:0_111:0_112:0_113:0_114:0_115:0_116:0_117:0_118:0_119:0_120:0_121:0_122:0_123:0_124:0_125:0_126:0_127:0_128:0_129:0_130:0_131:0_132:0_133:0_134:0_135:0_136:0_137:0_138:0_139:0_140:0_141:0_142:0_143:0_144:0_145:0_146:0_147:0_148:0_149:0_150:0_151:0_152:0_153:0_154:0_155:0_156:0_157:0_158:0_159:0_160:0,0:1,4,2,1,1
130002,,0,1:0_2:0_3:0_4:0_5:0_6:0_7:0_8:0_9:0_10:0_11:0_12:0_13:0_14:0_15:0_16:0_17:0_18:0_19:0_20:0_21:0_22:0_23:0_24:0_25:0_26:0_27:0_28:0_29:0_30:0_31:0_32:0_33:0_34:0_35:0_36:0_37:0_38:0_39:0_40:0_41:0_42:0_43:0_44:0_45:0_46:0_47:0_48:0_49:0_50:0_51:0_52:0_53:0_54:0_55:0_56:0_57:0_58:0_59:0_60:0_61:0_62:0_63:0_64:0_65:0_66:0_67:0_68:0_69:0_70:0_71:0_72:0_73:0_74:0_75:0_76:0_77:0_78:0_79:0_80:0_81:0_82:0_83:0_84:0_85:0_86:0_87:0_88:0_89:0_90:0_91:0_92:0_93:0_94:0_95:0_96:0_97:0_98:0_99:0_100:0_101:0_102:0_103:0_104:0_105:0_106:0_107:0_108:0_109:0_110:0_111:0_112:0_113:0_114:0_115:0_116:0_117:0_118:0_119:0_120:0_121:0_122:0_123:0_124:0_125:0_126:0_127:0_128:0_129:0_130:0_131:0_132:0_133:0_134:0_135:0_136:0_137:0_138:0_139:0_140:0_141:0_142:0_143:0_144:0_145:0_146:0_147:0_148:0_149:0_150:0_151:0_152:0_153:0_154:0_155:0_156:0_157:0_158:0_159:0_160:0,48300003:1,40,0,1:0_2:0_3:0_4:0_5:0_6:0_7:0_8:0_9:0_10:0_11:0_12:0_13:0_14:0_15:0_16:0_17:0_18:0_19:0_20:0_21:0_22:0_23:0_24:0_25:0_26:0_27:0_28:0_29:0_30:0_31:0_32:0_33:0_34:0_35:0_36:0_37:0_38:0_39:0_40:0_41:0_42:0_43:0_44:0_45:0_46:0_47:0_48:0_49:0_50:0_51:0_52:0_53:0_54:0_55:0_56:0_57:0_58:0_59:0_60:0_61:0_62:0_63:0_64:0_65:0_66:0_67:0_68:0_69:0_70:0_71:0_72:0_73:0_74:0_75:0_76:0_77:0_78:0_79:0_80:0_81:0_82:0_83:0_84:0_85:0_86:0_87:0_88:0_89:0_90:0_91:0_92:0_93:0_94:0_95:0_96:0_97:0_98:0_99:0_100:0_101:0_102:0_103:0_104:0_105:0_106:0_107:0_108:0_109:0_110:0_111:0_112:0_113:0_114:0_115:0_116:0_117:0_118:0_119:0_120:0_121:0_122:0_123:0_124:0_125:0_126:0_127:0_128:0_129:0_130:0_131:0_132:0_133:0_134:0_135:0_136:0_137:0_138:0_139:0_140:0_141:0_142:0_143:0_144:0_145:0_146:0_147:0_148:0_149:0_150:0_151:0_152:0_153:0_154:0_155:0_156:0_157:0_158:0_159:0_160:0,48300003:1,4,2,1,2
130003,,0,1:0_2:0_3:0_4:0_5:0_6:0_7:0_8:0_9:0_10:0_11:0_12:0_13:0_14:0_15:0_16:0_17:0_18:0_19:0_20:0_21:0_22:0_23:0_24:0_25:0_26:0_27:0_28:0_29:0_30:0_31:0_32:0_33:0_34:0_35:0_36:0_37:0_38:0_39:0_40:0_41:0_42:0_43:0_44:0_45:0_46:0_47:0_48:0_49:0_50:0_51:0_52:0_53:0_54:0_55:0_56:0_57:0_58:0_59:0_60:0_61:0_62:0_63:0_64:0_65:0_66:0_67:0_68:0_69:0_70:0_71:0_72:0_73:0_74:0_75:0_76:0_77:0_78:0_79:0_80:0_81:0_82:0_83:0_84:0_85:0_86:0_87:0_88:0_89:0_90:0_91:0_92:0_93:0_94:0_95:0_96:0_97:0_98:0_99:0_100:0_101:0_102:0_103:0_104:0_105:0_106:0_107:0_108:0_109:0_110:0_111:0_112:0_113:0_114:0_115:0_116:0_117:0_118:0_119:0_120:0_121:0_122:0_123:0_124:0_125:0_126:0_127:0_128:0_129:0_130:0_131:0_132:0_133:0_134:0_135:0_136:0_137:0_138:0_139:0_140:0_141:0_142:0_143:0_144:0_145:0_146:0_147:0_148:0_149:0_150:0_151:0_152:0_153:0_154:0_155:0_156:0_157:0_158:0_159:0_160:0,46200001:2,50,42613001,1:0_2:0_3:0_4:0_5:0_6:0_7:0_8:0_9:0_10:0_11:0_12:0_13:0_14:0_15:0_16:0_17:0_18:0_19:0_20:0_21:0_22:0_23:0_24:0_25:0_26:0_27:0_28:0_29:0_30:0_31:0_32:0_33:0_34:0_35:0_36:0_37:0_38:0_39:0_40:0_41:0_42:0_43:0_44:0_45:0_46:0_47:0_48:0_49:0_50:0_51:0_52:0_53:0_54:0_55:0_56:0_57:0_58:0_59:0_60:0_61:0_62:0_63:0_64:0_65:0_66:0_67:0_68:0_69:0_70:0_71:0_72:0_73:0_74:0_75:0_76:0_77:0_78:0_79:0_80:0_81:0_82:0_83:0_84:0_85:0_86:0_87:0_88:0_89:0_90:0_91:0_92:0_93:0_94:0_95:0_96:0_97:0_98:0_99:0_100:0_101:0_102:0_103:0_104:0_105:0_106:0_107:0_108:0_109:0_110:0_111:0_112:0_113:0_114:0_115:0_116:0_117:0_118:0_119:0_120:0_121:0_122:0_123:0_124:0_125:0_126:0_127:0_128:0_129:0_130:0_131:0_132:0_133:0_134:0_135:0_136:0_137:0_138:0_139:0_140:0_141:0_142:0_143:0_144:0_145:0_146:0_147:0_148:0_149:0_150:0_151:0_152:0_153:0_154:0_155:0_156:0_157:0_158:0_159:0_160:0,0:1,4,2,2,3
130004,,0,1:0_2:0_3:0_4:0_5:0_6:0_7:0_8:0_9:0_10:0_11:0_12:0_13:0_14:0_15:0_16:0_17:0_18:0_19:0_20:0_21:0_22:0_23:0_24:0_25:0_26:0_27:0_28:0_29:0_30:0_31:0_32:0_33:0_34:0_35:0_36:0_37:0_38:0_39:0_40:0_41:0_42:0_43:0_44:0_45:0_46:0_47:0_48:0_49:0_50:0_51:0_52:0_53:0_54:0_55:0_56:0_57:0_58:0_59:0_60:0_61:0_62:0_63:0_64:0_65:0_66:0_67:0_68:0_69:0_70:0_71:0_72:0_73:0_74:0_75:0_76:0_77:0_78:0_79:0_80:0_81:0_82:0_83:0_84:0_85:0_86:0_87:0_88:0_89:0_90:0_91:0_92:0_93:0_94:0_95:0_96:0_97:0_98:0_99:0_100:0_101:0_102:0_103:0_104:0_105:0_106:0_107:0_108:0_109:0_110:0_111:0_112:0_113:0_114:0_115:0_116:0_117:0_118:0_119:0_120:0_121:0_122:0_123:0_124:0_125:0_126:0_127:0_128:0_129:0_130:0_131:0_132:0_133:0_134:0_135:0_136:0_137:0_138:0_139:0_140:0_141:0_142:0_143:0_144:0_145:0_146:0_147:0_148:0_149:0_150:0_151:0_152:0_153:0_154:0_155:0_156:0_157:0_158:0_159:0_160:0,48300005:1,70,0,1:0_2:0_3:0_4:0_5:0_6:0_7:0_8:0_9:0_10:0_11:0_12:0_13:0_14:0_15:0_16:0_17:0_18:0_19:0_20:0_21:0_22:0_23:0_24:0_25:0_26:0_27:0_28:0_29:0_30:0_31:0_32:0_33:0_34:0_35:0_36:0_37:0_38:0_39:0_40:0_41:0_42:0_43:0_44:0_45:0_46:0_47:0_48:0_49:0_50:0_51:0_52:0_53:0_54:0_55:0_56:0_57:0_58:0_59:0_60:0_61:0_62:0_63:0_64:0_65:0_66:0_67:0_68:0_69:0_70:0_71:0_72:0_73:0_74:0_75:0_76:0_77:0_78:0_79:0_80:0_81:0_82:0_83:0_84:0_85:0_86:0_87:0_88:0_89:0_90:0_91:0_92:0_93:0_94:0_95:0_96:0_97:0_98:0_99:0_100:0_101:0_102:0_103:0_104:0_105:0_106:0_107:0_108:0_109:0_110:0_111:0_112:0_113:0_114:0_115:0_116:0_117:0_118:0_119:0_120:0_121:0_122:0_123:0_124:0_125:0_126:0_127:0_128:0_129:0_130:0_131:0_132:0_133:0_134:0_135:0_136:0_137:0_138:0_139:0_140:0_141:0_142:0_143:0_144:0_145:0_146:0_147:0_148:0_149:0_150:0_151:0_152:0_153:0_154:0_155:0_156:0_157:0_158:0_159:0_160:0,48300005:1,4,2,2,4
130005,,0,1:0_2:0_3:0_4:0_5:0_6:0_7:0_8:0_9:0_10:0_11:0_12:0_13:0_14:0_15:0_16:0_17:0_18:0_19:0_20:0_21:0_22:0_23:0_24:0_25:0_26:0_27:0_28:0_29:0_30:0_31:0_32:0_33:0_34:0_35:0_36:0_37:0_38:0_39:0_40:0_41:0_42:0_43:0_44:0_45:0_46:0_47:0_48:0_49:0_50:0_51:0_52:0_53:0_54:0_55:0_56:0_57:0_58:0_59:0_60:0_61:0_62:0_63:0_64:0_65:0_66:0_67:0_68:0_69:0_70:0_71:0_72:0_73:0_74:0_75:0_76:0_77:0_78:0_79:0_80:0_81:0_82:0_83:0_84:0_85:0_86:0_87:0_88:0_89:0_90:0_91:0_92:0_93:0_94:0_95:0_96:0_97:0_98:0_99:0_100:0_101:0_102:0_103:0_104:0_105:0_106:0_107:0_108:0_109:0_110:0_111:0_112:0_113:0_114:0_115:0_116:0_117:0_118:0_119:0_120:0_121:0_122:0_123:0_124:0_125:0_126:0_127:0_128:0_129:0_130:0_131:0_132:0_133:0_134:0_135:0_136:0_137:0_138:0_139:0_140:0_141:0_142:0_143:0_144:0_145:0_146:0_147:0_148:0_149:0_150:0_151:0_152:0_153:0_154:0_155:0_156:0_157:0_158:0_159:0_160:0,46200001:2,120,0,1:0_2:0_3:0_4:0_5:0_6:0_7:0_8:0_9:0_10:0_11:0_12:0_13:0_14:0_15:0_16:0_17:0_18:0_19:0_20:0_21:0_22:0_23:0_24:0_25:0_26:0_27:0_28:0_29:0_30:0_31:0_32:0_33:0_34:0_35:0_36:0_37:0_38:0_39:0_40:0_41:0_42:0_43:0_44:0_45:0_46:0_47:0_48:0_49:0_50:0_51:0_52:0_53:0_54:0_55:0_56:0_57:0_58:0_59:0_60:0_61:0_62:0_63:0_64:0_65:0_66:0_67:0_68:0_69:0_70:0_71:0_72:0_73:0_74:0_75:0_76:0_77:0_78:0_79:0_80:0_81:0_82:0_83:0_84:0_85:0_86:0_87:0_88:0_89:0_90:0_91:0_92:0_93:0_94:0_95:0_96:0_97:0_98:0_99:0_100:0_101:0_102:0_103:0_104:0_105:0_106:0_107:0_108:0_109:0_110:0_111:0_112:0_113:0_114:0_115:0_116:0_117:0_118:0_119:0_120:0_121:0_122:0_123:0_124:0_125:0_126:0_127:0_128:0_129:0_130:0_131:0_132:0_133:0_134:0_135:0_136:0_137:0_138:0_139:0_140:0_141:0_142:0_143:0_144:0_145:0_146:0_147:0_148:0_149:0_150:0_151:0_152:0_153:0_154:0_155:0_156:0_157:0_158:0_159:0_160:0,46700001:2,4,2,3,5
130006,,0,1:0_2:0_3:0_4:0_5:0_6:0_7:0_8:0_9:0_10:0_11:0_12:0_13:0_14:0_15:0_16:0_17:0_18:0_19:0_20:0_21:0_22:0_23:0_24:0_25:0_26:0_27:0_28:0_29:0_30:0_31:0_32:0_33:0_34:0_35:0_36:0_37:0_38:0_39:0_40:0_41:0_42:0_43:0_44:0_45:0_46:0_47:0_48:0_49:0_50:0_51:0_52:0_53:0_54:0_55:0_56:0_57:0_58:0_59:0_60:0_61:0_62:0_63:0_64:0_65:0_66:0_67:0_68:0_69:0_70:0_71:0_72:0_73:0_74:0_75:0_76:0_77:0_78:0_79:0_80:0_81:0_82:0_83:0_84:0_85:0_86:0_87:0_88:0_89:0_90:0_91:0_92:0_93:0_94:0_95:0_96:0_97:0_98:0_99:0_100:0_101:0_102:0_103:0_104:0_105:0_106:0_107:0_108:0_109:0_110:0_111:0_112:0_113:0_114:0_115:0_116:0_117:0_118:0_119:0_120:0_121:0_122:0_123:0_124:0_125:0_126:0_127:0_128:0_129:0_130:0_131:0_132:0_133:0_134:0_135:0_136:0_137:0_138:0_139:0_140:0_141:0_142:0_143:0_144:0_145:0_146:0_147:0_148:0_149:0_150:0_151:0_152:0_153:0_154:0_155:0_156:0_157:0_158:0_159:0_160:0,46200001:2,150,42614001,1:0_2:0_3:0_4:0_5:0_6:0_7:0_8:0_9:0_10:0_11:0_12:0_13:0_14:0_15:0_16:0_17:0_18:0_19:0_20:0_21:0_22:0_23:0_24:0_25:0_26:0_27:0_28:0_29:0_30:0_31:0_32:0_33:0_34:0_35:0_36:0_37:0_38:0_39:0_40:0_41:0_42:0_43:0_44:0_45:0_46:0_47:0_48:0_49:0_50:0_51:0_52:0_53:0_54:0_55:0_56:0_57:0_58:0_59:0_60:0_61:0_62:0_63:0_64:0_65:0_66:0_67:0_68:0_69:0_70:0_71:0_72:0_73:0_74:0_75:0_76:0_77:0_78:0_79:0_80:0_81:0_82:0_83:0_84:0_85:0_86:0_87:0_88:0_89:0_90:0_91:0_92:0_93:0_94:0_95:0_96:0_97:0_98:0_99:0_100:0_101:0_102:0_103:0_104:0_105:0_106:0_107:0_108:0_109:0_110:0_111:0_112:0_113:0_114:0_115:0_116:0_117:0_118:0_119:0_120:0_121:0_122:0_123:0_124:0_125:0_126:0_127:0_128:0_129:0_130:0_131:0_132:0_133:0_134:0_135:0_136:0_137:0_138:0_139:0_140:0_141:0_142:0_143:0_144:0_145:0_146:0_147:0_148:0_149:0_150:0_151:0_152:0_153:0_154:0_155:0_156:0_157:0_158:0_159:0_160:0,0:1,5,3,1,1
130007,,0,1:0_2:0_3:0_4:0_5:0_6:0_7:0_8:0_9:0_10:0_11:0_12:0_13:0_14:0_15:0_16:0_17:0_18:0_19:0_20:0_21:0_22:0_23:0_24:0_25:0_26:0_27:0_28:0_29:0_30:0_31:0_32:0_33:0_34:0_35:0_36:0_37:0_38:0_39:0_40:0_41:0_42:0_43:0_44:0_45:0_46:0_47:0_48:0_49:0_50:0_51:0_52:0_53:0_54:0_55:0_56:0_57:0_58:0_59:0_60:0_61:0_62:0_63:0_64:0_65:0_66:0_67:0_68:0_69:0_70:0_71:0_72:0_73:0_74:0_75:0_76:0_77:0_78:0_79:0_80:0_81:0_82:0_83:0_84:0_85:0_86:0_87:0_88:0_89:0_90:0_91:0_92:0_93:0_94:0_95:0_96:0_97:0_98:0_99:0_100:0_101:0_102:0_103:0_104:0_105:0_106:0_107:0_108:0_109:0_110:0_111:0_112:0_113:0_114:0_115:0_116:0_117:0_118:0_119:0_120:0_121:0_122:0_123:0_124:0_125:0_126:0_127:0_128:0_129:0_130:0_131:0_132:0_133:0_134:0_135:0_136:0_137:0_138:0_139:0_140:0_141:0_142:0_143:0_144:0_145:0_146:0_147:0_148:0_149:0_150:0_151:0_152:0_153:0_154:0_155:0_156:0_157:0_158:0_159:0_160:0,46700001:1,210,42731001,1:0_2:0_3:0_4:0_5:0_6:0_7:0_8:0_9:0_10:0_11:0_12:0_13:0_14:0_15:0_16:0_17:0_18:0_19:0_20:0_21:0_22:0_23:0_24:0_25:0_26:0_27:0_28:0_29:0_30:0_31:0_32:0_33:0_34:0_35:0_36:0_37:0_38:0_39:0_40:0_41:0_42:0_43:0_44:0_45:0_46:0_47:0_48:0_49:0_50:0_51:0_52:0_53:0_54:0_55:0_56:0_57:0_58:0_59:0_60:0_61:0_62:0_63:0_64:0_65:0_66:0_67:0_68:0_69:0_70:0_71:0_72:0_73:0_74:0_75:0_76:0_77:0_78:0_79:0_80:0_81:0_82:0_83:0_84:0_85:0_86:0_87:0_88:0_89:0_90:0_91:0_92:0_93:0_94:0_95:0_96:0_97:0_98:0_99:0_100:0_101:0_102:0_103:0_104:0_105:0_106:0_107:0_108:0_109:0_110:0_111:0_112:0_113:0_114:0_115:0_116:0_117:0_118:0_119:0_120:0_121:0_122:0_123:0_124:0_125:0_126:0_127:0_128:0_129:0_130:0_131:0_132:0_133:0_134:0_135:0_136:0_137:0_138:0_139:0_140:0_141:0_142:0_143:0_144:0_145:0_146:0_147:0_148:0_149:0_150:0_151:0_152:0_153:0_154:0_155:0_156:0_157:0_158:0_159:0_160:0,0:1,5,3,1,2
130008,,0,1:0_2:0_3:0_4:0_5:0_6:0_7:0_8:0_9:0_10:0_11:0_12:0_13:0_14:0_15:0_16:0_17:0_18:0_19:0_20:0_21:0_22:0_23:0_24:0_25:0_26:0_27:0_28:0_29:0_30:0_31:0_32:0_33:0_34:0_35:0_36:0_37:0_38:0_39:0_40:0_41:0_42:0_43:0_44:0_45:0_46:0_47:0_48:0_49:0_50:0_51:0_52:0_53:0_54:0_55:0_56:0_57:0_58:0_59:0_60:0_61:0_62:0_63:0_64:0_65:0_66:0_67:0_68:0_69:0_70:0_71:0_72:0_73:0_74:0_75:0_76:0_77:0_78:0_79:0_80:0_81:0_82:0_83:0_84:0_85:0_86:0_87:0_88:0_89:0_90:0_91:0_92:0_93:0_94:0_95:0_96:0_97:0_98:0_99:0_100:0_101:0_102:0_103:0_104:0_105:0_106:0_107:0_108:0_109:0_110:0_111:0_112:0_113:0_114:0_115:0_116:0_117:0_118:0_119:0_120:0_121:0_122:0_123:0_124:0_125:0_126:0_127:0_128:0_129:0_130:0_131:0_132:0_133:0_134:0_135:0_136:0_137:0_138:0_139:0_140:0_141:0_142:0_143:0_144:0_145:0_146:0_147:0_148:0_149:0_150:0_151:0_152:0_153:0_154:0_155:0_156:0_157:0_158:0_159:0_160:0,48300004:1,250,0,1:0_2:0_3:0_4:0_5:0_6:0_7:0_8:0_9:0_10:0_11:0_12:0_13:0_14:0_15:0_16:0_17:0_18:0_19:0_20:0_21:0_22:0_23:0_24:0_25:0_26:0_27:0_28:0_29:0_30:0_31:0_32:0_33:0_34:0_35:0_36:0_37:0_38:0_39:0_40:0_41:0_42:0_43:0_44:0_45:0_46:0_47:0_48:0_49:0_50:0_51:0_52:0_53:0_54:0_55:0_56:0_57:0_58:0_59:0_60:0_61:0_62:0_63:0_64:0_65:0_66:0_67:0_68:0_69:0_70:0_71:0_72:0_73:0_74:0_75:0_76:0_77:0_78:0_79:0_80:0_81:0_82:0_83:0_84:0_85:0_86:0_87:0_88:0_89:0_90:0_91:0_92:0_93:0_94:0_95:0_96:0_97:0_98:0_99:0_100:0_101:0_102:0_103:0_104:0_105:0_106:0_107:0_108:0_109:0_110:0_111:0_112:0_113:0_114:0_115:0_116:0_117:0_118:0_119:0_120:0_121:0_122:0_123:0_124:0_125:0_126:0_127:0_128:0_129:0_130:0_131:0_132:0_133:0_134:0_135:0_136:0_137:0_138:0_139:0_140:0_141:0_142:0_143:0_144:0_145:0_146:0_147:0_148:0_149:0_150:0_151:0_152:0_153:0_154:0_155:0_156:0_157:0_158:0_159:0_160:0,48300004:1,5,3,2,3
130009,,0,1:0_2:0_3:0_4:0_5:0_6:0_7:0_8:0_9:0_10:0_11:0_12:0_13:0_14:0_15:0_16:0_17:0_18:0_19:0_20:0_21:0_22:0_23:0_24:0_25:0_26:0_27:0_28:0_29:0_30:0_31:0_32:0_33:0_34:0_35:0_36:0_37:0_38:0_39:0_40:0_41:0_42:0_43:0_44:0_45:0_46:0_47:0_48:0_49:0_50:0_51:0_52:0_53:0_54:0_55:0_56:0_57:0_58:0_59:0_60:0_61:0_62:0_63:0_64:0_65:0_66:0_67:0_68:0_69:0_70:0_71:0_72:0_73:0_74:0_75:0_76:0_77:0_78:0_79:0_80:0_81:0_82:0_83:0_84:0_85:0_86:0_87:0_88:0_89:0_90:0_91:0_92:0_93:0_94:0_95:0_96:0_97:0_98:0_99:0_100:0_101:0_102:0_103:0_104:0_105:0_106:0_107:0_108:0_109:0_110:0_111:0_112:0_113:0_114:0_115:0_116:0_117:0_118:0_119:0_120:0_121:0_122:0_123:0_124:0_125:0_126:0_127:0_128:0_129:0_130:0_131:0_132:0_133:0_134:0_135:0_136:0_137:0_138:0_139:0_140:0_141:0_142:0_143:0_144:0_145:0_146:0_147:0_148:0_149:0_150:0_151:0_152:0_153:0_154:0_155:0_156:0_157:0_158:0_159:0_160:0,48200001:1,400,0,1:0_2:0_3:0_4:0_5:0_6:0_7:0_8:0_9:0_10:0_11:0_12:0_13:0_14:0_15:0_16:0_17:0_18:0_19:0_20:0_21:0_22:0_23:0_24:0_25:0_26:0_27:0_28:0_29:0_30:0_31:0_32:0_33:0_34:0_35:0_36:0_37:0_38:0_39:0_40:0_41:0_42:0_43:0_44:0_45:0_46:0_47:0_48:0_49:0_50:0_51:0_52:0_53:0_54:0_55:0_56:0_57:0_58:0_59:0_60:0_61:0_62:0_63:0_64:0_65:0_66:0_67:0_68:0_69:0_70:0_71:0_72:0_73:0_74:0_75:0_76:0_77:0_78:0_79:0_80:0_81:0_82:0_83:0_84:0_85:0_86:0_87:0_88:0_89:0_90:0_91:0_92:0_93:0_94:0_95:0_96:0_97:0_98:0_99:0_100:0_101:0_102:0_103:0_104:0_105:0_106:0_107:0_108:0_109:0_110:0_111:0_112:0_113:0_114:0_115:0_116:0_117:0_118:0_119:0_120:0_121:0_122:0_123:0_124:0_125:0_126:0_127:0_128:0_129:0_130:0_131:0_132:0_133:0_134:0_135:0_136:0_137:0_138:0_139:0_140:0_141:0_142:0_143:0_144:0_145:0_146:0_147:0_148:0_149:0_150:0_151:0_152:0_153:0_154:0_155:0_156:0_157:0_158:0_159:0_160:0,48200001:1,5,3,2,4
130011,,0,1:0_2:0_3:0_4:0_5:0_6:0_7:0_8:0_9:0_10:0_11:0_12:0_13:0_14:0_15:0_16:0_17:0_18:0_19:0_20:0_21:0_22:0_23:0_24:0_25:0_26:0_27:0_28:0_29:0_30:0_31:0_32:0_33:0_34:0_35:0_36:0_37:0_38:0_39:0_40:0_41:0_42:0_43:0_44:0_45:0_46:0_47:0_48:0_49:0_50:0_51:0_52:0_53:0_54:0_55:0_56:0_57:0_58:0_59:0_60:0_61:0_62:0_63:0_64:0_65:0_66:0_67:0_68:0_69:0_70:0_71:0_72:0_73:0_74:0_75:0_76:0_77:0_78:0_79:0_80:0_81:0_82:0_83:0_84:0_85:0_86:0_87:0_88:0_89:0_90:0_91:0_92:0_93:0_94:0_95:0_96:0_97:0_98:0_99:0_100:0_101:0_102:0_103:0_104:0_105:0_106:0_107:0_108:0_109:0_110:0_111:0_112:0_113:0_114:0_115:0_116:0_117:0_118:0_119:0_120:0_121:0_122:0_123:0_124:0_125:0_126:0_127:0_128:0_129:0_130:0_131:0_132:0_133:0_134:0_135:0_136:0_137:0_138:0_139:0_140:0_141:0_142:0_143:0_144:0_145:0_146:0_147:0_148:0_149:0_150:0_151:0_152:0_153:0_154:0_155:0_156:0_157:0_158:0_159:0_160:0,46200001:2,500,0,1:0_2:0_3:0_4:0_5:0_6:0_7:0_8:0_9:0_10:0_11:0_12:0_13:0_14:0_15:0_16:0_17:0_18:0_19:0_20:0_21:0_22:0_23:0_24:0_25:0_26:0_27:0_28:0_29:0_30:0_31:0_32:0_33:0_34:0_35:0_36:0_37:0_38:0_39:0_40:0_41:0_42:0_43:0_44:0_45:0_46:0_47:0_48:0_49:0_50:0_51:0_52:0_53:0_54:0_55:0_56:0_57:0_58:0_59:0_60:0_61:0_62:0_63:0_64:0_65:0_66:0_67:0_68:0_69:0_70:0_71:0_72:0_73:0_74:0_75:0_76:0_77:0_78:0_79:0_80:0_81:0_82:0_83:0_84:0_85:0_86:0_87:0_88:0_89:0_90:0_91:0_92:0_93:0_94:0_95:0_96:0_97:0_98:0_99:0_100:0_101:0_102:0_103:0_104:0_105:0_106:0_107:0_108:0_109:0_110:0_111:0_112:0_113:0_114:0_115:0_116:0_117:0_118:0_119:0_120:0_121:0_122:0_123:0_124:0_125:0_126:0_127:0_128:0_129:0_130:0_131:0_132:0_133:0_134:0_135:0_136:0_137:0_138:0_139:0_140:0_141:0_142:0_143:0_144:0_145:0_146:0_147:0_148:0_149:0_150:0_151:0_152:0_153:0_154:0_155:0_156:0_157:0_158:0_159:0_160:0,46700001:2,5,3,3,5
140020,,"42761010,42663010",1:0_2:0_3:0_4:0_5:0_6:0_7:0_8:0_9:0_10:0_11:0_12:0_13:0_14:0_15:0_16:0_17:0_18:0_19:0_20:0_21:0_22:0_23:0_24:0_25:0_26:0_27:0_28:0_29:0_30:0_31:0_32:0_33:0_34:0_35:0_36:0_37:0_38:0_39:0_40:0_41:0_42:0_43:0_44:0_45:0_46:0_47:0_48:0_49:0_50:0_51:0_52:0_53:0_54:0_55:0_56:0_57:0_58:0_59:0_60:0_61:0_62:0_63:0_64:0_65:0_66:0_67:0_68:0_69:0_70:0_71:0_72:0_73:0_74:0_75:0_76:0_77:0_78:0_79:0_80:0_81:0_82:0_83:0_84:0_85:0_86:0_87:0_88:0_89:0_90:0_91:0_92:0_93:0_94:0_95:0_96:0_97:0_98:0_99:0_100:0_101:0_102:0_103:0_104:0_105:0_106:0_107:0_108:0_109:0_110:0_111:0_112:0_113:0_114:0_115:0_116:0_117:0_118:0_119:0_120:0_121:0_122:0_123:0_124:0_125:0_126:0_127:0_128:0_129:0_130:0_131:0_132:0_133:0_134:0_135:0_136:0_137:0_138:0_139:0_140:0_141:0_142:0_143:0_144:0_145:0_146:0_147:0_148:0_149:0_150:0_151:0_152:0_153:0_154:0_155:0_156:0_157:0_158:0_159:0_160:0,0:1,0,0,1:0_2:0_3:0_4:0_5:0_6:0_7:0_8:0_9:0_10:0_11:0_12:0_13:0_14:0_15:0_16:0_17:0_18:0_19:0_20:0_21:0_22:0_23:0_24:0_25:0_26:0_27:0_28:0_29:0_30:0_31:0_32:0_33:0_34:0_35:0_36:0_37:0_38:0_39:0_40:0_41:0_42:0_43:0_44:0_45:0_46:0_47:0_48:0_49:0_50:0_51:0_52:0_53:0_54:0_55:0_56:0_57:0_58:0_59:0_60:0_61:0_62:0_63:0_64:0_65:0_66:0_67:0_68:0_69:0_70:0_71:0_72:0_73:0_74:0_75:0_76:0_77:0_78:0_79:0_80:0_81:0_82:0_83:0_84:0_85:0_86:0_87:0_88:0_89:0_90:0_91:0_92:0_93:0_94:0_95:0_96:0_97:0_98:0_99:0_100:0_101:0_102:0_103:0_104:0_105:0_106:0_107:0_108:0_109:0_110:0_111:0_112:0_113:0_114:0_115:0_116:0_117:0_118:0_119:0_120:0_121:0_122:0_123:0_124:0_125:0_126:0_127:0_128:0_129:0_130:0_131:0_132:0_133:0_134:0_135:0_136:0_137:0_138:0_139:0_140:0_141:0_142:0_143:0_144:0_145:0_146:0_147:0_148:0_149:0_150:0_151:0_152:0_153:0_154:0_155:0_156:0_157:0_158:0_159:0_160:0,0:1,0,0,0,0
140010,,"42761010,42663010",1:0_2:0_3:0_4:0_5:0_6:0_7:0_8:0_9:0_10:0_11:0_12:0_13:0_14:0_15:0_16:0_17:0_18:0_19:0_20:0_21:0_22:0_23:0_24:0_25:0_26:0_27:0_28:0_29:0_30:0_31:0_32:0_33:0_34:0_35:0_36:0_37:0_38:0_39:0_40:0_41:0_42:0_43:0_44:0_45:0_46:0_47:0_48:0_49:0_50:0_51:0_52:0_53:0_54:0_55:0_56:0_57:0_58:0_59:0_60:0_61:0_62:0_63:0_64:0_65:0_66:0_67:0_68:0_69:0_70:0_71:0_72:0_73:0_74:0_75:0_76:0_77:0_78:0_79:0_80:0_81:0_82:0_83:0_84:0_85:0_86:0_87:0_88:0_89:0_90:0_91:0_92:0_93:0_94:0_95:0_96:0_97:0_98:0_99:0_100:0_101:0_102:0_103:0_104:0_105:0_106:0_107:0_108:0_109:0_110:0_111:0_112:0_113:0_114:0_115:0_116:0_117:0_118:0_119:0_120:0_121:0_122:0_123:0_124:0_125:0_126:0_127:0_128:0_129:0_130:0_131:0_132:0_133:0_134:0_135:0_136:0_137:0_138:0_139:0_140:0_141:0_142:0_143:0_144:0_145:0_146:0_147:0_148:0_149:0_150:0_151:0_152:0_153:0_154:0_155:0_156:0_157:0_158:0_159:0_160:0,0:1,0,0,1:0_2:0_3:0_4:0_5:0_6:0_7:0_8:0_9:0_10:0_11:0_12:0_13:0_14:0_15:0_16:0_17:0_18:0_19:0_20:0_21:0_22:0_23:0_24:0_25:0_26:0_27:0_28:0_29:0_30:0_31:0_32:0_33:0_34:0_35:0_36:0_37:0_38:0_39:0_40:0_41:0_42:0_43:0_44:0_45:0_46:0_47:0_48:0_49:0_50:0_51:0_52:0_53:0_54:0_55:0_56:0_57:0_58:0_59:0_60:0_61:0_62:0_63:0_64:0_65:0_66:0_67:0_68:0_69:0_70:0_71:0_72:0_73:0_74:0_75:0_76:0_77:0_78:0_79:0_80:0_81:0_82:0_83:0_84:0_85:0_86:0_87:0_88:0_89:0_90:0_91:0_92:0_93:0_94:0_95:0_96:0_97:0_98:0_99:0_100:0_101:0_102:0_103:0_104:0_105:0_106:0_107:0_108:0_109:0_110:0_111:0_112:0_113:0_114:0_115:0_116:0_117:0_118:0_119:0_120:0_121:0_122:0_123:0_124:0_125:0_126:0_127:0_128:0_129:0_130:0_131:0_132:0_133:0_134:0_135:0_136:0_137:0_138:0_139:0_140:0_141:0_142:0_143:0_144:0_145:0_146:0_147:0_148:0_149:0_150:0_151:0_152:0_153:0_154:0_155:0_156:0_157:0_158:0_159:0_160:0,0:1,0,0,0,0
150020,,"42761010,42663010",1:0_2:0_3:0_4:0_5:0_6:0_7:0_8:0_9:0_10:0_11:0_12:0_13:0_14:0_15:0_16:0_17:0_18:0_19:0_20:0_21:0_22:0_23:0_24:0_25:0_26:0_27:0_28:0_29:0_30:0_31:0_32:0_33:0_34:0_35:0_36:0_37:0_38:0_39:0_40:0_41:0_42:0_43:0_44:0_45:0_46:0_47:0_48:0_49:0_50:0_51:0_52:0_53:0_54:0_55:0_56:0_57:0_58:0_59:0_60:0_61:0_62:0_63:0_64:0_65:0_66:0_67:0_68:0_69:0_70:0_71:0_72:0_73:0_74:0_75:0_76:0_77:0_78:0_79:0_80:0_81:0_82:0_83:0_84:0_85:0_86:0_87:0_88:0_89:0_90:0_91:0_92:0_93:0_94:0_95:0_96:0_97:0_98:0_99:0_100:0_101:0_102:0_103:0_104:0_105:0_106:0_107:0_108:0_109:0_110:0_111:0_112:0_113:0_114:0_115:0_116:0_117:0_118:0_119:0_120:0_121:0_122:0_123:0_124:0_125:0_126:0_127:0_128:0_129:0_130:0_131:0_132:0_133:0_134:0_135:0_136:0_137:0_138:0_139:0_140:0_141:0_142:0_143:0_144:0_145:0_146:0_147:0_148:0_149:0_150:0_151:0_152:0_153:0_154:0_155:0_156:0_157:0_158:0_159:0_160:0,0:1,0,0,1:0_2:0_3:0_4:0_5:0_6:0_7:0_8:0_9:0_10:0_11:0_12:0_13:0_14:0_15:0_16:0_17:0_18:0_19:0_20:0_21:0_22:0_23:0_24:0_25:0_26:0_27:0_28:0_29:0_30:0_31:0_32:0_33:0_34:0_35:0_36:0_37:0_38:0_39:0_40:0_41:0_42:0_43:0_44:0_45:0_46:0_47:0_48:0_49:0_50:0_51:0_52:0_53:0_54:0_55:0_56:0_57:0_58:0_59:0_60:0_61:0_62:0_63:0_64:0_65:0_66:0_67:0_68:0_69:0_70:0_71:0_72:0_73:0_74:0_75:0_76:0_77:0_78:0_79:0_80:0_81:0_82:0_83:0_84:0_85:0_86:0_87:0_88:0_89:0_90:0_91:0_92:0_93:0_94:0_95:0_96:0_97:0_98:0_99:0_100:0_101:0_102:0_103:0_104:0_105:0_106:0_107:0_108:0_109:0_110:0_111:0_112:0_113:0_114:0_115:0_116:0_117:0_118:0_119:0_120:0_121:0_122:0_123:0_124:0_125:0_126:0_127:0_128:0_129:0_130:0_131:0_132:0_133:0_134:0_135:0_136:0_137:0_138:0_139:0_140:0_141:0_142:0_143:0_144:0_145:0_146:0_147:0_148:0_149:0_150:0_151:0_152:0_153:0_154:0_155:0_156:0_157:0_158:0_159:0_160:0,0:1,0,0,0,0
150010,,"42761010,42663010",1:0_2:0_3:0_4:0_5:0_6:0_7:0_8:0_9:0_10:0_11:0_12:0_13:0_14:0_15:0_16:0_17:0_18:0_19:0_20:0_21:0_22:0_23:0_24:0_25:0_26:0_27:0_28:0_29:0_30:0_31:0_32:0_33:0_34:0_35:0_36:0_37:0_38:0_39:0_40:0_41:0_42:0_43:0_44:0_45:0_46:0_47:0_48:0_49:0_50:0_51:0_52:0_53:0_54:0_55:0_56:0_57:0_58:0_59:0_60:0_61:0_62:0_63:0_64:0_65:0_66:0_67:0_68:0_69:0_70:0_71:0_72:0_73:0_74:0_75:0_76:0_77:0_78:0_79:0_80:0_81:0_82:0_83:0_84:0_85:0_86:0_87:0_88:0_89:0_90:0_91:0_92:0_93:0_94:0_95:0_96:0_97:0_98:0_99:0_100:0_101:0_102:0_103:0_104:0_105:0_106:0_107:0_108:0_109:0_110:0_111:0_112:0_113:0_114:0_115:0_116:0_117:0_118:0_119:0_120:0_121:0_122:0_123:0_124:0_125:0_126:0_127:0_128:0_129:0_130:0_131:0_132:0_133:0_134:0_135:0_136:0_137:0_138:0_139:0_140:0_141:0_142:0_143:0_144:0_145:0_146:0_147:0_148:0_149:0_150:0_151:0_152:0_153:0_154:0_155:0_156:0_157:0_158:0_159:0_160:0,0:1,0,0,1:0_2:0_3:0_4:0_5:0_6:0_7:0_8:0_9:0_10:0_11:0_12:0_13:0_14:0_15:0_16:0_17:0_18:0_19:0_20:0_21:0_22:0_23:0_24:0_25:0_26:0_27:0_28:0_29:0_30:0_31:0_32:0_33:0_34:0_35:0_36:0_37:0_38:0_39:0_40:0_41:0_42:0_43:0_44:0_45:0_46:0_47:0_48:0_49:0_50:0_51:0_52:0_53:0_54:0_55:0_56:0_57:0_58:0_59:0_60:0_61:0_62:0_63:0_64:0_65:0_66:0_67:0_68:0_69:0_70:0_71:0_72:0_73:0_74:0_75:0_76:0_77:0_78:0_79:0_80:0_81:0_82:0_83:0_84:0_85:0_86:0_87:0_88:0_89:0_90:0_91:0_92:0_93:0_94:0_95:0_96:0_97:0_98:0_99:0_100:0_101:0_102:0_103:0_104:0_105:0_106:0_107:0_108:0_109:0_110:0_111:0_112:0_113:0_114:0_115:0_116:0_117:0_118:0_119:0_120:0_121:0_122:0_123:0_124:0_125:0_126:0_127:0_128:0_129:0_130:0_131:0_132:0_133:0_134:0_135:0_136:0_137:0_138:0_139:0_140:0_141:0_142:0_143:0_144:0_145:0_146:0_147:0_148:0_149:0_150:0_151:0_152:0_153:0_154:0_155:0_156:0_157:0_158:0_159:0_160:0,0:1,0,0,0,0
160020,,"42761010,42663010",1:0_2:0_3:0_4:0_5:0_6:0_7:0_8:0_9:0_10:0_11:0_12:0_13:0_14:0_15:0_16:0_17:0_18:0_19:0_20:0_21:0_22:0_23:0_24:0_25:0_26:0_27:0_28:0_29:0_30:0_31:0_32:0_33:0_34:0_35:0_36:0_37:0_38:0_39:0_40:0_41:0_42:0_43:0_44:0_45:0_46:0_47:0_48:0_49:0_50:0_51:0_52:0_53:0_54:0_55:0_56:0_57:0_58:0_59:0_60:0_61:0_62:0_63:0_64:0_65:0_66:0_67:0_68:0_69:0_70:0_71:0_72:0_73:0_74:0_75:0_76:0_77:0_78:0_79:0_80:0_81:0_82:0_83:0_84:0_85:0_86:0_87:0_88:0_89:0_90:0_91:0_92:0_93:0_94:0_95:0_96:0_97:0_98:0_99:0_100:0_101:0_102:0_103:0_104:0_105:0_106:0_107:0_108:0_109:0_110:0_111:0_112:0_113:0_114:0_115:0_116:0_117:0_118:0_119:0_120:0_121:0_122:0_123:0_124:0_125:0_126:0_127:0_128:0_129:0_130:0_131:0_132:0_133:0_134:0_135:0_136:0_137:0_138:0_139:0_140:0_141:0_142:0_143:0_144:0_145:0_146:0_147:0_148:0_149:0_150:0_151:0_152:0_153:0_154:0_155:0_156:0_157:0_158:0_159:0_160:0,0:1,0,0,1:0_2:0_3:0_4:0_5:0_6:0_7:0_8:0_9:0_10:0_11:0_12:0_13:0_14:0_15:0_16:0_17:0_18:0_19:0_20:0_21:0_22:0_23:0_24:0_25:0_26:0_27:0_28:0_29:0_30:0_31:0_32:0_33:0_34:0_35:0_36:0_37:0_38:0_39:0_40:0_41:0_42:0_43:0_44:0_45:0_46:0_47:0_48:0_49:0_50:0_51:0_52:0_53:0_54:0_55:0_56:0_57:0_58:0_59:0_60:0_61:0_62:0_63:0_64:0_65:0_66:0_67:0_68:0_69:0_70:0_71:0_72:0_73:0_74:0_75:0_76:0_77:0_78:0_79:0_80:0_81:0_82:0_83:0_84:0_85:0_86:0_87:0_88:0_89:0_90:0_91:0_92:0_93:0_94:0_95:0_96:0_97:0_98:0_99:0_100:0_101:0_102:0_103:0_104:0_105:0_106:0_107:0_108:0_109:0_110:0_111:0_112:0_113:0_114:0_115:0_116:0_117:0_118:0_119:0_120:0_121:0_122:0_123:0_124:0_125:0_126:0_127:0_128:0_129:0_130:0_131:0_132:0_133:0_134:0_135:0_136:0_137:0_138:0_139:0_140:0_141:0_142:0_143:0_144:0_145:0_146:0_147:0_148:0_149:0_150:0_151:0_152:0_153:0_154:0_155:0_156:0_157:0_158:0_159:0_160:0,0:1,0,0,0,0
160010,,"42761010,42663010",1:0_2:0_3:0_4:0_5:0_6:0_7:0_8:0_9:0_10:0_11:0_12:0_13:0_14:0_15:0_16:0_17:0_18:0_19:0_20:0_21:0_22:0_23:0_24:0_25:0_26:0_27:0_28:0_29:0_30:0_31:0_32:0_33:0_34:0_35:0_36:0_37:0_38:0_39:0_40:0_41:0_42:0_43:0_44:0_45:0_46:0_47:0_48:0_49:0_50:0_51:0_52:0_53:0_54:0_55:0_56:0_57:0_58:0_59:0_60:0_61:0_62:0_63:0_64:0_65:0_66:0_67:0_68:0_69:0_70:0_71:0_72:0_73:0_74:0_75:0_76:0_77:0_78:0_79:0_80:0_81:0_82:0_83:0_84:0_85:0_86:0_87:0_88:0_89:0_90:0_91:0_92:0_93:0_94:0_95:0_96:0_97:0_98:0_99:0_100:0_101:0_102:0_103:0_104:0_105:0_106:0_107:0_108:0_109:0_110:0_111:0_112:0_113:0_114:0_115:0_116:0_117:0_118:0_119:0_120:0_121:0_122:0_123:0_124:0_125:0_126:0_127:0_128:0_129:0_130:0_131:0_132:0_133:0_134:0_135:0_136:0_137:0_138:0_139:0_140:0_141:0_142:0_143:0_144:0_145:0_146:0_147:0_148:0_149:0_150:0_151:0_152:0_153:0_154:0_155:0_156:0_157:0_158:0_159:0_160:0,0:1,0,0,1:0_2:0_3:0_4:0_5:0_6:0_7:0_8:0_9:0_10:0_11:0_12:0_13:0_14:0_15:0_16:0_17:0_18:0_19:0_20:0_21:0_22:0_23:0_24:0_25:0_26:0_27:0_28:0_29:0_30:0_31:0_32:0_33:0_34:0_35:0_36:0_37:0_38:0_39:0_40:0_41:0_42:0_43:0_44:0_45:0_46:0_47:0_48:0_49:0_50:0_51:0_52:0_53:0_54:0_55:0_56:0_57:0_58:0_59:0_60:0_61:0_62:0_63:0_64:0_65:0_66:0_67:0_68:0_69:0_70:0_71:0_72:0_73:0_74:0_75:0_76:0_77:0_78:0_79:0_80:0_81:0_82:0_83:0_84:0_85:0_86:0_87:0_88:0_89:0_90:0_91:0_92:0_93:0_94:0_95:0_96:0_97:0_98:0_99:0_100:0_101:0_102:0_103:0_104:0_105:0_106:0_107:0_108:0_109:0_110:0_111:0_112:0_113:0_114:0_115:0_116:0_117:0_118:0_119:0_120:0_121:0_122:0_123:0_124:0_125:0_126:0_127:0_128:0_129:0_130:0_131:0_132:0_133:0_134:0_135:0_136:0_137:0_138:0_139:0_140:0_141:0_142:0_143:0_144:0_145:0_146:0_147:0_148:0_149:0_150:0_151:0_152:0_153:0_154:0_155:0_156:0_157:0_158:0_159:0_160:0,0:1,0,0,0,0
170020,,"42761010,42663010",1:0_2:0_3:0_4:0_5:0_6:0_7:0_8:0_9:0_10:0_11:0_12:0_13:0_14:0_15:0_16:0_17:0_18:0_19:0_20:0_21:0_22:0_23:0_24:0_25:0_26:0_27:0_28:0_29:0_30:0_31:0_32:0_33:0_34:0_35:0_36:0_37:0_38:0_39:0_40:0_41:0_42:0_43:0_44:0_45:0_46:0_47:0_48:0_49:0_50:0_51:0_52:0_53:0_54:0_55:0_56:0_57:0_58:0_59:0_60:0_61:0_62:0_63:0_64:0_65:0_66:0_67:0_68:0_69:0_70:0_71:0_72:0_73:0_74:0_75:0_76:0_77:0_78:0_79:0_80:0_81:0_82:0_83:0_84:0_85:0_86:0_87:0_88:0_89:0_90:0_91:0_92:0_93:0_94:0_95:0_96:0_97:0_98:0_99:0_100:0_101:0_102:0_103:0_104:0_105:0_106:0_107:0_108:0_109:0_110:0_111:0_112:0_113:0_114:0_115:0_116:0_117:0_118:0_119:0_120:0_121:0_122:0_123:0_124:0_125:0_126:0_127:0_128:0_129:0_130:0_131:0_132:0_133:0_134:0_135:0_136:0_137:0_138:0_139:0_140:0_141:0_142:0_143:0_144:0_145:0_146:0_147:0_148:0_149:0_150:0_151:0_152:0_153:0_154:0_155:0_156:0_157:0_158:0_159:0_160:0,0:1,0,0,1:0_2:0_3:0_4:0_5:0_6:0_7:0_8:0_9:0_10:0_11:0_12:0_13:0_14:0_15:0_16:0_17:0_18:0_19:0_20:0_21:0_22:0_23:0_24:0_25:0_26:0_27:0_28:0_29:0_30:0_31:0_32:0_33:0_34:0_35:0_36:0_37:0_38:0_39:0_40:0_41:0_42:0_43:0_44:0_45:0_46:0_47:0_48:0_49:0_50:0_51:0_52:0_53:0_54:0_55:0_56:0_57:0_58:0_59:0_60:0_61:0_62:0_63:0_64:0_65:0_66:0_67:0_68:0_69:0_70:0_71:0_72:0_73:0_74:0_75:0_76:0_77:0_78:0_79:0_80:0_81:0_82:0_83:0_84:0_85:0_86:0_87:0_88:0_89:0_90:0_91:0_92:0_93:0_94:0_95:0_96:0_97:0_98:0_99:0_100:0_101:0_102:0_103:0_104:0_105:0_106:0_107:0_108:0_109:0_110:0_111:0_112:0_113:0_114:0_115:0_116:0_117:0_118:0_119:0_120:0_121:0_122:0_123:0_124:0_125:0_126:0_127:0_128:0_129:0_130:0_131:0_132:0_133:0_134:0_135:0_136:0_137:0_138:0_139:0_140:0_141:0_142:0_143:0_144:0_145:0_146:0_147:0_148:0_149:0_150:0_151:0_152:0_153:0_154:0_155:0_156:0_157:0_158:0_159:0_160:0,0:1,0,0,0,0
170010,,"42761010,42663010",1:0_2:0_3:0_4:0_5:0_6:0_7:0_8:0_9:0_10:0_11:0_12:0_13:0_14:0_15:0_16:0_17:0_18:0_19:0_20:0_21:0_22:0_23:0_24:0_25:0_26:0_27:0_28:0_29:0_30:0_31:0_32:0_33:0_34:0_35:0_36:0_37:0_38:0_39:0_40:0_41:0_42:0_43:0_44:0_45:0_46:0_47:0_48:0_49:0_50:0_51:0_52:0_53:0_54:0_55:0_56:0_57:0_58:0_59:0_60:0_61:0_62:0_63:0_64:0_65:0_66:0_67:0_68:0_69:0_70:0_71:0_72:0_73:0_74:0_75:0_76:0_77:0_78:0_79:0_80:0_81:0_82:0_83:0_84:0_85:0_86:0_87:0_88:0_89:0_90:0_91:0_92:0_93:0_94:0_95:0_96:0_97:0_98:0_99:0_100:0_101:0_102:0_103:0_104:0_105:0_106:0_107:0_108:0_109:0_110:0_111:0_112:0_113:0_114:0_115:0_116:0_117:0_118:0_119:0_120:0_121:0_122:0_123:0_124:0_125:0_126:0_127:0_128:0_129:0_130:0_131:0_132:0_133:0_134:0_135:0_136:0_137:0_138:0_139:0_140:0_141:0_142:0_143:0_144:0_145:0_146:0_147:0_148:0_149:0_150:0_151:0_152:0_153:0_154:0_155:0_156:0_157:0_158:0_159:0_160:0,0:1,0,0,1:0_2:0_3:0_4:0_5:0_6:0_7:0_8:0_9:0_10:0_11:0_12:0_13:0_14:0_15:0_16:0_17:0_18:0_19:0_20:0_21:0_22:0_23:0_24:0_25:0_26:0_27:0_28:0_29:0_30:0_31:0_32:0_33:0_34:0_35:0_36:0_37:0_38:0_39:0_40:0_41:0_42:0_43:0_44:0_45:0_46:0_47:0_48:0_49:0_50:0_51:0_52:0_53:0_54:0_55:0_56:0_57:0_58:0_59:0_60:0_61:0_62:0_63:0_64:0_65:0_66:0_67:0_68:0_69:0_70:0_71:0_72:0_73:0_74:0_75:0_76:0_77:0_78:0_79:0_80:0_81:0_82:0_83:0_84:0_85:0_86:0_87:0_88:0_89:0_90:0_91:0_92:0_93:0_94:0_95:0_96:0_97:0_98:0_99:0_100:0_101:0_102:0_103:0_104:0_105:0_106:0_107:0_108:0_109:0_110:0_111:0_112:0_113:0_114:0_115:0_116:0_117:0_118:0_119:0_120:0_121:0_122:0_123:0_124:0_125:0_126:0_127:0_128:0_129:0_130:0_131:0_132:0_133:0_134:0_135:0_136:0_137:0_138:0_139:0_140:0_141:0_142:0_143:0_144:0_145:0_146:0_147:0_148:0_149:0_150:0_151:0_152:0_153:0_154:0_155:0_156:0_157:0_158:0_159:0_160:0,0:1,0,0,0,0
180020,,"42761010,42663010",1:0_2:0_3:0_4:0_5:0_6:0_7:0_8:0_9:0_10:0_11:0_12:0_13:0_14:0_15:0_16:0_17:0_18:0_19:0_20:0_21:0_22:0_23:0_24:0_25:0_26:0_27:0_28:0_29:0_30:0_31:0_32:0_33:0_34:0_35:0_36:0_37:0_38:0_39:0_40:0_41:0_42:0_43:0_44:0_45:0_46:0_47:0_48:0_49:0_50:0_51:0_52:0_53:0_54:0_55:0_56:0_57:0_58:0_59:0_60:0_61:0_62:0_63:0_64:0_65:0_66:0_67:0_68:0_69:0_70:0_71:0_72:0_73:0_74:0_75:0_76:0_77:0_78:0_79:0_80:0_81:0_82:0_83:0_84:0_85:0_86:0_87:0_88:0_89:0_90:0_91:0_92:0_93:0_94:0_95:0_96:0_97:0_98:0_99:0_100:0_101:0_102:0_103:0_104:0_105:0_106:0_107:0_108:0_109:0_110:0_111:0_112:0_113:0_114:0_115:0_116:0_117:0_118:0_119:0_120:0_121:0_122:0_123:0_124:0_125:0_126:0_127:0_128:0_129:0_130:0_131:0_132:0_133:0_134:0_135:0_136:0_137:0_138:0_139:0_140:0_141:0_142:0_143:0_144:0_145:0_146:0_147:0_148:0_149:0_150:0_151:0_152:0_153:0_154:0_155:0_156:0_157:0_158:0_159:0_160:0,0:1,0,0,1:0_2:0_3:0_4:0_5:0_6:0_7:0_8:0_9:0_10:0_11:0_12:0_13:0_14:0_15:0_16:0_17:0_18:0_19:0_20:0_21:0_22:0_23:0_24:0_25:0_26:0_27:0_28:0_29:0_30:0_31:0_32:0_33:0_34:0_35:0_36:0_37:0_38:0_39:0_40:0_41:0_42:0_43:0_44:0_45:0_46:0_47:0_48:0_49:0_50:0_51:0_52:0_53:0_54:0_55:0_56:0_57:0_58:0_59:0_60:0_61:0_62:0_63:0_64:0_65:0_66:0_67:0_68:0_69:0_70:0_71:0_72:0_73:0_74:0_75:0_76:0_77:0_78:0_79:0_80:0_81:0_82:0_83:0_84:0_85:0_86:0_87:0_88:0_89:0_90:0_91:0_92:0_93:0_94:0_95:0_96:0_97:0_98:0_99:0_100:0_101:0_102:0_103:0_104:0_105:0_106:0_107:0_108:0_109:0_110:0_111:0_112:0_113:0_114:0_115:0_116:0_117:0_118:0_119:0_120:0_121:0_122:0_123:0_124:0_125:0_126:0_127:0_128:0_129:0_130:0_131:0_132:0_133:0_134:0_135:0_136:0_137:0_138:0_139:0_140:0_141:0_142:0_143:0_144:0_145:0_146:0_147:0_148:0_149:0_150:0_151:0_152:0_153:0_154:0_155:0_156:0_157:0_158:0_159:0_160:0,0:1,0,0,0,0
180010,,"42761010,42663010",1:0_2:0_3:0_4:0_5:0_6:0_7:0_8:0_9:0_10:0_11:0_12:0_13:0_14:0_15:0_16:0_17:0_18:0_19:0_20:0_21:0_22:0_23:0_24:0_25:0_26:0_27:0_28:0_29:0_30:0_31:0_32:0_33:0_34:0_35:0_36:0_37:0_38:0_39:0_40:0_41:0_42:0_43:0_44:0_45:0_46:0_47:0_48:0_49:0_50:0_51:0_52:0_53:0_54:0_55:0_56:0_57:0_58:0_59:0_60:0_61:0_62:0_63:0_64:0_65:0_66:0_67:0_68:0_69:0_70:0_71:0_72:0_73:0_74:0_75:0_76:0_77:0_78:0_79:0_80:0_81:0_82:0_83:0_84:0_85:0_86:0_87:0_88:0_89:0_90:0_91:0_92:0_93:0_94:0_95:0_96:0_97:0_98:0_99:0_100:0_101:0_102:0_103:0_104:0_105:0_106:0_107:0_108:0_109:0_110:0_111:0_112:0_113:0_114:0_115:0_116:0_117:0_118:0_119:0_120:0_121:0_122:0_123:0_124:0_125:0_126:0_127:0_128:0_129:0_130:0_131:0_132:0_133:0_134:0_135:0_136:0_137:0_138:0_139:0_140:0_141:0_142:0_143:0_144:0_145:0_146:0_147:0_148:0_149:0_150:0_151:0_152:0_153:0_154:0_155:0_156:0_157:0_158:0_159:0_160:0,0:1,0,0,1:0_2:0_3:0_4:0_5:0_6:0_7:0_8:0_9:0_10:0_11:0_12:0_13:0_14:0_15:0_16:0_17:0_18:0_19:0_20:0_21:0_22:0_23:0_24:0_25:0_26:0_27:0_28:0_29:0_30:0_31:0_32:0_33:0_34:0_35:0_36:0_37:0_38:0_39:0_40:0_41:0_42:0_43:0_44:0_45:0_46:0_47:0_48:0_49:0_50:0_51:0_52:0_53:0_54:0_55:0_56:0_57:0_58:0_59:0_60:0_61:0_62:0_63:0_64:0_65:0_66:0_67:0_68:0_69:0_70:0_71:0_72:0_73:0_74:0_75:0_76:0_77:0_78:0_79:0_80:0_81:0_82:0_83:0_84:0_85:0_86:0_87:0_88:0_89:0_90:0_91:0_92:0_93:0_94:0_95:0_96:0_97:0_98:0_99:0_100:0_101:0_102:0_103:0_104:0_105:0_106:0_107:0_108:0_109:0_110:0_111:0_112:0_113:0_114:0_115:0_116:0_117:0_118:0_119:0_120:0_121:0_122:0_123:0_124:0_125:0_126:0_127:0_128:0_129:0_130:0_131:0_132:0_133:0_134:0_135:0_136:0_137:0_138:0_139:0_140:0_141:0_142:0_143:0_144:0_145:0_146:0_147:0_148:0_149:0_150:0_151:0_152:0_153:0_154:0_155:0_156:0_157:0_158:0_159:0_160:0,0:1,0,0,0,0
190020,,"42761010,42663010",1:0_2:0_3:0_4:0_5:0_6:0_7:0_8:0_9:0_10:0_11:0_12:0_13:0_14:0_15:0_16:0_17:0_18:0_19:0_20:0_21:0_22:0_23:0_24:0_25:0_26:0_27:0_28:0_29:0_30:0_31:0_32:0_33:0_34:0_35:0_36:0_37:0_38:0_39:0_40:0_41:0_42:0_43:0_44:0_45:0_46:0_47:0_48:0_49:0_50:0_51:0_52:0_53:0_54:0_55:0_56:0_57:0_58:0_59:0_60:0_61:0_62:0_63:0_64:0_65:0_66:0_67:0_68:0_69:0_70:0_71:0_72:0_73:0_74:0_75:0_76:0_77:0_78:0_79:0_80:0_81:0_82:0_83:0_84:0_85:0_86:0_87:0_88:0_89:0_90:0_91:0_92:0_93:0_94:0_95:0_96:0_97:0_98:0_99:0_100:0_101:0_102:0_103:0_104:0_105:0_106:0_107:0_108:0_109:0_110:0_111:0_112:0_113:0_114:0_115:0_116:0_117:0_118:0_119:0_120:0_121:0_122:0_123:0_124:0_125:0_126:0_127:0_128:0_129:0_130:0_131:0_132:0_133:0_134:0_135:0_136:0_137:0_138:0_139:0_140:0_141:0_142:0_143:0_144:0_145:0_146:0_147:0_148:0_149:0_150:0_151:0_152:0_153:0_154:0_155:0_156:0_157:0_158:0_159:0_160:0,0:1,0,0,1:0_2:0_3:0_4:0_5:0_6:0_7:0_8:0_9:0_10:0_11:0_12:0_13:0_14:0_15:0_16:0_17:0_18:0_19:0_20:0_21:0_22:0_23:0_24:0_25:0_26:0_27:0_28:0_29:0_30:0_31:0_32:0_33:0_34:0_35:0_36:0_37:0_38:0_39:0_40:0_41:0_42:0_43:0_44:0_45:0_46:0_47:0_48:0_49:0_50:0_51:0_52:0_53:0_54:0_55:0_56:0_57:0_58:0_59:0_60:0_61:0_62:0_63:0_64:0_65:0_66:0_67:0_68:0_69:0_70:0_71:0_72:0_73:0_74:0_75:0_76:0_77:0_78:0_79:0_80:0_81:0_82:0_83:0_84:0_85:0_86:0_87:0_88:0_89:0_90:0_91:0_92:0_93:0_94:0_95:0_96:0_97:0_98:0_99:0_100:0_101:0_102:0_103:0_104:0_105:0_106:0_107:0_108:0_109:0_110:0_111:0_112:0_113:0_114:0_115:0_116:0_117:0_118:0_119:0_120:0_121:0_122:0_123:0_124:0_125:0_126:0_127:0_128:0_129:0_130:0_131:0_132:0_133:0_134:0_135:0_136:0_137:0_138:0_139:0_140:0_141:0_142:0_143:0_144:0_145:0_146:0_147:0_148:0_149:0_150:0_151:0_152:0_153:0_154:0_155:0_156:0_157:0_158:0_159:0_160:0,0:1,0,0,0,0
190010,,"42761010,42663010",1:0_2:0_3:0_4:0_5:0_6:0_7:0_8:0_9:0_10:0_11:0_12:0_13:0_14:0_15:0_16:0_17:0_18:0_19:0_20:0_21:0_22:0_23:0_24:0_25:0_26:0_27:0_28:0_29:0_30:0_31:0_32:0_33:0_34:0_35:0_36:0_37:0_38:0_39:0_40:0_41:0_42:0_43:0_44:0_45:0_46:0_47:0_48:0_49:0_50:0_51:0_52:0_53:0_54:0_55:0_56:0_57:0_58:0_59:0_60:0_61:0_62:0_63:0_64:0_65:0_66:0_67:0_68:0_69:0_70:0_71:0_72:0_73:0_74:0_75:0_76:0_77:0_78:0_79:0_80:0_81:0_82:0_83:0_84:0_85:0_86:0_87:0_88:0_89:0_90:0_91:0_92:0_93:0_94:0_95:0_96:0_97:0_98:0_99:0_100:0_101:0_102:0_103:0_104:0_105:0_106:0_107:0_108:0_109:0_110:0_111:0_112:0_113:0_114:0_115:0_116:0_117:0_118:0_119:0_120:0_121:0_122:0_123:0_124:0_125:0_126:0_127:0_128:0_129:0_130:0_131:0_132:0_133:0_134:0_135:0_136:0_137:0_138:0_139:0_140:0_141:0_142:0_143:0_144:0_145:0_146:0_147:0_148:0_149:0_150:0_151:0_152:0_153:0_154:0_155:0_156:0_157:0_158:0_159:0_160:0,0:1,0,0,1:0_2:0_3:0_4:0_5:0_6:0_7:0_8:0_9:0_10:0_11:0_12:0_13:0_14:0_15:0_16:0_17:0_18:0_19:0_20:0_21:0_22:0_23:0_24:0_25:0_26:0_27:0_28:0_29:0_30:0_31:0_32:0_33:0_34:0_35:0_36:0_37:0_38:0_39:0_40:0_41:0_42:0_43:0_44:0_45:0_46:0_47:0_48:0_49:0_50:0_51:0_52:0_53:0_54:0_55:0_56:0_57:0_58:0_59:0_60:0_61:0_62:0_63:0_64:0_65:0_66:0_67:0_68:0_69:0_70:0_71:0_72:0_73:0_74:0_75:0_76:0_77:0_78:0_79:0_80:0_81:0_82:0_83:0_84:0_85:0_86:0_87:0_88:0_89:0_90:0_91:0_92:0_93:0_94:0_95:0_96:0_97:0_98:0_99:0_100:0_101:0_102:0_103:0_104:0_105:0_106:0_107:0_108:0_109:0_110:0_111:0_112:0_113:0_114:0_115:0_116:0_117:0_118:0_119:0_120:0_121:0_122:0_123:0_124:0_125:0_126:0_127:0_128:0_129:0_130:0_131:0_132:0_133:0_134:0_135:0_136:0_137:0_138:0_139:0_140:0_141:0_142:0_143:0_144:0_145:0_146:0_147:0_148:0_149:0_150:0_151:0_152:0_153:0_154:0_155:0_156:0_157:0_158:0_159:0_160:0,0:1,0,0,0,0
200020,,"42761010,42663010",1:0_2:0_3:0_4:0_5:0_6:0_7:0_8:0_9:0_10:0_11:0_12:0_13:0_14:0_15:0_16:0_17:0_18:0_19:0_20:0_21:0_22:0_23:0_24:0_25:0_26:0_27:0_28:0_29:0_30:0_31:0_32:0_33:0_34:0_35:0_36:0_37:0_38:0_39:0_40:0_41:0_42:0_43:0_44:0_45:0_46:0_47:0_48:0_49:0_50:0_51:0_52:0_53:0_54:0_55:0_56:0_57:0_58:0_59:0_60:0_61:0_62:0_63:0_64:0_65:0_66:0_67:0_68:0_69:0_70:0_71:0_72:0_73:0_74:0_75:0_76:0_77:0_78:0_79:0_80:0_81:0_82:0_83:0_84:0_85:0_86:0_87:0_88:0_89:0_90:0_91:0_92:0_93:0_94:0_95:0_96:0_97:0_98:0_99:0_100:0_101:0_102:0_103:0_104:0_105:0_106:0_107:0_108:0_109:0_110:0_111:0_112:0_113:0_114:0_115:0_116:0_117:0_118:0_119:0_120:0_121:0_122:0_123:0_124:0_125:0_126:0_127:0_128:0_129:0_130:0_131:0_132:0_133:0_134:0_135:0_136:0_137:0_138:0_139:0_140:0_141:0_142:0_143:0_144:0_145:0_146:0_147:0_148:0_149:0_150:0_151:0_152:0_153:0_154:0_155:0_156:0_157:0_158:0_159:0_160:0,0:1,0,0,1:0_2:0_3:0_4:0_5:0_6:0_7:0_8:0_9:0_10:0_11:0_12:0_13:0_14:0_15:0_16:0_17:0_18:0_19:0_20:0_21:0_22:0_23:0_24:0_25:0_26:0_27:0_28:0_29:0_30:0_31:0_32:0_33:0_34:0_35:0_36:0_37:0_38:0_39:0_40:0_41:0_42:0_43:0_44:0_45:0_46:0_47:0_48:0_49:0_50:0_51:0_52:0_53:0_54:0_55:0_56:0_57:0_58:0_59:0_60:0_61:0_62:0_63:0_64:0_65:0_66:0_67:0_68:0_69:0_70:0_71:0_72:0_73:0_74:0_75:0_76:0_77:0_78:0_79:0_80:0_81:0_82:0_83:0_84:0_85:0_86:0_87:0_88:0_89:0_90:0_91:0_92:0_93:0_94:0_95:0_96:0_97:0_98:0_99:0_100:0_101:0_102:0_103:0_104:0_105:0_106:0_107:0_108:0_109:0_110:0_111:0_112:0_113:0_114:0_115:0_116:0_117:0_118:0_119:0_120:0_121:0_122:0_123:0_124:0_125:0_126:0_127:0_128:0_129:0_130:0_131:0_132:0_133:0_134:0_135:0_136:0_137:0_138:0_139:0_140:0_141:0_142:0_143:0_144:0_145:0_146:0_147:0_148:0_149:0_150:0_151:0_152:0_153:0_154:0_155:0_156:0_157:0_158:0_159:0_160:0,0:1,0,0,0,0
200010,,"42761010,42663010",1:0_2:0_3:0_4:0_5:0_6:0_7:0_8:0_9:0_10:0_11:0_12:0_13:0_14:0_15:0_16:0_17:0_18:0_19:0_20:0_21:0_22:0_23:0_24:0_25:0_26:0_27:0_28:0_29:0_30:0_31:0_32:0_33:0_34:0_35:0_36:0_37:0_38:0_39:0_40:0_41:0_42:0_43:0_44:0_45:0_46:0_47:0_48:0_49:0_50:0_51:0_52:0_53:0_54:0_55:0_56:0_57:0_58:0_59:0_60:0_61:0_62:0_63:0_64:0_65:0_66:0_67:0_68:0_69:0_70:0_71:0_72:0_73:0_74:0_75:0_76:0_77:0_78:0_79:0_80:0_81:0_82:0_83:0_84:0_85:0_86:0_87:0_88:0_89:0_90:0_91:0_92:0_93:0_94:0_95:0_96:0_97:0_98:0_99:0_100:0_101:0_102:0_103:0_104:0_105:0_106:0_107:0_108:0_109:0_110:0_111:0_112:0_113:0_114:0_115:0_116:0_117:0_118:0_119:0_120:0_121:0_122:0_123:0_124:0_125:0_126:0_127:0_128:0_129:0_130:0_131:0_132:0_133:0_134:0_135:0_136:0_137:0_138:0_139:0_140:0_141:0_142:0_143:0_144:0_145:0_146:0_147:0_148:0_149:0_150:0_151:0_152:0_153:0_154:0_155:0_156:0_157:0_158:0_159:0_160:0,0:1,0,0,1:0_2:0_3:0_4:0_5:0_6:0_7:0_8:0_9:0_10:0_11:0_12:0_13:0_14:0_15:0_16:0_17:0_18:0_19:0_20:0_21:0_22:0_23:0_24:0_25:0_26:0_27:0_28:0_29:0_30:0_31:0_32:0_33:0_34:0_35:0_36:0_37:0_38:0_39:0_40:0_41:0_42:0_43:0_44:0_45:0_46:0_47:0_48:0_49:0_50:0_51:0_52:0_53:0_54:0_55:0_56:0_57:0_58:0_59:0_60:0_61:0_62:0_63:0_64:0_65:0_66:0_67:0_68:0_69:0_70:0_71:0_72:0_73:0_74:0_75:0_76:0_77:0_78:0_79:0_80:0_81:0_82:0_83:0_84:0_85:0_86:0_87:0_88:0_89:0_90:0_91:0_92:0_93:0_94:0_95:0_96:0_97:0_98:0_99:0_100:0_101:0_102:0_103:0_104:0_105:0_106:0_107:0_108:0_109:0_110:0_111:0_112:0_113:0_114:0_115:0_116:0_117:0_118:0_119:0_120:0_121:0_122:0_123:0_124:0_125:0_126:0_127:0_128:0_129:0_130:0_131:0_132:0_133:0_134:0_135:0_136:0_137:0_138:0_139:0_140:0_141:0_142:0_143:0_144:0_145:0_146:0_147:0_148:0_149:0_150:0_151:0_152:0_153:0_154:0_155:0_156:0_157:0_158:0_159:0_160:0,0:1,0,0,0,0
210020,,"42761010,42663010",1:0_2:0_3:0_4:0_5:0_6:0_7:0_8:0_9:0_10:0_11:0_12:0_13:0_14:0_15:0_16:0_17:0_18:0_19:0_20:0_21:0_22:0_23:0_24:0_25:0_26:0_27:0_28:0_29:0_30:0_31:0_32:0_33:0_34:0_35:0_36:0_37:0_38:0_39:0_40:0_41:0_42:0_43:0_44:0_45:0_46:0_47:0_48:0_49:0_50:0_51:0_52:0_53:0_54:0_55:0_56:0_57:0_58:0_59:0_60:0_61:0_62:0_63:0_64:0_65:0_66:0_67:0_68:0_69:0_70:0_71:0_72:0_73:0_74:0_75:0_76:0_77:0_78:0_79:0_80:0_81:0_82:0_83:0_84:0_85:0_86:0_87:0_88:0_89:0_90:0_91:0_92:0_93:0_94:0_95:0_96:0_97:0_98:0_99:0_100:0_101:0_102:0_103:0_104:0_105:0_106:0_107:0_108:0_109:0_110:0_111:0_112:0_113:0_114:0_115:0_116:0_117:0_118:0_119:0_120:0_121:0_122:0_123:0_124:0_125:0_126:0_127:0_128:0_129:0_130:0_131:0_132:0_133:0_134:0_135:0_136:0_137:0_138:0_139:0_140:0_141:0_142:0_143:0_144:0_145:0_146:0_147:0_148:0_149:0_150:0_151:0_152:0_153:0_154:0_155:0_156:0_157:0_158:0_159:0_160:0,0:1,0,0,1:0_2:0_3:0_4:0_5:0_6:0_7:0_8:0_9:0_10:0_11:0_12:0_13:0_14:0_15:0_16:0_17:0_18:0_19:0_20:0_21:0_22:0_23:0_24:0_25:0_26:0_27:0_28:0_29:0_30:0_31:0_32:0_33:0_34:0_35:0_36:0_37:0_38:0_39:0_40:0_41:0_42:0_43:0_44:0_45:0_46:0_47:0_48:0_49:0_50:0_51:0_52:0_53:0_54:0_55:0_56:0_57:0_58:0_59:0_60:0_61:0_62:0_63:0_64:0_65:0_66:0_67:0_68:0_69:0_70:0_71:0_72:0_73:0_74:0_75:0_76:0_77:0_78:0_79:0_80:0_81:0_82:0_83:0_84:0_85:0_86:0_87:0_88:0_89:0_90:0_91:0_92:0_93:0_94:0_95:0_96:0_97:0_98:0_99:0_100:0_101:0_102:0_103:0_104:0_105:0_106:0_107:0_108:0_109:0_110:0_111:0_112:0_113:0_114:0_115:0_116:0_117:0_118:0_119:0_120:0_121:0_122:0_123:0_124:0_125:0_126:0_127:0_128:0_129:0_130:0_131:0_132:0_133:0_134:0_135:0_136:0_137:0_138:0_139:0_140:0_141:0_142:0_143:0_144:0_145:0_146:0_147:0_148:0_149:0_150:0_151:0_152:0_153:0_154:0_155:0_156:0_157:0_158:0_159:0_160:0,0:1,0,0,0,0
210010,,"42761010,42663010",1:0_2:0_3:0_4:0_5:0_6:0_7:0_8:0_9:0_10:0_11:0_12:0_13:0_14:0_15:0_16:0_17:0_18:0_19:0_20:0_21:0_22:0_23:0_24:0_25:0_26:0_27:0_28:0_29:0_30:0_31:0_32:0_33:0_34:0_35:0_36:0_37:0_38:0_39:0_40:0_41:0_42:0_43:0_44:0_45:0_46:0_47:0_48:0_49:0_50:0_51:0_52:0_53:0_54:0_55:0_56:0_57:0_58:0_59:0_60:0_61:0_62:0_63:0_64:0_65:0_66:0_67:0_68:0_69:0_70:0_71:0_72:0_73:0_74:0_75:0_76:0_77:0_78:0_79:0_80:0_81:0_82:0_83:0_84:0_85:0_86:0_87:0_88:0_89:0_90:0_91:0_92:0_93:0_94:0_95:0_96:0_97:0_98:0_99:0_100:0_101:0_102:0_103:0_104:0_105:0_106:0_107:0_108:0_109:0_110:0_111:0_112:0_113:0_114:0_115:0_116:0_117:0_118:0_119:0_120:0_121:0_122:0_123:0_124:0_125:0_126:0_127:0_128:0_129:0_130:0_131:0_132:0_133:0_134:0_135:0_136:0_137:0_138:0_139:0_140:0_141:0_142:0_143:0_144:0_145:0_146:0_147:0_148:0_149:0_150:0_151:0_152:0_153:0_154:0_155:0_156:0_157:0_158:0_159:0_160:0,0:1,0,0,1:0_2:0_3:0_4:0_5:0_6:0_7:0_8:0_9:0_10:0_11:0_12:0_13:0_14:0_15:0_16:0_17:0_18:0_19:0_20:0_21:0_22:0_23:0_24:0_25:0_26:0_27:0_28:0_29:0_30:0_31:0_32:0_33:0_34:0_35:0_36:0_37:0_38:0_39:0_40:0_41:0_42:0_43:0_44:0_45:0_46:0_47:0_48:0_49:0_50:0_51:0_52:0_53:0_54:0_55:0_56:0_57:0_58:0_59:0_60:0_61:0_62:0_63:0_64:0_65:0_66:0_67:0_68:0_69:0_70:0_71:0_72:0_73:0_74:0_75:0_76:0_77:0_78:0_79:0_80:0_81:0_82:0_83:0_84:0_85:0_86:0_87:0_88:0_89:0_90:0_91:0_92:0_93:0_94:0_95:0_96:0_97:0_98:0_99:0_100:0_101:0_102:0_103:0_104:0_105:0_106:0_107:0_108:0_109:0_110:0_111:0_112:0_113:0_114:0_115:0_116:0_117:0_118:0_119:0_120:0_121:0_122:0_123:0_124:0_125:0_126:0_127:0_128:0_129:0_130:0_131:0_132:0_133:0_134:0_135:0_136:0_137:0_138:0_139:0_140:0_141:0_142:0_143:0_144:0_145:0_146:0_147:0_148:0_149:0_150:0_151:0_152:0_153:0_154:0_155:0_156:0_157:0_158:0_159:0_160:0,0:1,0,0,0,0
220020,,"42761010,42663010",1:0_2:0_3:0_4:0_5:0_6:0_7:0_8:0_9:0_10:0_11:0_12:0_13:0_14:0_15:0_16:0_17:0_18:0_19:0_20:0_21:0_22:0_23:0_24:0_25:0_26:0_27:0_28:0_29:0_30:0_31:0_32:0_33:0_34:0_35:0_36:0_37:0_38:0_39:0_40:0_41:0_42:0_43:0_44:0_45:0_46:0_47:0_48:0_49:0_50:0_51:0_52:0_53:0_54:0_55:0_56:0_57:0_58:0_59:0_60:0_61:0_62:0_63:0_64:0_65:0_66:0_67:0_68:0_69:0_70:0_71:0_72:0_73:0_74:0_75:0_76:0_77:0_78:0_79:0_80:0_81:0_82:0_83:0_84:0_85:0_86:0_87:0_88:0_89:0_90:0_91:0_92:0_93:0_94:0_95:0_96:0_97:0_98:0_99:0_100:0_101:0_102:0_103:0_104:0_105:0_106:0_107:0_108:0_109:0_110:0_111:0_112:0_113:0_114:0_115:0_116:0_117:0_118:0_119:0_120:0_121:0_122:0_123:0_124:0_125:0_126:0_127:0_128:0_129:0_130:0_131:0_132:0_133:0_134:0_135:0_136:0_137:0_138:0_139:0_140:0_141:0_142:0_143:0_144:0_145:0_146:0_147:0_148:0_149:0_150:0_151:0_152:0_153:0_154:0_155:0_156:0_157:0_158:0_159:0_160:0,0:1,0,0,1:0_2:0_3:0_4:0_5:0_6:0_7:0_8:0_9:0_10:0_11:0_12:0_13:0_14:0_15:0_16:0_17:0_18:0_19:0_20:0_21:0_22:0_23:0_24:0_25:0_26:0_27:0_28:0_29:0_30:0_31:0_32:0_33:0_34:0_35:0_36:0_37:0_38:0_39:0_40:0_41:0_42:0_43:0_44:0_45:0_46:0_47:0_48:0_49:0_50:0_51:0_52:0_53:0_54:0_55:0_56:0_57:0_58:0_59:0_60:0_61:0_62:0_63:0_64:0_65:0_66:0_67:0_68:0_69:0_70:0_71:0_72:0_73:0_74:0_75:0_76:0_77:0_78:0_79:0_80:0_81:0_82:0_83:0_84:0_85:0_86:0_87:0_88:0_89:0_90:0_91:0_92:0_93:0_94:0_95:0_96:0_97:0_98:0_99:0_100:0_101:0_102:0_103:0_104:0_105:0_106:0_107:0_108:0_109:0_110:0_111:0_112:0_113:0_114:0_115:0_116:0_117:0_118:0_119:0_120:0_121:0_122:0_123:0_124:0_125:0_126:0_127:0_128:0_129:0_130:0_131:0_132:0_133:0_134:0_135:0_136:0_137:0_138:0_139:0_140:0_141:0_142:0_143:0_144:0_145:0_146:0_147:0_148:0_149:0_150:0_151:0_152:0_153:0_154:0_155:0_156:0_157:0_158:0_159:0_160:0,0:1,0,0,0,0
220010,,"42761010,42663010",1:0_2:0_3:0_4:0_5:0_6:0_7:0_8:0_9:0_10:0_11:0_12:0_13:0_14:0_15:0_16:0_17:0_18:0_19:0_20:0_21:0_22:0_23:0_24:0_25:0_26:0_27:0_28:0_29:0_30:0_31:0_32:0_33:0_34:0_35:0_36:0_37:0_38:0_39:0_40:0_41:0_42:0_43:0_44:0_45:0_46:0_47:0_48:0_49:0_50:0_51:0_52:0_53:0_54:0_55:0_56:0_57:0_58:0_59:0_60:0_61:0_62:0_63:0_64:0_65:0_66:0_67:0_68:0_69:0_70:0_71:0_72:0_73:0_74:0_75:0_76:0_77:0_78:0_79:0_80:0_81:0_82:0_83:0_84:0_85:0_86:0_87:0_88:0_89:0_90:0_91:0_92:0_93:0_94:0_95:0_96:0_97:0_98:0_99:0_100:0_101:0_102:0_103:0_104:0_105:0_106:0_107:0_108:0_109:0_110:0_111:0_112:0_113:0_114:0_115:0_116:0_117:0_118:0_119:0_120:0_121:0_122:0_123:0_124:0_125:0_126:0_127:0_128:0_129:0_130:0_131:0_132:0_133:0_134:0_135:0_136:0_137:0_138:0_139:0_140:0_141:0_142:0_143:0_144:0_145:0_146:0_147:0_148:0_149:0_150:0_151:0_152:0_153:0_154:0_155:0_156:0_157:0_158:0_159:0_160:0,0:1,0,0,1:0_2:0_3:0_4:0_5:0_6:0_7:0_8:0_9:0_10:0_11:0_12:0_13:0_14:0_15:0_16:0_17:0_18:0_19:0_20:0_21:0_22:0_23:0_24:0_25:0_26:0_27:0_28:0_29:0_30:0_31:0_32:0_33:0_34:0_35:0_36:0_37:0_38:0_39:0_40:0_41:0_42:0_43:0_44:0_45:0_46:0_47:0_48:0_49:0_50:0_51:0_52:0_53:0_54:0_55:0_56:0_57:0_58:0_59:0_60:0_61:0_62:0_63:0_64:0_65:0_66:0_67:0_68:0_69:0_70:0_71:0_72:0_73:0_74:0_75:0_76:0_77:0_78:0_79:0_80:0_81:0_82:0_83:0_84:0_85:0_86:0_87:0_88:0_89:0_90:0_91:0_92:0_93:0_94:0_95:0_96:0_97:0_98:0_99:0_100:0_101:0_102:0_103:0_104:0_105:0_106:0_107:0_108:0_109:0_110:0_111:0_112:0_113:0_114:0_115:0_116:0_117:0_118:0_119:0_120:0_121:0_122:0_123:0_124:0_125:0_126:0_127:0_128:0_129:0_130:0_131:0_132:0_133:0_134:0_135:0_136:0_137:0_138:0_139:0_140:0_141:0_142:0_143:0_144:0_145:0_146:0_147:0_148:0_149:0_150:0_151:0_152:0_153:0_154:0_155:0_156:0_157:0_158:0_159:0_160:0,0:1,0,0,0,0
230020,,"42761010,42663010",1:0_2:0_3:0_4:0_5:0_6:0_7:0_8:0_9:0_10:0_11:0_12:0_13:0_14:0_15:0_16:0_17:0_18:0_19:0_20:0_21:0_22:0_23:0_24:0_25:0_26:0_27:0_28:0_29:0_30:0_31:0_32:0_33:0_34:0_35:0_36:0_37:0_38:0_39:0_40:0_41:0_42:0_43:0_44:0_45:0_46:0_47:0_48:0_49:0_50:0_51:0_52:0_53:0_54:0_55:0_56:0_57:0_58:0_59:0_60:0_61:0_62:0_63:0_64:0_65:0_66:0_67:0_68:0_69:0_70:0_71:0_72:0_73:0_74:0_75:0_76:0_77:0_78:0_79:0_80:0_81:0_82:0_83:0_84:0_85:0_86:0_87:0_88:0_89:0_90:0_91:0_92:0_93:0_94:0_95:0_96:0_97:0_98:0_99:0_100:0_101:0_102:0_103:0_104:0_105:0_106:0_107:0_108:0_109:0_110:0_111:0_112:0_113:0_114:0_115:0_116:0_117:0_118:0_119:0_120:0_121:0_122:0_123:0_124:0_125:0_126:0_127:0_128:0_129:0_130:0_131:0_132:0_133:0_134:0_135:0_136:0_137:0_138:0_139:0_140:0_141:0_142:0_143:0_144:0_145:0_146:0_147:0_148:0_149:0_150:0_151:0_152:0_153:0_154:0_155:0_156:0_157:0_158:0_159:0_160:0,0:1,0,0,1:0_2:0_3:0_4:0_5:0_6:0_7:0_8:0_9:0_10:0_11:0_12:0_13:0_14:0_15:0_16:0_17:0_18:0_19:0_20:0_21:0_22:0_23:0_24:0_25:0_26:0_27:0_28:0_29:0_30:0_31:0_32:0_33:0_34:0_35:0_36:0_37:0_38:0_39:0_40:0_41:0_42:0_43:0_44:0_45:0_46:0_47:0_48:0_49:0_50:0_51:0_52:0_53:0_54:0_55:0_56:0_57:0_58:0_59:0_60:0_61:0_62:0_63:0_64:0_65:0_66:0_67:0_68:0_69:0_70:0_71:0_72:0_73:0_74:0_75:0_76:0_77:0_78:0_79:0_80:0_81:0_82:0_83:0_84:0_85:0_86:0_87:0_88:0_89:0_90:0_91:0_92:0_93:0_94:0_95:0_96:0_97:0_98:0_99:0_100:0_101:0_102:0_103:0_104:0_105:0_106:0_107:0_108:0_109:0_110:0_111:0_112:0_113:0_114:0_115:0_116:0_117:0_118:0_119:0_120:0_121:0_122:0_123:0_124:0_125:0_126:0_127:0_128:0_129:0_130:0_131:0_132:0_133:0_134:0_135:0_136:0_137:0_138:0_139:0_140:0_141:0_142:0_143:0_144:0_145:0_146:0_147:0_148:0_149:0_150:0_151:0_152:0_153:0_154:0_155:0_156:0_157:0_158:0_159:0_160:0,0:1,0,0,0,0
230010,,"42761010,42663010",1:0_2:0_3:0_4:0_5:0_6:0_7:0_8:0_9:0_10:0_11:0_12:0_13:0_14:0_15:0_16:0_17:0_18:0_19:0_20:0_21:0_22:0_23:0_24:0_25:0_26:0_27:0_28:0_29:0_30:0_31:0_32:0_33:0_34:0_35:0_36:0_37:0_38:0_39:0_40:0_41:0_42:0_43:0_44:0_45:0_46:0_47:0_48:0_49:0_50:0_51:0_52:0_53:0_54:0_55:0_56:0_57:0_58:0_59:0_60:0_61:0_62:0_63:0_64:0_65:0_66:0_67:0_68:0_69:0_70:0_71:0_72:0_73:0_74:0_75:0_76:0_77:0_78:0_79:0_80:0_81:0_82:0_83:0_84:0_85:0_86:0_87:0_88:0_89:0_90:0_91:0_92:0_93:0_94:0_95:0_96:0_97:0_98:0_99:0_100:0_101:0_102:0_103:0_104:0_105:0_106:0_107:0_108:0_109:0_110:0_111:0_112:0_113:0_114:0_115:0_116:0_117:0_118:0_119:0_120:0_121:0_122:0_123:0_124:0_125:0_126:0_127:0_128:0_129:0_130:0_131:0_132:0_133:0_134:0_135:0_136:0_137:0_138:0_139:0_140:0_141:0_142:0_143:0_144:0_145:0_146:0_147:0_148:0_149:0_150:0_151:0_152:0_153:0_154:0_155:0_156:0_157:0_158:0_159:0_160:0,0:1,0,0,1:0_2:0_3:0_4:0_5:0_6:0_7:0_8:0_9:0_10:0_11:0_12:0_13:0_14:0_15:0_16:0_17:0_18:0_19:0_20:0_21:0_22:0_23:0_24:0_25:0_26:0_27:0_28:0_29:0_30:0_31:0_32:0_33:0_34:0_35:0_36:0_37:0_38:0_39:0_40:0_41:0_42:0_43:0_44:0_45:0_46:0_47:0_48:0_49:0_50:0_51:0_52:0_53:0_54:0_55:0_56:0_57:0_58:0_59:0_60:0_61:0_62:0_63:0_64:0_65:0_66:0_67:0_68:0_69:0_70:0_71:0_72:0_73:0_74:0_75:0_76:0_77:0_78:0_79:0_80:0_81:0_82:0_83:0_84:0_85:0_86:0_87:0_88:0_89:0_90:0_91:0_92:0_93:0_94:0_95:0_96:0_97:0_98:0_99:0_100:0_101:0_102:0_103:0_104:0_105:0_106:0_107:0_108:0_109:0_110:0_111:0_112:0_113:0_114:0_115:0_116:0_117:0_118:0_119:0_120:0_121:0_122:0_123:0_124:0_125:0_126:0_127:0_128:0_129:0_130:0_131:0_132:0_133:0_134:0_135:0_136:0_137:0_138:0_139:0_140:0_141:0_142:0_143:0_144:0_145:0_146:0_147:0_148:0_149:0_150:0_151:0_152:0_153:0_154:0_155:0_156:0_157:0_158:0_159:0_160:0,0:1,0,0,0,0
240020,,"42761010,42663010",1:0_2:0_3:0_4:0_5:0_6:0_7:0_8:0_9:0_10:0_11:0_12:0_13:0_14:0_15:0_16:0_17:0_18:0_19:0_20:0_21:0_22:0_23:0_24:0_25:0_26:0_27:0_28:0_29:0_30:0_31:0_32:0_33:0_34:0_35:0_36:0_37:0_38:0_39:0_40:0_41:0_42:0_43:0_44:0_45:0_46:0_47:0_48:0_49:0_50:0_51:0_52:0_53:0_54:0_55:0_56:0_57:0_58:0_59:0_60:0_61:0_62:0_63:0_64:0_65:0_66:0_67:0_68:0_69:0_70:0_71:0_72:0_73:0_74:0_75:0_76:0_77:0_78:0_79:0_80:0_81:0_82:0_83:0_84:0_85:0_86:0_87:0_88:0_89:0_90:0_91:0_92:0_93:0_94:0_95:0_96:0_97:0_98:0_99:0_100:0_101:0_102:0_103:0_104:0_105:0_106:0_107:0_108:0_109:0_110:0_111:0_112:0_113:0_114:0_115:0_116:0_117:0_118:0_119:0_120:0_121:0_122:0_123:0_124:0_125:0_126:0_127:0_128:0_129:0_130:0_131:0_132:0_133:0_134:0_135:0_136:0_137:0_138:0_139:0_140:0_141:0_142:0_143:0_144:0_145:0_146:0_147:0_148:0_149:0_150:0_151:0_152:0_153:0_154:0_155:0_156:0_157:0_158:0_159:0_160:0,0:1,0,0,1:0_2:0_3:0_4:0_5:0_6:0_7:0_8:0_9:0_10:0_11:0_12:0_13:0_14:0_15:0_16:0_17:0_18:0_19:0_20:0_21:0_22:0_23:0_24:0_25:0_26:0_27:0_28:0_29:0_30:0_31:0_32:0_33:0_34:0_35:0_36:0_37:0_38:0_39:0_40:0_41:0_42:0_43:0_44:0_45:0_46:0_47:0_48:0_49:0_50:0_51:0_52:0_53:0_54:0_55:0_56:0_57:0_58:0_59:0_60:0_61:0_62:0_63:0_64:0_65:0_66:0_67:0_68:0_69:0_70:0_71:0_72:0_73:0_74:0_75:0_76:0_77:0_78:0_79:0_80:0_81:0_82:0_83:0_84:0_85:0_86:0_87:0_88:0_89:0_90:0_91:0_92:0_93:0_94:0_95:0_96:0_97:0_98:0_99:0_100:0_101:0_102:0_103:0_104:0_105:0_106:0_107:0_108:0_109:0_110:0_111:0_112:0_113:0_114:0_115:0_116:0_117:0_118:0_119:0_120:0_121:0_122:0_123:0_124:0_125:0_126:0_127:0_128:0_129:0_130:0_131:0_132:0_133:0_134:0_135:0_136:0_137:0_138:0_139:0_140:0_141:0_142:0_143:0_144:0_145:0_146:0_147:0_148:0_149:0_150:0_151:0_152:0_153:0_154:0_155:0_156:0_157:0_158:0_159:0_160:0,0:1,0,0,0,0
240010,,"42761010,42663010",1:0_2:0_3:0_4:0_5:0_6:0_7:0_8:0_9:0_10:0_11:0_12:0_13:0_14:0_15:0_16:0_17:0_18:0_19:0_20:0_21:0_22:0_23:0_24:0_25:0_26:0_27:0_28:0_29:0_30:0_31:0_32:0_33:0_34:0_35:0_36:0_37:0_38:0_39:0_40:0_41:0_42:0_43:0_44:0_45:0_46:0_47:0_48:0_49:0_50:0_51:0_52:0_53:0_54:0_55:0_56:0_57:0_58:0_59:0_60:0_61:0_62:0_63:0_64:0_65:0_66:0_67:0_68:0_69:0_70:0_71:0_72:0_73:0_74:0_75:0_76:0_77:0_78:0_79:0_80:0_81:0_82:0_83:0_84:0_85:0_86:0_87:0_88:0_89:0_90:0_91:0_92:0_93:0_94:0_95:0_96:0_97:0_98:0_99:0_100:0_101:0_102:0_103:0_104:0_105:0_106:0_107:0_108:0_109:0_110:0_111:0_112:0_113:0_114:0_115:0_116:0_117:0_118:0_119:0_120:0_121:0_122:0_123:0_124:0_125:0_126:0_127:0_128:0_129:0_130:0_131:0_132:0_133:0_134:0_135:0_136:0_137:0_138:0_139:0_140:0_141:0_142:0_143:0_144:0_145:0_146:0_147:0_148:0_149:0_150:0_151:0_152:0_153:0_154:0_155:0_156:0_157:0_158:0_159:0_160:0,0:1,0,0,1:0_2:0_3:0_4:0_5:0_6:0_7:0_8:0_9:0_10:0_11:0_12:0_13:0_14:0_15:0_16:0_17:0_18:0_19:0_20:0_21:0_22:0_23:0_24:0_25:0_26:0_27:0_28:0_29:0_30:0_31:0_32:0_33:0_34:0_35:0_36:0_37:0_38:0_39:0_40:0_41:0_42:0_43:0_44:0_45:0_46:0_47:0_48:0_49:0_50:0_51:0_52:0_53:0_54:0_55:0_56:0_57:0_58:0_59:0_60:0_61:0_62:0_63:0_64:0_65:0_66:0_67:0_68:0_69:0_70:0_71:0_72:0_73:0_74:0_75:0_76:0_77:0_78:0_79:0_80:0_81:0_82:0_83:0_84:0_85:0_86:0_87:0_88:0_89:0_90:0_91:0_92:0_93:0_94:0_95:0_96:0_97:0_98:0_99:0_100:0_101:0_102:0_103:0_104:0_105:0_106:0_107:0_108:0_109:0_110:0_111:0_112:0_113:0_114:0_115:0_116:0_117:0_118:0_119:0_120:0_121:0_122:0_123:0_124:0_125:0_126:0_127:0_128:0_129:0_130:0_131:0_132:0_133:0_134:0_135:0_136:0_137:0_138:0_139:0_140:0_141:0_142:0_143:0_144:0_145:0_146:0_147:0_148:0_149:0_150:0_151:0_152:0_153:0_154:0_155:0_156:0_157:0_158:0_159:0_160:0,0:1,0,0,0,0
250020,,"42761010,42663010",1:0_2:0_3:0_4:0_5:0_6:0_7:0_8:0_9:0_10:0_11:0_12:0_13:0_14:0_15:0_16:0_17:0_18:0_19:0_20:0_21:0_22:0_23:0_24:0_25:0_26:0_27:0_28:0_29:0_30:0_31:0_32:0_33:0_34:0_35:0_36:0_37:0_38:0_39:0_40:0_41:0_42:0_43:0_44:0_45:0_46:0_47:0_48:0_49:0_50:0_51:0_52:0_53:0_54:0_55:0_56:0_57:0_58:0_59:0_60:0_61:0_62:0_63:0_64:0_65:0_66:0_67:0_68:0_69:0_70:0_71:0_72:0_73:0_74:0_75:0_76:0_77:0_78:0_79:0_80:0_81:0_82:0_83:0_84:0_85:0_86:0_87:0_88:0_89:0_90:0_91:0_92:0_93:0_94:0_95:0_96:0_97:0_98:0_99:0_100:0_101:0_102:0_103:0_104:0_105:0_106:0_107:0_108:0_109:0_110:0_111:0_112:0_113:0_114:0_115:0_116:0_117:0_118:0_119:0_120:0_121:0_122:0_123:0_124:0_125:0_126:0_127:0_128:0_129:0_130:0_131:0_132:0_133:0_134:0_135:0_136:0_137:0_138:0_139:0_140:0_141:0_142:0_143:0_144:0_145:0_146:0_147:0_148:0_149:0_150:0_151:0_152:0_153:0_154:0_155:0_156:0_157:0_158:0_159:0_160:0,0:1,0,0,1:0_2:0_3:0_4:0_5:0_6:0_7:0_8:0_9:0_10:0_11:0_12:0_13:0_14:0_15:0_16:0_17:0_18:0_19:0_20:0_21:0_22:0_23:0_24:0_25:0_26:0_27:0_28:0_29:0_30:0_31:0_32:0_33:0_34:0_35:0_36:0_37:0_38:0_39:0_40:0_41:0_42:0_43:0_44:0_45:0_46:0_47:0_48:0_49:0_50:0_51:0_52:0_53:0_54:0_55:0_56:0_57:0_58:0_59:0_60:0_61:0_62:0_63:0_64:0_65:0_66:0_67:0_68:0_69:0_70:0_71:0_72:0_73:0_74:0_75:0_76:0_77:0_78:0_79:0_80:0_81:0_82:0_83:0_84:0_85:0_86:0_87:0_88:0_89:0_90:0_91:0_92:0_93:0_94:0_95:0_96:0_97:0_98:0_99:0_100:0_101:0_102:0_103:0_104:0_105:0_106:0_107:0_108:0_109:0_110:0_111:0_112:0_113:0_114:0_115:0_116:0_117:0_118:0_119:0_120:0_121:0_122:0_123:0_124:0_125:0_126:0_127:0_128:0_129:0_130:0_131:0_132:0_133:0_134:0_135:0_136:0_137:0_138:0_139:0_140:0_141:0_142:0_143:0_144:0_145:0_146:0_147:0_148:0_149:0_150:0_151:0_152:0_153:0_154:0_155:0_156:0_157:0_158:0_159:0_160:0,0:1,0,0,0,0
250010,,"42761010,42663010",1:0_2:0_3:0_4:0_5:0_6:0_7:0_8:0_9:0_10:0_11:0_12:0_13:0_14:0_15:0_16:0_17:0_18:0_19:0_20:0_21:0_22:0_23:0_24:0_25:0_26:0_27:0_28:0_29:0_30:0_31:0_32:0_33:0_34:0_35:0_36:0_37:0_38:0_39:0_40:0_41:0_42:0_43:0_44:0_45:0_46:0_47:0_48:0_49:0_50:0_51:0_52:0_53:0_54:0_55:0_56:0_57:0_58:0_59:0_60:0_61:0_62:0_63:0_64:0_65:0_66:0_67:0_68:0_69:0_70:0_71:0_72:0_73:0_74:0_75:0_76:0_77:0_78:0_79:0_80:0_81:0_82:0_83:0_84:0_85:0_86:0_87:0_88:0_89:0_90:0_91:0_92:0_93:0_94:0_95:0_96:0_97:0_98:0_99:0_100:0_101:0_102:0_103:0_104:0_105:0_106:0_107:0_108:0_109:0_110:0_111:0_112:0_113:0_114:0_115:0_116:0_117:0_118:0_119:0_120:0_121:0_122:0_123:0_124:0_125:0_126:0_127:0_128:0_129:0_130:0_131:0_132:0_133:0_134:0_135:0_136:0_137:0_138:0_139:0_140:0_141:0_142:0_143:0_144:0_145:0_146:0_147:0_148:0_149:0_150:0_151:0_152:0_153:0_154:0_155:0_156:0_157:0_158:0_159:0_160:0,0:1,0,0,1:0_2:0_3:0_4:0_5:0_6:0_7:0_8:0_9:0_10:0_11:0_12:0_13:0_14:0_15:0_16:0_17:0_18:0_19:0_20:0_21:0_22:0_23:0_24:0_25:0_26:0_27:0_28:0_29:0_30:0_31:0_32:0_33:0_34:0_35:0_36:0_37:0_38:0_39:0_40:0_41:0_42:0_43:0_44:0_45:0_46:0_47:0_48:0_49:0_50:0_51:0_52:0_53:0_54:0_55:0_56:0_57:0_58:0_59:0_60:0_61:0_62:0_63:0_64:0_65:0_66:0_67:0_68:0_69:0_70:0_71:0_72:0_73:0_74:0_75:0_76:0_77:0_78:0_79:0_80:0_81:0_82:0_83:0_84:0_85:0_86:0_87:0_88:0_89:0_90:0_91:0_92:0_93:0_94:0_95:0_96:0_97:0_98:0_99:0_100:0_101:0_102:0_103:0_104:0_105:0_106:0_107:0_108:0_109:0_110:0_111:0_112:0_113:0_114:0_115:0_116:0_117:0_118:0_119:0_120:0_121:0_122:0_123:0_124:0_125:0_126:0_127:0_128:0_129:0_130:0_131:0_132:0_133:0_134:0_135:0_136:0_137:0_138:0_139:0_140:0_141:0_142:0_143:0_144:0_145:0_146:0_147:0_148:0_149:0_150:0_151:0_152:0_153:0_154:0_155:0_156:0_157:0_158:0_159:0_160:0,0:1,0,0,0,0
260020,,"42761010,42663010",1:0_2:0_3:0_4:0_5:0_6:0_7:0_8:0_9:0_10:0_11:0_12:0_13:0_14:0_15:0_16:0_17:0_18:0_19:0_20:0_21:0_22:0_23:0_24:0_25:0_26:0_27:0_28:0_29:0_30:0_31:0_32:0_33:0_34:0_35:0_36:0_37:0_38:0_39:0_40:0_41:0_42:0_43:0_44:0_45:0_46:0_47:0_48:0_49:0_50:0_51:0_52:0_53:0_54:0_55:0_56:0_57:0_58:0_59:0_60:0_61:0_62:0_63:0_64:0_65:0_66:0_67:0_68:0_69:0_70:0_71:0_72:0_73:0_74:0_75:0_76:0_77:0_78:0_79:0_80:0_81:0_82:0_83:0_84:0_85:0_86:0_87:0_88:0_89:0_90:0_91:0_92:0_93:0_94:0_95:0_96:0_97:0_98:0_99:0_100:0_101:0_102:0_103:0_104:0_105:0_106:0_107:0_108:0_109:0_110:0_111:0_112:0_113:0_114:0_115:0_116:0_117:0_118:0_119:0_120:0_121:0_122:0_123:0_124:0_125:0_126:0_127:0_128:0_129:0_130:0_131:0_132:0_133:0_134:0_135:0_136:0_137:0_138:0_139:0_140:0_141:0_142:0_143:0_144:0_145:0_146:0_147:0_148:0_149:0_150:0_151:0_152:0_153:0_154:0_155:0_156:0_157:0_158:0_159:0_160:0,0:1,0,0,1:0_2:0_3:0_4:0_5:0_6:0_7:0_8:0_9:0_10:0_11:0_12:0_13:0_14:0_15:0_16:0_17:0_18:0_19:0_20:0_21:0_22:0_23:0_24:0_25:0_26:0_27:0_28:0_29:0_30:0_31:0_32:0_33:0_34:0_35:0_36:0_37:0_38:0_39:0_40:0_41:0_42:0_43:0_44:0_45:0_46:0_47:0_48:0_49:0_50:0_51:0_52:0_53:0_54:0_55:0_56:0_57:0_58:0_59:0_60:0_61:0_62:0_63:0_64:0_65:0_66:0_67:0_68:0_69:0_70:0_71:0_72:0_73:0_74:0_75:0_76:0_77:0_78:0_79:0_80:0_81:0_82:0_83:0_84:0_85:0_86:0_87:0_88:0_89:0_90:0_91:0_92:0_93:0_94:0_95:0_96:0_97:0_98:0_99:0_100:0_101:0_102:0_103:0_104:0_105:0_106:0_107:0_108:0_109:0_110:0_111:0_112:0_113:0_114:0_115:0_116:0_117:0_118:0_119:0_120:0_121:0_122:0_123:0_124:0_125:0_126:0_127:0_128:0_129:0_130:0_131:0_132:0_133:0_134:0_135:0_136:0_137:0_138:0_139:0_140:0_141:0_142:0_143:0_144:0_145:0_146:0_147:0_148:0_149:0_150:0_151:0_152:0_153:0_154:0_155:0_156:0_157:0_158:0_159:0_160:0,0:1,0,0,0,0
260010,,"42761010,42663010",1:0_2:0_3:0_4:0_5:0_6:0_7:0_8:0_9:0_10:0_11:0_12:0_13:0_14:0_15:0_16:0_17:0_18:0_19:0_20:0_21:0_22:0_23:0_24:0_25:0_26:0_27:0_28:0_29:0_30:0_31:0_32:0_33:0_34:0_35:0_36:0_37:0_38:0_39:0_40:0_41:0_42:0_43:0_44:0_45:0_46:0_47:0_48:0_49:0_50:0_51:0_52:0_53:0_54:0_55:0_56:0_57:0_58:0_59:0_60:0_61:0_62:0_63:0_64:0_65:0_66:0_67:0_68:0_69:0_70:0_71:0_72:0_73:0_74:0_75:0_76:0_77:0_78:0_79:0_80:0_81:0_82:0_83:0_84:0_85:0_86:0_87:0_88:0_89:0_90:0_91:0_92:0_93:0_94:0_95:0_96:0_97:0_98:0_99:0_100:0_101:0_102:0_103:0_104:0_105:0_106:0_107:0_108:0_109:0_110:0_111:0_112:0_113:0_114:0_115:0_116:0_117:0_118:0_119:0_120:0_121:0_122:0_123:0_124:0_125:0_126:0_127:0_128:0_129:0_130:0_131:0_132:0_133:0_134:0_135:0_136:0_137:0_138:0_139:0_140:0_141:0_142:0_143:0_144:0_145:0_146:0_147:0_148:0_149:0_150:0_151:0_152:0_153:0_154:0_155:0_156:0_157:0_158:0_159:0_160:0,0:1,0,0,1:0_2:0_3:0_4:0_5:0_6:0_7:0_8:0_9:0_10:0_11:0_12:0_13:0_14:0_15:0_16:0_17:0_18:0_19:0_20:0_21:0_22:0_23:0_24:0_25:0_26:0_27:0_28:0_29:0_30:0_31:0_32:0_33:0_34:0_35:0_36:0_37:0_38:0_39:0_40:0_41:0_42:0_43:0_44:0_45:0_46:0_47:0_48:0_49:0_50:0_51:0_52:0_53:0_54:0_55:0_56:0_57:0_58:0_59:0_60:0_61:0_62:0_63:0_64:0_65:0_66:0_67:0_68:0_69:0_70:0_71:0_72:0_73:0_74:0_75:0_76:0_77:0_78:0_79:0_80:0_81:0_82:0_83:0_84:0_85:0_86:0_87:0_88:0_89:0_90:0_91:0_92:0_93:0_94:0_95:0_96:0_97:0_98:0_99:0_100:0_101:0_102:0_103:0_104:0_105:0_106:0_107:0_108:0_109:0_110:0_111:0_112:0_113:0_114:0_115:0_116:0_117:0_118:0_119:0_120:0_121:0_122:0_123:0_124:0_125:0_126:0_127:0_128:0_129:0_130:0_131:0_132:0_133:0_134:0_135:0_136:0_137:0_138:0_139:0_140:0_141:0_142:0_143:0_144:0_145:0_146:0_147:0_148:0_149:0_150:0_151:0_152:0_153:0_154:0_155:0_156:0_157:0_158:0_159:0_160:0,0:1,0,0,0,0
270020,,"42761010,42663010",1:0_2:0_3:0_4:0_5:0_6:0_7:0_8:0_9:0_10:0_11:0_12:0_13:0_14:0_15:0_16:0_17:0_18:0_19:0_20:0_21:0_22:0_23:0_24:0_25:0_26:0_27:0_28:0_29:0_30:0_31:0_32:0_33:0_34:0_35:0_36:0_37:0_38:0_39:0_40:0_41:0_42:0_43:0_44:0_45:0_46:0_47:0_48:0_49:0_50:0_51:0_52:0_53:0_54:0_55:0_56:0_57:0_58:0_59:0_60:0_61:0_62:0_63:0_64:0_65:0_66:0_67:0_68:0_69:0_70:0_71:0_72:0_73:0_74:0_75:0_76:0_77:0_78:0_79:0_80:0_81:0_82:0_83:0_84:0_85:0_86:0_87:0_88:0_89:0_90:0_91:0_92:0_93:0_94:0_95:0_96:0_97:0_98:0_99:0_100:0_101:0_102:0_103:0_104:0_105:0_106:0_107:0_108:0_109:0_110:0_111:0_112:0_113:0_114:0_115:0_116:0_117:0_118:0_119:0_120:0_121:0_122:0_123:0_124:0_125:0_126:0_127:0_128:0_129:0_130:0_131:0_132:0_133:0_134:0_135:0_136:0_137:0_138:0_139:0_140:0_141:0_142:0_143:0_144:0_145:0_146:0_147:0_148:0_149:0_150:0_151:0_152:0_153:0_154:0_155:0_156:0_157:0_158:0_159:0_160:0,0:1,0,0,1:0_2:0_3:0_4:0_5:0_6:0_7:0_8:0_9:0_10:0_11:0_12:0_13:0_14:0_15:0_16:0_17:0_18:0_19:0_20:0_21:0_22:0_23:0_24:0_25:0_26:0_27:0_28:0_29:0_30:0_31:0_32:0_33:0_34:0_35:0_36:0_37:0_38:0_39:0_40:0_41:0_42:0_43:0_44:0_45:0_46:0_47:0_48:0_49:0_50:0_51:0_52:0_53:0_54:0_55:0_56:0_57:0_58:0_59:0_60:0_61:0_62:0_63:0_64:0_65:0_66:0_67:0_68:0_69:0_70:0_71:0_72:0_73:0_74:0_75:0_76:0_77:0_78:0_79:0_80:0_81:0_82:0_83:0_84:0_85:0_86:0_87:0_88:0_89:0_90:0_91:0_92:0_93:0_94:0_95:0_96:0_97:0_98:0_99:0_100:0_101:0_102:0_103:0_104:0_105:0_106:0_107:0_108:0_109:0_110:0_111:0_112:0_113:0_114:0_115:0_116:0_117:0_118:0_119:0_120:0_121:0_122:0_123:0_124:0_125:0_126:0_127:0_128:0_129:0_130:0_131:0_132:0_133:0_134:0_135:0_136:0_137:0_138:0_139:0_140:0_141:0_142:0_143:0_144:0_145:0_146:0_147:0_148:0_149:0_150:0_151:0_152:0_153:0_154:0_155:0_156:0_157:0_158:0_159:0_160:0,0:1,0,0,0,0
270010,,"42761010,42663010",1:0_2:0_3:0_4:0_5:0_6:0_7:0_8:0_9:0_10:0_11:0_12:0_13:0_14:0_15:0_16:0_17:0_18:0_19:0_20:0_21:0_22:0_23:0_24:0_25:0_26:0_27:0_28:0_29:0_30:0_31:0_32:0_33:0_34:0_35:0_36:0_37:0_38:0_39:0_40:0_41:0_42:0_43:0_44:0_45:0_46:0_47:0_48:0_49:0_50:0_51:0_52:0_53:0_54:0_55:0_56:0_57:0_58:0_59:0_60:0_61:0_62:0_63:0_64:0_65:0_66:0_67:0_68:0_69:0_70:0_71:0_72:0_73:0_74:0_75:0_76:0_77:0_78:0_79:0_80:0_81:0_82:0_83:0_84:0_85:0_86:0_87:0_88:0_89:0_90:0_91:0_92:0_93:0_94:0_95:0_96:0_97:0_98:0_99:0_100:0_101:0_102:0_103:0_104:0_105:0_106:0_107:0_108:0_109:0_110:0_111:0_112:0_113:0_114:0_115:0_116:0_117:0_118:0_119:0_120:0_121:0_122:0_123:0_124:0_125:0_126:0_127:0_128:0_129:0_130:0_131:0_132:0_133:0_134:0_135:0_136:0_137:0_138:0_139:0_140:0_141:0_142:0_143:0_144:0_145:0_146:0_147:0_148:0_149:0_150:0_151:0_152:0_153:0_154:0_155:0_156:0_157:0_158:0_159:0_160:0,0:1,0,0,1:0_2:0_3:0_4:0_5:0_6:0_7:0_8:0_9:0_10:0_11:0_12:0_13:0_14:0_15:0_16:0_17:0_18:0_19:0_20:0_21:0_22:0_23:0_24:0_25:0_26:0_27:0_28:0_29:0_30:0_31:0_32:0_33:0_34:0_35:0_36:0_37:0_38:0_39:0_40:0_41:0_42:0_43:0_44:0_45:0_46:0_47:0_48:0_49:0_50:0_51:0_52:0_53:0_54:0_55:0_56:0_57:0_58:0_59:0_60:0_61:0_62:0_63:0_64:0_65:0_66:0_67:0_68:0_69:0_70:0_71:0_72:0_73:0_74:0_75:0_76:0_77:0_78:0_79:0_80:0_81:0_82:0_83:0_84:0_85:0_86:0_87:0_88:0_89:0_90:0_91:0_92:0_93:0_94:0_95:0_96:0_97:0_98:0_99:0_100:0_101:0_102:0_103:0_104:0_105:0_106:0_107:0_108:0_109:0_110:0_111:0_112:0_113:0_114:0_115:0_116:0_117:0_118:0_119:0_120:0_121:0_122:0_123:0_124:0_125:0_126:0_127:0_128:0_129:0_130:0_131:0_132:0_133:0_134:0_135:0_136:0_137:0_138:0_139:0_140:0_141:0_142:0_143:0_144:0_145:0_146:0_147:0_148:0_149:0_150:0_151:0_152:0_153:0_154:0_155:0_156:0_157:0_158:0_159:0_160:0,0:1,0,0,0,0
280020,,"42761010,42663010",1:0_2:0_3:0_4:0_5:0_6:0_7:0_8:0_9:0_10:0_11:0_12:0_13:0_14:0_15:0_16:0_17:0_18:0_19:0_20:0_21:0_22:0_23:0_24:0_25:0_26:0_27:0_28:0_29:0_30:0_31:0_32:0_33:0_34:0_35:0_36:0_37:0_38:0_39:0_40:0_41:0_42:0_43:0_44:0_45:0_46:0_47:0_48:0_49:0_50:0_51:0_52:0_53:0_54:0_55:0_56:0_57:0_58:0_59:0_60:0_61:0_62:0_63:0_64:0_65:0_66:0_67:0_68:0_69:0_70:0_71:0_72:0_73:0_74:0_75:0_76:0_77:0_78:0_79:0_80:0_81:0_82:0_83:0_84:0_85:0_86:0_87:0_88:0_89:0_90:0_91:0_92:0_93:0_94:0_95:0_96:0_97:0_98:0_99:0_100:0_101:0_102:0_103:0_104:0_105:0_106:0_107:0_108:0_109:0_110:0_111:0_112:0_113:0_114:0_115:0_116:0_117:0_118:0_119:0_120:0_121:0_122:0_123:0_124:0_125:0_126:0_127:0_128:0_129:0_130:0_131:0_132:0_133:0_134:0_135:0_136:0_137:0_138:0_139:0_140:0_141:0_142:0_143:0_144:0_145:0_146:0_147:0_148:0_149:0_150:0_151:0_152:0_153:0_154:0_155:0_156:0_157:0_158:0_159:0_160:0,0:1,0,0,1:0_2:0_3:0_4:0_5:0_6:0_7:0_8:0_9:0_10:0_11:0_12:0_13:0_14:0_15:0_16:0_17:0_18:0_19:0_20:0_21:0_22:0_23:0_24:0_25:0_26:0_27:0_28:0_29:0_30:0_31:0_32:0_33:0_34:0_35:0_36:0_37:0_38:0_39:0_40:0_41:0_42:0_43:0_44:0_45:0_46:0_47:0_48:0_49:0_50:0_51:0_52:0_53:0_54:0_55:0_56:0_57:0_58:0_59:0_60:0_61:0_62:0_63:0_64:0_65:0_66:0_67:0_68:0_69:0_70:0_71:0_72:0_73:0_74:0_75:0_76:0_77:0_78:0_79:0_80:0_81:0_82:0_83:0_84:0_85:0_86:0_87:0_88:0_89:0_90:0_91:0_92:0_93:0_94:0_95:0_96:0_97:0_98:0_99:0_100:0_101:0_102:0_103:0_104:0_105:0_106:0_107:0_108:0_109:0_110:0_111:0_112:0_113:0_114:0_115:0_116:0_117:0_118:0_119:0_120:0_121:0_122:0_123:0_124:0_125:0_126:0_127:0_128:0_129:0_130:0_131:0_132:0_133:0_134:0_135:0_136:0_137:0_138:0_139:0_140:0_141:0_142:0_143:0_144:0_145:0_146:0_147:0_148:0_149:0_150:0_151:0_152:0_153:0_154:0_155:0_156:0_157:0_158:0_159:0_160:0,0:1,0,0,0,0
280010,,"42761010,42663010",1:0_2:0_3:0_4:0_5:0_6:0_7:0_8:0_9:0_10:0_11:0_12:0_13:0_14:0_15:0_16:0_17:0_18:0_19:0_20:0_21:0_22:0_23:0_24:0_25:0_26:0_27:0_28:0_29:0_30:0_31:0_32:0_33:0_34:0_35:0_36:0_37:0_38:0_39:0_40:0_41:0_42:0_43:0_44:0_45:0_46:0_47:0_48:0_49:0_50:0_51:0_52:0_53:0_54:0_55:0_56:0_57:0_58:0_59:0_60:0_61:0_62:0_63:0_64:0_65:0_66:0_67:0_68:0_69:0_70:0_71:0_72:0_73:0_74:0_75:0_76:0_77:0_78:0_79:0_80:0_81:0_82:0_83:0_84:0_85:0_86:0_87:0_88:0_89:0_90:0_91:0_92:0_93:0_94:0_95:0_96:0_97:0_98:0_99:0_100:0_101:0_102:0_103:0_104:0_105:0_106:0_107:0_108:0_109:0_110:0_111:0_112:0_113:0_114:0_115:0_116:0_117:0_118:0_119:0_120:0_121:0_122:0_123:0_124:0_125:0_126:0_127:0_128:0_129:0_130:0_131:0_132:0_133:0_134:0_135:0_136:0_137:0_138:0_139:0_140:0_141:0_142:0_143:0_144:0_145:0_146:0_147:0_148:0_149:0_150:0_151:0_152:0_153:0_154:0_155:0_156:0_157:0_158:0_159:0_160:0,0:1,0,0,1:0_2:0_3:0_4:0_5:0_6:0_7:0_8:0_9:0_10:0_11:0_12:0_13:0_14:0_15:0_16:0_17:0_18:0_19:0_20:0_21:0_22:0_23:0_24:0_25:0_26:0_27:0_28:0_29:0_30:0_31:0_32:0_33:0_34:0_35:0_36:0_37:0_38:0_39:0_40:0_41:0_42:0_43:0_44:0_45:0_46:0_47:0_48:0_49:0_50:0_51:0_52:0_53:0_54:0_55:0_56:0_57:0_58:0_59:0_60:0_61:0_62:0_63:0_64:0_65:0_66:0_67:0_68:0_69:0_70:0_71:0_72:0_73:0_74:0_75:0_76:0_77:0_78:0_79:0_80:0_81:0_82:0_83:0_84:0_85:0_86:0_87:0_88:0_89:0_90:0_91:0_92:0_93:0_94:0_95:0_96:0_97:0_98:0_99:0_100:0_101:0_102:0_103:0_104:0_105:0_106:0_107:0_108:0_109:0_110:0_111:0_112:0_113:0_114:0_115:0_116:0_117:0_118:0_119:0_120:0_121:0_122:0_123:0_124:0_125:0_126:0_127:0_128:0_129:0_130:0_131:0_132:0_133:0_134:0_135:0_136:0_137:0_138:0_139:0_140:0_141:0_142:0_143:0_144:0_145:0_146:0_147:0_148:0_149:0_150:0_151:0_152:0_153:0_154:0_155:0_156:0_157:0_158:0_159:0_160:0,0:1,0,0,0,0
290020,,"42761010,42663010",1:0_2:0_3:0_4:0_5:0_6:0_7:0_8:0_9:0_10:0_11:0_12:0_13:0_14:0_15:0_16:0_17:0_18:0_19:0_20:0_21:0_22:0_23:0_24:0_25:0_26:0_27:0_28:0_29:0_30:0_31:0_32:0_33:0_34:0_35:0_36:0_37:0_38:0_39:0_40:0_41:0_42:0_43:0_44:0_45:0_46:0_47:0_48:0_49:0_50:0_51:0_52:0_53:0_54:0_55:0_56:0_57:0_58:0_59:0_60:0_61:0_62:0_63:0_64:0_65:0_66:0_67:0_68:0_69:0_70:0_71:0_72:0_73:0_74:0_75:0_76:0_77:0_78:0_79:0_80:0_81:0_82:0_83:0_84:0_85:0_86:0_87:0_88:0_89:0_90:0_91:0_92:0_93:0_94:0_95:0_96:0_97:0_98:0_99:0_100:0_101:0_102:0_103:0_104:0_105:0_106:0_107:0_108:0_109:0_110:0_111:0_112:0_113:0_114:0_115:0_116:0_117:0_118:0_119:0_120:0_121:0_122:0_123:0_124:0_125:0_126:0_127:0_128:0_129:0_130:0_131:0_132:0_133:0_134:0_135:0_136:0_137:0_138:0_139:0_140:0_141:0_142:0_143:0_144:0_145:0_146:0_147:0_148:0_149:0_150:0_151:0_152:0_153:0_154:0_155:0_156:0_157:0_158:0_159:0_160:0,0:1,0,0,1:0_2:0_3:0_4:0_5:0_6:0_7:0_8:0_9:0_10:0_11:0_12:0_13:0_14:0_15:0_16:0_17:0_18:0_19:0_20:0_21:0_22:0_23:0_24:0_25:0_26:0_27:0_28:0_29:0_30:0_31:0_32:0_33:0_34:0_35:0_36:0_37:0_38:0_39:0_40:0_41:0_42:0_43:0_44:0_45:0_46:0_47:0_48:0_49:0_50:0_51:0_52:0_53:0_54:0_55:0_56:0_57:0_58:0_59:0_60:0_61:0_62:0_63:0_64:0_65:0_66:0_67:0_68:0_69:0_70:0_71:0_72:0_73:0_74:0_75:0_76:0_77:0_78:0_79:0_80:0_81:0_82:0_83:0_84:0_85:0_86:0_87:0_88:0_89:0_90:0_91:0_92:0_93:0_94:0_95:0_96:0_97:0_98:0_99:0_100:0_101:0_102:0_103:0_104:0_105:0_106:0_107:0_108:0_109:0_110:0_111:0_112:0_113:0_114:0_115:0_116:0_117:0_118:0_119:0_120:0_121:0_122:0_123:0_124:0_125:0_126:0_127:0_128:0_129:0_130:0_131:0_132:0_133:0_134:0_135:0_136:0_137:0_138:0_139:0_140:0_141:0_142:0_143:0_144:0_145:0_146:0_147:0_148:0_149:0_150:0_151:0_152:0_153:0_154:0_155:0_156:0_157:0_158:0_159:0_160:0,0:1,0,0,0,0
290010,,"42761010,42663010",1:0_2:0_3:0_4:0_5:0_6:0_7:0_8:0_9:0_10:0_11:0_12:0_13:0_14:0_15:0_16:0_17:0_18:0_19:0_20:0_21:0_22:0_23:0_24:0_25:0_26:0_27:0_28:0_29:0_30:0_31:0_32:0_33:0_34:0_35:0_36:0_37:0_38:0_39:0_40:0_41:0_42:0_43:0_44:0_45:0_46:0_47:0_48:0_49:0_50:0_51:0_52:0_53:0_54:0_55:0_56:0_57:0_58:0_59:0_60:0_61:0_62:0_63:0_64:0_65:0_66:0_67:0_68:0_69:0_70:0_71:0_72:0_73:0_74:0_75:0_76:0_77:0_78:0_79:0_80:0_81:0_82:0_83:0_84:0_85:0_86:0_87:0_88:0_89:0_90:0_91:0_92:0_93:0_94:0_95:0_96:0_97:0_98:0_99:0_100:0_101:0_102:0_103:0_104:0_105:0_106:0_107:0_108:0_109:0_110:0_111:0_112:0_113:0_114:0_115:0_116:0_117:0_118:0_119:0_120:0_121:0_122:0_123:0_124:0_125:0_126:0_127:0_128:0_129:0_130:0_131:0_132:0_133:0_134:0_135:0_136:0_137:0_138:0_139:0_140:0_141:0_142:0_143:0_144:0_145:0_146:0_147:0_148:0_149:0_150:0_151:0_152:0_153:0_154:0_155:0_156:0_157:0_158:0_159:0_160:0,0:1,0,0,1:0_2:0_3:0_4:0_5:0_6:0_7:0_8:0_9:0_10:0_11:0_12:0_13:0_14:0_15:0_16:0_17:0_18:0_19:0_20:0_21:0_22:0_23:0_24:0_25:0_26:0_27:0_28:0_29:0_30:0_31:0_32:0_33:0_34:0_35:0_36:0_37:0_38:0_39:0_40:0_41:0_42:0_43:0_44:0_45:0_46:0_47:0_48:0_49:0_50:0_51:0_52:0_53:0_54:0_55:0_56:0_57:0_58:0_59:0_60:0_61:0_62:0_63:0_64:0_65:0_66:0_67:0_68:0_69:0_70:0_71:0_72:0_73:0_74:0_75:0_76:0_77:0_78:0_79:0_80:0_81:0_82:0_83:0_84:0_85:0_86:0_87:0_88:0_89:0_90:0_91:0_92:0_93:0_94:0_95:0_96:0_97:0_98:0_99:0_100:0_101:0_102:0_103:0_104:0_105:0_106:0_107:0_108:0_109:0_110:0_111:0_112:0_113:0_114:0_115:0_116:0_117:0_118:0_119:0_120:0_121:0_122:0_123:0_124:0_125:0_126:0_127:0_128:0_129:0_130:0_131:0_132:0_133:0_134:0_135:0_136:0_137:0_138:0_139:0_140:0_141:0_142:0_143:0_144:0_145:0_146:0_147:0_148:0_149:0_150:0_151:0_152:0_153:0_154:0_155:0_156:0_157:0_158:0_159:0_160:0,0:1,0,0,0,0
300020,,"42761010,42663010",1:0_2:0_3:0_4:0_5:0_6:0_7:0_8:0_9:0_10:0_11:0_12:0_13:0_14:0_15:0_16:0_17:0_18:0_19:0_20:0_21:0_22:0_23:0_24:0_25:0_26:0_27:0_28:0_29:0_30:0_31:0_32:0_33:0_34:0_35:0_36:0_37:0_38:0_39:0_40:0_41:0_42:0_43:0_44:0_45:0_46:0_47:0_48:0_49:0_50:0_51:0_52:0_53:0_54:0_55:0_56:0_57:0_58:0_59:0_60:0_61:0_62:0_63:0_64:0_65:0_66:0_67:0_68:0_69:0_70:0_71:0_72:0_73:0_74:0_75:0_76:0_77:0_78:0_79:0_80:0_81:0_82:0_83:0_84:0_85:0_86:0_87:0_88:0_89:0_90:0_91:0_92:0_93:0_94:0_95:0_96:0_97:0_98:0_99:0_100:0_101:0_102:0_103:0_104:0_105:0_106:0_107:0_108:0_109:0_110:0_111:0_112:0_113:0_114:0_115:0_116:0_117:0_118:0_119:0_120:0_121:0_122:0_123:0_124:0_125:0_126:0_127:0_128:0_129:0_130:0_131:0_132:0_133:0_134:0_135:0_136:0_137:0_138:0_139:0_140:0_141:0_142:0_143:0_144:0_145:0_146:0_147:0_148:0_149:0_150:0_151:0_152:0_153:0_154:0_155:0_156:0_157:0_158:0_159:0_160:0,0:1,0,0,1:0_2:0_3:0_4:0_5:0_6:0_7:0_8:0_9:0_10:0_11:0_12:0_13:0_14:0_15:0_16:0_17:0_18:0_19:0_20:0_21:0_22:0_23:0_24:0_25:0_26:0_27:0_28:0_29:0_30:0_31:0_32:0_33:0_34:0_35:0_36:0_37:0_38:0_39:0_40:0_41:0_42:0_43:0_44:0_45:0_46:0_47:0_48:0_49:0_50:0_51:0_52:0_53:0_54:0_55:0_56:0_57:0_58:0_59:0_60:0_61:0_62:0_63:0_64:0_65:0_66:0_67:0_68:0_69:0_70:0_71:0_72:0_73:0_74:0_75:0_76:0_77:0_78:0_79:0_80:0_81:0_82:0_83:0_84:0_85:0_86:0_87:0_88:0_89:0_90:0_91:0_92:0_93:0_94:0_95:0_96:0_97:0_98:0_99:0_100:0_101:0_102:0_103:0_104:0_105:0_106:0_107:0_108:0_109:0_110:0_111:0_112:0_113:0_114:0_115:0_116:0_117:0_118:0_119:0_120:0_121:0_122:0_123:0_124:0_125:0_126:0_127:0_128:0_129:0_130:0_131:0_132:0_133:0_134:0_135:0_136:0_137:0_138:0_139:0_140:0_141:0_142:0_143:0_144:0_145:0_146:0_147:0_148:0_149:0_150:0_151:0_152:0_153:0_154:0_155:0_156:0_157:0_158:0_159:0_160:0,0:1,0,0,0,0
300010,,"42761010,42663010",1:0_2:0_3:0_4:0_5:0_6:0_7:0_8:0_9:0_10:0_11:0_12:0_13:0_14:0_15:0_16:0_17:0_18:0_19:0_20:0_21:0_22:0_23:0_24:0_25:0_26:0_27:0_28:0_29:0_30:0_31:0_32:0_33:0_34:0_35:0_36:0_37:0_38:0_39:0_40:0_41:0_42:0_43:0_44:0_45:0_46:0_47:0_48:0_49:0_50:0_51:0_52:0_53:0_54:0_55:0_56:0_57:0_58:0_59:0_60:0_61:0_62:0_63:0_64:0_65:0_66:0_67:0_68:0_69:0_70:0_71:0_72:0_73:0_74:0_75:0_76:0_77:0_78:0_79:0_80:0_81:0_82:0_83:0_84:0_85:0_86:0_87:0_88:0_89:0_90:0_91:0_92:0_93:0_94:0_95:0_96:0_97:0_98:0_99:0_100:0_101:0_102:0_103:0_104:0_105:0_106:0_107:0_108:0_109:0_110:0_111:0_112:0_113:0_114:0_115:0_116:0_117:0_118:0_119:0_120:0_121:0_122:0_123:0_124:0_125:0_126:0_127:0_128:0_129:0_130:0_131:0_132:0_133:0_134:0_135:0_136:0_137:0_138:0_139:0_140:0_141:0_142:0_143:0_144:0_145:0_146:0_147:0_148:0_149:0_150:0_151:0_152:0_153:0_154:0_155:0_156:0_157:0_158:0_159:0_160:0,0:1,0,0,1:0_2:0_3:0_4:0_5:0_6:0_7:0_8:0_9:0_10:0_11:0_12:0_13:0_14:0_15:0_16:0_17:0_18:0_19:0_20:0_21:0_22:0_23:0_24:0_25:0_26:0_27:0_28:0_29:0_30:0_31:0_32:0_33:0_34:0_35:0_36:0_37:0_38:0_39:0_40:0_41:0_42:0_43:0_44:0_45:0_46:0_47:0_48:0_49:0_50:0_51:0_52:0_53:0_54:0_55:0_56:0_57:0_58:0_59:0_60:0_61:0_62:0_63:0_64:0_65:0_66:0_67:0_68:0_69:0_70:0_71:0_72:0_73:0_74:0_75:0_76:0_77:0_78:0_79:0_80:0_81:0_82:0_83:0_84:0_85:0_86:0_87:0_88:0_89:0_90:0_91:0_92:0_93:0_94:0_95:0_96:0_97:0_98:0_99:0_100:0_101:0_102:0_103:0_104:0_105:0_106:0_107:0_108:0_109:0_110:0_111:0_112:0_113:0_114:0_115:0_116:0_117:0_118:0_119:0_120:0_121:0_122:0_123:0_124:0_125:0_126:0_127:0_128:0_129:0_130:0_131:0_132:0_133:0_134:0_135:0_136:0_137:0_138:0_139:0_140:0_141:0_142:0_143:0_144:0_145:0_146:0_147:0_148:0_149:0_150:0_151:0_152:0_153:0_154:0_155:0_156:0_157:0_158:0_159:0_160:0,0:1,0,0,0,0
300001,,0,1:0_2:0_3:0_4:0_5:0_6:0_7:0_8:0_9:0_10:0_11:0_12:0_13:0_14:0_15:0_16:0_17:0_18:0_19:0_20:0_21:0_22:0_23:0_24:0_25:0_26:0_27:0_28:0_29:0_30:0_31:0_32:0_33:0_34:0_35:0_36:0_37:0_38:0_39:0_40:0_41:0_42:0_43:0_44:0_45:0_46:0_47:0_48:0_49:0_50:0_51:0_52:0_53:0_54:0_55:0_56:0_57:0_58:0_59:0_60:0_61:0_62:0_63:0_64:0_65:0_66:0_67:0_68:0_69:0_70:0_71:0_72:0_73:0_74:0_75:0_76:0_77:0_78:0_79:0_80:0_81:0_82:0_83:0_84:0_85:0_86:0_87:0_88:0_89:0_90:0_91:0_92:0_93:0_94:0_95:0_96:0_97:0_98:0_99:0_100:0_101:0_102:0_103:0_104:0_105:0_106:0_107:0_108:0_109:0_110:0_111:0_112:0_113:0_114:0_115:0_116:0_117:0_118:0_119:0_120:0_121:0_122:0_123:0_124:0_125:0_126:0_127:0_128:0_129:0_130:0_131:0_132:0_133:0_134:0_135:0_136:0_137:0_138:0_139:0_140:0_141:0_142:0_143:0_144:0_145:0_146:0_147:0_148:0_149:0_150:0_151:0_152:0_153:0_154:0_155:0_156:0_157:0_158:0_159:0_160:0,46700001:2,0,42633001,1:0_2:0_3:0_4:0_5:0_6:0_7:0_8:0_9:0_10:0_11:0_12:0_13:0_14:0_15:0_16:0_17:0_18:0_19:0_20:0_21:0_22:0_23:0_24:0_25:0_26:0_27:0_28:0_29:0_30:0_31:0_32:0_33:0_34:0_35:0_36:0_37:0_38:0_39:0_40:0_41:0_42:0_43:0_44:0_45:0_46:0_47:0_48:0_49:0_50:0_51:0_52:0_53:0_54:0_55:0_56:0_57:0_58:0_59:0_60:0_61:0_62:0_63:0_64:0_65:0_66:0_67:0_68:0_69:0_70:0_71:0_72:0_73:0_74:0_75:0_76:0_77:0_78:0_79:0_80:0_81:0_82:0_83:0_84:0_85:0_86:0_87:0_88:0_89:0_90:0_91:0_92:0_93:0_94:0_95:0_96:0_97:0_98:0_99:0_100:0_101:0_102:0_103:0_104:0_105:0_106:0_107:0_108:0_109:0_110:0_111:0_112:0_113:0_114:0_115:0_116:0_117:0_118:0_119:0_120:0_121:0_122:0_123:0_124:0_125:0_126:0_127:0_128:0_129:0_130:0_131:0_132:0_133:0_134:0_135:0_136:0_137:0_138:0_139:0_140:0_141:0_142:0_143:0_144:0_145:0_146:0_147:0_148:0_149:0_150:0_151:0_152:0_153:0_154:0_155:0_156:0_157:0_158:0_159:0_160:0,0:1,5,2,1,2
300002,,0,1:0_2:0_3:0_4:0_5:0_6:0_7:0_8:0_9:0_10:0_11:0_12:0_13:0_14:0_15:0_16:0_17:0_18:0_19:0_20:0_21:0_22:0_23:0_24:0_25:0_26:0_27:0_28:0_29:0_30:0_31:0_32:0_33:0_34:0_35:0_36:0_37:0_38:0_39:0_40:0_41:0_42:0_43:0_44:0_45:0_46:0_47:0_48:0_49:0_50:0_51:0_52:0_53:0_54:0_55:0_56:0_57:0_58:0_59:0_60:0_61:0_62:0_63:0_64:0_65:0_66:0_67:0_68:0_69:0_70:0_71:0_72:0_73:0_74:0_75:0_76:0_77:0_78:0_79:0_80:0_81:0_82:0_83:0_84:0_85:0_86:0_87:0_88:0_89:0_90:0_91:0_92:0_93:0_94:0_95:0_96:0_97:0_98:0_99:0_100:0_101:0_102:0_103:0_104:0_105:0_106:0_107:0_108:0_109:0_110:0_111:0_112:0_113:0_114:0_115:0_116:0_117:0_118:0_119:0_120:0_121:0_122:0_123:0_124:0_125:0_126:0_127:0_128:0_129:0_130:0_131:0_132:0_133:0_134:0_135:0_136:0_137:0_138:0_139:0_140:0_141:0_142:0_143:0_144:0_145:0_146:0_147:0_148:0_149:0_150:0_151:0_152:0_153:0_154:0_155:0_156:0_157:0_158:0_159:0_160:0,46700001:1,0,0,1:0_2:0_3:0_4:0_5:0_6:0_7:0_8:0_9:0_10:0_11:0_12:0_13:0_14:0_15:0_16:0_17:0_18:0_19:0_20:0_21:0_22:0_23:0_24:0_25:0_26:0_27:0_28:0_29:0_30:0_31:0_32:0_33:0_34:0_35:0_36:0_37:0_38:0_39:0_40:0_41:0_42:0_43:0_44:0_45:0_46:0_47:0_48:0_49:0_50:0_51:0_52:0_53:0_54:0_55:0_56:0_57:0_58:0_59:0_60:0_61:0_62:0_63:0_64:0_65:0_66:0_67:0_68:0_69:0_70:0_71:0_72:0_73:0_74:0_75:0_76:0_77:0_78:0_79:0_80:0_81:0_82:0_83:0_84:0_85:0_86:0_87:0_88:0_89:0_90:0_91:0_92:0_93:0_94:0_95:0_96:0_97:0_98:0_99:0_100:0_101:0_102:0_103:0_104:0_105:0_106:0_107:0_108:0_109:0_110:0_111:0_112:0_113:0_114:0_115:0_116:0_117:0_118:0_119:0_120:0_121:0_122:0_123:0_124:0_125:0_126:0_127:0_128:0_129:0_130:0_131:0_132:0_133:0_134:0_135:0_136:0_137:0_138:0_139:0_140:0_141:0_142:0_143:0_144:0_145:0_146:0_147:0_148:0_149:0_150:0_151:0_152:0_153:0_154:0_155:0_156:0_157:0_158:0_159:0_160:0,46700001:4,5,5,1,1
300003,,0,1:0_2:0_3:0_4:0_5:0_6:0_7:0_8:0_9:0_10:0_11:0_12:0_13:0_14:0_15:0_16:0_17:0_18:0_19:0_20:0_21:0_22:0_23:0_24:0_25:0_26:0_27:0_28:0_29:0_30:0_31:0_32:0_33:0_34:0_35:0_36:0_37:0_38:0_39:0_40:0_41:0_42:0_43:0_44:0_45:0_46:0_47:0_48:0_49:0_50:0_51:0_52:0_53:0_54:0_55:0_56:0_57:0_58:0_59:0_60:0_61:0_62:0_63:0_64:0_65:0_66:0_67:0_68:0_69:0_70:0_71:0_72:0_73:0_74:0_75:0_76:0_77:0_78:0_79:0_80:0_81:0_82:0_83:0_84:0_85:0_86:0_87:0_88:0_89:0_90:0_91:0_92:0_93:0_94:0_95:0_96:0_97:0_98:0_99:0_100:0_101:0_102:0_103:0_104:0_105:0_106:0_107:0_108:0_109:0_110:0_111:0_112:0_113:0_114:0_115:0_116:0_117:0_118:0_119:0_120:0_121:0_122:0_123:0_124:0_125:0_126:0_127:0_128:0_129:0_130:0_131:0_132:0_133:0_134:0_135:0_136:0_137:0_138:0_139:0_140:0_141:0_142:0_143:0_144:0_145:0_146:0_147:0_148:0_149:0_150:0_151:0_152:0_153:0_154:0_155:0_156:0_157:0_158:0_159:0_160:0,46200001:2,0,0,1:0_2:0_3:0_4:0_5:0_6:0_7:0_8:0_9:0_10:0_11:0_12:0_13:0_14:0_15:0_16:0_17:0_18:0_19:0_20:0_21:0_22:0_23:0_24:0_25:0_26:0_27:0_28:0_29:0_30:0_31:0_32:0_33:0_34:0_35:0_36:0_37:0_38:0_39:0_40:0_41:0_42:0_43:0_44:0_45:0_46:0_47:0_48:0_49:0_50:0_51:0_52:0_53:0_54:0_55:0_56:0_57:0_58:0_59:0_60:0_61:0_62:0_63:0_64:0_65:0_66:0_67:0_68:0_69:0_70:0_71:0_72:0_73:0_74:0_75:0_76:0_77:0_78:0_79:0_80:0_81:0_82:0_83:0_84:0_85:0_86:0_87:0_88:0_89:0_90:0_91:0_92:0_93:0_94:0_95:0_96:0_97:0_98:0_99:0_100:0_101:0_102:0_103:0_104:0_105:0_106:0_107:0_108:0_109:0_110:0_111:0_112:0_113:0_114:0_115:0_116:0_117:0_118:0_119:0_120:0_121:0_122:0_123:0_124:0_125:0_126:0_127:0_128:0_129:0_130:0_131:0_132:0_133:0_134:0_135:0_136:0_137:0_138:0_139:0_140:0_141:0_142:0_143:0_144:0_145:0_146:0_147:0_148:0_149:0_150:0_151:0_152:0_153:0_154:0_155:0_156:0_157:0_158:0_159:0_160:0,46200001:10,4,4,1,1
300004,,0,1:0_2:0_3:0_4:0_5:0_6:0_7:0_8:0_9:0_10:0_11:0_12:0_13:0_14:0_15:0_16:0_17:0_18:0_19:0_20:0_21:0_22:0_23:0_24:0_25:0_26:0_27:0_28:0_29:0_30:0_31:0_32:0_33:0_34:0_35:0_36:0_37:0_38:0_39:0_40:0_41:0_42:0_43:0_44:0_45:0_46:0_47:0_48:0_49:0_50:0_51:0_52:0_53:0_54:0_55:0_56:0_57:0_58:0_59:0_60:0_61:0_62:0_63:0_64:0_65:0_66:0_67:0_68:0_69:0_70:0_71:0_72:0_73:0_74:0_75:0_76:0_77:0_78:0_79:0_80:0_81:0_82:0_83:0_84:0_85:0_86:0_87:0_88:0_89:0_90:0_91:0_92:0_93:0_94:0_95:0_96:0_97:0_98:0_99:0_100:0_101:0_102:0_103:0_104:0_105:0_106:0_107:0_108:0_109:0_110:0_111:0_112:0_113:0_114:0_115:0_116:0_117:0_118:0_119:0_120:0_121:0_122:0_123:0_124:0_125:0_126:0_127:0_128:0_129:0_130:0_131:0_132:0_133:0_134:0_135:0_136:0_137:0_138:0_139:0_140:0_141:0_142:0_143:0_144:0_145:0_146:0_147:0_148:0_149:0_150:0_151:0_152:0_153:0_154:0_155:0_156:0_157:0_158:0_159:0_160:0,46700001:2,0,42731001,1:0_2:0_3:0_4:0_5:0_6:0_7:0_8:0_9:0_10:0_11:0_12:0_13:0_14:0_15:0_16:0_17:0_18:0_19:0_20:0_21:0_22:0_23:0_24:0_25:0_26:0_27:0_28:0_29:0_30:0_31:0_32:0_33:0_34:0_35:0_36:0_37:0_38:0_39:0_40:0_41:0_42:0_43:0_44:0_45:0_46:0_47:0_48:0_49:0_50:0_51:0_52:0_53:0_54:0_55:0_56:0_57:0_58:0_59:0_60:0_61:0_62:0_63:0_64:0_65:0_66:0_67:0_68:0_69:0_70:0_71:0_72:0_73:0_74:0_75:0_76:0_77:0_78:0_79:0_80:0_81:0_82:0_83:0_84:0_85:0_86:0_87:0_88:0_89:0_90:0_91:0_92:0_93:0_94:0_95:0_96:0_97:0_98:0_99:0_100:0_101:0_102:0_103:0_104:0_105:0_106:0_107:0_108:0_109:0_110:0_111:0_112:0_113:0_114:0_115:0_116:0_117:0_118:0_119:0_120:0_121:0_122:0_123:0_124:0_125:0_126:0_127:0_128:0_129:0_130:0_131:0_132:0_133:0_134:0_135:0_136:0_137:0_138:0_139:0_140:0_141:0_142:0_143:0_144:0_145:0_146:0_147:0_148:0_149:0_150:0_151:0_152:0_153:0_154:0_155:0_156:0_157:0_158:0_159:0_160:0,0:1,5,3,1,2
300005,,0,1:0_2:0_3:0_4:0_5:0_6:0_7:0_8:0_9:0_10:0_11:0_12:0_13:0_14:0_15:0_16:0_17:0_18:0_19:0_20:0_21:0_22:0_23:0_24:0_25:0_26:0_27:0_28:0_29:0_30:0_31:0_32:0_33:0_34:0_35:0_36:0_37:0_38:0_39:0_40:0_41:0_42:0_43:0_44:0_45:0_46:0_47:0_48:0_49:0_50:0_51:0_52:0_53:0_54:0_55:0_56:0_57:0_58:0_59:0_60:0_61:0_62:0_63:0_64:0_65:0_66:0_67:0_68:0_69:0_70:0_71:0_72:0_73:0_74:0_75:0_76:0_77:0_78:0_79:0_80:0_81:0_82:0_83:0_84:0_85:0_86:0_87:0_88:0_89:0_90:0_91:0_92:0_93:0_94:0_95:0_96:0_97:0_98:0_99:0_100:0_101:0_102:0_103:0_104:0_105:0_106:0_107:0_108:0_109:0_110:0_111:0_112:0_113:0_114:0_115:0_116:0_117:0_118:0_119:0_120:0_121:0_122:0_123:0_124:0_125:0_126:0_127:0_128:0_129:0_130:0_131:0_132:0_133:0_134:0_135:0_136:0_137:0_138:0_139:0_140:0_141:0_142:0_143:0_144:0_145:0_146:0_147:0_148:0_149:0_150:0_151:0_152:0_153:0_154:0_155:0_156:0_157:0_158:0_159:0_160:0,46700001:4,0,42653001,1:0_2:0_3:0_4:0_5:0_6:0_7:0_8:0_9:0_10:0_11:0_12:0_13:0_14:0_15:0_16:0_17:0_18:0_19:0_20:0_21:0_22:0_23:0_24:0_25:0_26:0_27:0_28:0_29:0_30:0_31:0_32:0_33:0_34:0_35:0_36:0_37:0_38:0_39:0_40:0_41:0_42:0_43:0_44:0_45:0_46:0_47:0_48:0_49:0_50:0_51:0_52:0_53:0_54:0_55:0_56:0_57:0_58:0_59:0_60:0_61:0_62:0_63:0_64:0_65:0_66:0_67:0_68:0_69:0_70:0_71:0_72:0_73:0_74:0_75:0_76:0_77:0_78:0_79:0_80:0_81:0_82:0_83:0_84:0_85:0_86:0_87:0_88:0_89:0_90:0_91:0_92:0_93:0_94:0_95:0_96:0_97:0_98:0_99:0_100:0_101:0_102:0_103:0_104:0_105:0_106:0_107:0_108:0_109:0_110:0_111:0_112:0_113:0_114:0_115:0_116:0_117:0_118:0_119:0_120:0_121:0_122:0_123:0_124:0_125:0_126:0_127:0_128:0_129:0_130:0_131:0_132:0_133:0_134:0_135:0_136:0_137:0_138:0_139:0_140:0_141:0_142:0_143:0_144:0_145:0_146:0_147:0_148:0_149:0_150:0_151:0_152:0_153:0_154:0_155:0_156:0_157:0_158:0_159:0_160:0,0:1,5,2,1,3
300006,,0,1:0_2:0_3:0_4:0_5:0_6:0_7:0_8:0_9:0_10:0_11:0_12:0_13:0_14:0_15:0_16:0_17:0_18:0_19:0_20:0_21:0_22:0_23:0_24:0_25:0_26:0_27:0_28:0_29:0_30:0_31:0_32:0_33:0_34:0_35:0_36:0_37:0_38:0_39:0_40:0_41:0_42:0_43:0_44:0_45:0_46:0_47:0_48:0_49:0_50:0_51:0_52:0_53:0_54:0_55:0_56:0_57:0_58:0_59:0_60:0_61:0_62:0_63:0_64:0_65:0_66:0_67:0_68:0_69:0_70:0_71:0_72:0_73:0_74:0_75:0_76:0_77:0_78:0_79:0_80:0_81:0_82:0_83:0_84:0_85:0_86:0_87:0_88:0_89:0_90:0_91:0_92:0_93:0_94:0_95:0_96:0_97:0_98:0_99:0_100:0_101:0_102:0_103:0_104:0_105:0_106:0_107:0_108:0_109:0_110:0_111:0_112:0_113:0_114:0_115:0_116:0_117:0_118:0_119:0_120:0_121:0_122:0_123:0_124:0_125:0_126:0_127:0_128:0_129:0_130:0_131:0_132:0_133:0_134:0_135:0_136:0_137:0_138:0_139:0_140:0_141:0_142:0_143:0_144:0_145:0_146:0_147:0_148:0_149:0_150:0_151:0_152:0_153:0_154:0_155:0_156:0_157:0_158:0_159:0_160:0,46700001:2,0,0,1:0_2:0_3:0_4:0_5:0_6:0_7:0_8:0_9:0_10:0_11:0_12:0_13:0_14:0_15:0_16:0_17:0_18:0_19:0_20:0_21:0_22:0_23:0_24:0_25:0_26:0_27:0_28:0_29:0_30:0_31:0_32:0_33:0_34:0_35:0_36:0_37:0_38:0_39:0_40:0_41:0_42:0_43:0_44:0_45:0_46:0_47:0_48:0_49:0_50:0_51:0_52:0_53:0_54:0_55:0_56:0_57:0_58:0_59:0_60:0_61:0_62:0_63:0_64:0_65:0_66:0_67:0_68:0_69:0_70:0_71:0_72:0_73:0_74:0_75:0_76:0_77:0_78:0_79:0_80:0_81:0_82:0_83:0_84:0_85:0_86:0_87:0_88:0_89:0_90:0_91:0_92:0_93:0_94:0_95:0_96:0_97:0_98:0_99:0_100:0_101:0_102:0_103:0_104:0_105:0_106:0_107:0_108:0_109:0_110:0_111:0_112:0_113:0_114:0_115:0_116:0_117:0_118:0_119:0_120:0_121:0_122:0_123:0_124:0_125:0_126:0_127:0_128:0_129:0_130:0_131:0_132:0_133:0_134:0_135:0_136:0_137:0_138:0_139:0_140:0_141:0_142:0_143:0_144:0_145:0_146:0_147:0_148:0_149:0_150:0_151:0_152:0_153:0_154:0_155:0_156:0_157:0_158:0_159:0_160:0,46700001:8,5,5,1,2
300007,,0,1:0_2:0_3:0_4:0_5:0_6:0_7:0_8:0_9:0_10:0_11:0_12:0_13:0_14:0_15:0_16:0_17:0_18:0_19:0_20:0_21:0_22:0_23:0_24:0_25:0_26:0_27:0_28:0_29:0_30:0_31:0_32:0_33:0_34:0_35:0_36:0_37:0_38:0_39:0_40:0_41:0_42:0_43:0_44:0_45:0_46:0_47:0_48:0_49:0_50:0_51:0_52:0_53:0_54:0_55:0_56:0_57:0_58:0_59:0_60:0_61:0_62:0_63:0_64:0_65:0_66:0_67:0_68:0_69:0_70:0_71:0_72:0_73:0_74:0_75:0_76:0_77:0_78:0_79:0_80:0_81:0_82:0_83:0_84:0_85:0_86:0_87:0_88:0_89:0_90:0_91:0_92:0_93:0_94:0_95:0_96:0_97:0_98:0_99:0_100:0_101:0_102:0_103:0_104:0_105:0_106:0_107:0_108:0_109:0_110:0_111:0_112:0_113:0_114:0_115:0_116:0_117:0_118:0_119:0_120:0_121:0_122:0_123:0_124:0_125:0_126:0_127:0_128:0_129:0_130:0_131:0_132:0_133:0_134:0_135:0_136:0_137:0_138:0_139:0_140:0_141:0_142:0_143:0_144:0_145:0_146:0_147:0_148:0_149:0_150:0_151:0_152:0_153:0_154:0_155:0_156:0_157:0_158:0_159:0_160:0,46200001:4,0,0,1:0_2:0_3:0_4:0_5:0_6:0_7:0_8:0_9:0_10:0_11:0_12:0_13:0_14:0_15:0_16:0_17:0_18:0_19:0_20:0_21:0_22:0_23:0_24:0_25:0_26:0_27:0_28:0_29:0_30:0_31:0_32:0_33:0_34:0_35:0_36:0_37:0_38:0_39:0_40:0_41:0_42:0_43:0_44:0_45:0_46:0_47:0_48:0_49:0_50:0_51:0_52:0_53:0_54:0_55:0_56:0_57:0_58:0_59:0_60:0_61:0_62:0_63:0_64:0_65:0_66:0_67:0_68:0_69:0_70:0_71:0_72:0_73:0_74:0_75:0_76:0_77:0_78:0_79:0_80:0_81:0_82:0_83:0_84:0_85:0_86:0_87:0_88:0_89:0_90:0_91:0_92:0_93:0_94:0_95:0_96:0_97:0_98:0_99:0_100:0_101:0_102:0_103:0_104:0_105:0_106:0_107:0_108:0_109:0_110:0_111:0_112:0_113:0_114:0_115:0_116:0_117:0_118:0_119:0_120:0_121:0_122:0_123:0_124:0_125:0_126:0_127:0_128:0_129:0_130:0_131:0_132:0_133:0_134:0_135:0_136:0_137:0_138:0_139:0_140:0_141:0_142:0_143:0_144:0_145:0_146:0_147:0_148:0_149:0_150:0_151:0_152:0_153:0_154:0_155:0_156:0_157:0_158:0_159:0_160:0,46200001:20,4,4,1,2
300008,,0,1:0_2:0_3:0_4:0_5:0_6:0_7:0_8:0_9:0_10:0_11:0_12:0_13:0_14:0_15:0_16:0_17:0_18:0_19:0_20:0_21:0_22:0_23:0_24:0_25:0_26:0_27:0_28:0_29:0_30:0_31:0_32:0_33:0_34:0_35:0_36:0_37:0_38:0_39:0_40:0_41:0_42:0_43:0_44:0_45:0_46:0_47:0_48:0_49:0_50:0_51:0_52:0_53:0_54:0_55:0_56:0_57:0_58:0_59:0_60:0_61:0_62:0_63:0_64:0_65:0_66:0_67:0_68:0_69:0_70:0_71:0_72:0_73:0_74:0_75:0_76:0_77:0_78:0_79:0_80:0_81:0_82:0_83:0_84:0_85:0_86:0_87:0_88:0_89:0_90:0_91:0_92:0_93:0_94:0_95:0_96:0_97:0_98:0_99:0_100:0_101:0_102:0_103:0_104:0_105:0_106:0_107:0_108:0_109:0_110:0_111:0_112:0_113:0_114:0_115:0_116:0_117:0_118:0_119:0_120:0_121:0_122:0_123:0_124:0_125:0_126:0_127:0_128:0_129:0_130:0_131:0_132:0_133:0_134:0_135:0_136:0_137:0_138:0_139:0_140:0_141:0_142:0_143:0_144:0_145:0_146:0_147:0_148:0_149:0_150:0_151:0_152:0_153:0_154:0_155:0_156:0_157:0_158:0_159:0_160:0,46700001:4,0,42751001,1:0_2:0_3:0_4:0_5:0_6:0_7:0_8:0_9:0_10:0_11:0_12:0_13:0_14:0_15:0_16:0_17:0_18:0_19:0_20:0_21:0_22:0_23:0_24:0_25:0_26:0_27:0_28:0_29:0_30:0_31:0_32:0_33:0_34:0_35:0_36:0_37:0_38:0_39:0_40:0_41:0_42:0_43:0_44:0_45:0_46:0_47:0_48:0_49:0_50:0_51:0_52:0_53:0_54:0_55:0_56:0_57:0_58:0_59:0_60:0_61:0_62:0_63:0_64:0_65:0_66:0_67:0_68:0_69:0_70:0_71:0_72:0_73:0_74:0_75:0_76:0_77:0_78:0_79:0_80:0_81:0_82:0_83:0_84:0_85:0_86:0_87:0_88:0_89:0_90:0_91:0_92:0_93:0_94:0_95:0_96:0_97:0_98:0_99:0_100:0_101:0_102:0_103:0_104:0_105:0_106:0_107:0_108:0_109:0_110:0_111:0_112:0_113:0_114:0_115:0_116:0_117:0_118:0_119:0_120:0_121:0_122:0_123:0_124:0_125:0_126:0_127:0_128:0_129:0_130:0_131:0_132:0_133:0_134:0_135:0_136:0_137:0_138:0_139:0_140:0_141:0_142:0_143:0_144:0_145:0_146:0_147:0_148:0_149:0_150:0_151:0_152:0_153:0_154:0_155:0_156:0_157:0_158:0_159:0_160:0,0:1,5,3,1,3
300009,,0,1:0_2:0_3:0_4:0_5:0_6:0_7:0_8:0_9:0_10:0_11:0_12:0_13:0_14:0_15:0_16:0_17:0_18:0_19:0_20:0_21:0_22:0_23:0_24:0_25:0_26:0_27:0_28:0_29:0_30:0_31:0_32:0_33:0_34:0_35:0_36:0_37:0_38:0_39:0_40:0_41:0_42:0_43:0_44:0_45:0_46:0_47:0_48:0_49:0_50:0_51:0_52:0_53:0_54:0_55:0_56:0_57:0_58:0_59:0_60:0_61:0_62:0_63:0_64:0_65:0_66:0_67:0_68:0_69:0_70:0_71:0_72:0_73:0_74:0_75:0_76:0_77:0_78:0_79:0_80:0_81:0_82:0_83:0_84:0_85:0_86:0_87:0_88:0_89:0_90:0_91:0_92:0_93:0_94:0_95:0_96:0_97:0_98:0_99:0_100:0_101:0_102:0_103:0_104:0_105:0_106:0_107:0_108:0_109:0_110:0_111:0_112:0_113:0_114:0_115:0_116:0_117:0_118:0_119:0_120:0_121:0_122:0_123:0_124:0_125:0_126:0_127:0_128:0_129:0_130:0_131:0_132:0_133:0_134:0_135:0_136:0_137:0_138:0_139:0_140:0_141:0_142:0_143:0_144:0_145:0_146:0_147:0_148:0_149:0_150:0_151:0_152:0_153:0_154:0_155:0_156:0_157:0_158:0_159:0_160:0,46200001:6,0,0,1:0_2:0_3:0_4:0_5:0_6:0_7:0_8:0_9:0_10:0_11:0_12:0_13:0_14:0_15:0_16:0_17:0_18:0_19:0_20:0_21:0_22:0_23:0_24:0_25:0_26:0_27:0_28:0_29:0_30:0_31:0_32:0_33:0_34:0_35:0_36:0_37:0_38:0_39:0_40:0_41:0_42:0_43:0_44:0_45:0_46:0_47:0_48:0_49:0_50:0_51:0_52:0_53:0_54:0_55:0_56:0_57:0_58:0_59:0_60:0_61:0_62:0_63:0_64:0_65:0_66:0_67:0_68:0_69:0_70:0_71:0_72:0_73:0_74:0_75:0_76:0_77:0_78:0_79:0_80:0_81:0_82:0_83:0_84:0_85:0_86:0_87:0_88:0_89:0_90:0_91:0_92:0_93:0_94:0_95:0_96:0_97:0_98:0_99:0_100:0_101:0_102:0_103:0_104:0_105:0_106:0_107:0_108:0_109:0_110:0_111:0_112:0_113:0_114:0_115:0_116:0_117:0_118:0_119:0_120:0_121:0_122:0_123:0_124:0_125:0_126:0_127:0_128:0_129:0_130:0_131:0_132:0_133:0_134:0_135:0_136:0_137:0_138:0_139:0_140:0_141:0_142:0_143:0_144:0_145:0_146:0_147:0_148:0_149:0_150:0_151:0_152:0_153:0_154:0_155:0_156:0_157:0_158:0_159:0_160:0,46200001:30,4,4,1,3
300011,,0,1:0_2:0_3:0_4:0_5:0_6:0_7:0_8:0_9:0_10:0_11:0_12:0_13:0_14:0_15:0_16:0_17:0_18:0_19:0_20:0_21:0_22:0_23:0_24:0_25:0_26:0_27:0_28:0_29:0_30:0_31:0_32:0_33:0_34:0_35:0_36:0_37:0_38:0_39:0_40:0_41:0_42:0_43:0_44:0_45:0_46:0_47:0_48:0_49:0_50:0_51:0_52:0_53:0_54:0_55:0_56:0_57:0_58:0_59:0_60:0_61:0_62:0_63:0_64:0_65:0_66:0_67:0_68:0_69:0_70:0_71:0_72:0_73:0_74:0_75:0_76:0_77:0_78:0_79:0_80:0_81:0_82:0_83:0_84:0_85:0_86:0_87:0_88:0_89:0_90:0_91:0_92:0_93:0_94:0_95:0_96:0_97:0_98:0_99:0_100:0_101:0_102:0_103:0_104:0_105:0_106:0_107:0_108:0_109:0_110:0_111:0_112:0_113:0_114:0_115:0_116:0_117:0_118:0_119:0_120:0_121:0_122:0_123:0_124:0_125:0_126:0_127:0_128:0_129:0_130:0_131:0_132:0_133:0_134:0_135:0_136:0_137:0_138:0_139:0_140:0_141:0_142:0_143:0_144:0_145:0_146:0_147:0_148:0_149:0_150:0_151:0_152:0_153:0_154:0_155:0_156:0_157:0_158:0_159:0_160:0,46700001:6,0,42663001,1:0_2:0_3:0_4:0_5:0_6:0_7:0_8:0_9:0_10:0_11:0_12:0_13:0_14:0_15:0_16:0_17:0_18:0_19:0_20:0_21:0_22:0_23:0_24:0_25:0_26:0_27:0_28:0_29:0_30:0_31:0_32:0_33:0_34:0_35:0_36:0_37:0_38:0_39:0_40:0_41:0_42:0_43:0_44:0_45:0_46:0_47:0_48:0_49:0_50:0_51:0_52:0_53:0_54:0_55:0_56:0_57:0_58:0_59:0_60:0_61:0_62:0_63:0_64:0_65:0_66:0_67:0_68:0_69:0_70:0_71:0_72:0_73:0_74:0_75:0_76:0_77:0_78:0_79:0_80:0_81:0_82:0_83:0_84:0_85:0_86:0_87:0_88:0_89:0_90:0_91:0_92:0_93:0_94:0_95:0_96:0_97:0_98:0_99:0_100:0_101:0_102:0_103:0_104:0_105:0_106:0_107:0_108:0_109:0_110:0_111:0_112:0_113:0_114:0_115:0_116:0_117:0_118:0_119:0_120:0_121:0_122:0_123:0_124:0_125:0_126:0_127:0_128:0_129:0_130:0_131:0_132:0_133:0_134:0_135:0_136:0_137:0_138:0_139:0_140:0_141:0_142:0_143:0_144:0_145:0_146:0_147:0_148:0_149:0_150:0_151:0_152:0_153:0_154:0_155:0_156:0_157:0_158:0_159:0_160:0,0:1,5,2,1,4
300012,,0,1:0_2:0_3:0_4:0_5:0_6:0_7:0_8:0_9:0_10:0_11:0_12:0_13:0_14:0_15:0_16:0_17:0_18:0_19:0_20:0_21:0_22:0_23:0_24:0_25:0_26:0_27:0_28:0_29:0_30:0_31:0_32:0_33:0_34:0_35:0_36:0_37:0_38:0_39:0_40:0_41:0_42:0_43:0_44:0_45:0_46:0_47:0_48:0_49:0_50:0_51:0_52:0_53:0_54:0_55:0_56:0_57:0_58:0_59:0_60:0_61:0_62:0_63:0_64:0_65:0_66:0_67:0_68:0_69:0_70:0_71:0_72:0_73:0_74:0_75:0_76:0_77:0_78:0_79:0_80:0_81:0_82:0_83:0_84:0_85:0_86:0_87:0_88:0_89:0_90:0_91:0_92:0_93:0_94:0_95:0_96:0_97:0_98:0_99:0_100:0_101:0_102:0_103:0_104:0_105:0_106:0_107:0_108:0_109:0_110:0_111:0_112:0_113:0_114:0_115:0_116:0_117:0_118:0_119:0_120:0_121:0_122:0_123:0_124:0_125:0_126:0_127:0_128:0_129:0_130:0_131:0_132:0_133:0_134:0_135:0_136:0_137:0_138:0_139:0_140:0_141:0_142:0_143:0_144:0_145:0_146:0_147:0_148:0_149:0_150:0_151:0_152:0_153:0_154:0_155:0_156:0_157:0_158:0_159:0_160:0,46700001:6,0,42761001,1:0_2:0_3:0_4:0_5:0_6:0_7:0_8:0_9:0_10:0_11:0_12:0_13:0_14:0_15:0_16:0_17:0_18:0_19:0_20:0_21:0_22:0_23:0_24:0_25:0_26:0_27:0_28:0_29:0_30:0_31:0_32:0_33:0_34:0_35:0_36:0_37:0_38:0_39:0_40:0_41:0_42:0_43:0_44:0_45:0_46:0_47:0_48:0_49:0_50:0_51:0_52:0_53:0_54:0_55:0_56:0_57:0_58:0_59:0_60:0_61:0_62:0_63:0_64:0_65:0_66:0_67:0_68:0_69:0_70:0_71:0_72:0_73:0_74:0_75:0_76:0_77:0_78:0_79:0_80:0_81:0_82:0_83:0_84:0_85:0_86:0_87:0_88:0_89:0_90:0_91:0_92:0_93:0_94:0_95:0_96:0_97:0_98:0_99:0_100:0_101:0_102:0_103:0_104:0_105:0_106:0_107:0_108:0_109:0_110:0_111:0_112:0_113:0_114:0_115:0_116:0_117:0_118:0_119:0_120:0_121:0_122:0_123:0_124:0_125:0_126:0_127:0_128:0_129:0_130:0_131:0_132:0_133:0_134:0_135:0_136:0_137:0_138:0_139:0_140:0_141:0_142:0_143:0_144:0_145:0_146:0_147:0_148:0_149:0_150:0_151:0_152:0_153:0_154:0_155:0_156:0_157:0_158:0_159:0_160:0,0:1,5,3,1,4
300013,,0,1:0_2:0_3:0_4:0_5:0_6:0_7:0_8:0_9:0_10:0_11:0_12:0_13:0_14:0_15:0_16:0_17:0_18:0_19:0_20:0_21:0_22:0_23:0_24:0_25:0_26:0_27:0_28:0_29:0_30:0_31:0_32:0_33:0_34:0_35:0_36:0_37:0_38:0_39:0_40:0_41:0_42:0_43:0_44:0_45:0_46:0_47:0_48:0_49:0_50:0_51:0_52:0_53:0_54:0_55:0_56:0_57:0_58:0_59:0_60:0_61:0_62:0_63:0_64:0_65:0_66:0_67:0_68:0_69:0_70:0_71:0_72:0_73:0_74:0_75:0_76:0_77:0_78:0_79:0_80:0_81:0_82:0_83:0_84:0_85:0_86:0_87:0_88:0_89:0_90:0_91:0_92:0_93:0_94:0_95:0_96:0_97:0_98:0_99:0_100:0_101:0_102:0_103:0_104:0_105:0_106:0_107:0_108:0_109:0_110:0_111:0_112:0_113:0_114:0_115:0_116:0_117:0_118:0_119:0_120:0_121:0_122:0_123:0_124:0_125:0_126:0_127:0_128:0_129:0_130:0_131:0_132:0_133:0_134:0_135:0_136:0_137:0_138:0_139:0_140:0_141:0_142:0_143:0_144:0_145:0_146:0_147:0_148:0_149:0_150:0_151:0_152:0_153:0_154:0_155:0_156:0_157:0_158:0_159:0_160:0,46700001:3,0,0,1:0_2:0_3:0_4:0_5:0_6:0_7:0_8:0_9:0_10:0_11:0_12:0_13:0_14:0_15:0_16:0_17:0_18:0_19:0_20:0_21:0_22:0_23:0_24:0_25:0_26:0_27:0_28:0_29:0_30:0_31:0_32:0_33:0_34:0_35:0_36:0_37:0_38:0_39:0_40:0_41:0_42:0_43:0_44:0_45:0_46:0_47:0_48:0_49:0_50:0_51:0_52:0_53:0_54:0_55:0_56:0_57:0_58:0_59:0_60:0_61:0_62:0_63:0_64:0_65:0_66:0_67:0_68:0_69:0_70:0_71:0_72:0_73:0_74:0_75:0_76:0_77:0_78:0_79:0_80:0_81:0_82:0_83:0_84:0_85:0_86:0_87:0_88:0_89:0_90:0_91:0_92:0_93:0_94:0_95:0_96:0_97:0_98:0_99:0_100:0_101:0_102:0_103:0_104:0_105:0_106:0_107:0_108:0_109:0_110:0_111:0_112:0_113:0_114:0_115:0_116:0_117:0_118:0_119:0_120:0_121:0_122:0_123:0_124:0_125:0_126:0_127:0_128:0_129:0_130:0_131:0_132:0_133:0_134:0_135:0_136:0_137:0_138:0_139:0_140:0_141:0_142:0_143:0_144:0_145:0_146:0_147:0_148:0_149:0_150:0_151:0_152:0_153:0_154:0_155:0_156:0_157:0_158:0_159:0_160:0,46700001:12,5,5,1,3
310020,,"42761010,42663010",1:0_2:0_3:0_4:0_5:0_6:0_7:0_8:0_9:0_10:0_11:0_12:0_13:0_14:0_15:0_16:0_17:0_18:0_19:0_20:0_21:0_22:0_23:0_24:0_25:0_26:0_27:0_28:0_29:0_30:0_31:0_32:0_33:0_34:0_35:0_36:0_37:0_38:0_39:0_40:0_41:0_42:0_43:0_44:0_45:0_46:0_47:0_48:0_49:0_50:0_51:0_52:0_53:0_54:0_55:0_56:0_57:0_58:0_59:0_60:0_61:0_62:0_63:0_64:0_65:0_66:0_67:0_68:0_69:0_70:0_71:0_72:0_73:0_74:0_75:0_76:0_77:0_78:0_79:0_80:0_81:0_82:0_83:0_84:0_85:0_86:0_87:0_88:0_89:0_90:0_91:0_92:0_93:0_94:0_95:0_96:0_97:0_98:0_99:0_100:0_101:0_102:0_103:0_104:0_105:0_106:0_107:0_108:0_109:0_110:0_111:0_112:0_113:0_114:0_115:0_116:0_117:0_118:0_119:0_120:0_121:0_122:0_123:0_124:0_125:0_126:0_127:0_128:0_129:0_130:0_131:0_132:0_133:0_134:0_135:0_136:0_137:0_138:0_139:0_140:0_141:0_142:0_143:0_144:0_145:0_146:0_147:0_148:0_149:0_150:0_151:0_152:0_153:0_154:0_155:0_156:0_157:0_158:0_159:0_160:0,0:1,0,0,1:0_2:0_3:0_4:0_5:0_6:0_7:0_8:0_9:0_10:0_11:0_12:0_13:0_14:0_15:0_16:0_17:0_18:0_19:0_20:0_21:0_22:0_23:0_24:0_25:0_26:0_27:0_28:0_29:0_30:0_31:0_32:0_33:0_34:0_35:0_36:0_37:0_38:0_39:0_40:0_41:0_42:0_43:0_44:0_45:0_46:0_47:0_48:0_49:0_50:0_51:0_52:0_53:0_54:0_55:0_56:0_57:0_58:0_59:0_60:0_61:0_62:0_63:0_64:0_65:0_66:0_67:0_68:0_69:0_70:0_71:0_72:0_73:0_74:0_75:0_76:0_77:0_78:0_79:0_80:0_81:0_82:0_83:0_84:0_85:0_86:0_87:0_88:0_89:0_90:0_91:0_92:0_93:0_94:0_95:0_96:0_97:0_98:0_99:0_100:0_101:0_102:0_103:0_104:0_105:0_106:0_107:0_108:0_109:0_110:0_111:0_112:0_113:0_114:0_115:0_116:0_117:0_118:0_119:0_120:0_121:0_122:0_123:0_124:0_125:0_126:0_127:0_128:0_129:0_130:0_131:0_132:0_133:0_134:0_135:0_136:0_137:0_138:0_139:0_140:0_141:0_142:0_143:0_144:0_145:0_146:0_147:0_148:0_149:0_150:0_151:0_152:0_153:0_154:0_155:0_156:0_157:0_158:0_159:0_160:0,0:1,0,0,0,0
310010,,"42761010,42663010",1:0_2:0_3:0_4:0_5:0_6:0_7:0_8:0_9:0_10:0_11:0_12:0_13:0_14:0_15:0_16:0_17:0_18:0_19:0_20:0_21:0_22:0_23:0_24:0_25:0_26:0_27:0_28:0_29:0_30:0_31:0_32:0_33:0_34:0_35:0_36:0_37:0_38:0_39:0_40:0_41:0_42:0_43:0_44:0_45:0_46:0_47:0_48:0_49:0_50:0_51:0_52:0_53:0_54:0_55:0_56:0_57:0_58:0_59:0_60:0_61:0_62:0_63:0_64:0_65:0_66:0_67:0_68:0_69:0_70:0_71:0_72:0_73:0_74:0_75:0_76:0_77:0_78:0_79:0_80:0_81:0_82:0_83:0_84:0_85:0_86:0_87:0_88:0_89:0_90:0_91:0_92:0_93:0_94:0_95:0_96:0_97:0_98:0_99:0_100:0_101:0_102:0_103:0_104:0_105:0_106:0_107:0_108:0_109:0_110:0_111:0_112:0_113:0_114:0_115:0_116:0_117:0_118:0_119:0_120:0_121:0_122:0_123:0_124:0_125:0_126:0_127:0_128:0_129:0_130:0_131:0_132:0_133:0_134:0_135:0_136:0_137:0_138:0_139:0_140:0_141:0_142:0_143:0_144:0_145:0_146:0_147:0_148:0_149:0_150:0_151:0_152:0_153:0_154:0_155:0_156:0_157:0_158:0_159:0_160:0,0:1,0,0,1:0_2:0_3:0_4:0_5:0_6:0_7:0_8:0_9:0_10:0_11:0_12:0_13:0_14:0_15:0_16:0_17:0_18:0_19:0_20:0_21:0_22:0_23:0_24:0_25:0_26:0_27:0_28:0_29:0_30:0_31:0_32:0_33:0_34:0_35:0_36:0_37:0_38:0_39:0_40:0_41:0_42:0_43:0_44:0_45:0_46:0_47:0_48:0_49:0_50:0_51:0_52:0_53:0_54:0_55:0_56:0_57:0_58:0_59:0_60:0_61:0_62:0_63:0_64:0_65:0_66:0_67:0_68:0_69:0_70:0_71:0_72:0_73:0_74:0_75:0_76:0_77:0_78:0_79:0_80:0_81:0_82:0_83:0_84:0_85:0_86:0_87:0_88:0_89:0_90:0_91:0_92:0_93:0_94:0_95:0_96:0_97:0_98:0_99:0_100:0_101:0_102:0_103:0_104:0_105:0_106:0_107:0_108:0_109:0_110:0_111:0_112:0_113:0_114:0_115:0_116:0_117:0_118:0_119:0_120:0_121:0_122:0_123:0_124:0_125:0_126:0_127:0_128:0_129:0_130:0_131:0_132:0_133:0_134:0_135:0_136:0_137:0_138:0_139:0_140:0_141:0_142:0_143:0_144:0_145:0_146:0_147:0_148:0_149:0_150:0_151:0_152:0_153:0_154:0_155:0_156:0_157:0_158:0_159:0_160:0,0:1,0,0,0,0
320020,,"42761010,42663010",1:0_2:0_3:0_4:0_5:0_6:0_7:0_8:0_9:0_10:0_11:0_12:0_13:0_14:0_15:0_16:0_17:0_18:0_19:0_20:0_21:0_22:0_23:0_24:0_25:0_26:0_27:0_28:0_29:0_30:0_31:0_32:0_33:0_34:0_35:0_36:0_37:0_38:0_39:0_40:0_41:0_42:0_43:0_44:0_45:0_46:0_47:0_48:0_49:0_50:0_51:0_52:0_53:0_54:0_55:0_56:0_57:0_58:0_59:0_60:0_61:0_62:0_63:0_64:0_65:0_66:0_67:0_68:0_69:0_70:0_71:0_72:0_73:0_74:0_75:0_76:0_77:0_78:0_79:0_80:0_81:0_82:0_83:0_84:0_85:0_86:0_87:0_88:0_89:0_90:0_91:0_92:0_93:0_94:0_95:0_96:0_97:0_98:0_99:0_100:0_101:0_102:0_103:0_104:0_105:0_106:0_107:0_108:0_109:0_110:0_111:0_112:0_113:0_114:0_115:0_116:0_117:0_118:0_119:0_120:0_121:0_122:0_123:0_124:0_125:0_126:0_127:0_128:0_129:0_130:0_131:0_132:0_133:0_134:0_135:0_136:0_137:0_138:0_139:0_140:0_141:0_142:0_143:0_144:0_145:0_146:0_147:0_148:0_149:0_150:0_151:0_152:0_153:0_154:0_155:0_156:0_157:0_158:0_159:0_160:0,0:1,0,0,1:0_2:0_3:0_4:0_5:0_6:0_7:0_8:0_9:0_10:0_11:0_12:0_13:0_14:0_15:0_16:0_17:0_18:0_19:0_20:0_21:0_22:0_23:0_24:0_25:0_26:0_27:0_28:0_29:0_30:0_31:0_32:0_33:0_34:0_35:0_36:0_37:0_38:0_39:0_40:0_41:0_42:0_43:0_44:0_45:0_46:0_47:0_48:0_49:0_50:0_51:0_52:0_53:0_54:0_55:0_56:0_57:0_58:0_59:0_60:0_61:0_62:0_63:0_64:0_65:0_66:0_67:0_68:0_69:0_70:0_71:0_72:0_73:0_74:0_75:0_76:0_77:0_78:0_79:0_80:0_81:0_82:0_83:0_84:0_85:0_86:0_87:0_88:0_89:0_90:0_91:0_92:0_93:0_94:0_95:0_96:0_97:0_98:0_99:0_100:0_101:0_102:0_103:0_104:0_105:0_106:0_107:0_108:0_109:0_110:0_111:0_112:0_113:0_114:0_115:0_116:0_117:0_118:0_119:0_120:0_121:0_122:0_123:0_124:0_125:0_126:0_127:0_128:0_129:0_130:0_131:0_132:0_133:0_134:0_135:0_136:0_137:0_138:0_139:0_140:0_141:0_142:0_143:0_144:0_145:0_146:0_147:0_148:0_149:0_150:0_151:0_152:0_153:0_154:0_155:0_156:0_157:0_158:0_159:0_160:0,0:1,0,0,0,0
320010,,"42761010,42663010",1:0_2:0_3:0_4:0_5:0_6:0_7:0_8:0_9:0_10:0_11:0_12:0_13:0_14:0_15:0_16:0_17:0_18:0_19:0_20:0_21:0_22:0_23:0_24:0_25:0_26:0_27:0_28:0_29:0_30:0_31:0_32:0_33:0_34:0_35:0_36:0_37:0_38:0_39:0_40:0_41:0_42:0_43:0_44:0_45:0_46:0_47:0_48:0_49:0_50:0_51:0_52:0_53:0_54:0_55:0_56:0_57:0_58:0_59:0_60:0_61:0_62:0_63:0_64:0_65:0_66:0_67:0_68:0_69:0_70:0_71:0_72:0_73:0_74:0_75:0_76:0_77:0_78:0_79:0_80:0_81:0_82:0_83:0_84:0_85:0_86:0_87:0_88:0_89:0_90:0_91:0_92:0_93:0_94:0_95:0_96:0_97:0_98:0_99:0_100:0_101:0_102:0_103:0_104:0_105:0_106:0_107:0_108:0_109:0_110:0_111:0_112:0_113:0_114:0_115:0_116:0_117:0_118:0_119:0_120:0_121:0_122:0_123:0_124:0_125:0_126:0_127:0_128:0_129:0_130:0_131:0_132:0_133:0_134:0_135:0_136:0_137:0_138:0_139:0_140:0_141:0_142:0_143:0_144:0_145:0_146:0_147:0_148:0_149:0_150:0_151:0_152:0_153:0_154:0_155:0_156:0_157:0_158:0_159:0_160:0,0:1,0,0,1:0_2:0_3:0_4:0_5:0_6:0_7:0_8:0_9:0_10:0_11:0_12:0_13:0_14:0_15:0_16:0_17:0_18:0_19:0_20:0_21:0_22:0_23:0_24:0_25:0_26:0_27:0_28:0_29:0_30:0_31:0_32:0_33:0_34:0_35:0_36:0_37:0_38:0_39:0_40:0_41:0_42:0_43:0_44:0_45:0_46:0_47:0_48:0_49:0_50:0_51:0_52:0_53:0_54:0_55:0_56:0_57:0_58:0_59:0_60:0_61:0_62:0_63:0_64:0_65:0_66:0_67:0_68:0_69:0_70:0_71:0_72:0_73:0_74:0_75:0_76:0_77:0_78:0_79:0_80:0_81:0_82:0_83:0_84:0_85:0_86:0_87:0_88:0_89:0_90:0_91:0_92:0_93:0_94:0_95:0_96:0_97:0_98:0_99:0_100:0_101:0_102:0_103:0_104:0_105:0_106:0_107:0_108:0_109:0_110:0_111:0_112:0_113:0_114:0_115:0_116:0_117:0_118:0_119:0_120:0_121:0_122:0_123:0_124:0_125:0_126:0_127:0_128:0_129:0_130:0_131:0_132:0_133:0_134:0_135:0_136:0_137:0_138:0_139:0_140:0_141:0_142:0_143:0_144:0_145:0_146:0_147:0_148:0_149:0_150:0_151:0_152:0_153:0_154:0_155:0_156:0_157:0_158:0_159:0_160:0,0:1,0,0,0,0
330020,,"42761010,42663010",1:0_2:0_3:0_4:0_5:0_6:0_7:0_8:0_9:0_10:0_11:0_12:0_13:0_14:0_15:0_16:0_17:0_18:0_19:0_20:0_21:0_22:0_23:0_24:0_25:0_26:0_27:0_28:0_29:0_30:0_31:0_32:0_33:0_34:0_35:0_36:0_37:0_38:0_39:0_40:0_41:0_42:0_43:0_44:0_45:0_46:0_47:0_48:0_49:0_50:0_51:0_52:0_53:0_54:0_55:0_56:0_57:0_58:0_59:0_60:0_61:0_62:0_63:0_64:0_65:0_66:0_67:0_68:0_69:0_70:0_71:0_72:0_73:0_74:0_75:0_76:0_77:0_78:0_79:0_80:0_81:0_82:0_83:0_84:0_85:0_86:0_87:0_88:0_89:0_90:0_91:0_92:0_93:0_94:0_95:0_96:0_97:0_98:0_99:0_100:0_101:0_102:0_103:0_104:0_105:0_106:0_107:0_108:0_109:0_110:0_111:0_112:0_113:0_114:0_115:0_116:0_117:0_118:0_119:0_120:0_121:0_122:0_123:0_124:0_125:0_126:0_127:0_128:0_129:0_130:0_131:0_132:0_133:0_134:0_135:0_136:0_137:0_138:0_139:0_140:0_141:0_142:0_143:0_144:0_145:0_146:0_147:0_148:0_149:0_150:0_151:0_152:0_153:0_154:0_155:0_156:0_157:0_158:0_159:0_160:0,0:1,0,0,1:0_2:0_3:0_4:0_5:0_6:0_7:0_8:0_9:0_10:0_11:0_12:0_13:0_14:0_15:0_16:0_17:0_18:0_19:0_20:0_21:0_22:0_23:0_24:0_25:0_26:0_27:0_28:0_29:0_30:0_31:0_32:0_33:0_34:0_35:0_36:0_37:0_38:0_39:0_40:0_41:0_42:0_43:0_44:0_45:0_46:0_47:0_48:0_49:0_50:0_51:0_52:0_53:0_54:0_55:0_56:0_57:0_58:0_59:0_60:0_61:0_62:0_63:0_64:0_65:0_66:0_67:0_68:0_69:0_70:0_71:0_72:0_73:0_74:0_75:0_76:0_77:0_78:0_79:0_80:0_81:0_82:0_83:0_84:0_85:0_86:0_87:0_88:0_89:0_90:0_91:0_92:0_93:0_94:0_95:0_96:0_97:0_98:0_99:0_100:0_101:0_102:0_103:0_104:0_105:0_106:0_107:0_108:0_109:0_110:0_111:0_112:0_113:0_114:0_115:0_116:0_117:0_118:0_119:0_120:0_121:0_122:0_123:0_124:0_125:0_126:0_127:0_128:0_129:0_130:0_131:0_132:0_133:0_134:0_135:0_136:0_137:0_138:0_139:0_140:0_141:0_142:0_143:0_144:0_145:0_146:0_147:0_148:0_149:0_150:0_151:0_152:0_153:0_154:0_155:0_156:0_157:0_158:0_159:0_160:0,0:1,0,0,0,0
330010,,"42761010,42663010",1:0_2:0_3:0_4:0_5:0_6:0_7:0_8:0_9:0_10:0_11:0_12:0_13:0_14:0_15:0_16:0_17:0_18:0_19:0_20:0_21:0_22:0_23:0_24:0_25:0_26:0_27:0_28:0_29:0_30:0_31:0_32:0_33:0_34:0_35:0_36:0_37:0_38:0_39:0_40:0_41:0_42:0_43:0_44:0_45:0_46:0_47:0_48:0_49:0_50:0_51:0_52:0_53:0_54:0_55:0_56:0_57:0_58:0_59:0_60:0_61:0_62:0_63:0_64:0_65:0_66:0_67:0_68:0_69:0_70:0_71:0_72:0_73:0_74:0_75:0_76:0_77:0_78:0_79:0_80:0_81:0_82:0_83:0_84:0_85:0_86:0_87:0_88:0_89:0_90:0_91:0_92:0_93:0_94:0_95:0_96:0_97:0_98:0_99:0_100:0_101:0_102:0_103:0_104:0_105:0_106:0_107:0_108:0_109:0_110:0_111:0_112:0_113:0_114:0_115:0_116:0_117:0_118:0_119:0_120:0_121:0_122:0_123:0_124:0_125:0_126:0_127:0_128:0_129:0_130:0_131:0_132:0_133:0_134:0_135:0_136:0_137:0_138:0_139:0_140:0_141:0_142:0_143:0_144:0_145:0_146:0_147:0_148:0_149:0_150:0_151:0_152:0_153:0_154:0_155:0_156:0_157:0_158:0_159:0_160:0,0:1,0,0,1:0_2:0_3:0_4:0_5:0_6:0_7:0_8:0_9:0_10:0_11:0_12:0_13:0_14:0_15:0_16:0_17:0_18:0_19:0_20:0_21:0_22:0_23:0_24:0_25:0_26:0_27:0_28:0_29:0_30:0_31:0_32:0_33:0_34:0_35:0_36:0_37:0_38:0_39:0_40:0_41:0_42:0_43:0_44:0_45:0_46:0_47:0_48:0_49:0_50:0_51:0_52:0_53:0_54:0_55:0_56:0_57:0_58:0_59:0_60:0_61:0_62:0_63:0_64:0_65:0_66:0_67:0_68:0_69:0_70:0_71:0_72:0_73:0_74:0_75:0_76:0_77:0_78:0_79:0_80:0_81:0_82:0_83:0_84:0_85:0_86:0_87:0_88:0_89:0_90:0_91:0_92:0_93:0_94:0_95:0_96:0_97:0_98:0_99:0_100:0_101:0_102:0_103:0_104:0_105:0_106:0_107:0_108:0_109:0_110:0_111:0_112:0_113:0_114:0_115:0_116:0_117:0_118:0_119:0_120:0_121:0_122:0_123:0_124:0_125:0_126:0_127:0_128:0_129:0_130:0_131:0_132:0_133:0_134:0_135:0_136:0_137:0_138:0_139:0_140:0_141:0_142:0_143:0_144:0_145:0_146:0_147:0_148:0_149:0_150:0_151:0_152:0_153:0_154:0_155:0_156:0_157:0_158:0_159:0_160:0,0:1,0,0,0,0
340020,,"42761010,42663010",1:0_2:0_3:0_4:0_5:0_6:0_7:0_8:0_9:0_10:0_11:0_12:0_13:0_14:0_15:0_16:0_17:0_18:0_19:0_20:0_21:0_22:0_23:0_24:0_25:0_26:0_27:0_28:0_29:0_30:0_31:0_32:0_33:0_34:0_35:0_36:0_37:0_38:0_39:0_40:0_41:0_42:0_43:0_44:0_45:0_46:0_47:0_48:0_49:0_50:0_51:0_52:0_53:0_54:0_55:0_56:0_57:0_58:0_59:0_60:0_61:0_62:0_63:0_64:0_65:0_66:0_67:0_68:0_69:0_70:0_71:0_72:0_73:0_74:0_75:0_76:0_77:0_78:0_79:0_80:0_81:0_82:0_83:0_84:0_85:0_86:0_87:0_88:0_89:0_90:0_91:0_92:0_93:0_94:0_95:0_96:0_97:0_98:0_99:0_100:0_101:0_102:0_103:0_104:0_105:0_106:0_107:0_108:0_109:0_110:0_111:0_112:0_113:0_114:0_115:0_116:0_117:0_118:0_119:0_120:0_121:0_122:0_123:0_124:0_125:0_126:0_127:0_128:0_129:0_130:0_131:0_132:0_133:0_134:0_135:0_136:0_137:0_138:0_139:0_140:0_141:0_142:0_143:0_144:0_145:0_146:0_147:0_148:0_149:0_150:0_151:0_152:0_153:0_154:0_155:0_156:0_157:0_158:0_159:0_160:0,0:1,0,0,1:0_2:0_3:0_4:0_5:0_6:0_7:0_8:0_9:0_10:0_11:0_12:0_13:0_14:0_15:0_16:0_17:0_18:0_19:0_20:0_21:0_22:0_23:0_24:0_25:0_26:0_27:0_28:0_29:0_30:0_31:0_32:0_33:0_34:0_35:0_36:0_37:0_38:0_39:0_40:0_41:0_42:0_43:0_44:0_45:0_46:0_47:0_48:0_49:0_50:0_51:0_52:0_53:0_54:0_55:0_56:0_57:0_58:0_59:0_60:0_61:0_62:0_63:0_64:0_65:0_66:0_67:0_68:0_69:0_70:0_71:0_72:0_73:0_74:0_75:0_76:0_77:0_78:0_79:0_80:0_81:0_82:0_83:0_84:0_85:0_86:0_87:0_88:0_89:0_90:0_91:0_92:0_93:0_94:0_95:0_96:0_97:0_98:0_99:0_100:0_101:0_102:0_103:0_104:0_105:0_106:0_107:0_108:0_109:0_110:0_111:0_112:0_113:0_114:0_115:0_116:0_117:0_118:0_119:0_120:0_121:0_122:0_123:0_124:0_125:0_126:0_127:0_128:0_129:0_130:0_131:0_132:0_133:0_134:0_135:0_136:0_137:0_138:0_139:0_140:0_141:0_142:0_143:0_144:0_145:0_146:0_147:0_148:0_149:0_150:0_151:0_152:0_153:0_154:0_155:0_156:0_157:0_158:0_159:0_160:0,0:1,0,0,0,0
340010,,"42761010,42663010",1:0_2:0_3:0_4:0_5:0_6:0_7:0_8:0_9:0_10:0_11:0_12:0_13:0_14:0_15:0_16:0_17:0_18:0_19:0_20:0_21:0_22:0_23:0_24:0_25:0_26:0_27:0_28:0_29:0_30:0_31:0_32:0_33:0_34:0_35:0_36:0_37:0_38:0_39:0_40:0_41:0_42:0_43:0_44:0_45:0_46:0_47:0_48:0_49:0_50:0_51:0_52:0_53:0_54:0_55:0_56:0_57:0_58:0_59:0_60:0_61:0_62:0_63:0_64:0_65:0_66:0_67:0_68:0_69:0_70:0_71:0_72:0_73:0_74:0_75:0_76:0_77:0_78:0_79:0_80:0_81:0_82:0_83:0_84:0_85:0_86:0_87:0_88:0_89:0_90:0_91:0_92:0_93:0_94:0_95:0_96:0_97:0_98:0_99:0_100:0_101:0_102:0_103:0_104:0_105:0_106:0_107:0_108:0_109:0_110:0_111:0_112:0_113:0_114:0_115:0_116:0_117:0_118:0_119:0_120:0_121:0_122:0_123:0_124:0_125:0_126:0_127:0_128:0_129:0_130:0_131:0_132:0_133:0_134:0_135:0_136:0_137:0_138:0_139:0_140:0_141:0_142:0_143:0_144:0_145:0_146:0_147:0_148:0_149:0_150:0_151:0_152:0_153:0_154:0_155:0_156:0_157:0_158:0_159:0_160:0,0:1,0,0,1:0_2:0_3:0_4:0_5:0_6:0_7:0_8:0_9:0_10:0_11:0_12:0_13:0_14:0_15:0_16:0_17:0_18:0_19:0_20:0_21:0_22:0_23:0_24:0_25:0_26:0_27:0_28:0_29:0_30:0_31:0_32:0_33:0_34:0_35:0_36:0_37:0_38:0_39:0_40:0_41:0_42:0_43:0_44:0_45:0_46:0_47:0_48:0_49:0_50:0_51:0_52:0_53:0_54:0_55:0_56:0_57:0_58:0_59:0_60:0_61:0_62:0_63:0_64:0_65:0_66:0_67:0_68:0_69:0_70:0_71:0_72:0_73:0_74:0_75:0_76:0_77:0_78:0_79:0_80:0_81:0_82:0_83:0_84:0_85:0_86:0_87:0_88:0_89:0_90:0_91:0_92:0_93:0_94:0_95:0_96:0_97:0_98:0_99:0_100:0_101:0_102:0_103:0_104:0_105:0_106:0_107:0_108:0_109:0_110:0_111:0_112:0_113:0_114:0_115:0_116:0_117:0_118:0_119:0_120:0_121:0_122:0_123:0_124:0_125:0_126:0_127:0_128:0_129:0_130:0_131:0_132:0_133:0_134:0_135:0_136:0_137:0_138:0_139:0_140:0_141:0_142:0_143:0_144:0_145:0_146:0_147:0_148:0_149:0_150:0_151:0_152:0_153:0_154:0_155:0_156:0_157:0_158:0_159:0_160:0,0:1,0,0,0,0
350020,,"42761010,42663010",1:0_2:0_3:0_4:0_5:0_6:0_7:0_8:0_9:0_10:0_11:0_12:0_13:0_14:0_15:0_16:0_17:0_18:0_19:0_20:0_21:0_22:0_23:0_24:0_25:0_26:0_27:0_28:0_29:0_30:0_31:0_32:0_33:0_34:0_35:0_36:0_37:0_38:0_39:0_40:0_41:0_42:0_43:0_44:0_45:0_46:0_47:0_48:0_49:0_50:0_51:0_52:0_53:0_54:0_55:0_56:0_57:0_58:0_59:0_60:0_61:0_62:0_63:0_64:0_65:0_66:0_67:0_68:0_69:0_70:0_71:0_72:0_73:0_74:0_75:0_76:0_77:0_78:0_79:0_80:0_81:0_82:0_83:0_84:0_85:0_86:0_87:0_88:0_89:0_90:0_91:0_92:0_93:0_94:0_95:0_96:0_97:0_98:0_99:0_100:0_101:0_102:0_103:0_104:0_105:0_106:0_107:0_108:0_109:0_110:0_111:0_112:0_113:0_114:0_115:0_116:0_117:0_118:0_119:0_120:0_121:0_122:0_123:0_124:0_125:0_126:0_127:0_128:0_129:0_130:0_131:0_132:0_133:0_134:0_135:0_136:0_137:0_138:0_139:0_140:0_141:0_142:0_143:0_144:0_145:0_146:0_147:0_148:0_149:0_150:0_151:0_152:0_153:0_154:0_155:0_156:0_157:0_158:0_159:0_160:0,0:1,0,0,1:0_2:0_3:0_4:0_5:0_6:0_7:0_8:0_9:0_10:0_11:0_12:0_13:0_14:0_15:0_16:0_17:0_18:0_19:0_20:0_21:0_22:0_23:0_24:0_25:0_26:0_27:0_28:0_29:0_30:0_31:0_32:0_33:0_34:0_35:0_36:0_37:0_38:0_39:0_40:0_41:0_42:0_43:0_44:0_45:0_46:0_47:0_48:0_49:0_50:0_51:0_52:0_53:0_54:0_55:0_56:0_57:0_58:0_59:0_60:0_61:0_62:0_63:0_64:0_65:0_66:0_67:0_68:0_69:0_70:0_71:0_72:0_73:0_74:0_75:0_76:0_77:0_78:0_79:0_80:0_81:0_82:0_83:0_84:0_85:0_86:0_87:0_88:0_89:0_90:0_91:0_92:0_93:0_94:0_95:0_96:0_97:0_98:0_99:0_100:0_101:0_102:0_103:0_104:0_105:0_106:0_107:0_108:0_109:0_110:0_111:0_112:0_113:0_114:0_115:0_116:0_117:0_118:0_119:0_120:0_121:0_122:0_123:0_124:0_125:0_126:0_127:0_128:0_129:0_130:0_131:0_132:0_133:0_134:0_135:0_136:0_137:0_138:0_139:0_140:0_141:0_142:0_143:0_144:0_145:0_146:0_147:0_148:0_149:0_150:0_151:0_152:0_153:0_154:0_155:0_156:0_157:0_158:0_159:0_160:0,0:1,0,0,0,0
350010,,"42761010,42663010",1:0_2:0_3:0_4:0_5:0_6:0_7:0_8:0_9:0_10:0_11:0_12:0_13:0_14:0_15:0_16:0_17:0_18:0_19:0_20:0_21:0_22:0_23:0_24:0_25:0_26:0_27:0_28:0_29:0_30:0_31:0_32:0_33:0_34:0_35:0_36:0_37:0_38:0_39:0_40:0_41:0_42:0_43:0_44:0_45:0_46:0_47:0_48:0_49:0_50:0_51:0_52:0_53:0_54:0_55:0_56:0_57:0_58:0_59:0_60:0_61:0_62:0_63:0_64:0_65:0_66:0_67:0_68:0_69:0_70:0_71:0_72:0_73:0_74:0_75:0_76:0_77:0_78:0_79:0_80:0_81:0_82:0_83:0_84:0_85:0_86:0_87:0_88:0_89:0_90:0_91:0_92:0_93:0_94:0_95:0_96:0_97:0_98:0_99:0_100:0_101:0_102:0_103:0_104:0_105:0_106:0_107:0_108:0_109:0_110:0_111:0_112:0_113:0_114:0_115:0_116:0_117:0_118:0_119:0_120:0_121:0_122:0_123:0_124:0_125:0_126:0_127:0_128:0_129:0_130:0_131:0_132:0_133:0_134:0_135:0_136:0_137:0_138:0_139:0_140:0_141:0_142:0_143:0_144:0_145:0_146:0_147:0_148:0_149:0_150:0_151:0_152:0_153:0_154:0_155:0_156:0_157:0_158:0_159:0_160:0,0:1,0,0,1:0_2:0_3:0_4:0_5:0_6:0_7:0_8:0_9:0_10:0_11:0_12:0_13:0_14:0_15:0_16:0_17:0_18:0_19:0_20:0_21:0_22:0_23:0_24:0_25:0_26:0_27:0_28:0_29:0_30:0_31:0_32:0_33:0_34:0_35:0_36:0_37:0_38:0_39:0_40:0_41:0_42:0_43:0_44:0_45:0_46:0_47:0_48:0_49:0_50:0_51:0_52:0_53:0_54:0_55:0_56:0_57:0_58:0_59:0_60:0_61:0_62:0_63:0_64:0_65:0_66:0_67:0_68:0_69:0_70:0_71:0_72:0_73:0_74:0_75:0_76:0_77:0_78:0_79:0_80:0_81:0_82:0_83:0_84:0_85:0_86:0_87:0_88:0_89:0_90:0_91:0_92:0_93:0_94:0_95:0_96:0_97:0_98:0_99:0_100:0_101:0_102:0_103:0_104:0_105:0_106:0_107:0_108:0_109:0_110:0_111:0_112:0_113:0_114:0_115:0_116:0_117:0_118:0_119:0_120:0_121:0_122:0_123:0_124:0_125:0_126:0_127:0_128:0_129:0_130:0_131:0_132:0_133:0_134:0_135:0_136:0_137:0_138:0_139:0_140:0_141:0_142:0_143:0_144:0_145:0_146:0_147:0_148:0_149:0_150:0_151:0_152:0_153:0_154:0_155:0_156:0_157:0_158:0_159:0_160:0,0:1,0,0,0,0
360020,,"42761010,42663010",1:0_2:0_3:0_4:0_5:0_6:0_7:0_8:0_9:0_10:0_11:0_12:0_13:0_14:0_15:0_16:0_17:0_18:0_19:0_20:0_21:0_22:0_23:0_24:0_25:0_26:0_27:0_28:0_29:0_30:0_31:0_32:0_33:0_34:0_35:0_36:0_37:0_38:0_39:0_40:0_41:0_42:0_43:0_44:0_45:0_46:0_47:0_48:0_49:0_50:0_51:0_52:0_53:0_54:0_55:0_56:0_57:0_58:0_59:0_60:0_61:0_62:0_63:0_64:0_65:0_66:0_67:0_68:0_69:0_70:0_71:0_72:0_73:0_74:0_75:0_76:0_77:0_78:0_79:0_80:0_81:0_82:0_83:0_84:0_85:0_86:0_87:0_88:0_89:0_90:0_91:0_92:0_93:0_94:0_95:0_96:0_97:0_98:0_99:0_100:0_101:0_102:0_103:0_104:0_105:0_106:0_107:0_108:0_109:0_110:0_111:0_112:0_113:0_114:0_115:0_116:0_117:0_118:0_119:0_120:0_121:0_122:0_123:0_124:0_125:0_126:0_127:0_128:0_129:0_130:0_131:0_132:0_133:0_134:0_135:0_136:0_137:0_138:0_139:0_140:0_141:0_142:0_143:0_144:0_145:0_146:0_147:0_148:0_149:0_150:0_151:0_152:0_153:0_154:0_155:0_156:0_157:0_158:0_159:0_160:0,0:1,0,0,1:0_2:0_3:0_4:0_5:0_6:0_7:0_8:0_9:0_10:0_11:0_12:0_13:0_14:0_15:0_16:0_17:0_18:0_19:0_20:0_21:0_22:0_23:0_24:0_25:0_26:0_27:0_28:0_29:0_30:0_31:0_32:0_33:0_34:0_35:0_36:0_37:0_38:0_39:0_40:0_41:0_42:0_43:0_44:0_45:0_46:0_47:0_48:0_49:0_50:0_51:0_52:0_53:0_54:0_55:0_56:0_57:0_58:0_59:0_60:0_61:0_62:0_63:0_64:0_65:0_66:0_67:0_68:0_69:0_70:0_71:0_72:0_73:0_74:0_75:0_76:0_77:0_78:0_79:0_80:0_81:0_82:0_83:0_84:0_85:0_86:0_87:0_88:0_89:0_90:0_91:0_92:0_93:0_94:0_95:0_96:0_97:0_98:0_99:0_100:0_101:0_102:0_103:0_104:0_105:0_106:0_107:0_108:0_109:0_110:0_111:0_112:0_113:0_114:0_115:0_116:0_117:0_118:0_119:0_120:0_121:0_122:0_123:0_124:0_125:0_126:0_127:0_128:0_129:0_130:0_131:0_132:0_133:0_134:0_135:0_136:0_137:0_138:0_139:0_140:0_141:0_142:0_143:0_144:0_145:0_146:0_147:0_148:0_149:0_150:0_151:0_152:0_153:0_154:0_155:0_156:0_157:0_158:0_159:0_160:0,0:1,0,0,0,0
360010,,"42761010,42663010",1:0_2:0_3:0_4:0_5:0_6:0_7:0_8:0_9:0_10:0_11:0_12:0_13:0_14:0_15:0_16:0_17:0_18:0_19:0_20:0_21:0_22:0_23:0_24:0_25:0_26:0_27:0_28:0_29:0_30:0_31:0_32:0_33:0_34:0_35:0_36:0_37:0_38:0_39:0_40:0_41:0_42:0_43:0_44:0_45:0_46:0_47:0_48:0_49:0_50:0_51:0_52:0_53:0_54:0_55:0_56:0_57:0_58:0_59:0_60:0_61:0_62:0_63:0_64:0_65:0_66:0_67:0_68:0_69:0_70:0_71:0_72:0_73:0_74:0_75:0_76:0_77:0_78:0_79:0_80:0_81:0_82:0_83:0_84:0_85:0_86:0_87:0_88:0_89:0_90:0_91:0_92:0_93:0_94:0_95:0_96:0_97:0_98:0_99:0_100:0_101:0_102:0_103:0_104:0_105:0_106:0_107:0_108:0_109:0_110:0_111:0_112:0_113:0_114:0_115:0_116:0_117:0_118:0_119:0_120:0_121:0_122:0_123:0_124:0_125:0_126:0_127:0_128:0_129:0_130:0_131:0_132:0_133:0_134:0_135:0_136:0_137:0_138:0_139:0_140:0_141:0_142:0_143:0_144:0_145:0_146:0_147:0_148:0_149:0_150:0_151:0_152:0_153:0_154:0_155:0_156:0_157:0_158:0_159:0_160:0,0:1,0,0,1:0_2:0_3:0_4:0_5:0_6:0_7:0_8:0_9:0_10:0_11:0_12:0_13:0_14:0_15:0_16:0_17:0_18:0_19:0_20:0_21:0_22:0_23:0_24:0_25:0_26:0_27:0_28:0_29:0_30:0_31:0_32:0_33:0_34:0_35:0_36:0_37:0_38:0_39:0_40:0_41:0_42:0_43:0_44:0_45:0_46:0_47:0_48:0_49:0_50:0_51:0_52:0_53:0_54:0_55:0_56:0_57:0_58:0_59:0_60:0_61:0_62:0_63:0_64:0_65:0_66:0_67:0_68:0_69:0_70:0_71:0_72:0_73:0_74:0_75:0_76:0_77:0_78:0_79:0_80:0_81:0_82:0_83:0_84:0_85:0_86:0_87:0_88:0_89:0_90:0_91:0_92:0_93:0_94:0_95:0_96:0_97:0_98:0_99:0_100:0_101:0_102:0_103:0_104:0_105:0_106:0_107:0_108:0_109:0_110:0_111:0_112:0_113:0_114:0_115:0_116:0_117:0_118:0_119:0_120:0_121:0_122:0_123:0_124:0_125:0_126:0_127:0_128:0_129:0_130:0_131:0_132:0_133:0_134:0_135:0_136:0_137:0_138:0_139:0_140:0_141:0_142:0_143:0_144:0_145:0_146:0_147:0_148:0_149:0_150:0_151:0_152:0_153:0_154:0_155:0_156:0_157:0_158:0_159:0_160:0,0:1,0,0,0,0
370020,,"42761010,42663010",1:0_2:0_3:0_4:0_5:0_6:0_7:0_8:0_9:0_10:0_11:0_12:0_13:0_14:0_15:0_16:0_17:0_18:0_19:0_20:0_21:0_22:0_23:0_24:0_25:0_26:0_27:0_28:0_29:0_30:0_31:0_32:0_33:0_34:0_35:0_36:0_37:0_38:0_39:0_40:0_41:0_42:0_43:0_44:0_45:0_46:0_47:0_48:0_49:0_50:0_51:0_52:0_53:0_54:0_55:0_56:0_57:0_58:0_59:0_60:0_61:0_62:0_63:0_64:0_65:0_66:0_67:0_68:0_69:0_70:0_71:0_72:0_73:0_74:0_75:0_76:0_77:0_78:0_79:0_80:0_81:0_82:0_83:0_84:0_85:0_86:0_87:0_88:0_89:0_90:0_91:0_92:0_93:0_94:0_95:0_96:0_97:0_98:0_99:0_100:0_101:0_102:0_103:0_104:0_105:0_106:0_107:0_108:0_109:0_110:0_111:0_112:0_113:0_114:0_115:0_116:0_117:0_118:0_119:0_120:0_121:0_122:0_123:0_124:0_125:0_126:0_127:0_128:0_129:0_130:0_131:0_132:0_133:0_134:0_135:0_136:0_137:0_138:0_139:0_140:0_141:0_142:0_143:0_144:0_145:0_146:0_147:0_148:0_149:0_150:0_151:0_152:0_153:0_154:0_155:0_156:0_157:0_158:0_159:0_160:0,0:1,0,0,1:0_2:0_3:0_4:0_5:0_6:0_7:0_8:0_9:0_10:0_11:0_12:0_13:0_14:0_15:0_16:0_17:0_18:0_19:0_20:0_21:0_22:0_23:0_24:0_25:0_26:0_27:0_28:0_29:0_30:0_31:0_32:0_33:0_34:0_35:0_36:0_37:0_38:0_39:0_40:0_41:0_42:0_43:0_44:0_45:0_46:0_47:0_48:0_49:0_50:0_51:0_52:0_53:0_54:0_55:0_56:0_57:0_58:0_59:0_60:0_61:0_62:0_63:0_64:0_65:0_66:0_67:0_68:0_69:0_70:0_71:0_72:0_73:0_74:0_75:0_76:0_77:0_78:0_79:0_80:0_81:0_82:0_83:0_84:0_85:0_86:0_87:0_88:0_89:0_90:0_91:0_92:0_93:0_94:0_95:0_96:0_97:0_98:0_99:0_100:0_101:0_102:0_103:0_104:0_105:0_106:0_107:0_108:0_109:0_110:0_111:0_112:0_113:0_114:0_115:0_116:0_117:0_118:0_119:0_120:0_121:0_122:0_123:0_124:0_125:0_126:0_127:0_128:0_129:0_130:0_131:0_132:0_133:0_134:0_135:0_136:0_137:0_138:0_139:0_140:0_141:0_142:0_143:0_144:0_145:0_146:0_147:0_148:0_149:0_150:0_151:0_152:0_153:0_154:0_155:0_156:0_157:0_158:0_159:0_160:0,0:1,0,0,0,0
370010,,"42761010,42663010",1:0_2:0_3:0_4:0_5:0_6:0_7:0_8:0_9:0_10:0_11:0_12:0_13:0_14:0_15:0_16:0_17:0_18:0_19:0_20:0_21:0_22:0_23:0_24:0_25:0_26:0_27:0_28:0_29:0_30:0_31:0_32:0_33:0_34:0_35:0_36:0_37:0_38:0_39:0_40:0_41:0_42:0_43:0_44:0_45:0_46:0_47:0_48:0_49:0_50:0_51:0_52:0_53:0_54:0_55:0_56:0_57:0_58:0_59:0_60:0_61:0_62:0_63:0_64:0_65:0_66:0_67:0_68:0_69:0_70:0_71:0_72:0_73:0_74:0_75:0_76:0_77:0_78:0_79:0_80:0_81:0_82:0_83:0_84:0_85:0_86:0_87:0_88:0_89:0_90:0_91:0_92:0_93:0_94:0_95:0_96:0_97:0_98:0_99:0_100:0_101:0_102:0_103:0_104:0_105:0_106:0_107:0_108:0_109:0_110:0_111:0_112:0_113:0_114:0_115:0_116:0_117:0_118:0_119:0_120:0_121:0_122:0_123:0_124:0_125:0_126:0_127:0_128:0_129:0_130:0_131:0_132:0_133:0_134:0_135:0_136:0_137:0_138:0_139:0_140:0_141:0_142:0_143:0_144:0_145:0_146:0_147:0_148:0_149:0_150:0_151:0_152:0_153:0_154:0_155:0_156:0_157:0_158:0_159:0_160:0,0:1,0,0,1:0_2:0_3:0_4:0_5:0_6:0_7:0_8:0_9:0_10:0_11:0_12:0_13:0_14:0_15:0_16:0_17:0_18:0_19:0_20:0_21:0_22:0_23:0_24:0_25:0_26:0_27:0_28:0_29:0_30:0_31:0_32:0_33:0_34:0_35:0_36:0_37:0_38:0_39:0_40:0_41:0_42:0_43:0_44:0_45:0_46:0_47:0_48:0_49:0_50:0_51:0_52:0_53:0_54:0_55:0_56:0_57:0_58:0_59:0_60:0_61:0_62:0_63:0_64:0_65:0_66:0_67:0_68:0_69:0_70:0_71:0_72:0_73:0_74:0_75:0_76:0_77:0_78:0_79:0_80:0_81:0_82:0_83:0_84:0_85:0_86:0_87:0_88:0_89:0_90:0_91:0_92:0_93:0_94:0_95:0_96:0_97:0_98:0_99:0_100:0_101:0_102:0_103:0_104:0_105:0_106:0_107:0_108:0_109:0_110:0_111:0_112:0_113:0_114:0_115:0_116:0_117:0_118:0_119:0_120:0_121:0_122:0_123:0_124:0_125:0_126:0_127:0_128:0_129:0_130:0_131:0_132:0_133:0_134:0_135:0_136:0_137:0_138:0_139:0_140:0_141:0_142:0_143:0_144:0_145:0_146:0_147:0_148:0_149:0_150:0_151:0_152:0_153:0_154:0_155:0_156:0_157:0_158:0_159:0_160:0,0:1,0,0,0,0
380020,,"42761010,42663010",1:0_2:0_3:0_4:0_5:0_6:0_7:0_8:0_9:0_10:0_11:0_12:0_13:0_14:0_15:0_16:0_17:0_18:0_19:0_20:0_21:0_22:0_23:0_24:0_25:0_26:0_27:0_28:0_29:0_30:0_31:0_32:0_33:0_34:0_35:0_36:0_37:0_38:0_39:0_40:0_41:0_42:0_43:0_44:0_45:0_46:0_47:0_48:0_49:0_50:0_51:0_52:0_53:0_54:0_55:0_56:0_57:0_58:0_59:0_60:0_61:0_62:0_63:0_64:0_65:0_66:0_67:0_68:0_69:0_70:0_71:0_72:0_73:0_74:0_75:0_76:0_77:0_78:0_79:0_80:0_81:0_82:0_83:0_84:0_85:0_86:0_87:0_88:0_89:0_90:0_91:0_92:0_93:0_94:0_95:0_96:0_97:0_98:0_99:0_100:0_101:0_102:0_103:0_104:0_105:0_106:0_107:0_108:0_109:0_110:0_111:0_112:0_113:0_114:0_115:0_116:0_117:0_118:0_119:0_120:0_121:0_122:0_123:0_124:0_125:0_126:0_127:0_128:0_129:0_130:0_131:0_132:0_133:0_134:0_135:0_136:0_137:0_138:0_139:0_140:0_141:0_142:0_143:0_144:0_145:0_146:0_147:0_148:0_149:0_150:0_151:0_152:0_153:0_154:0_155:0_156:0_157:0_158:0_159:0_160:0,0:1,0,0,1:0_2:0_3:0_4:0_5:0_6:0_7:0_8:0_9:0_10:0_11:0_12:0_13:0_14:0_15:0_16:0_17:0_18:0_19:0_20:0_21:0_22:0_23:0_24:0_25:0_26:0_27:0_28:0_29:0_30:0_31:0_32:0_33:0_34:0_35:0_36:0_37:0_38:0_39:0_40:0_41:0_42:0_43:0_44:0_45:0_46:0_47:0_48:0_49:0_50:0_51:0_52:0_53:0_54:0_55:0_56:0_57:0_58:0_59:0_60:0_61:0_62:0_63:0_64:0_65:0_66:0_67:0_68:0_69:0_70:0_71:0_72:0_73:0_74:0_75:0_76:0_77:0_78:0_79:0_80:0_81:0_82:0_83:0_84:0_85:0_86:0_87:0_88:0_89:0_90:0_91:0_92:0_93:0_94:0_95:0_96:0_97:0_98:0_99:0_100:0_101:0_102:0_103:0_104:0_105:0_106:0_107:0_108:0_109:0_110:0_111:0_112:0_113:0_114:0_115:0_116:0_117:0_118:0_119:0_120:0_121:0_122:0_123:0_124:0_125:0_126:0_127:0_128:0_129:0_130:0_131:0_132:0_133:0_134:0_135:0_136:0_137:0_138:0_139:0_140:0_141:0_142:0_143:0_144:0_145:0_146:0_147:0_148:0_149:0_150:0_151:0_152:0_153:0_154:0_155:0_156:0_157:0_158:0_159:0_160:0,0:1,0,0,0,0
380010,,"42761010,42663010",1:0_2:0_3:0_4:0_5:0_6:0_7:0_8:0_9:0_10:0_11:0_12:0_13:0_14:0_15:0_16:0_17:0_18:0_19:0_20:0_21:0_22:0_23:0_24:0_25:0_26:0_27:0_28:0_29:0_30:0_31:0_32:0_33:0_34:0_35:0_36:0_37:0_38:0_39:0_40:0_41:0_42:0_43:0_44:0_45:0_46:0_47:0_48:0_49:0_50:0_51:0_52:0_53:0_54:0_55:0_56:0_57:0_58:0_59:0_60:0_61:0_62:0_63:0_64:0_65:0_66:0_67:0_68:0_69:0_70:0_71:0_72:0_73:0_74:0_75:0_76:0_77:0_78:0_79:0_80:0_81:0_82:0_83:0_84:0_85:0_86:0_87:0_88:0_89:0_90:0_91:0_92:0_93:0_94:0_95:0_96:0_97:0_98:0_99:0_100:0_101:0_102:0_103:0_104:0_105:0_106:0_107:0_108:0_109:0_110:0_111:0_112:0_113:0_114:0_115:0_116:0_117:0_118:0_119:0_120:0_121:0_122:0_123:0_124:0_125:0_126:0_127:0_128:0_129:0_130:0_131:0_132:0_133:0_134:0_135:0_136:0_137:0_138:0_139:0_140:0_141:0_142:0_143:0_144:0_145:0_146:0_147:0_148:0_149:0_150:0_151:0_152:0_153:0_154:0_155:0_156:0_157:0_158:0_159:0_160:0,0:1,0,0,1:0_2:0_3:0_4:0_5:0_6:0_7:0_8:0_9:0_10:0_11:0_12:0_13:0_14:0_15:0_16:0_17:0_18:0_19:0_20:0_21:0_22:0_23:0_24:0_25:0_26:0_27:0_28:0_29:0_30:0_31:0_32:0_33:0_34:0_35:0_36:0_37:0_38:0_39:0_40:0_41:0_42:0_43:0_44:0_45:0_46:0_47:0_48:0_49:0_50:0_51:0_52:0_53:0_54:0_55:0_56:0_57:0_58:0_59:0_60:0_61:0_62:0_63:0_64:0_65:0_66:0_67:0_68:0_69:0_70:0_71:0_72:0_73:0_74:0_75:0_76:0_77:0_78:0_79:0_80:0_81:0_82:0_83:0_84:0_85:0_86:0_87:0_88:0_89:0_90:0_91:0_92:0_93:0_94:0_95:0_96:0_97:0_98:0_99:0_100:0_101:0_102:0_103:0_104:0_105:0_106:0_107:0_108:0_109:0_110:0_111:0_112:0_113:0_114:0_115:0_116:0_117:0_118:0_119:0_120:0_121:0_122:0_123:0_124:0_125:0_126:0_127:0_128:0_129:0_130:0_131:0_132:0_133:0_134:0_135:0_136:0_137:0_138:0_139:0_140:0_141:0_142:0_143:0_144:0_145:0_146:0_147:0_148:0_149:0_150:0_151:0_152:0_153:0_154:0_155:0_156:0_157:0_158:0_159:0_160:0,0:1,0,0,0,0
390020,,"42761010,42663010",1:0_2:0_3:0_4:0_5:0_6:0_7:0_8:0_9:0_10:0_11:0_12:0_13:0_14:0_15:0_16:0_17:0_18:0_19:0_20:0_21:0_22:0_23:0_24:0_25:0_26:0_27:0_28:0_29:0_30:0_31:0_32:0_33:0_34:0_35:0_36:0_37:0_38:0_39:0_40:0_41:0_42:0_43:0_44:0_45:0_46:0_47:0_48:0_49:0_50:0_51:0_52:0_53:0_54:0_55:0_56:0_57:0_58:0_59:0_60:0_61:0_62:0_63:0_64:0_65:0_66:0_67:0_68:0_69:0_70:0_71:0_72:0_73:0_74:0_75:0_76:0_77:0_78:0_79:0_80:0_81:0_82:0_83:0_84:0_85:0_86:0_87:0_88:0_89:0_90:0_91:0_92:0_93:0_94:0_95:0_96:0_97:0_98:0_99:0_100:0_101:0_102:0_103:0_104:0_105:0_106:0_107:0_108:0_109:0_110:0_111:0_112:0_113:0_114:0_115:0_116:0_117:0_118:0_119:0_120:0_121:0_122:0_123:0_124:0_125:0_126:0_127:0_128:0_129:0_130:0_131:0_132:0_133:0_134:0_135:0_136:0_137:0_138:0_139:0_140:0_141:0_142:0_143:0_144:0_145:0_146:0_147:0_148:0_149:0_150:0_151:0_152:0_153:0_154:0_155:0_156:0_157:0_158:0_159:0_160:0,0:1,0,0,1:0_2:0_3:0_4:0_5:0_6:0_7:0_8:0_9:0_10:0_11:0_12:0_13:0_14:0_15:0_16:0_17:0_18:0_19:0_20:0_21:0_22:0_23:0_24:0_25:0_26:0_27:0_28:0_29:0_30:0_31:0_32:0_33:0_34:0_35:0_36:0_37:0_38:0_39:0_40:0_41:0_42:0_43:0_44:0_45:0_46:0_47:0_48:0_49:0_50:0_51:0_52:0_53:0_54:0_55:0_56:0_57:0_58:0_59:0_60:0_61:0_62:0_63:0_64:0_65:0_66:0_67:0_68:0_69:0_70:0_71:0_72:0_73:0_74:0_75:0_76:0_77:0_78:0_79:0_80:0_81:0_82:0_83:0_84:0_85:0_86:0_87:0_88:0_89:0_90:0_91:0_92:0_93:0_94:0_95:0_96:0_97:0_98:0_99:0_100:0_101:0_102:0_103:0_104:0_105:0_106:0_107:0_108:0_109:0_110:0_111:0_112:0_113:0_114:0_115:0_116:0_117:0_118:0_119:0_120:0_121:0_122:0_123:0_124:0_125:0_126:0_127:0_128:0_129:0_130:0_131:0_132:0_133:0_134:0_135:0_136:0_137:0_138:0_139:0_140:0_141:0_142:0_143:0_144:0_145:0_146:0_147:0_148:0_149:0_150:0_151:0_152:0_153:0_154:0_155:0_156:0_157:0_158:0_159:0_160:0,0:1,0,0,0,0
390010,,"42761010,42663010",1:0_2:0_3:0_4:0_5:0_6:0_7:0_8:0_9:0_10:0_11:0_12:0_13:0_14:0_15:0_16:0_17:0_18:0_19:0_20:0_21:0_22:0_23:0_24:0_25:0_26:0_27:0_28:0_29:0_30:0_31:0_32:0_33:0_34:0_35:0_36:0_37:0_38:0_39:0_40:0_41:0_42:0_43:0_44:0_45:0_46:0_47:0_48:0_49:0_50:0_51:0_52:0_53:0_54:0_55:0_56:0_57:0_58:0_59:0_60:0_61:0_62:0_63:0_64:0_65:0_66:0_67:0_68:0_69:0_70:0_71:0_72:0_73:0_74:0_75:0_76:0_77:0_78:0_79:0_80:0_81:0_82:0_83:0_84:0_85:0_86:0_87:0_88:0_89:0_90:0_91:0_92:0_93:0_94:0_95:0_96:0_97:0_98:0_99:0_100:0_101:0_102:0_103:0_104:0_105:0_106:0_107:0_108:0_109:0_110:0_111:0_112:0_113:0_114:0_115:0_116:0_117:0_118:0_119:0_120:0_121:0_122:0_123:0_124:0_125:0_126:0_127:0_128:0_129:0_130:0_131:0_132:0_133:0_134:0_135:0_136:0_137:0_138:0_139:0_140:0_141:0_142:0_143:0_144:0_145:0_146:0_147:0_148:0_149:0_150:0_151:0_152:0_153:0_154:0_155:0_156:0_157:0_158:0_159:0_160:0,0:1,0,0,1:0_2:0_3:0_4:0_5:0_6:0_7:0_8:0_9:0_10:0_11:0_12:0_13:0_14:0_15:0_16:0_17:0_18:0_19:0_20:0_21:0_22:0_23:0_24:0_25:0_26:0_27:0_28:0_29:0_30:0_31:0_32:0_33:0_34:0_35:0_36:0_37:0_38:0_39:0_40:0_41:0_42:0_43:0_44:0_45:0_46:0_47:0_48:0_49:0_50:0_51:0_52:0_53:0_54:0_55:0_56:0_57:0_58:0_59:0_60:0_61:0_62:0_63:0_64:0_65:0_66:0_67:0_68:0_69:0_70:0_71:0_72:0_73:0_74:0_75:0_76:0_77:0_78:0_79:0_80:0_81:0_82:0_83:0_84:0_85:0_86:0_87:0_88:0_89:0_90:0_91:0_92:0_93:0_94:0_95:0_96:0_97:0_98:0_99:0_100:0_101:0_102:0_103:0_104:0_105:0_106:0_107:0_108:0_109:0_110:0_111:0_112:0_113:0_114:0_115:0_116:0_117:0_118:0_119:0_120:0_121:0_122:0_123:0_124:0_125:0_126:0_127:0_128:0_129:0_130:0_131:0_132:0_133:0_134:0_135:0_136:0_137:0_138:0_139:0_140:0_141:0_142:0_143:0_144:0_145:0_146:0_147:0_148:0_149:0_150:0_151:0_152:0_153:0_154:0_155:0_156:0_157:0_158:0_159:0_160:0,0:1,0,0,0,0
400020,,"42761010,42663010",1:0_2:0_3:0_4:0_5:0_6:0_7:0_8:0_9:0_10:0_11:0_12:0_13:0_14:0_15:0_16:0_17:0_18:0_19:0_20:0_21:0_22:0_23:0_24:0_25:0_26:0_27:0_28:0_29:0_30:0_31:0_32:0_33:0_34:0_35:0_36:0_37:0_38:0_39:0_40:0_41:0_42:0_43:0_44:0_45:0_46:0_47:0_48:0_49:0_50:0_51:0_52:0_53:0_54:0_55:0_56:0_57:0_58:0_59:0_60:0_61:0_62:0_63:0_64:0_65:0_66:0_67:0_68:0_69:0_70:0_71:0_72:0_73:0_74:0_75:0_76:0_77:0_78:0_79:0_80:0_81:0_82:0_83:0_84:0_85:0_86:0_87:0_88:0_89:0_90:0_91:0_92:0_93:0_94:0_95:0_96:0_97:0_98:0_99:0_100:0_101:0_102:0_103:0_104:0_105:0_106:0_107:0_108:0_109:0_110:0_111:0_112:0_113:0_114:0_115:0_116:0_117:0_118:0_119:0_120:0_121:0_122:0_123:0_124:0_125:0_126:0_127:0_128:0_129:0_130:0_131:0_132:0_133:0_134:0_135:0_136:0_137:0_138:0_139:0_140:0_141:0_142:0_143:0_144:0_145:0_146:0_147:0_148:0_149:0_150:0_151:0_152:0_153:0_154:0_155:0_156:0_157:0_158:0_159:0_160:0,0:1,0,0,1:0_2:0_3:0_4:0_5:0_6:0_7:0_8:0_9:0_10:0_11:0_12:0_13:0_14:0_15:0_16:0_17:0_18:0_19:0_20:0_21:0_22:0_23:0_24:0_25:0_26:0_27:0_28:0_29:0_30:0_31:0_32:0_33:0_34:0_35:0_36:0_37:0_38:0_39:0_40:0_41:0_42:0_43:0_44:0_45:0_46:0_47:0_48:0_49:0_50:0_51:0_52:0_53:0_54:0_55:0_56:0_57:0_58:0_59:0_60:0_61:0_62:0_63:0_64:0_65:0_66:0_67:0_68:0_69:0_70:0_71:0_72:0_73:0_74:0_75:0_76:0_77:0_78:0_79:0_80:0_81:0_82:0_83:0_84:0_85:0_86:0_87:0_88:0_89:0_90:0_91:0_92:0_93:0_94:0_95:0_96:0_97:0_98:0_99:0_100:0_101:0_102:0_103:0_104:0_105:0_106:0_107:0_108:0_109:0_110:0_111:0_112:0_113:0_114:0_115:0_116:0_117:0_118:0_119:0_120:0_121:0_122:0_123:0_124:0_125:0_126:0_127:0_128:0_129:0_130:0_131:0_132:0_133:0_134:0_135:0_136:0_137:0_138:0_139:0_140:0_141:0_142:0_143:0_144:0_145:0_146:0_147:0_148:0_149:0_150:0_151:0_152:0_153:0_154:0_155:0_156:0_157:0_158:0_159:0_160:0,0:1,0,0,0,0
400010,,"42761010,42663010",1:0_2:0_3:0_4:0_5:0_6:0_7:0_8:0_9:0_10:0_11:0_12:0_13:0_14:0_15:0_16:0_17:0_18:0_19:0_20:0_21:0_22:0_23:0_24:0_25:0_26:0_27:0_28:0_29:0_30:0_31:0_32:0_33:0_34:0_35:0_36:0_37:0_38:0_39:0_40:0_41:0_42:0_43:0_44:0_45:0_46:0_47:0_48:0_49:0_50:0_51:0_52:0_53:0_54:0_55:0_56:0_57:0_58:0_59:0_60:0_61:0_62:0_63:0_64:0_65:0_66:0_67:0_68:0_69:0_70:0_71:0_72:0_73:0_74:0_75:0_76:0_77:0_78:0_79:0_80:0_81:0_82:0_83:0_84:0_85:0_86:0_87:0_88:0_89:0_90:0_91:0_92:0_93:0_94:0_95:0_96:0_97:0_98:0_99:0_100:0_101:0_102:0_103:0_104:0_105:0_106:0_107:0_108:0_109:0_110:0_111:0_112:0_113:0_114:0_115:0_116:0_117:0_118:0_119:0_120:0_121:0_122:0_123:0_124:0_125:0_126:0_127:0_128:0_129:0_130:0_131:0_132:0_133:0_134:0_135:0_136:0_137:0_138:0_139:0_140:0_141:0_142:0_143:0_144:0_145:0_146:0_147:0_148:0_149:0_150:0_151:0_152:0_153:0_154:0_155:0_156:0_157:0_158:0_159:0_160:0,0:1,0,0,1:0_2:0_3:0_4:0_5:0_6:0_7:0_8:0_9:0_10:0_11:0_12:0_13:0_14:0_15:0_16:0_17:0_18:0_19:0_20:0_21:0_22:0_23:0_24:0_25:0_26:0_27:0_28:0_29:0_30:0_31:0_32:0_33:0_34:0_35:0_36:0_37:0_38:0_39:0_40:0_41:0_42:0_43:0_44:0_45:0_46:0_47:0_48:0_49:0_50:0_51:0_52:0_53:0_54:0_55:0_56:0_57:0_58:0_59:0_60:0_61:0_62:0_63:0_64:0_65:0_66:0_67:0_68:0_69:0_70:0_71:0_72:0_73:0_74:0_75:0_76:0_77:0_78:0_79:0_80:0_81:0_82:0_83:0_84:0_85:0_86:0_87:0_88:0_89:0_90:0_91:0_92:0_93:0_94:0_95:0_96:0_97:0_98:0_99:0_100:0_101:0_102:0_103:0_104:0_105:0_106:0_107:0_108:0_109:0_110:0_111:0_112:0_113:0_114:0_115:0_116:0_117:0_118:0_119:0_120:0_121:0_122:0_123:0_124:0_125:0_126:0_127:0_128:0_129:0_130:0_131:0_132:0_133:0_134:0_135:0_136:0_137:0_138:0_139:0_140:0_141:0_142:0_143:0_144:0_145:0_146:0_147:0_148:0_149:0_150:0_151:0_152:0_153:0_154:0_155:0_156:0_157:0_158:0_159:0_160:0,0:1,0,0,0,0
410020,,"42761010,42663010",1:0_2:0_3:0_4:0_5:0_6:0_7:0_8:0_9:0_10:0_11:0_12:0_13:0_14:0_15:0_16:0_17:0_18:0_19:0_20:0_21:0_22:0_23:0_24:0_25:0_26:0_27:0_28:0_29:0_30:0_31:0_32:0_33:0_34:0_35:0_36:0_37:0_38:0_39:0_40:0_41:0_42:0_43:0_44:0_45:0_46:0_47:0_48:0_49:0_50:0_51:0_52:0_53:0_54:0_55:0_56:0_57:0_58:0_59:0_60:0_61:0_62:0_63:0_64:0_65:0_66:0_67:0_68:0_69:0_70:0_71:0_72:0_73:0_74:0_75:0_76:0_77:0_78:0_79:0_80:0_81:0_82:0_83:0_84:0_85:0_86:0_87:0_88:0_89:0_90:0_91:0_92:0_93:0_94:0_95:0_96:0_97:0_98:0_99:0_100:0_101:0_102:0_103:0_104:0_105:0_106:0_107:0_108:0_109:0_110:0_111:0_112:0_113:0_114:0_115:0_116:0_117:0_118:0_119:0_120:0_121:0_122:0_123:0_124:0_125:0_126:0_127:0_128:0_129:0_130:0_131:0_132:0_133:0_134:0_135:0_136:0_137:0_138:0_139:0_140:0_141:0_142:0_143:0_144:0_145:0_146:0_147:0_148:0_149:0_150:0_151:0_152:0_153:0_154:0_155:0_156:0_157:0_158:0_159:0_160:0,0:1,0,0,1:0_2:0_3:0_4:0_5:0_6:0_7:0_8:0_9:0_10:0_11:0_12:0_13:0_14:0_15:0_16:0_17:0_18:0_19:0_20:0_21:0_22:0_23:0_24:0_25:0_26:0_27:0_28:0_29:0_30:0_31:0_32:0_33:0_34:0_35:0_36:0_37:0_38:0_39:0_40:0_41:0_42:0_43:0_44:0_45:0_46:0_47:0_48:0_49:0_50:0_51:0_52:0_53:0_54:0_55:0_56:0_57:0_58:0_59:0_60:0_61:0_62:0_63:0_64:0_65:0_66:0_67:0_68:0_69:0_70:0_71:0_72:0_73:0_74:0_75:0_76:0_77:0_78:0_79:0_80:0_81:0_82:0_83:0_84:0_85:0_86:0_87:0_88:0_89:0_90:0_91:0_92:0_93:0_94:0_95:0_96:0_97:0_98:0_99:0_100:0_101:0_102:0_103:0_104:0_105:0_106:0_107:0_108:0_109:0_110:0_111:0_112:0_113:0_114:0_115:0_116:0_117:0_118:0_119:0_120:0_121:0_122:0_123:0_124:0_125:0_126:0_127:0_128:0_129:0_130:0_131:0_132:0_133:0_134:0_135:0_136:0_137:0_138:0_139:0_140:0_141:0_142:0_143:0_144:0_145:0_146:0_147:0_148:0_149:0_150:0_151:0_152:0_153:0_154:0_155:0_156:0_157:0_158:0_159:0_160:0,0:1,0,0,0,0
410010,,"42761010,42663010",1:0_2:0_3:0_4:0_5:0_6:0_7:0_8:0_9:0_10:0_11:0_12:0_13:0_14:0_15:0_16:0_17:0_18:0_19:0_20:0_21:0_22:0_23:0_24:0_25:0_26:0_27:0_28:0_29:0_30:0_31:0_32:0_33:0_34:0_35:0_36:0_37:0_38:0_39:0_40:0_41:0_42:0_43:0_44:0_45:0_46:0_47:0_48:0_49:0_50:0_51:0_52:0_53:0_54:0_55:0_56:0_57:0_58:0_59:0_60:0_61:0_62:0_63:0_64:0_65:0_66:0_67:0_68:0_69:0_70:0_71:0_72:0_73:0_74:0_75:0_76:0_77:0_78:0_79:0_80:0_81:0_82:0_83:0_84:0_85:0_86:0_87:0_88:0_89:0_90:0_91:0_92:0_93:0_94:0_95:0_96:0_97:0_98:0_99:0_100:0_101:0_102:0_103:0_104:0_105:0_106:0_107:0_108:0_109:0_110:0_111:0_112:0_113:0_114:0_115:0_116:0_117:0_118:0_119:0_120:0_121:0_122:0_123:0_124:0_125:0_126:0_127:0_128:0_129:0_130:0_131:0_132:0_133:0_134:0_135:0_136:0_137:0_138:0_139:0_140:0_141:0_142:0_143:0_144:0_145:0_146:0_147:0_148:0_149:0_150:0_151:0_152:0_153:0_154:0_155:0_156:0_157:0_158:0_159:0_160:0,0:1,0,0,1:0_2:0_3:0_4:0_5:0_6:0_7:0_8:0_9:0_10:0_11:0_12:0_13:0_14:0_15:0_16:0_17:0_18:0_19:0_20:0_21:0_22:0_23:0_24:0_25:0_26:0_27:0_28:0_29:0_30:0_31:0_32:0_33:0_34:0_35:0_36:0_37:0_38:0_39:0_40:0_41:0_42:0_43:0_44:0_45:0_46:0_47:0_48:0_49:0_50:0_51:0_52:0_53:0_54:0_55:0_56:0_57:0_58:0_59:0_60:0_61:0_62:0_63:0_64:0_65:0_66:0_67:0_68:0_69:0_70:0_71:0_72:0_73:0_74:0_75:0_76:0_77:0_78:0_79:0_80:0_81:0_82:0_83:0_84:0_85:0_86:0_87:0_88:0_89:0_90:0_91:0_92:0_93:0_94:0_95:0_96:0_97:0_98:0_99:0_100:0_101:0_102:0_103:0_104:0_105:0_106:0_107:0_108:0_109:0_110:0_111:0_112:0_113:0_114:0_115:0_116:0_117:0_118:0_119:0_120:0_121:0_122:0_123:0_124:0_125:0_126:0_127:0_128:0_129:0_130:0_131:0_132:0_133:0_134:0_135:0_136:0_137:0_138:0_139:0_140:0_141:0_142:0_143:0_144:0_145:0_146:0_147:0_148:0_149:0_150:0_151:0_152:0_153:0_154:0_155:0_156:0_157:0_158:0_159:0_160:0,0:1,0,0,0,0
420020,,"42761010,42663010",1:0_2:0_3:0_4:0_5:0_6:0_7:0_8:0_9:0_10:0_11:0_12:0_13:0_14:0_15:0_16:0_17:0_18:0_19:0_20:0_21:0_22:0_23:0_24:0_25:0_26:0_27:0_28:0_29:0_30:0_31:0_32:0_33:0_34:0_35:0_36:0_37:0_38:0_39:0_40:0_41:0_42:0_43:0_44:0_45:0_46:0_47:0_48:0_49:0_50:0_51:0_52:0_53:0_54:0_55:0_56:0_57:0_58:0_59:0_60:0_61:0_62:0_63:0_64:0_65:0_66:0_67:0_68:0_69:0_70:0_71:0_72:0_73:0_74:0_75:0_76:0_77:0_78:0_79:0_80:0_81:0_82:0_83:0_84:0_85:0_86:0_87:0_88:0_89:0_90:0_91:0_92:0_93:0_94:0_95:0_96:0_97:0_98:0_99:0_100:0_101:0_102:0_103:0_104:0_105:0_106:0_107:0_108:0_109:0_110:0_111:0_112:0_113:0_114:0_115:0_116:0_117:0_118:0_119:0_120:0_121:0_122:0_123:0_124:0_125:0_126:0_127:0_128:0_129:0_130:0_131:0_132:0_133:0_134:0_135:0_136:0_137:0_138:0_139:0_140:0_141:0_142:0_143:0_144:0_145:0_146:0_147:0_148:0_149:0_150:0_151:0_152:0_153:0_154:0_155:0_156:0_157:0_158:0_159:0_160:0,0:1,0,0,1:0_2:0_3:0_4:0_5:0_6:0_7:0_8:0_9:0_10:0_11:0_12:0_13:0_14:0_15:0_16:0_17:0_18:0_19:0_20:0_21:0_22:0_23:0_24:0_25:0_26:0_27:0_28:0_29:0_30:0_31:0_32:0_33:0_34:0_35:0_36:0_37:0_38:0_39:0_40:0_41:0_42:0_43:0_44:0_45:0_46:0_47:0_48:0_49:0_50:0_51:0_52:0_53:0_54:0_55:0_56:0_57:0_58:0_59:0_60:0_61:0_62:0_63:0_64:0_65:0_66:0_67:0_68:0_69:0_70:0_71:0_72:0_73:0_74:0_75:0_76:0_77:0_78:0_79:0_80:0_81:0_82:0_83:0_84:0_85:0_86:0_87:0_88:0_89:0_90:0_91:0_92:0_93:0_94:0_95:0_96:0_97:0_98:0_99:0_100:0_101:0_102:0_103:0_104:0_105:0_106:0_107:0_108:0_109:0_110:0_111:0_112:0_113:0_114:0_115:0_116:0_117:0_118:0_119:0_120:0_121:0_122:0_123:0_124:0_125:0_126:0_127:0_128:0_129:0_130:0_131:0_132:0_133:0_134:0_135:0_136:0_137:0_138:0_139:0_140:0_141:0_142:0_143:0_144:0_145:0_146:0_147:0_148:0_149:0_150:0_151:0_152:0_153:0_154:0_155:0_156:0_157:0_158:0_159:0_160:0,0:1,0,0,0,0
420010,,"42761010,42663010",1:0_2:0_3:0_4:0_5:0_6:0_7:0_8:0_9:0_10:0_11:0_12:0_13:0_14:0_15:0_16:0_17:0_18:0_19:0_20:0_21:0_22:0_23:0_24:0_25:0_26:0_27:0_28:0_29:0_30:0_31:0_32:0_33:0_34:0_35:0_36:0_37:0_38:0_39:0_40:0_41:0_42:0_43:0_44:0_45:0_46:0_47:0_48:0_49:0_50:0_51:0_52:0_53:0_54:0_55:0_56:0_57:0_58:0_59:0_60:0_61:0_62:0_63:0_64:0_65:0_66:0_67:0_68:0_69:0_70:0_71:0_72:0_73:0_74:0_75:0_76:0_77:0_78:0_79:0_80:0_81:0_82:0_83:0_84:0_85:0_86:0_87:0_88:0_89:0_90:0_91:0_92:0_93:0_94:0_95:0_96:0_97:0_98:0_99:0_100:0_101:0_102:0_103:0_104:0_105:0_106:0_107:0_108:0_109:0_110:0_111:0_112:0_113:0_114:0_115:0_116:0_117:0_118:0_119:0_120:0_121:0_122:0_123:0_124:0_125:0_126:0_127:0_128:0_129:0_130:0_131:0_132:0_133:0_134:0_135:0_136:0_137:0_138:0_139:0_140:0_141:0_142:0_143:0_144:0_145:0_146:0_147:0_148:0_149:0_150:0_151:0_152:0_153:0_154:0_155:0_156:0_157:0_158:0_159:0_160:0,0:1,0,0,1:0_2:0_3:0_4:0_5:0_6:0_7:0_8:0_9:0_10:0_11:0_12:0_13:0_14:0_15:0_16:0_17:0_18:0_19:0_20:0_21:0_22:0_23:0_24:0_25:0_26:0_27:0_28:0_29:0_30:0_31:0_32:0_33:0_34:0_35:0_36:0_37:0_38:0_39:0_40:0_41:0_42:0_43:0_44:0_45:0_46:0_47:0_48:0_49:0_50:0_51:0_52:0_53:0_54:0_55:0_56:0_57:0_58:0_59:0_60:0_61:0_62:0_63:0_64:0_65:0_66:0_67:0_68:0_69:0_70:0_71:0_72:0_73:0_74:0_75:0_76:0_77:0_78:0_79:0_80:0_81:0_82:0_83:0_84:0_85:0_86:0_87:0_88:0_89:0_90:0_91:0_92:0_93:0_94:0_95:0_96:0_97:0_98:0_99:0_100:0_101:0_102:0_103:0_104:0_105:0_106:0_107:0_108:0_109:0_110:0_111:0_112:0_113:0_114:0_115:0_116:0_117:0_118:0_119:0_120:0_121:0_122:0_123:0_124:0_125:0_126:0_127:0_128:0_129:0_130:0_131:0_132:0_133:0_134:0_135:0_136:0_137:0_138:0_139:0_140:0_141:0_142:0_143:0_144:0_145:0_146:0_147:0_148:0_149:0_150:0_151:0_152:0_153:0_154:0_155:0_156:0_157:0_158:0_159:0_160:0,0:1,0,0,0,0
430020,,"42761010,42663010",1:0_2:0_3:0_4:0_5:0_6:0_7:0_8:0_9:0_10:0_11:0_12:0_13:0_14:0_15:0_16:0_17:0_18:0_19:0_20:0_21:0_22:0_23:0_24:0_25:0_26:0_27:0_28:0_29:0_30:0_31:0_32:0_33:0_34:0_35:0_36:0_37:0_38:0_39:0_40:0_41:0_42:0_43:0_44:0_45:0_46:0_47:0_48:0_49:0_50:0_51:0_52:0_53:0_54:0_55:0_56:0_57:0_58:0_59:0_60:0_61:0_62:0_63:0_64:0_65:0_66:0_67:0_68:0_69:0_70:0_71:0_72:0_73:0_74:0_75:0_76:0_77:0_78:0_79:0_80:0_81:0_82:0_83:0_84:0_85:0_86:0_87:0_88:0_89:0_90:0_91:0_92:0_93:0_94:0_95:0_96:0_97:0_98:0_99:0_100:0_101:0_102:0_103:0_104:0_105:0_106:0_107:0_108:0_109:0_110:0_111:0_112:0_113:0_114:0_115:0_116:0_117:0_118:0_119:0_120:0_121:0_122:0_123:0_124:0_125:0_126:0_127:0_128:0_129:0_130:0_131:0_132:0_133:0_134:0_135:0_136:0_137:0_138:0_139:0_140:0_141:0_142:0_143:0_144:0_145:0_146:0_147:0_148:0_149:0_150:0_151:0_152:0_153:0_154:0_155:0_156:0_157:0_158:0_159:0_160:0,0:1,0,0,1:0_2:0_3:0_4:0_5:0_6:0_7:0_8:0_9:0_10:0_11:0_12:0_13:0_14:0_15:0_16:0_17:0_18:0_19:0_20:0_21:0_22:0_23:0_24:0_25:0_26:0_27:0_28:0_29:0_30:0_31:0_32:0_33:0_34:0_35:0_36:0_37:0_38:0_39:0_40:0_41:0_42:0_43:0_44:0_45:0_46:0_47:0_48:0_49:0_50:0_51:0_52:0_53:0_54:0_55:0_56:0_57:0_58:0_59:0_60:0_61:0_62:0_63:0_64:0_65:0_66:0_67:0_68:0_69:0_70:0_71:0_72:0_73:0_74:0_75:0_76:0_77:0_78:0_79:0_80:0_81:0_82:0_83:0_84:0_85:0_86:0_87:0_88:0_89:0_90:0_91:0_92:0_93:0_94:0_95:0_96:0_97:0_98:0_99:0_100:0_101:0_102:0_103:0_104:0_105:0_106:0_107:0_108:0_109:0_110:0_111:0_112:0_113:0_114:0_115:0_116:0_117:0_118:0_119:0_120:0_121:0_122:0_123:0_124:0_125:0_126:0_127:0_128:0_129:0_130:0_131:0_132:0_133:0_134:0_135:0_136:0_137:0_138:0_139:0_140:0_141:0_142:0_143:0_144:0_145:0_146:0_147:0_148:0_149:0_150:0_151:0_152:0_153:0_154:0_155:0_156:0_157:0_158:0_159:0_160:0,0:1,0,0,0,0
430010,,"42761010,42663010",1:0_2:0_3:0_4:0_5:0_6:0_7:0_8:0_9:0_10:0_11:0_12:0_13:0_14:0_15:0_16:0_17:0_18:0_19:0_20:0_21:0_22:0_23:0_24:0_25:0_26:0_27:0_28:0_29:0_30:0_31:0_32:0_33:0_34:0_35:0_36:0_37:0_38:0_39:0_40:0_41:0_42:0_43:0_44:0_45:0_46:0_47:0_48:0_49:0_50:0_51:0_52:0_53:0_54:0_55:0_56:0_57:0_58:0_59:0_60:0_61:0_62:0_63:0_64:0_65:0_66:0_67:0_68:0_69:0_70:0_71:0_72:0_73:0_74:0_75:0_76:0_77:0_78:0_79:0_80:0_81:0_82:0_83:0_84:0_85:0_86:0_87:0_88:0_89:0_90:0_91:0_92:0_93:0_94:0_95:0_96:0_97:0_98:0_99:0_100:0_101:0_102:0_103:0_104:0_105:0_106:0_107:0_108:0_109:0_110:0_111:0_112:0_113:0_114:0_115:0_116:0_117:0_118:0_119:0_120:0_121:0_122:0_123:0_124:0_125:0_126:0_127:0_128:0_129:0_130:0_131:0_132:0_133:0_134:0_135:0_136:0_137:0_138:0_139:0_140:0_141:0_142:0_143:0_144:0_145:0_146:0_147:0_148:0_149:0_150:0_151:0_152:0_153:0_154:0_155:0_156:0_157:0_158:0_159:0_160:0,0:1,0,0,1:0_2:0_3:0_4:0_5:0_6:0_7:0_8:0_9:0_10:0_11:0_12:0_13:0_14:0_15:0_16:0_17:0_18:0_19:0_20:0_21:0_22:0_23:0_24:0_25:0_26:0_27:0_28:0_29:0_30:0_31:0_32:0_33:0_34:0_35:0_36:0_37:0_38:0_39:0_40:0_41:0_42:0_43:0_44:0_45:0_46:0_47:0_48:0_49:0_50:0_51:0_52:0_53:0_54:0_55:0_56:0_57:0_58:0_59:0_60:0_61:0_62:0_63:0_64:0_65:0_66:0_67:0_68:0_69:0_70:0_71:0_72:0_73:0_74:0_75:0_76:0_77:0_78:0_79:0_80:0_81:0_82:0_83:0_84:0_85:0_86:0_87:0_88:0_89:0_90:0_91:0_92:0_93:0_94:0_95:0_96:0_97:0_98:0_99:0_100:0_101:0_102:0_103:0_104:0_105:0_106:0_107:0_108:0_109:0_110:0_111:0_112:0_113:0_114:0_115:0_116:0_117:0_118:0_119:0_120:0_121:0_122:0_123:0_124:0_125:0_126:0_127:0_128:0_129:0_130:0_131:0_132:0_133:0_134:0_135:0_136:0_137:0_138:0_139:0_140:0_141:0_142:0_143:0_144:0_145:0_146:0_147:0_148:0_149:0_150:0_151:0_152:0_153:0_154:0_155:0_156:0_157:0_158:0_159:0_160:0,0:1,0,0,0,0
440020,,"42761010,42663010",1:0_2:0_3:0_4:0_5:0_6:0_7:0_8:0_9:0_10:0_11:0_12:0_13:0_14:0_15:0_16:0_17:0_18:0_19:0_20:0_21:0_22:0_23:0_24:0_25:0_26:0_27:0_28:0_29:0_30:0_31:0_32:0_33:0_34:0_35:0_36:0_37:0_38:0_39:0_40:0_41:0_42:0_43:0_44:0_45:0_46:0_47:0_48:0_49:0_50:0_51:0_52:0_53:0_54:0_55:0_56:0_57:0_58:0_59:0_60:0_61:0_62:0_63:0_64:0_65:0_66:0_67:0_68:0_69:0_70:0_71:0_72:0_73:0_74:0_75:0_76:0_77:0_78:0_79:0_80:0_81:0_82:0_83:0_84:0_85:0_86:0_87:0_88:0_89:0_90:0_91:0_92:0_93:0_94:0_95:0_96:0_97:0_98:0_99:0_100:0_101:0_102:0_103:0_104:0_105:0_106:0_107:0_108:0_109:0_110:0_111:0_112:0_113:0_114:0_115:0_116:0_117:0_118:0_119:0_120:0_121:0_122:0_123:0_124:0_125:0_126:0_127:0_128:0_129:0_130:0_131:0_132:0_133:0_134:0_135:0_136:0_137:0_138:0_139:0_140:0_141:0_142:0_143:0_144:0_145:0_146:0_147:0_148:0_149:0_150:0_151:0_152:0_153:0_154:0_155:0_156:0_157:0_158:0_159:0_160:0,0:1,0,0,1:0_2:0_3:0_4:0_5:0_6:0_7:0_8:0_9:0_10:0_11:0_12:0_13:0_14:0_15:0_16:0_17:0_18:0_19:0_20:0_21:0_22:0_23:0_24:0_25:0_26:0_27:0_28:0_29:0_30:0_31:0_32:0_33:0_34:0_35:0_36:0_37:0_38:0_39:0_40:0_41:0_42:0_43:0_44:0_45:0_46:0_47:0_48:0_49:0_50:0_51:0_52:0_53:0_54:0_55:0_56:0_57:0_58:0_59:0_60:0_61:0_62:0_63:0_64:0_65:0_66:0_67:0_68:0_69:0_70:0_71:0_72:0_73:0_74:0_75:0_76:0_77:0_78:0_79:0_80:0_81:0_82:0_83:0_84:0_85:0_86:0_87:0_88:0_89:0_90:0_91:0_92:0_93:0_94:0_95:0_96:0_97:0_98:0_99:0_100:0_101:0_102:0_103:0_104:0_105:0_106:0_107:0_108:0_109:0_110:0_111:0_112:0_113:0_114:0_115:0_116:0_117:0_118:0_119:0_120:0_121:0_122:0_123:0_124:0_125:0_126:0_127:0_128:0_129:0_130:0_131:0_132:0_133:0_134:0_135:0_136:0_137:0_138:0_139:0_140:0_141:0_142:0_143:0_144:0_145:0_146:0_147:0_148:0_149:0_150:0_151:0_152:0_153:0_154:0_155:0_156:0_157:0_158:0_159:0_160:0,0:1,0,0,0,0
440010,,"42761010,42663010",1:0_2:0_3:0_4:0_5:0_6:0_7:0_8:0_9:0_10:0_11:0_12:0_13:0_14:0_15:0_16:0_17:0_18:0_19:0_20:0_21:0_22:0_23:0_24:0_25:0_26:0_27:0_28:0_29:0_30:0_31:0_32:0_33:0_34:0_35:0_36:0_37:0_38:0_39:0_40:0_41:0_42:0_43:0_44:0_45:0_46:0_47:0_48:0_49:0_50:0_51:0_52:0_53:0_54:0_55:0_56:0_57:0_58:0_59:0_60:0_61:0_62:0_63:0_64:0_65:0_66:0_67:0_68:0_69:0_70:0_71:0_72:0_73:0_74:0_75:0_76:0_77:0_78:0_79:0_80:0_81:0_82:0_83:0_84:0_85:0_86:0_87:0_88:0_89:0_90:0_91:0_92:0_93:0_94:0_95:0_96:0_97:0_98:0_99:0_100:0_101:0_102:0_103:0_104:0_105:0_106:0_107:0_108:0_109:0_110:0_111:0_112:0_113:0_114:0_115:0_116:0_117:0_118:0_119:0_120:0_121:0_122:0_123:0_124:0_125:0_126:0_127:0_128:0_129:0_130:0_131:0_132:0_133:0_134:0_135:0_136:0_137:0_138:0_139:0_140:0_141:0_142:0_143:0_144:0_145:0_146:0_147:0_148:0_149:0_150:0_151:0_152:0_153:0_154:0_155:0_156:0_157:0_158:0_159:0_160:0,0:1,0,0,1:0_2:0_3:0_4:0_5:0_6:0_7:0_8:0_9:0_10:0_11:0_12:0_13:0_14:0_15:0_16:0_17:0_18:0_19:0_20:0_21:0_22:0_23:0_24:0_25:0_26:0_27:0_28:0_29:0_30:0_31:0_32:0_33:0_34:0_35:0_36:0_37:0_38:0_39:0_40:0_41:0_42:0_43:0_44:0_45:0_46:0_47:0_48:0_49:0_50:0_51:0_52:0_53:0_54:0_55:0_56:0_57:0_58:0_59:0_60:0_61:0_62:0_63:0_64:0_65:0_66:0_67:0_68:0_69:0_70:0_71:0_72:0_73:0_74:0_75:0_76:0_77:0_78:0_79:0_80:0_81:0_82:0_83:0_84:0_85:0_86:0_87:0_88:0_89:0_90:0_91:0_92:0_93:0_94:0_95:0_96:0_97:0_98:0_99:0_100:0_101:0_102:0_103:0_104:0_105:0_106:0_107:0_108:0_109:0_110:0_111:0_112:0_113:0_114:0_115:0_116:0_117:0_118:0_119:0_120:0_121:0_122:0_123:0_124:0_125:0_126:0_127:0_128:0_129:0_130:0_131:0_132:0_133:0_134:0_135:0_136:0_137:0_138:0_139:0_140:0_141:0_142:0_143:0_144:0_145:0_146:0_147:0_148:0_149:0_150:0_151:0_152:0_153:0_154:0_155:0_156:0_157:0_158:0_159:0_160:0,0:1,0,0,0,0
450020,,"42761010,42663010",1:0_2:0_3:0_4:0_5:0_6:0_7:0_8:0_9:0_10:0_11:0_12:0_13:0_14:0_15:0_16:0_17:0_18:0_19:0_20:0_21:0_22:0_23:0_24:0_25:0_26:0_27:0_28:0_29:0_30:0_31:0_32:0_33:0_34:0_35:0_36:0_37:0_38:0_39:0_40:0_41:0_42:0_43:0_44:0_45:0_46:0_47:0_48:0_49:0_50:0_51:0_52:0_53:0_54:0_55:0_56:0_57:0_58:0_59:0_60:0_61:0_62:0_63:0_64:0_65:0_66:0_67:0_68:0_69:0_70:0_71:0_72:0_73:0_74:0_75:0_76:0_77:0_78:0_79:0_80:0_81:0_82:0_83:0_84:0_85:0_86:0_87:0_88:0_89:0_90:0_91:0_92:0_93:0_94:0_95:0_96:0_97:0_98:0_99:0_100:0_101:0_102:0_103:0_104:0_105:0_106:0_107:0_108:0_109:0_110:0_111:0_112:0_113:0_114:0_115:0_116:0_117:0_118:0_119:0_120:0_121:0_122:0_123:0_124:0_125:0_126:0_127:0_128:0_129:0_130:0_131:0_132:0_133:0_134:0_135:0_136:0_137:0_138:0_139:0_140:0_141:0_142:0_143:0_144:0_145:0_146:0_147:0_148:0_149:0_150:0_151:0_152:0_153:0_154:0_155:0_156:0_157:0_158:0_159:0_160:0,0:1,0,0,1:0_2:0_3:0_4:0_5:0_6:0_7:0_8:0_9:0_10:0_11:0_12:0_13:0_14:0_15:0_16:0_17:0_18:0_19:0_20:0_21:0_22:0_23:0_24:0_25:0_26:0_27:0_28:0_29:0_30:0_31:0_32:0_33:0_34:0_35:0_36:0_37:0_38:0_39:0_40:0_41:0_42:0_43:0_44:0_45:0_46:0_47:0_48:0_49:0_50:0_51:0_52:0_53:0_54:0_55:0_56:0_57:0_58:0_59:0_60:0_61:0_62:0_63:0_64:0_65:0_66:0_67:0_68:0_69:0_70:0_71:0_72:0_73:0_74:0_75:0_76:0_77:0_78:0_79:0_80:0_81:0_82:0_83:0_84:0_85:0_86:0_87:0_88:0_89:0_90:0_91:0_92:0_93:0_94:0_95:0_96:0_97:0_98:0_99:0_100:0_101:0_102:0_103:0_104:0_105:0_106:0_107:0_108:0_109:0_110:0_111:0_112:0_113:0_114:0_115:0_116:0_117:0_118:0_119:0_120:0_121:0_122:0_123:0_124:0_125:0_126:0_127:0_128:0_129:0_130:0_131:0_132:0_133:0_134:0_135:0_136:0_137:0_138:0_139:0_140:0_141:0_142:0_143:0_144:0_145:0_146:0_147:0_148:0_149:0_150:0_151:0_152:0_153:0_154:0_155:0_156:0_157:0_158:0_159:0_160:0,0:1,0,0,0,0
450010,,"42761010,42663010",1:0_2:0_3:0_4:0_5:0_6:0_7:0_8:0_9:0_10:0_11:0_12:0_13:0_14:0_15:0_16:0_17:0_18:0_19:0_20:0_21:0_22:0_23:0_24:0_25:0_26:0_27:0_28:0_29:0_30:0_31:0_32:0_33:0_34:0_35:0_36:0_37:0_38:0_39:0_40:0_41:0_42:0_43:0_44:0_45:0_46:0_47:0_48:0_49:0_50:0_51:0_52:0_53:0_54:0_55:0_56:0_57:0_58:0_59:0_60:0_61:0_62:0_63:0_64:0_65:0_66:0_67:0_68:0_69:0_70:0_71:0_72:0_73:0_74:0_75:0_76:0_77:0_78:0_79:0_80:0_81:0_82:0_83:0_84:0_85:0_86:0_87:0_88:0_89:0_90:0_91:0_92:0_93:0_94:0_95:0_96:0_97:0_98:0_99:0_100:0_101:0_102:0_103:0_104:0_105:0_106:0_107:0_108:0_109:0_110:0_111:0_112:0_113:0_114:0_115:0_116:0_117:0_118:0_119:0_120:0_121:0_122:0_123:0_124:0_125:0_126:0_127:0_128:0_129:0_130:0_131:0_132:0_133:0_134:0_135:0_136:0_137:0_138:0_139:0_140:0_141:0_142:0_143:0_144:0_145:0_146:0_147:0_148:0_149:0_150:0_151:0_152:0_153:0_154:0_155:0_156:0_157:0_158:0_159:0_160:0,0:1,0,0,1:0_2:0_3:0_4:0_5:0_6:0_7:0_8:0_9:0_10:0_11:0_12:0_13:0_14:0_15:0_16:0_17:0_18:0_19:0_20:0_21:0_22:0_23:0_24:0_25:0_26:0_27:0_28:0_29:0_30:0_31:0_32:0_33:0_34:0_35:0_36:0_37:0_38:0_39:0_40:0_41:0_42:0_43:0_44:0_45:0_46:0_47:0_48:0_49:0_50:0_51:0_52:0_53:0_54:0_55:0_56:0_57:0_58:0_59:0_60:0_61:0_62:0_63:0_64:0_65:0_66:0_67:0_68:0_69:0_70:0_71:0_72:0_73:0_74:0_75:0_76:0_77:0_78:0_79:0_80:0_81:0_82:0_83:0_84:0_85:0_86:0_87:0_88:0_89:0_90:0_91:0_92:0_93:0_94:0_95:0_96:0_97:0_98:0_99:0_100:0_101:0_102:0_103:0_104:0_105:0_106:0_107:0_108:0_109:0_110:0_111:0_112:0_113:0_114:0_115:0_116:0_117:0_118:0_119:0_120:0_121:0_122:0_123:0_124:0_125:0_126:0_127:0_128:0_129:0_130:0_131:0_132:0_133:0_134:0_135:0_136:0_137:0_138:0_139:0_140:0_141:0_142:0_143:0_144:0_145:0_146:0_147:0_148:0_149:0_150:0_151:0_152:0_153:0_154:0_155:0_156:0_157:0_158:0_159:0_160:0,0:1,0,0,0,0
460020,,"42761010,42663010",1:0_2:0_3:0_4:0_5:0_6:0_7:0_8:0_9:0_10:0_11:0_12:0_13:0_14:0_15:0_16:0_17:0_18:0_19:0_20:0_21:0_22:0_23:0_24:0_25:0_26:0_27:0_28:0_29:0_30:0_31:0_32:0_33:0_34:0_35:0_36:0_37:0_38:0_39:0_40:0_41:0_42:0_43:0_44:0_45:0_46:0_47:0_48:0_49:0_50:0_51:0_52:0_53:0_54:0_55:0_56:0_57:0_58:0_59:0_60:0_61:0_62:0_63:0_64:0_65:0_66:0_67:0_68:0_69:0_70:0_71:0_72:0_73:0_74:0_75:0_76:0_77:0_78:0_79:0_80:0_81:0_82:0_83:0_84:0_85:0_86:0_87:0_88:0_89:0_90:0_91:0_92:0_93:0_94:0_95:0_96:0_97:0_98:0_99:0_100:0_101:0_102:0_103:0_104:0_105:0_106:0_107:0_108:0_109:0_110:0_111:0_112:0_113:0_114:0_115:0_116:0_117:0_118:0_119:0_120:0_121:0_122:0_123:0_124:0_125:0_126:0_127:0_128:0_129:0_130:0_131:0_132:0_133:0_134:0_135:0_136:0_137:0_138:0_139:0_140:0_141:0_142:0_143:0_144:0_145:0_146:0_147:0_148:0_149:0_150:0_151:0_152:0_153:0_154:0_155:0_156:0_157:0_158:0_159:0_160:0,0:1,0,0,1:0_2:0_3:0_4:0_5:0_6:0_7:0_8:0_9:0_10:0_11:0_12:0_13:0_14:0_15:0_16:0_17:0_18:0_19:0_20:0_21:0_22:0_23:0_24:0_25:0_26:0_27:0_28:0_29:0_30:0_31:0_32:0_33:0_34:0_35:0_36:0_37:0_38:0_39:0_40:0_41:0_42:0_43:0_44:0_45:0_46:0_47:0_48:0_49:0_50:0_51:0_52:0_53:0_54:0_55:0_56:0_57:0_58:0_59:0_60:0_61:0_62:0_63:0_64:0_65:0_66:0_67:0_68:0_69:0_70:0_71:0_72:0_73:0_74:0_75:0_76:0_77:0_78:0_79:0_80:0_81:0_82:0_83:0_84:0_85:0_86:0_87:0_88:0_89:0_90:0_91:0_92:0_93:0_94:0_95:0_96:0_97:0_98:0_99:0_100:0_101:0_102:0_103:0_104:0_105:0_106:0_107:0_108:0_109:0_110:0_111:0_112:0_113:0_114:0_115:0_116:0_117:0_118:0_119:0_120:0_121:0_122:0_123:0_124:0_125:0_126:0_127:0_128:0_129:0_130:0_131:0_132:0_133:0_134:0_135:0_136:0_137:0_138:0_139:0_140:0_141:0_142:0_143:0_144:0_145:0_146:0_147:0_148:0_149:0_150:0_151:0_152:0_153:0_154:0_155:0_156:0_157:0_158:0_159:0_160:0,0:1,0,0,0,0
460010,,"42761010,42663010",1:0_2:0_3:0_4:0_5:0_6:0_7:0_8:0_9:0_10:0_11:0_12:0_13:0_14:0_15:0_16:0_17:0_18:0_19:0_20:0_21:0_22:0_23:0_24:0_25:0_26:0_27:0_28:0_29:0_30:0_31:0_32:0_33:0_34:0_35:0_36:0_37:0_38:0_39:0_40:0_41:0_42:0_43:0_44:0_45:0_46:0_47:0_48:0_49:0_50:0_51:0_52:0_53:0_54:0_55:0_56:0_57:0_58:0_59:0_60:0_61:0_62:0_63:0_64:0_65:0_66:0_67:0_68:0_69:0_70:0_71:0_72:0_73:0_74:0_75:0_76:0_77:0_78:0_79:0_80:0_81:0_82:0_83:0_84:0_85:0_86:0_87:0_88:0_89:0_90:0_91:0_92:0_93:0_94:0_95:0_96:0_97:0_98:0_99:0_100:0_101:0_102:0_103:0_104:0_105:0_106:0_107:0_108:0_109:0_110:0_111:0_112:0_113:0_114:0_115:0_116:0_117:0_118:0_119:0_120:0_121:0_122:0_123:0_124:0_125:0_126:0_127:0_128:0_129:0_130:0_131:0_132:0_133:0_134:0_135:0_136:0_137:0_138:0_139:0_140:0_141:0_142:0_143:0_144:0_145:0_146:0_147:0_148:0_149:0_150:0_151:0_152:0_153:0_154:0_155:0_156:0_157:0_158:0_159:0_160:0,0:1,0,0,1:0_2:0_3:0_4:0_5:0_6:0_7:0_8:0_9:0_10:0_11:0_12:0_13:0_14:0_15:0_16:0_17:0_18:0_19:0_20:0_21:0_22:0_23:0_24:0_25:0_26:0_27:0_28:0_29:0_30:0_31:0_32:0_33:0_34:0_35:0_36:0_37:0_38:0_39:0_40:0_41:0_42:0_43:0_44:0_45:0_46:0_47:0_48:0_49:0_50:0_51:0_52:0_53:0_54:0_55:0_56:0_57:0_58:0_59:0_60:0_61:0_62:0_63:0_64:0_65:0_66:0_67:0_68:0_69:0_70:0_71:0_72:0_73:0_74:0_75:0_76:0_77:0_78:0_79:0_80:0_81:0_82:0_83:0_84:0_85:0_86:0_87:0_88:0_89:0_90:0_91:0_92:0_93:0_94:0_95:0_96:0_97:0_98:0_99:0_100:0_101:0_102:0_103:0_104:0_105:0_106:0_107:0_108:0_109:0_110:0_111:0_112:0_113:0_114:0_115:0_116:0_117:0_118:0_119:0_120:0_121:0_122:0_123:0_124:0_125:0_126:0_127:0_128:0_129:0_130:0_131:0_132:0_133:0_134:0_135:0_136:0_137:0_138:0_139:0_140:0_141:0_142:0_143:0_144:0_145:0_146:0_147:0_148:0_149:0_150:0_151:0_152:0_153:0_154:0_155:0_156:0_157:0_158:0_159:0_160:0,0:1,0,0,0,0
470020,,"42761010,42663010",1:0_2:0_3:0_4:0_5:0_6:0_7:0_8:0_9:0_10:0_11:0_12:0_13:0_14:0_15:0_16:0_17:0_18:0_19:0_20:0_21:0_22:0_23:0_24:0_25:0_26:0_27:0_28:0_29:0_30:0_31:0_32:0_33:0_34:0_35:0_36:0_37:0_38:0_39:0_40:0_41:0_42:0_43:0_44:0_45:0_46:0_47:0_48:0_49:0_50:0_51:0_52:0_53:0_54:0_55:0_56:0_57:0_58:0_59:0_60:0_61:0_62:0_63:0_64:0_65:0_66:0_67:0_68:0_69:0_70:0_71:0_72:0_73:0_74:0_75:0_76:0_77:0_78:0_79:0_80:0_81:0_82:0_83:0_84:0_85:0_86:0_87:0_88:0_89:0_90:0_91:0_92:0_93:0_94:0_95:0_96:0_97:0_98:0_99:0_100:0_101:0_102:0_103:0_104:0_105:0_106:0_107:0_108:0_109:0_110:0_111:0_112:0_113:0_114:0_115:0_116:0_117:0_118:0_119:0_120:0_121:0_122:0_123:0_124:0_125:0_126:0_127:0_128:0_129:0_130:0_131:0_132:0_133:0_134:0_135:0_136:0_137:0_138:0_139:0_140:0_141:0_142:0_143:0_144:0_145:0_146:0_147:0_148:0_149:0_150:0_151:0_152:0_153:0_154:0_155:0_156:0_157:0_158:0_159:0_160:0,0:1,0,0,1:0_2:0_3:0_4:0_5:0_6:0_7:0_8:0_9:0_10:0_11:0_12:0_13:0_14:0_15:0_16:0_17:0_18:0_19:0_20:0_21:0_22:0_23:0_24:0_25:0_26:0_27:0_28:0_29:0_30:0_31:0_32:0_33:0_34:0_35:0_36:0_37:0_38:0_39:0_40:0_41:0_42:0_43:0_44:0_45:0_46:0_47:0_48:0_49:0_50:0_51:0_52:0_53:0_54:0_55:0_56:0_57:0_58:0_59:0_60:0_61:0_62:0_63:0_64:0_65:0_66:0_67:0_68:0_69:0_70:0_71:0_72:0_73:0_74:0_75:0_76:0_77:0_78:0_79:0_80:0_81:0_82:0_83:0_84:0_85:0_86:0_87:0_88:0_89:0_90:0_91:0_92:0_93:0_94:0_95:0_96:0_97:0_98:0_99:0_100:0_101:0_102:0_103:0_104:0_105:0_106:0_107:0_108:0_109:0_110:0_111:0_112:0_113:0_114:0_115:0_116:0_117:0_118:0_119:0_120:0_121:0_122:0_123:0_124:0_125:0_126:0_127:0_128:0_129:0_130:0_131:0_132:0_133:0_134:0_135:0_136:0_137:0_138:0_139:0_140:0_141:0_142:0_143:0_144:0_145:0_146:0_147:0_148:0_149:0_150:0_151:0_152:0_153:0_154:0_155:0_156:0_157:0_158:0_159:0_160:0,0:1,0,0,0,0
470010,,"42761010,42663010",1:0_2:0_3:0_4:0_5:0_6:0_7:0_8:0_9:0_10:0_11:0_12:0_13:0_14:0_15:0_16:0_17:0_18:0_19:0_20:0_21:0_22:0_23:0_24:0_25:0_26:0_27:0_28:0_29:0_30:0_31:0_32:0_33:0_34:0_35:0_36:0_37:0_38:0_39:0_40:0_41:0_42:0_43:0_44:0_45:0_46:0_47:0_48:0_49:0_50:0_51:0_52:0_53:0_54:0_55:0_56:0_57:0_58:0_59:0_60:0_61:0_62:0_63:0_64:0_65:0_66:0_67:0_68:0_69:0_70:0_71:0_72:0_73:0_74:0_75:0_76:0_77:0_78:0_79:0_80:0_81:0_82:0_83:0_84:0_85:0_86:0_87:0_88:0_89:0_90:0_91:0_92:0_93:0_94:0_95:0_96:0_97:0_98:0_99:0_100:0_101:0_102:0_103:0_104:0_105:0_106:0_107:0_108:0_109:0_110:0_111:0_112:0_113:0_114:0_115:0_116:0_117:0_118:0_119:0_120:0_121:0_122:0_123:0_124:0_125:0_126:0_127:0_128:0_129:0_130:0_131:0_132:0_133:0_134:0_135:0_136:0_137:0_138:0_139:0_140:0_141:0_142:0_143:0_144:0_145:0_146:0_147:0_148:0_149:0_150:0_151:0_152:0_153:0_154:0_155:0_156:0_157:0_158:0_159:0_160:0,0:1,0,0,1:0_2:0_3:0_4:0_5:0_6:0_7:0_8:0_9:0_10:0_11:0_12:0_13:0_14:0_15:0_16:0_17:0_18:0_19:0_20:0_21:0_22:0_23:0_24:0_25:0_26:0_27:0_28:0_29:0_30:0_31:0_32:0_33:0_34:0_35:0_36:0_37:0_38:0_39:0_40:0_41:0_42:0_43:0_44:0_45:0_46:0_47:0_48:0_49:0_50:0_51:0_52:0_53:0_54:0_55:0_56:0_57:0_58:0_59:0_60:0_61:0_62:0_63:0_64:0_65:0_66:0_67:0_68:0_69:0_70:0_71:0_72:0_73:0_74:0_75:0_76:0_77:0_78:0_79:0_80:0_81:0_82:0_83:0_84:0_85:0_86:0_87:0_88:0_89:0_90:0_91:0_92:0_93:0_94:0_95:0_96:0_97:0_98:0_99:0_100:0_101:0_102:0_103:0_104:0_105:0_106:0_107:0_108:0_109:0_110:0_111:0_112:0_113:0_114:0_115:0_116:0_117:0_118:0_119:0_120:0_121:0_122:0_123:0_124:0_125:0_126:0_127:0_128:0_129:0_130:0_131:0_132:0_133:0_134:0_135:0_136:0_137:0_138:0_139:0_140:0_141:0_142:0_143:0_144:0_145:0_146:0_147:0_148:0_149:0_150:0_151:0_152:0_153:0_154:0_155:0_156:0_157:0_158:0_159:0_160:0,0:1,0,0,0,0
480020,,"42761010,42663010",1:0_2:0_3:0_4:0_5:0_6:0_7:0_8:0_9:0_10:0_11:0_12:0_13:0_14:0_15:0_16:0_17:0_18:0_19:0_20:0_21:0_22:0_23:0_24:0_25:0_26:0_27:0_28:0_29:0_30:0_31:0_32:0_33:0_34:0_35:0_36:0_37:0_38:0_39:0_40:0_41:0_42:0_43:0_44:0_45:0_46:0_47:0_48:0_49:0_50:0_51:0_52:0_53:0_54:0_55:0_56:0_57:0_58:0_59:0_60:0_61:0_62:0_63:0_64:0_65:0_66:0_67:0_68:0_69:0_70:0_71:0_72:0_73:0_74:0_75:0_76:0_77:0_78:0_79:0_80:0_81:0_82:0_83:0_84:0_85:0_86:0_87:0_88:0_89:0_90:0_91:0_92:0_93:0_94:0_95:0_96:0_97:0_98:0_99:0_100:0_101:0_102:0_103:0_104:0_105:0_106:0_107:0_108:0_109:0_110:0_111:0_112:0_113:0_114:0_115:0_116:0_117:0_118:0_119:0_120:0_121:0_122:0_123:0_124:0_125:0_126:0_127:0_128:0_129:0_130:0_131:0_132:0_133:0_134:0_135:0_136:0_137:0_138:0_139:0_140:0_141:0_142:0_143:0_144:0_145:0_146:0_147:0_148:0_149:0_150:0_151:0_152:0_153:0_154:0_155:0_156:0_157:0_158:0_159:0_160:0,0:1,0,0,1:0_2:0_3:0_4:0_5:0_6:0_7:0_8:0_9:0_10:0_11:0_12:0_13:0_14:0_15:0_16:0_17:0_18:0_19:0_20:0_21:0_22:0_23:0_24:0_25:0_26:0_27:0_28:0_29:0_30:0_31:0_32:0_33:0_34:0_35:0_36:0_37:0_38:0_39:0_40:0_41:0_42:0_43:0_44:0_45:0_46:0_47:0_48:0_49:0_50:0_51:0_52:0_53:0_54:0_55:0_56:0_57:0_58:0_59:0_60:0_61:0_62:0_63:0_64:0_65:0_66:0_67:0_68:0_69:0_70:0_71:0_72:0_73:0_74:0_75:0_76:0_77:0_78:0_79:0_80:0_81:0_82:0_83:0_84:0_85:0_86:0_87:0_88:0_89:0_90:0_91:0_92:0_93:0_94:0_95:0_96:0_97:0_98:0_99:0_100:0_101:0_102:0_103:0_104:0_105:0_106:0_107:0_108:0_109:0_110:0_111:0_112:0_113:0_114:0_115:0_116:0_117:0_118:0_119:0_120:0_121:0_122:0_123:0_124:0_125:0_126:0_127:0_128:0_129:0_130:0_131:0_132:0_133:0_134:0_135:0_136:0_137:0_138:0_139:0_140:0_141:0_142:0_143:0_144:0_145:0_146:0_147:0_148:0_149:0_150:0_151:0_152:0_153:0_154:0_155:0_156:0_157:0_158:0_159:0_160:0,0:1,0,0,0,0
480010,,"42761010,42663010",1:0_2:0_3:0_4:0_5:0_6:0_7:0_8:0_9:0_10:0_11:0_12:0_13:0_14:0_15:0_16:0_17:0_18:0_19:0_20:0_21:0_22:0_23:0_24:0_25:0_26:0_27:0_28:0_29:0_30:0_31:0_32:0_33:0_34:0_35:0_36:0_37:0_38:0_39:0_40:0_41:0_42:0_43:0_44:0_45:0_46:0_47:0_48:0_49:0_50:0_51:0_52:0_53:0_54:0_55:0_56:0_57:0_58:0_59:0_60:0_61:0_62:0_63:0_64:0_65:0_66:0_67:0_68:0_69:0_70:0_71:0_72:0_73:0_74:0_75:0_76:0_77:0_78:0_79:0_80:0_81:0_82:0_83:0_84:0_85:0_86:0_87:0_88:0_89:0_90:0_91:0_92:0_93:0_94:0_95:0_96:0_97:0_98:0_99:0_100:0_101:0_102:0_103:0_104:0_105:0_106:0_107:0_108:0_109:0_110:0_111:0_112:0_113:0_114:0_115:0_116:0_117:0_118:0_119:0_120:0_121:0_122:0_123:0_124:0_125:0_126:0_127:0_128:0_129:0_130:0_131:0_132:0_133:0_134:0_135:0_136:0_137:0_138:0_139:0_140:0_141:0_142:0_143:0_144:0_145:0_146:0_147:0_148:0_149:0_150:0_151:0_152:0_153:0_154:0_155:0_156:0_157:0_158:0_159:0_160:0,0:1,0,0,1:0_2:0_3:0_4:0_5:0_6:0_7:0_8:0_9:0_10:0_11:0_12:0_13:0_14:0_15:0_16:0_17:0_18:0_19:0_20:0_21:0_22:0_23:0_24:0_25:0_26:0_27:0_28:0_29:0_30:0_31:0_32:0_33:0_34:0_35:0_36:0_37:0_38:0_39:0_40:0_41:0_42:0_43:0_44:0_45:0_46:0_47:0_48:0_49:0_50:0_51:0_52:0_53:0_54:0_55:0_56:0_57:0_58:0_59:0_60:0_61:0_62:0_63:0_64:0_65:0_66:0_67:0_68:0_69:0_70:0_71:0_72:0_73:0_74:0_75:0_76:0_77:0_78:0_79:0_80:0_81:0_82:0_83:0_84:0_85:0_86:0_87:0_88:0_89:0_90:0_91:0_92:0_93:0_94:0_95:0_96:0_97:0_98:0_99:0_100:0_101:0_102:0_103:0_104:0_105:0_106:0_107:0_108:0_109:0_110:0_111:0_112:0_113:0_114:0_115:0_116:0_117:0_118:0_119:0_120:0_121:0_122:0_123:0_124:0_125:0_126:0_127:0_128:0_129:0_130:0_131:0_132:0_133:0_134:0_135:0_136:0_137:0_138:0_139:0_140:0_141:0_142:0_143:0_144:0_145:0_146:0_147:0_148:0_149:0_150:0_151:0_152:0_153:0_154:0_155:0_156:0_157:0_158:0_159:0_160:0,0:1,0,0,0,0
490020,,"42761010,42663010",1:0_2:0_3:0_4:0_5:0_6:0_7:0_8:0_9:0_10:0_11:0_12:0_13:0_14:0_15:0_16:0_17:0_18:0_19:0_20:0_21:0_22:0_23:0_24:0_25:0_26:0_27:0_28:0_29:0_30:0_31:0_32:0_33:0_34:0_35:0_36:0_37:0_38:0_39:0_40:0_41:0_42:0_43:0_44:0_45:0_46:0_47:0_48:0_49:0_50:0_51:0_52:0_53:0_54:0_55:0_56:0_57:0_58:0_59:0_60:0_61:0_62:0_63:0_64:0_65:0_66:0_67:0_68:0_69:0_70:0_71:0_72:0_73:0_74:0_75:0_76:0_77:0_78:0_79:0_80:0_81:0_82:0_83:0_84:0_85:0_86:0_87:0_88:0_89:0_90:0_91:0_92:0_93:0_94:0_95:0_96:0_97:0_98:0_99:0_100:0_101:0_102:0_103:0_104:0_105:0_106:0_107:0_108:0_109:0_110:0_111:0_112:0_113:0_114:0_115:0_116:0_117:0_118:0_119:0_120:0_121:0_122:0_123:0_124:0_125:0_126:0_127:0_128:0_129:0_130:0_131:0_132:0_133:0_134:0_135:0_136:0_137:0_138:0_139:0_140:0_141:0_142:0_143:0_144:0_145:0_146:0_147:0_148:0_149:0_150:0_151:0_152:0_153:0_154:0_155:0_156:0_157:0_158:0_159:0_160:0,0:1,0,0,1:0_2:0_3:0_4:0_5:0_6:0_7:0_8:0_9:0_10:0_11:0_12:0_13:0_14:0_15:0_16:0_17:0_18:0_19:0_20:0_21:0_22:0_23:0_24:0_25:0_26:0_27:0_28:0_29:0_30:0_31:0_32:0_33:0_34:0_35:0_36:0_37:0_38:0_39:0_40:0_41:0_42:0_43:0_44:0_45:0_46:0_47:0_48:0_49:0_50:0_51:0_52:0_53:0_54:0_55:0_56:0_57:0_58:0_59:0_60:0_61:0_62:0_63:0_64:0_65:0_66:0_67:0_68:0_69:0_70:0_71:0_72:0_73:0_74:0_75:0_76:0_77:0_78:0_79:0_80:0_81:0_82:0_83:0_84:0_85:0_86:0_87:0_88:0_89:0_90:0_91:0_92:0_93:0_94:0_95:0_96:0_97:0_98:0_99:0_100:0_101:0_102:0_103:0_104:0_105:0_106:0_107:0_108:0_109:0_110:0_111:0_112:0_113:0_114:0_115:0_116:0_117:0_118:0_119:0_120:0_121:0_122:0_123:0_124:0_125:0_126:0_127:0_128:0_129:0_130:0_131:0_132:0_133:0_134:0_135:0_136:0_137:0_138:0_139:0_140:0_141:0_142:0_143:0_144:0_145:0_146:0_147:0_148:0_149:0_150:0_151:0_152:0_153:0_154:0_155:0_156:0_157:0_158:0_159:0_160:0,0:1,0,0,0,0
490010,,"42761010,42663010",1:0_2:0_3:0_4:0_5:0_6:0_7:0_8:0_9:0_10:0_11:0_12:0_13:0_14:0_15:0_16:0_17:0_18:0_19:0_20:0_21:0_22:0_23:0_24:0_25:0_26:0_27:0_28:0_29:0_30:0_31:0_32:0_33:0_34:0_35:0_36:0_37:0_38:0_39:0_40:0_41:0_42:0_43:0_44:0_45:0_46:0_47:0_48:0_49:0_50:0_51:0_52:0_53:0_54:0_55:0_56:0_57:0_58:0_59:0_60:0_61:0_62:0_63:0_64:0_65:0_66:0_67:0_68:0_69:0_70:0_71:0_72:0_73:0_74:0_75:0_76:0_77:0_78:0_79:0_80:0_81:0_82:0_83:0_84:0_85:0_86:0_87:0_88:0_89:0_90:0_91:0_92:0_93:0_94:0_95:0_96:0_97:0_98:0_99:0_100:0_101:0_102:0_103:0_104:0_105:0_106:0_107:0_108:0_109:0_110:0_111:0_112:0_113:0_114:0_115:0_116:0_117:0_118:0_119:0_120:0_121:0_122:0_123:0_124:0_125:0_126:0_127:0_128:0_129:0_130:0_131:0_132:0_133:0_134:0_135:0_136:0_137:0_138:0_139:0_140:0_141:0_142:0_143:0_144:0_145:0_146:0_147:0_148:0_149:0_150:0_151:0_152:0_153:0_154:0_155:0_156:0_157:0_158:0_159:0_160:0,0:1,0,0,1:0_2:0_3:0_4:0_5:0_6:0_7:0_8:0_9:0_10:0_11:0_12:0_13:0_14:0_15:0_16:0_17:0_18:0_19:0_20:0_21:0_22:0_23:0_24:0_25:0_26:0_27:0_28:0_29:0_30:0_31:0_32:0_33:0_34:0_35:0_36:0_37:0_38:0_39:0_40:0_41:0_42:0_43:0_44:0_45:0_46:0_47:0_48:0_49:0_50:0_51:0_52:0_53:0_54:0_55:0_56:0_57:0_58:0_59:0_60:0_61:0_62:0_63:0_64:0_65:0_66:0_67:0_68:0_69:0_70:0_71:0_72:0_73:0_74:0_75:0_76:0_77:0_78:0_79:0_80:0_81:0_82:0_83:0_84:0_85:0_86:0_87:0_88:0_89:0_90:0_91:0_92:0_93:0_94:0_95:0_96:0_97:0_98:0_99:0_100:0_101:0_102:0_103:0_104:0_105:0_106:0_107:0_108:0_109:0_110:0_111:0_112:0_113:0_114:0_115:0_116:0_117:0_118:0_119:0_120:0_121:0_122:0_123:0_124:0_125:0_126:0_127:0_128:0_129:0_130:0_131:0_132:0_133:0_134:0_135:0_136:0_137:0_138:0_139:0_140:0_141:0_142:0_143:0_144:0_145:0_146:0_147:0_148:0_149:0_150:0_151:0_152:0_153:0_154:0_155:0_156:0_157:0_158:0_159:0_160:0,0:1,0,0,0,0
500020,,"42761010,42663010",1:0_2:0_3:0_4:0_5:0_6:0_7:0_8:0_9:0_10:0_11:0_12:0_13:0_14:0_15:0_16:0_17:0_18:0_19:0_20:0_21:0_22:0_23:0_24:0_25:0_26:0_27:0_28:0_29:0_30:0_31:0_32:0_33:0_34:0_35:0_36:0_37:0_38:0_39:0_40:0_41:0_42:0_43:0_44:0_45:0_46:0_47:0_48:0_49:0_50:0_51:0_52:0_53:0_54:0_55:0_56:0_57:0_58:0_59:0_60:0_61:0_62:0_63:0_64:0_65:0_66:0_67:0_68:0_69:0_70:0_71:0_72:0_73:0_74:0_75:0_76:0_77:0_78:0_79:0_80:0_81:0_82:0_83:0_84:0_85:0_86:0_87:0_88:0_89:0_90:0_91:0_92:0_93:0_94:0_95:0_96:0_97:0_98:0_99:0_100:0_101:0_102:0_103:0_104:0_105:0_106:0_107:0_108:0_109:0_110:0_111:0_112:0_113:0_114:0_115:0_116:0_117:0_118:0_119:0_120:0_121:0_122:0_123:0_124:0_125:0_126:0_127:0_128:0_129:0_130:0_131:0_132:0_133:0_134:0_135:0_136:0_137:0_138:0_139:0_140:0_141:0_142:0_143:0_144:0_145:0_146:0_147:0_148:0_149:0_150:0_151:0_152:0_153:0_154:0_155:0_156:0_157:0_158:0_159:0_160:0,0:1,0,0,1:0_2:0_3:0_4:0_5:0_6:0_7:0_8:0_9:0_10:0_11:0_12:0_13:0_14:0_15:0_16:0_17:0_18:0_19:0_20:0_21:0_22:0_23:0_24:0_25:0_26:0_27:0_28:0_29:0_30:0_31:0_32:0_33:0_34:0_35:0_36:0_37:0_38:0_39:0_40:0_41:0_42:0_43:0_44:0_45:0_46:0_47:0_48:0_49:0_50:0_51:0_52:0_53:0_54:0_55:0_56:0_57:0_58:0_59:0_60:0_61:0_62:0_63:0_64:0_65:0_66:0_67:0_68:0_69:0_70:0_71:0_72:0_73:0_74:0_75:0_76:0_77:0_78:0_79:0_80:0_81:0_82:0_83:0_84:0_85:0_86:0_87:0_88:0_89:0_90:0_91:0_92:0_93:0_94:0_95:0_96:0_97:0_98:0_99:0_100:0_101:0_102:0_103:0_104:0_105:0_106:0_107:0_108:0_109:0_110:0_111:0_112:0_113:0_114:0_115:0_116:0_117:0_118:0_119:0_120:0_121:0_122:0_123:0_124:0_125:0_126:0_127:0_128:0_129:0_130:0_131:0_132:0_133:0_134:0_135:0_136:0_137:0_138:0_139:0_140:0_141:0_142:0_143:0_144:0_145:0_146:0_147:0_148:0_149:0_150:0_151:0_152:0_153:0_154:0_155:0_156:0_157:0_158:0_159:0_160:0,0:1,0,0,0,0
500010,,"42761010,42663010",1:0_2:0_3:0_4:0_5:0_6:0_7:0_8:0_9:0_10:0_11:0_12:0_13:0_14:0_15:0_16:0_17:0_18:0_19:0_20:0_21:0_22:0_23:0_24:0_25:0_26:0_27:0_28:0_29:0_30:0_31:0_32:0_33:0_34:0_35:0_36:0_37:0_38:0_39:0_40:0_41:0_42:0_43:0_44:0_45:0_46:0_47:0_48:0_49:0_50:0_51:0_52:0_53:0_54:0_55:0_56:0_57:0_58:0_59:0_60:0_61:0_62:0_63:0_64:0_65:0_66:0_67:0_68:0_69:0_70:0_71:0_72:0_73:0_74:0_75:0_76:0_77:0_78:0_79:0_80:0_81:0_82:0_83:0_84:0_85:0_86:0_87:0_88:0_89:0_90:0_91:0_92:0_93:0_94:0_95:0_96:0_97:0_98:0_99:0_100:0_101:0_102:0_103:0_104:0_105:0_106:0_107:0_108:0_109:0_110:0_111:0_112:0_113:0_114:0_115:0_116:0_117:0_118:0_119:0_120:0_121:0_122:0_123:0_124:0_125:0_126:0_127:0_128:0_129:0_130:0_131:0_132:0_133:0_134:0_135:0_136:0_137:0_138:0_139:0_140:0_141:0_142:0_143:0_144:0_145:0_146:0_147:0_148:0_149:0_150:0_151:0_152:0_153:0_154:0_155:0_156:0_157:0_158:0_159:0_160:0,0:1,0,0,1:0_2:0_3:0_4:0_5:0_6:0_7:0_8:0_9:0_10:0_11:0_12:0_13:0_14:0_15:0_16:0_17:0_18:0_19:0_20:0_21:0_22:0_23:0_24:0_25:0_26:0_27:0_28:0_29:0_30:0_31:0_32:0_33:0_34:0_35:0_36:0_37:0_38:0_39:0_40:0_41:0_42:0_43:0_44:0_45:0_46:0_47:0_48:0_49:0_50:0_51:0_52:0_53:0_54:0_55:0_56:0_57:0_58:0_59:0_60:0_61:0_62:0_63:0_64:0_65:0_66:0_67:0_68:0_69:0_70:0_71:0_72:0_73:0_74:0_75:0_76:0_77:0_78:0_79:0_80:0_81:0_82:0_83:0_84:0_85:0_86:0_87:0_88:0_89:0_90:0_91:0_92:0_93:0_94:0_95:0_96:0_97:0_98:0_99:0_100:0_101:0_102:0_103:0_104:0_105:0_106:0_107:0_108:0_109:0_110:0_111:0_112:0_113:0_114:0_115:0_116:0_117:0_118:0_119:0_120:0_121:0_122:0_123:0_124:0_125:0_126:0_127:0_128:0_129:0_130:0_131:0_132:0_133:0_134:0_135:0_136:0_137:0_138:0_139:0_140:0_141:0_142:0_143:0_144:0_145:0_146:0_147:0_148:0_149:0_150:0_151:0_152:0_153:0_154:0_155:0_156:0_157:0_158:0_159:0_160:0,0:1,0,0,0,0
510020,,"42761010,42663010",1:0_2:0_3:0_4:0_5:0_6:0_7:0_8:0_9:0_10:0_11:0_12:0_13:0_14:0_15:0_16:0_17:0_18:0_19:0_20:0_21:0_22:0_23:0_24:0_25:0_26:0_27:0_28:0_29:0_30:0_31:0_32:0_33:0_34:0_35:0_36:0_37:0_38:0_39:0_40:0_41:0_42:0_43:0_44:0_45:0_46:0_47:0_48:0_49:0_50:0_51:0_52:0_53:0_54:0_55:0_56:0_57:0_58:0_59:0_60:0_61:0_62:0_63:0_64:0_65:0_66:0_67:0_68:0_69:0_70:0_71:0_72:0_73:0_74:0_75:0_76:0_77:0_78:0_79:0_80:0_81:0_82:0_83:0_84:0_85:0_86:0_87:0_88:0_89:0_90:0_91:0_92:0_93:0_94:0_95:0_96:0_97:0_98:0_99:0_100:0_101:0_102:0_103:0_104:0_105:0_106:0_107:0_108:0_109:0_110:0_111:0_112:0_113:0_114:0_115:0_116:0_117:0_118:0_119:0_120:0_121:0_122:0_123:0_124:0_125:0_126:0_127:0_128:0_129:0_130:0_131:0_132:0_133:0_134:0_135:0_136:0_137:0_138:0_139:0_140:0_141:0_142:0_143:0_144:0_145:0_146:0_147:0_148:0_149:0_150:0_151:0_152:0_153:0_154:0_155:0_156:0_157:0_158:0_159:0_160:0,0:1,0,0,1:0_2:0_3:0_4:0_5:0_6:0_7:0_8:0_9:0_10:0_11:0_12:0_13:0_14:0_15:0_16:0_17:0_18:0_19:0_20:0_21:0_22:0_23:0_24:0_25:0_26:0_27:0_28:0_29:0_30:0_31:0_32:0_33:0_34:0_35:0_36:0_37:0_38:0_39:0_40:0_41:0_42:0_43:0_44:0_45:0_46:0_47:0_48:0_49:0_50:0_51:0_52:0_53:0_54:0_55:0_56:0_57:0_58:0_59:0_60:0_61:0_62:0_63:0_64:0_65:0_66:0_67:0_68:0_69:0_70:0_71:0_72:0_73:0_74:0_75:0_76:0_77:0_78:0_79:0_80:0_81:0_82:0_83:0_84:0_85:0_86:0_87:0_88:0_89:0_90:0_91:0_92:0_93:0_94:0_95:0_96:0_97:0_98:0_99:0_100:0_101:0_102:0_103:0_104:0_105:0_106:0_107:0_108:0_109:0_110:0_111:0_112:0_113:0_114:0_115:0_116:0_117:0_118:0_119:0_120:0_121:0_122:0_123:0_124:0_125:0_126:0_127:0_128:0_129:0_130:0_131:0_132:0_133:0_134:0_135:0_136:0_137:0_138:0_139:0_140:0_141:0_142:0_143:0_144:0_145:0_146:0_147:0_148:0_149:0_150:0_151:0_152:0_153:0_154:0_155:0_156:0_157:0_158:0_159:0_160:0,0:1,0,0,0,0
510010,,"42761010,42663010",1:0_2:0_3:0_4:0_5:0_6:0_7:0_8:0_9:0_10:0_11:0_12:0_13:0_14:0_15:0_16:0_17:0_18:0_19:0_20:0_21:0_22:0_23:0_24:0_25:0_26:0_27:0_28:0_29:0_30:0_31:0_32:0_33:0_34:0_35:0_36:0_37:0_38:0_39:0_40:0_41:0_42:0_43:0_44:0_45:0_46:0_47:0_48:0_49:0_50:0_51:0_52:0_53:0_54:0_55:0_56:0_57:0_58:0_59:0_60:0_61:0_62:0_63:0_64:0_65:0_66:0_67:0_68:0_69:0_70:0_71:0_72:0_73:0_74:0_75:0_76:0_77:0_78:0_79:0_80:0_81:0_82:0_83:0_84:0_85:0_86:0_87:0_88:0_89:0_90:0_91:0_92:0_93:0_94:0_95:0_96:0_97:0_98:0_99:0_100:0_101:0_102:0_103:0_104:0_105:0_106:0_107:0_108:0_109:0_110:0_111:0_112:0_113:0_114:0_115:0_116:0_117:0_118:0_119:0_120:0_121:0_122:0_123:0_124:0_125:0_126:0_127:0_128:0_129:0_130:0_131:0_132:0_133:0_134:0_135:0_136:0_137:0_138:0_139:0_140:0_141:0_142:0_143:0_144:0_145:0_146:0_147:0_148:0_149:0_150:0_151:0_152:0_153:0_154:0_155:0_156:0_157:0_158:0_159:0_160:0,0:1,0,0,1:0_2:0_3:0_4:0_5:0_6:0_7:0_8:0_9:0_10:0_11:0_12:0_13:0_14:0_15:0_16:0_17:0_18:0_19:0_20:0_21:0_22:0_23:0_24:0_25:0_26:0_27:0_28:0_29:0_30:0_31:0_32:0_33:0_34:0_35:0_36:0_37:0_38:0_39:0_40:0_41:0_42:0_43:0_44:0_45:0_46:0_47:0_48:0_49:0_50:0_51:0_52:0_53:0_54:0_55:0_56:0_57:0_58:0_59:0_60:0_61:0_62:0_63:0_64:0_65:0_66:0_67:0_68:0_69:0_70:0_71:0_72:0_73:0_74:0_75:0_76:0_77:0_78:0_79:0_80:0_81:0_82:0_83:0_84:0_85:0_86:0_87:0_88:0_89:0_90:0_91:0_92:0_93:0_94:0_95:0_96:0_97:0_98:0_99:0_100:0_101:0_102:0_103:0_104:0_105:0_106:0_107:0_108:0_109:0_110:0_111:0_112:0_113:0_114:0_115:0_116:0_117:0_118:0_119:0_120:0_121:0_122:0_123:0_124:0_125:0_126:0_127:0_128:0_129:0_130:0_131:0_132:0_133:0_134:0_135:0_136:0_137:0_138:0_139:0_140:0_141:0_142:0_143:0_144:0_145:0_146:0_147:0_148:0_149:0_150:0_151:0_152:0_153:0_154:0_155:0_156:0_157:0_158:0_159:0_160:0,0:1,0,0,0,0
520020,,"42761010,42663010",1:0_2:0_3:0_4:0_5:0_6:0_7:0_8:0_9:0_10:0_11:0_12:0_13:0_14:0_15:0_16:0_17:0_18:0_19:0_20:0_21:0_22:0_23:0_24:0_25:0_26:0_27:0_28:0_29:0_30:0_31:0_32:0_33:0_34:0_35:0_36:0_37:0_38:0_39:0_40:0_41:0_42:0_43:0_44:0_45:0_46:0_47:0_48:0_49:0_50:0_51:0_52:0_53:0_54:0_55:0_56:0_57:0_58:0_59:0_60:0_61:0_62:0_63:0_64:0_65:0_66:0_67:0_68:0_69:0_70:0_71:0_72:0_73:0_74:0_75:0_76:0_77:0_78:0_79:0_80:0_81:0_82:0_83:0_84:0_85:0_86:0_87:0_88:0_89:0_90:0_91:0_92:0_93:0_94:0_95:0_96:0_97:0_98:0_99:0_100:0_101:0_102:0_103:0_104:0_105:0_106:0_107:0_108:0_109:0_110:0_111:0_112:0_113:0_114:0_115:0_116:0_117:0_118:0_119:0_120:0_121:0_122:0_123:0_124:0_125:0_126:0_127:0_128:0_129:0_130:0_131:0_132:0_133:0_134:0_135:0_136:0_137:0_138:0_139:0_140:0_141:0_142:0_143:0_144:0_145:0_146:0_147:0_148:0_149:0_150:0_151:0_152:0_153:0_154:0_155:0_156:0_157:0_158:0_159:0_160:0,0:1,0,0,1:0_2:0_3:0_4:0_5:0_6:0_7:0_8:0_9:0_10:0_11:0_12:0_13:0_14:0_15:0_16:0_17:0_18:0_19:0_20:0_21:0_22:0_23:0_24:0_25:0_26:0_27:0_28:0_29:0_30:0_31:0_32:0_33:0_34:0_35:0_36:0_37:0_38:0_39:0_40:0_41:0_42:0_43:0_44:0_45:0_46:0_47:0_48:0_49:0_50:0_51:0_52:0_53:0_54:0_55:0_56:0_57:0_58:0_59:0_60:0_61:0_62:0_63:0_64:0_65:0_66:0_67:0_68:0_69:0_70:0_71:0_72:0_73:0_74:0_75:0_76:0_77:0_78:0_79:0_80:0_81:0_82:0_83:0_84:0_85:0_86:0_87:0_88:0_89:0_90:0_91:0_92:0_93:0_94:0_95:0_96:0_97:0_98:0_99:0_100:0_101:0_102:0_103:0_104:0_105:0_106:0_107:0_108:0_109:0_110:0_111:0_112:0_113:0_114:0_115:0_116:0_117:0_118:0_119:0_120:0_121:0_122:0_123:0_124:0_125:0_126:0_127:0_128:0_129:0_130:0_131:0_132:0_133:0_134:0_135:0_136:0_137:0_138:0_139:0_140:0_141:0_142:0_143:0_144:0_145:0_146:0_147:0_148:0_149:0_150:0_151:0_152:0_153:0_154:0_155:0_156:0_157:0_158:0_159:0_160:0,0:1,0,0,0,0
520010,,"42761010,42663010",1:0_2:0_3:0_4:0_5:0_6:0_7:0_8:0_9:0_10:0_11:0_12:0_13:0_14:0_15:0_16:0_17:0_18:0_19:0_20:0_21:0_22:0_23:0_24:0_25:0_26:0_27:0_28:0_29:0_30:0_31:0_32:0_33:0_34:0_35:0_36:0_37:0_38:0_39:0_40:0_41:0_42:0_43:0_44:0_45:0_46:0_47:0_48:0_49:0_50:0_51:0_52:0_53:0_54:0_55:0_56:0_57:0_58:0_59:0_60:0_61:0_62:0_63:0_64:0_65:0_66:0_67:0_68:0_69:0_70:0_71:0_72:0_73:0_74:0_75:0_76:0_77:0_78:0_79:0_80:0_81:0_82:0_83:0_84:0_85:0_86:0_87:0_88:0_89:0_90:0_91:0_92:0_93:0_94:0_95:0_96:0_97:0_98:0_99:0_100:0_101:0_102:0_103:0_104:0_105:0_106:0_107:0_108:0_109:0_110:0_111:0_112:0_113:0_114:0_115:0_116:0_117:0_118:0_119:0_120:0_121:0_122:0_123:0_124:0_125:0_126:0_127:0_128:0_129:0_130:0_131:0_132:0_133:0_134:0_135:0_136:0_137:0_138:0_139:0_140:0_141:0_142:0_143:0_144:0_145:0_146:0_147:0_148:0_149:0_150:0_151:0_152:0_153:0_154:0_155:0_156:0_157:0_158:0_159:0_160:0,0:1,0,0,1:0_2:0_3:0_4:0_5:0_6:0_7:0_8:0_9:0_10:0_11:0_12:0_13:0_14:0_15:0_16:0_17:0_18:0_19:0_20:0_21:0_22:0_23:0_24:0_25:0_26:0_27:0_28:0_29:0_30:0_31:0_32:0_33:0_34:0_35:0_36:0_37:0_38:0_39:0_40:0_41:0_42:0_43:0_44:0_45:0_46:0_47:0_48:0_49:0_50:0_51:0_52:0_53:0_54:0_55:0_56:0_57:0_58:0_59:0_60:0_61:0_62:0_63:0_64:0_65:0_66:0_67:0_68:0_69:0_70:0_71:0_72:0_73:0_74:0_75:0_76:0_77:0_78:0_79:0_80:0_81:0_82:0_83:0_84:0_85:0_86:0_87:0_88:0_89:0_90:0_91:0_92:0_93:0_94:0_95:0_96:0_97:0_98:0_99:0_100:0_101:0_102:0_103:0_104:0_105:0_106:0_107:0_108:0_109:0_110:0_111:0_112:0_113:0_114:0_115:0_116:0_117:0_118:0_119:0_120:0_121:0_122:0_123:0_124:0_125:0_126:0_127:0_128:0_129:0_130:0_131:0_132:0_133:0_134:0_135:0_136:0_137:0_138:0_139:0_140:0_141:0_142:0_143:0_144:0_145:0_146:0_147:0_148:0_149:0_150:0_151:0_152:0_153:0_154:0_155:0_156:0_157:0_158:0_159:0_160:0,0:1,0,0,0,0
530020,,"42761010,42663010",1:0_2:0_3:0_4:0_5:0_6:0_7:0_8:0_9:0_10:0_11:0_12:0_13:0_14:0_15:0_16:0_17:0_18:0_19:0_20:0_21:0_22:0_23:0_24:0_25:0_26:0_27:0_28:0_29:0_30:0_31:0_32:0_33:0_34:0_35:0_36:0_37:0_38:0_39:0_40:0_41:0_42:0_43:0_44:0_45:0_46:0_47:0_48:0_49:0_50:0_51:0_52:0_53:0_54:0_55:0_56:0_57:0_58:0_59:0_60:0_61:0_62:0_63:0_64:0_65:0_66:0_67:0_68:0_69:0_70:0_71:0_72:0_73:0_74:0_75:0_76:0_77:0_78:0_79:0_80:0_81:0_82:0_83:0_84:0_85:0_86:0_87:0_88:0_89:0_90:0_91:0_92:0_93:0_94:0_95:0_96:0_97:0_98:0_99:0_100:0_101:0_102:0_103:0_104:0_105:0_106:0_107:0_108:0_109:0_110:0_111:0_112:0_113:0_114:0_115:0_116:0_117:0_118:0_119:0_120:0_121:0_122:0_123:0_124:0_125:0_126:0_127:0_128:0_129:0_130:0_131:0_132:0_133:0_134:0_135:0_136:0_137:0_138:0_139:0_140:0_141:0_142:0_143:0_144:0_145:0_146:0_147:0_148:0_149:0_150:0_151:0_152:0_153:0_154:0_155:0_156:0_157:0_158:0_159:0_160:0,0:1,0,0,1:0_2:0_3:0_4:0_5:0_6:0_7:0_8:0_9:0_10:0_11:0_12:0_13:0_14:0_15:0_16:0_17:0_18:0_19:0_20:0_21:0_22:0_23:0_24:0_25:0_26:0_27:0_28:0_29:0_30:0_31:0_32:0_33:0_34:0_35:0_36:0_37:0_38:0_39:0_40:0_41:0_42:0_43:0_44:0_45:0_46:0_47:0_48:0_49:0_50:0_51:0_52:0_53:0_54:0_55:0_56:0_57:0_58:0_59:0_60:0_61:0_62:0_63:0_64:0_65:0_66:0_67:0_68:0_69:0_70:0_71:0_72:0_73:0_74:0_75:0_76:0_77:0_78:0_79:0_80:0_81:0_82:0_83:0_84:0_85:0_86:0_87:0_88:0_89:0_90:0_91:0_92:0_93:0_94:0_95:0_96:0_97:0_98:0_99:0_100:0_101:0_102:0_103:0_104:0_105:0_106:0_107:0_108:0_109:0_110:0_111:0_112:0_113:0_114:0_115:0_116:0_117:0_118:0_119:0_120:0_121:0_122:0_123:0_124:0_125:0_126:0_127:0_128:0_129:0_130:0_131:0_132:0_133:0_134:0_135:0_136:0_137:0_138:0_139:0_140:0_141:0_142:0_143:0_144:0_145:0_146:0_147:0_148:0_149:0_150:0_151:0_152:0_153:0_154:0_155:0_156:0_157:0_158:0_159:0_160:0,0:1,0,0,0,0
530010,,"42761010,42663010",1:0_2:0_3:0_4:0_5:0_6:0_7:0_8:0_9:0_10:0_11:0_12:0_13:0_14:0_15:0_16:0_17:0_18:0_19:0_20:0_21:0_22:0_23:0_24:0_25:0_26:0_27:0_28:0_29:0_30:0_31:0_32:0_33:0_34:0_35:0_36:0_37:0_38:0_39:0_40:0_41:0_42:0_43:0_44:0_45:0_46:0_47:0_48:0_49:0_50:0_51:0_52:0_53:0_54:0_55:0_56:0_57:0_58:0_59:0_60:0_61:0_62:0_63:0_64:0_65:0_66:0_67:0_68:0_69:0_70:0_71:0_72:0_73:0_74:0_75:0_76:0_77:0_78:0_79:0_80:0_81:0_82:0_83:0_84:0_85:0_86:0_87:0_88:0_89:0_90:0_91:0_92:0_93:0_94:0_95:0_96:0_97:0_98:0_99:0_100:0_101:0_102:0_103:0_104:0_105:0_106:0_107:0_108:0_109:0_110:0_111:0_112:0_113:0_114:0_115:0_116:0_117:0_118:0_119:0_120:0_121:0_122:0_123:0_124:0_125:0_126:0_127:0_128:0_129:0_130:0_131:0_132:0_133:0_134:0_135:0_136:0_137:0_138:0_139:0_140:0_141:0_142:0_143:0_144:0_145:0_146:0_147:0_148:0_149:0_150:0_151:0_152:0_153:0_154:0_155:0_156:0_157:0_158:0_159:0_160:0,0:1,0,0,1:0_2:0_3:0_4:0_5:0_6:0_7:0_8:0_9:0_10:0_11:0_12:0_13:0_14:0_15:0_16:0_17:0_18:0_19:0_20:0_21:0_22:0_23:0_24:0_25:0_26:0_27:0_28:0_29:0_30:0_31:0_32:0_33:0_34:0_35:0_36:0_37:0_38:0_39:0_40:0_41:0_42:0_43:0_44:0_45:0_46:0_47:0_48:0_49:0_50:0_51:0_52:0_53:0_54:0_55:0_56:0_57:0_58:0_59:0_60:0_61:0_62:0_63:0_64:0_65:0_66:0_67:0_68:0_69:0_70:0_71:0_72:0_73:0_74:0_75:0_76:0_77:0_78:0_79:0_80:0_81:0_82:0_83:0_84:0_85:0_86:0_87:0_88:0_89:0_90:0_91:0_92:0_93:0_94:0_95:0_96:0_97:0_98:0_99:0_100:0_101:0_102:0_103:0_104:0_105:0_106:0_107:0_108:0_109:0_110:0_111:0_112:0_113:0_114:0_115:0_116:0_117:0_118:0_119:0_120:0_121:0_122:0_123:0_124:0_125:0_126:0_127:0_128:0_129:0_130:0_131:0_132:0_133:0_134:0_135:0_136:0_137:0_138:0_139:0_140:0_141:0_142:0_143:0_144:0_145:0_146:0_147:0_148:0_149:0_150:0_151:0_152:0_153:0_154:0_155:0_156:0_157:0_158:0_159:0_160:0,0:1,0,0,0,0
540020,,"42761010,42663010",1:0_2:0_3:0_4:0_5:0_6:0_7:0_8:0_9:0_10:0_11:0_12:0_13:0_14:0_15:0_16:0_17:0_18:0_19:0_20:0_21:0_22:0_23:0_24:0_25:0_26:0_27:0_28:0_29:0_30:0_31:0_32:0_33:0_34:0_35:0_36:0_37:0_38:0_39:0_40:0_41:0_42:0_43:0_44:0_45:0_46:0_47:0_48:0_49:0_50:0_51:0_52:0_53:0_54:0_55:0_56:0_57:0_58:0_59:0_60:0_61:0_62:0_63:0_64:0_65:0_66:0_67:0_68:0_69:0_70:0_71:0_72:0_73:0_74:0_75:0_76:0_77:0_78:0_79:0_80:0_81:0_82:0_83:0_84:0_85:0_86:0_87:0_88:0_89:0_90:0_91:0_92:0_93:0_94:0_95:0_96:0_97:0_98:0_99:0_100:0_101:0_102:0_103:0_104:0_105:0_106:0_107:0_108:0_109:0_110:0_111:0_112:0_113:0_114:0_115:0_116:0_117:0_118:0_119:0_120:0_121:0_122:0_123:0_124:0_125:0_126:0_127:0_128:0_129:0_130:0_131:0_132:0_133:0_134:0_135:0_136:0_137:0_138:0_139:0_140:0_141:0_142:0_143:0_144:0_145:0_146:0_147:0_148:0_149:0_150:0_151:0_152:0_153:0_154:0_155:0_156:0_157:0_158:0_159:0_160:0,0:1,0,0,1:0_2:0_3:0_4:0_5:0_6:0_7:0_8:0_9:0_10:0_11:0_12:0_13:0_14:0_15:0_16:0_17:0_18:0_19:0_20:0_21:0_22:0_23:0_24:0_25:0_26:0_27:0_28:0_29:0_30:0_31:0_32:0_33:0_34:0_35:0_36:0_37:0_38:0_39:0_40:0_41:0_42:0_43:0_44:0_45:0_46:0_47:0_48:0_49:0_50:0_51:0_52:0_53:0_54:0_55:0_56:0_57:0_58:0_59:0_60:0_61:0_62:0_63:0_64:0_65:0_66:0_67:0_68:0_69:0_70:0_71:0_72:0_73:0_74:0_75:0_76:0_77:0_78:0_79:0_80:0_81:0_82:0_83:0_84:0_85:0_86:0_87:0_88:0_89:0_90:0_91:0_92:0_93:0_94:0_95:0_96:0_97:0_98:0_99:0_100:0_101:0_102:0_103:0_104:0_105:0_106:0_107:0_108:0_109:0_110:0_111:0_112:0_113:0_114:0_115:0_116:0_117:0_118:0_119:0_120:0_121:0_122:0_123:0_124:0_125:0_126:0_127:0_128:0_129:0_130:0_131:0_132:0_133:0_134:0_135:0_136:0_137:0_138:0_139:0_140:0_141:0_142:0_143:0_144:0_145:0_146:0_147:0_148:0_149:0_150:0_151:0_152:0_153:0_154:0_155:0_156:0_157:0_158:0_159:0_160:0,0:1,0,0,0,0
540010,,"42761010,42663010",1:0_2:0_3:0_4:0_5:0_6:0_7:0_8:0_9:0_10:0_11:0_12:0_13:0_14:0_15:0_16:0_17:0_18:0_19:0_20:0_21:0_22:0_23:0_24:0_25:0_26:0_27:0_28:0_29:0_30:0_31:0_32:0_33:0_34:0_35:0_36:0_37:0_38:0_39:0_40:0_41:0_42:0_43:0_44:0_45:0_46:0_47:0_48:0_49:0_50:0_51:0_52:0_53:0_54:0_55:0_56:0_57:0_58:0_59:0_60:0_61:0_62:0_63:0_64:0_65:0_66:0_67:0_68:0_69:0_70:0_71:0_72:0_73:0_74:0_75:0_76:0_77:0_78:0_79:0_80:0_81:0_82:0_83:0_84:0_85:0_86:0_87:0_88:0_89:0_90:0_91:0_92:0_93:0_94:0_95:0_96:0_97:0_98:0_99:0_100:0_101:0_102:0_103:0_104:0_105:0_106:0_107:0_108:0_109:0_110:0_111:0_112:0_113:0_114:0_115:0_116:0_117:0_118:0_119:0_120:0_121:0_122:0_123:0_124:0_125:0_126:0_127:0_128:0_129:0_130:0_131:0_132:0_133:0_134:0_135:0_136:0_137:0_138:0_139:0_140:0_141:0_142:0_143:0_144:0_145:0_146:0_147:0_148:0_149:0_150:0_151:0_152:0_153:0_154:0_155:0_156:0_157:0_158:0_159:0_160:0,0:1,0,0,1:0_2:0_3:0_4:0_5:0_6:0_7:0_8:0_9:0_10:0_11:0_12:0_13:0_14:0_15:0_16:0_17:0_18:0_19:0_20:0_21:0_22:0_23:0_24:0_25:0_26:0_27:0_28:0_29:0_30:0_31:0_32:0_33:0_34:0_35:0_36:0_37:0_38:0_39:0_40:0_41:0_42:0_43:0_44:0_45:0_46:0_47:0_48:0_49:0_50:0_51:0_52:0_53:0_54:0_55:0_56:0_57:0_58:0_59:0_60:0_61:0_62:0_63:0_64:0_65:0_66:0_67:0_68:0_69:0_70:0_71:0_72:0_73:0_74:0_75:0_76:0_77:0_78:0_79:0_80:0_81:0_82:0_83:0_84:0_85:0_86:0_87:0_88:0_89:0_90:0_91:0_92:0_93:0_94:0_95:0_96:0_97:0_98:0_99:0_100:0_101:0_102:0_103:0_104:0_105:0_106:0_107:0_108:0_109:0_110:0_111:0_112:0_113:0_114:0_115:0_116:0_117:0_118:0_119:0_120:0_121:0_122:0_123:0_124:0_125:0_126:0_127:0_128:0_129:0_130:0_131:0_132:0_133:0_134:0_135:0_136:0_137:0_138:0_139:0_140:0_141:0_142:0_143:0_144:0_145:0_146:0_147:0_148:0_149:0_150:0_151:0_152:0_153:0_154:0_155:0_156:0_157:0_158:0_159:0_160:0,0:1,0,0,0,0
550020,,"42761010,42663010",1:0_2:0_3:0_4:0_5:0_6:0_7:0_8:0_9:0_10:0_11:0_12:0_13:0_14:0_15:0_16:0_17:0_18:0_19:0_20:0_21:0_22:0_23:0_24:0_25:0_26:0_27:0_28:0_29:0_30:0_31:0_32:0_33:0_34:0_35:0_36:0_37:0_38:0_39:0_40:0_41:0_42:0_43:0_44:0_45:0_46:0_47:0_48:0_49:0_50:0_51:0_52:0_53:0_54:0_55:0_56:0_57:0_58:0_59:0_60:0_61:0_62:0_63:0_64:0_65:0_66:0_67:0_68:0_69:0_70:0_71:0_72:0_73:0_74:0_75:0_76:0_77:0_78:0_79:0_80:0_81:0_82:0_83:0_84:0_85:0_86:0_87:0_88:0_89:0_90:0_91:0_92:0_93:0_94:0_95:0_96:0_97:0_98:0_99:0_100:0_101:0_102:0_103:0_104:0_105:0_106:0_107:0_108:0_109:0_110:0_111:0_112:0_113:0_114:0_115:0_116:0_117:0_118:0_119:0_120:0_121:0_122:0_123:0_124:0_125:0_126:0_127:0_128:0_129:0_130:0_131:0_132:0_133:0_134:0_135:0_136:0_137:0_138:0_139:0_140:0_141:0_142:0_143:0_144:0_145:0_146:0_147:0_148:0_149:0_150:0_151:0_152:0_153:0_154:0_155:0_156:0_157:0_158:0_159:0_160:0,0:1,0,0,1:0_2:0_3:0_4:0_5:0_6:0_7:0_8:0_9:0_10:0_11:0_12:0_13:0_14:0_15:0_16:0_17:0_18:0_19:0_20:0_21:0_22:0_23:0_24:0_25:0_26:0_27:0_28:0_29:0_30:0_31:0_32:0_33:0_34:0_35:0_36:0_37:0_38:0_39:0_40:0_41:0_42:0_43:0_44:0_45:0_46:0_47:0_48:0_49:0_50:0_51:0_52:0_53:0_54:0_55:0_56:0_57:0_58:0_59:0_60:0_61:0_62:0_63:0_64:0_65:0_66:0_67:0_68:0_69:0_70:0_71:0_72:0_73:0_74:0_75:0_76:0_77:0_78:0_79:0_80:0_81:0_82:0_83:0_84:0_85:0_86:0_87:0_88:0_89:0_90:0_91:0_92:0_93:0_94:0_95:0_96:0_97:0_98:0_99:0_100:0_101:0_102:0_103:0_104:0_105:0_106:0_107:0_108:0_109:0_110:0_111:0_112:0_113:0_114:0_115:0_116:0_117:0_118:0_119:0_120:0_121:0_122:0_123:0_124:0_125:0_126:0_127:0_128:0_129:0_130:0_131:0_132:0_133:0_134:0_135:0_136:0_137:0_138:0_139:0_140:0_141:0_142:0_143:0_144:0_145:0_146:0_147:0_148:0_149:0_150:0_151:0_152:0_153:0_154:0_155:0_156:0_157:0_158:0_159:0_160:0,0:1,0,0,0,0
550010,,"42761010,42663010",1:0_2:0_3:0_4:0_5:0_6:0_7:0_8:0_9:0_10:0_11:0_12:0_13:0_14:0_15:0_16:0_17:0_18:0_19:0_20:0_21:0_22:0_23:0_24:0_25:0_26:0_27:0_28:0_29:0_30:0_31:0_32:0_33:0_34:0_35:0_36:0_37:0_38:0_39:0_40:0_41:0_42:0_43:0_44:0_45:0_46:0_47:0_48:0_49:0_50:0_51:0_52:0_53:0_54:0_55:0_56:0_57:0_58:0_59:0_60:0_61:0_62:0_63:0_64:0_65:0_66:0_67:0_68:0_69:0_70:0_71:0_72:0_73:0_74:0_75:0_76:0_77:0_78:0_79:0_80:0_81:0_82:0_83:0_84:0_85:0_86:0_87:0_88:0_89:0_90:0_91:0_92:0_93:0_94:0_95:0_96:0_97:0_98:0_99:0_100:0_101:0_102:0_103:0_104:0_105:0_106:0_107:0_108:0_109:0_110:0_111:0_112:0_113:0_114:0_115:0_116:0_117:0_118:0_119:0_120:0_121:0_122:0_123:0_124:0_125:0_126:0_127:0_128:0_129:0_130:0_131:0_132:0_133:0_134:0_135:0_136:0_137:0_138:0_139:0_140:0_141:0_142:0_143:0_144:0_145:0_146:0_147:0_148:0_149:0_150:0_151:0_152:0_153:0_154:0_155:0_156:0_157:0_158:0_159:0_160:0,0:1,0,0,1:0_2:0_3:0_4:0_5:0_6:0_7:0_8:0_9:0_10:0_11:0_12:0_13:0_14:0_15:0_16:0_17:0_18:0_19:0_20:0_21:0_22:0_23:0_24:0_25:0_26:0_27:0_28:0_29:0_30:0_31:0_32:0_33:0_34:0_35:0_36:0_37:0_38:0_39:0_40:0_41:0_42:0_43:0_44:0_45:0_46:0_47:0_48:0_49:0_50:0_51:0_52:0_53:0_54:0_55:0_56:0_57:0_58:0_59:0_60:0_61:0_62:0_63:0_64:0_65:0_66:0_67:0_68:0_69:0_70:0_71:0_72:0_73:0_74:0_75:0_76:0_77:0_78:0_79:0_80:0_81:0_82:0_83:0_84:0_85:0_86:0_87:0_88:0_89:0_90:0_91:0_92:0_93:0_94:0_95:0_96:0_97:0_98:0_99:0_100:0_101:0_102:0_103:0_104:0_105:0_106:0_107:0_108:0_109:0_110:0_111:0_112:0_113:0_114:0_115:0_116:0_117:0_118:0_119:0_120:0_121:0_122:0_123:0_124:0_125:0_126:0_127:0_128:0_129:0_130:0_131:0_132:0_133:0_134:0_135:0_136:0_137:0_138:0_139:0_140:0_141:0_142:0_143:0_144:0_145:0_146:0_147:0_148:0_149:0_150:0_151:0_152:0_153:0_154:0_155:0_156:0_157:0_158:0_159:0_160:0,0:1,0,0,0,0
560020,,"42761010,42663010",1:0_2:0_3:0_4:0_5:0_6:0_7:0_8:0_9:0_10:0_11:0_12:0_13:0_14:0_15:0_16:0_17:0_18:0_19:0_20:0_21:0_22:0_23:0_24:0_25:0_26:0_27:0_28:0_29:0_30:0_31:0_32:0_33:0_34:0_35:0_36:0_37:0_38:0_39:0_40:0_41:0_42:0_43:0_44:0_45:0_46:0_47:0_48:0_49:0_50:0_51:0_52:0_53:0_54:0_55:0_56:0_57:0_58:0_59:0_60:0_61:0_62:0_63:0_64:0_65:0_66:0_67:0_68:0_69:0_70:0_71:0_72:0_73:0_74:0_75:0_76:0_77:0_78:0_79:0_80:0_81:0_82:0_83:0_84:0_85:0_86:0_87:0_88:0_89:0_90:0_91:0_92:0_93:0_94:0_95:0_96:0_97:0_98:0_99:0_100:0_101:0_102:0_103:0_104:0_105:0_106:0_107:0_108:0_109:0_110:0_111:0_112:0_113:0_114:0_115:0_116:0_117:0_118:0_119:0_120:0_121:0_122:0_123:0_124:0_125:0_126:0_127:0_128:0_129:0_130:0_131:0_132:0_133:0_134:0_135:0_136:0_137:0_138:0_139:0_140:0_141:0_142:0_143:0_144:0_145:0_146:0_147:0_148:0_149:0_150:0_151:0_152:0_153:0_154:0_155:0_156:0_157:0_158:0_159:0_160:0,0:1,0,0,1:0_2:0_3:0_4:0_5:0_6:0_7:0_8:0_9:0_10:0_11:0_12:0_13:0_14:0_15:0_16:0_17:0_18:0_19:0_20:0_21:0_22:0_23:0_24:0_25:0_26:0_27:0_28:0_29:0_30:0_31:0_32:0_33:0_34:0_35:0_36:0_37:0_38:0_39:0_40:0_41:0_42:0_43:0_44:0_45:0_46:0_47:0_48:0_49:0_50:0_51:0_52:0_53:0_54:0_55:0_56:0_57:0_58:0_59:0_60:0_61:0_62:0_63:0_64:0_65:0_66:0_67:0_68:0_69:0_70:0_71:0_72:0_73:0_74:0_75:0_76:0_77:0_78:0_79:0_80:0_81:0_82:0_83:0_84:0_85:0_86:0_87:0_88:0_89:0_90:0_91:0_92:0_93:0_94:0_95:0_96:0_97:0_98:0_99:0_100:0_101:0_102:0_103:0_104:0_105:0_106:0_107:0_108:0_109:0_110:0_111:0_112:0_113:0_114:0_115:0_116:0_117:0_118:0_119:0_120:0_121:0_122:0_123:0_124:0_125:0_126:0_127:0_128:0_129:0_130:0_131:0_132:0_133:0_134:0_135:0_136:0_137:0_138:0_139:0_140:0_141:0_142:0_143:0_144:0_145:0_146:0_147:0_148:0_149:0_150:0_151:0_152:0_153:0_154:0_155:0_156:0_157:0_158:0_159:0_160:0,0:1,0,0,0,0
560010,,"42761010,42663010",1:0_2:0_3:0_4:0_5:0_6:0_7:0_8:0_9:0_10:0_11:0_12:0_13:0_14:0_15:0_16:0_17:0_18:0_19:0_20:0_21:0_22:0_23:0_24:0_25:0_26:0_27:0_28:0_29:0_30:0_31:0_32:0_33:0_34:0_35:0_36:0_37:0_38:0_39:0_40:0_41:0_42:0_43:0_44:0_45:0_46:0_47:0_48:0_49:0_50:0_51:0_52:0_53:0_54:0_55:0_56:0_57:0_58:0_59:0_60:0_61:0_62:0_63:0_64:0_65:0_66:0_67:0_68:0_69:0_70:0_71:0_72:0_73:0_74:0_75:0_76:0_77:0_78:0_79:0_80:0_81:0_82:0_83:0_84:0_85:0_86:0_87:0_88:0_89:0_90:0_91:0_92:0_93:0_94:0_95:0_96:0_97:0_98:0_99:0_100:0_101:0_102:0_103:0_104:0_105:0_106:0_107:0_108:0_109:0_110:0_111:0_112:0_113:0_114:0_115:0_116:0_117:0_118:0_119:0_120:0_121:0_122:0_123:0_124:0_125:0_126:0_127:0_128:0_129:0_130:0_131:0_132:0_133:0_134:0_135:0_136:0_137:0_138:0_139:0_140:0_141:0_142:0_143:0_144:0_145:0_146:0_147:0_148:0_149:0_150:0_151:0_152:0_153:0_154:0_155:0_156:0_157:0_158:0_159:0_160:0,0:1,0,0,1:0_2:0_3:0_4:0_5:0_6:0_7:0_8:0_9:0_10:0_11:0_12:0_13:0_14:0_15:0_16:0_17:0_18:0_19:0_20:0_21:0_22:0_23:0_24:0_25:0_26:0_27:0_28:0_29:0_30:0_31:0_32:0_33:0_34:0_35:0_36:0_37:0_38:0_39:0_40:0_41:0_42:0_43:0_44:0_45:0_46:0_47:0_48:0_49:0_50:0_51:0_52:0_53:0_54:0_55:0_56:0_57:0_58:0_59:0_60:0_61:0_62:0_63:0_64:0_65:0_66:0_67:0_68:0_69:0_70:0_71:0_72:0_73:0_74:0_75:0_76:0_77:0_78:0_79:0_80:0_81:0_82:0_83:0_84:0_85:0_86:0_87:0_88:0_89:0_90:0_91:0_92:0_93:0_94:0_95:0_96:0_97:0_98:0_99:0_100:0_101:0_102:0_103:0_104:0_105:0_106:0_107:0_108:0_109:0_110:0_111:0_112:0_113:0_114:0_115:0_116:0_117:0_118:0_119:0_120:0_121:0_122:0_123:0_124:0_125:0_126:0_127:0_128:0_129:0_130:0_131:0_132:0_133:0_134:0_135:0_136:0_137:0_138:0_139:0_140:0_141:0_142:0_143:0_144:0_145:0_146:0_147:0_148:0_149:0_150:0_151:0_152:0_153:0_154:0_155:0_156:0_157:0_158:0_159:0_160:0,0:1,0,0,0,0
570020,,"42761010,42663010",1:0_2:0_3:0_4:0_5:0_6:0_7:0_8:0_9:0_10:0_11:0_12:0_13:0_14:0_15:0_16:0_17:0_18:0_19:0_20:0_21:0_22:0_23:0_24:0_25:0_26:0_27:0_28:0_29:0_30:0_31:0_32:0_33:0_34:0_35:0_36:0_37:0_38:0_39:0_40:0_41:0_42:0_43:0_44:0_45:0_46:0_47:0_48:0_49:0_50:0_51:0_52:0_53:0_54:0_55:0_56:0_57:0_58:0_59:0_60:0_61:0_62:0_63:0_64:0_65:0_66:0_67:0_68:0_69:0_70:0_71:0_72:0_73:0_74:0_75:0_76:0_77:0_78:0_79:0_80:0_81:0_82:0_83:0_84:0_85:0_86:0_87:0_88:0_89:0_90:0_91:0_92:0_93:0_94:0_95:0_96:0_97:0_98:0_99:0_100:0_101:0_102:0_103:0_104:0_105:0_106:0_107:0_108:0_109:0_110:0_111:0_112:0_113:0_114:0_115:0_116:0_117:0_118:0_119:0_120:0_121:0_122:0_123:0_124:0_125:0_126:0_127:0_128:0_129:0_130:0_131:0_132:0_133:0_134:0_135:0_136:0_137:0_138:0_139:0_140:0_141:0_142:0_143:0_144:0_145:0_146:0_147:0_148:0_149:0_150:0_151:0_152:0_153:0_154:0_155:0_156:0_157:0_158:0_159:0_160:0,0:1,0,0,1:0_2:0_3:0_4:0_5:0_6:0_7:0_8:0_9:0_10:0_11:0_12:0_13:0_14:0_15:0_16:0_17:0_18:0_19:0_20:0_21:0_22:0_23:0_24:0_25:0_26:0_27:0_28:0_29:0_30:0_31:0_32:0_33:0_34:0_35:0_36:0_37:0_38:0_39:0_40:0_41:0_42:0_43:0_44:0_45:0_46:0_47:0_48:0_49:0_50:0_51:0_52:0_53:0_54:0_55:0_56:0_57:0_58:0_59:0_60:0_61:0_62:0_63:0_64:0_65:0_66:0_67:0_68:0_69:0_70:0_71:0_72:0_73:0_74:0_75:0_76:0_77:0_78:0_79:0_80:0_81:0_82:0_83:0_84:0_85:0_86:0_87:0_88:0_89:0_90:0_91:0_92:0_93:0_94:0_95:0_96:0_97:0_98:0_99:0_100:0_101:0_102:0_103:0_104:0_105:0_106:0_107:0_108:0_109:0_110:0_111:0_112:0_113:0_114:0_115:0_116:0_117:0_118:0_119:0_120:0_121:0_122:0_123:0_124:0_125:0_126:0_127:0_128:0_129:0_130:0_131:0_132:0_133:0_134:0_135:0_136:0_137:0_138:0_139:0_140:0_141:0_142:0_143:0_144:0_145:0_146:0_147:0_148:0_149:0_150:0_151:0_152:0_153:0_154:0_155:0_156:0_157:0_158:0_159:0_160:0,0:1,0,0,0,0
570010,,"42761010,42663010",1:0_2:0_3:0_4:0_5:0_6:0_7:0_8:0_9:0_10:0_11:0_12:0_13:0_14:0_15:0_16:0_17:0_18:0_19:0_20:0_21:0_22:0_23:0_24:0_25:0_26:0_27:0_28:0_29:0_30:0_31:0_32:0_33:0_34:0_35:0_36:0_37:0_38:0_39:0_40:0_41:0_42:0_43:0_44:0_45:0_46:0_47:0_48:0_49:0_50:0_51:0_52:0_53:0_54:0_55:0_56:0_57:0_58:0_59:0_60:0_61:0_62:0_63:0_64:0_65:0_66:0_67:0_68:0_69:0_70:0_71:0_72:0_73:0_74:0_75:0_76:0_77:0_78:0_79:0_80:0_81:0_82:0_83:0_84:0_85:0_86:0_87:0_88:0_89:0_90:0_91:0_92:0_93:0_94:0_95:0_96:0_97:0_98:0_99:0_100:0_101:0_102:0_103:0_104:0_105:0_106:0_107:0_108:0_109:0_110:0_111:0_112:0_113:0_114:0_115:0_116:0_117:0_118:0_119:0_120:0_121:0_122:0_123:0_124:0_125:0_126:0_127:0_128:0_129:0_130:0_131:0_132:0_133:0_134:0_135:0_136:0_137:0_138:0_139:0_140:0_141:0_142:0_143:0_144:0_145:0_146:0_147:0_148:0_149:0_150:0_151:0_152:0_153:0_154:0_155:0_156:0_157:0_158:0_159:0_160:0,0:1,0,0,1:0_2:0_3:0_4:0_5:0_6:0_7:0_8:0_9:0_10:0_11:0_12:0_13:0_14:0_15:0_16:0_17:0_18:0_19:0_20:0_21:0_22:0_23:0_24:0_25:0_26:0_27:0_28:0_29:0_30:0_31:0_32:0_33:0_34:0_35:0_36:0_37:0_38:0_39:0_40:0_41:0_42:0_43:0_44:0_45:0_46:0_47:0_48:0_49:0_50:0_51:0_52:0_53:0_54:0_55:0_56:0_57:0_58:0_59:0_60:0_61:0_62:0_63:0_64:0_65:0_66:0_67:0_68:0_69:0_70:0_71:0_72:0_73:0_74:0_75:0_76:0_77:0_78:0_79:0_80:0_81:0_82:0_83:0_84:0_85:0_86:0_87:0_88:0_89:0_90:0_91:0_92:0_93:0_94:0_95:0_96:0_97:0_98:0_99:0_100:0_101:0_102:0_103:0_104:0_105:0_106:0_107:0_108:0_109:0_110:0_111:0_112:0_113:0_114:0_115:0_116:0_117:0_118:0_119:0_120:0_121:0_122:0_123:0_124:0_125:0_126:0_127:0_128:0_129:0_130:0_131:0_132:0_133:0_134:0_135:0_136:0_137:0_138:0_139:0_140:0_141:0_142:0_143:0_144:0_145:0_146:0_147:0_148:0_149:0_150:0_151:0_152:0_153:0_154:0_155:0_156:0_157:0_158:0_159:0_160:0,0:1,0,0,0,0
580020,,"42761010,42663010",1:0_2:0_3:0_4:0_5:0_6:0_7:0_8:0_9:0_10:0_11:0_12:0_13:0_14:0_15:0_16:0_17:0_18:0_19:0_20:0_21:0_22:0_23:0_24:0_25:0_26:0_27:0_28:0_29:0_30:0_31:0_32:0_33:0_34:0_35:0_36:0_37:0_38:0_39:0_40:0_41:0_42:0_43:0_44:0_45:0_46:0_47:0_48:0_49:0_50:0_51:0_52:0_53:0_54:0_55:0_56:0_57:0_58:0_59:0_60:0_61:0_62:0_63:0_64:0_65:0_66:0_67:0_68:0_69:0_70:0_71:0_72:0_73:0_74:0_75:0_76:0_77:0_78:0_79:0_80:0_81:0_82:0_83:0_84:0_85:0_86:0_87:0_88:0_89:0_90:0_91:0_92:0_93:0_94:0_95:0_96:0_97:0_98:0_99:0_100:0_101:0_102:0_103:0_104:0_105:0_106:0_107:0_108:0_109:0_110:0_111:0_112:0_113:0_114:0_115:0_116:0_117:0_118:0_119:0_120:0_121:0_122:0_123:0_124:0_125:0_126:0_127:0_128:0_129:0_130:0_131:0_132:0_133:0_134:0_135:0_136:0_137:0_138:0_139:0_140:0_141:0_142:0_143:0_144:0_145:0_146:0_147:0_148:0_149:0_150:0_151:0_152:0_153:0_154:0_155:0_156:0_157:0_158:0_159:0_160:0,0:1,0,0,1:0_2:0_3:0_4:0_5:0_6:0_7:0_8:0_9:0_10:0_11:0_12:0_13:0_14:0_15:0_16:0_17:0_18:0_19:0_20:0_21:0_22:0_23:0_24:0_25:0_26:0_27:0_28:0_29:0_30:0_31:0_32:0_33:0_34:0_35:0_36:0_37:0_38:0_39:0_40:0_41:0_42:0_43:0_44:0_45:0_46:0_47:0_48:0_49:0_50:0_51:0_52:0_53:0_54:0_55:0_56:0_57:0_58:0_59:0_60:0_61:0_62:0_63:0_64:0_65:0_66:0_67:0_68:0_69:0_70:0_71:0_72:0_73:0_74:0_75:0_76:0_77:0_78:0_79:0_80:0_81:0_82:0_83:0_84:0_85:0_86:0_87:0_88:0_89:0_90:0_91:0_92:0_93:0_94:0_95:0_96:0_97:0_98:0_99:0_100:0_101:0_102:0_103:0_104:0_105:0_106:0_107:0_108:0_109:0_110:0_111:0_112:0_113:0_114:0_115:0_116:0_117:0_118:0_119:0_120:0_121:0_122:0_123:0_124:0_125:0_126:0_127:0_128:0_129:0_130:0_131:0_132:0_133:0_134:0_135:0_136:0_137:0_138:0_139:0_140:0_141:0_142:0_143:0_144:0_145:0_146:0_147:0_148:0_149:0_150:0_151:0_152:0_153:0_154:0_155:0_156:0_157:0_158:0_159:0_160:0,0:1,0,0,0,0
580010,,"42761010,42663010",1:0_2:0_3:0_4:0_5:0_6:0_7:0_8:0_9:0_10:0_11:0_12:0_13:0_14:0_15:0_16:0_17:0_18:0_19:0_20:0_21:0_22:0_23:0_24:0_25:0_26:0_27:0_28:0_29:0_30:0_31:0_32:0_33:0_34:0_35:0_36:0_37:0_38:0_39:0_40:0_41:0_42:0_43:0_44:0_45:0_46:0_47:0_48:0_49:0_50:0_51:0_52:0_53:0_54:0_55:0_56:0_57:0_58:0_59:0_60:0_61:0_62:0_63:0_64:0_65:0_66:0_67:0_68:0_69:0_70:0_71:0_72:0_73:0_74:0_75:0_76:0_77:0_78:0_79:0_80:0_81:0_82:0_83:0_84:0_85:0_86:0_87:0_88:0_89:0_90:0_91:0_92:0_93:0_94:0_95:0_96:0_97:0_98:0_99:0_100:0_101:0_102:0_103:0_104:0_105:0_106:0_107:0_108:0_109:0_110:0_111:0_112:0_113:0_114:0_115:0_116:0_117:0_118:0_119:0_120:0_121:0_122:0_123:0_124:0_125:0_126:0_127:0_128:0_129:0_130:0_131:0_132:0_133:0_134:0_135:0_136:0_137:0_138:0_139:0_140:0_141:0_142:0_143:0_144:0_145:0_146:0_147:0_148:0_149:0_150:0_151:0_152:0_153:0_154:0_155:0_156:0_157:0_158:0_159:0_160:0,0:1,0,0,1:0_2:0_3:0_4:0_5:0_6:0_7:0_8:0_9:0_10:0_11:0_12:0_13:0_14:0_15:0_16:0_17:0_18:0_19:0_20:0_21:0_22:0_23:0_24:0_25:0_26:0_27:0_28:0_29:0_30:0_31:0_32:0_33:0_34:0_35:0_36:0_37:0_38:0_39:0_40:0_41:0_42:0_43:0_44:0_45:0_46:0_47:0_48:0_49:0_50:0_51:0_52:0_53:0_54:0_55:0_56:0_57:0_58:0_59:0_60:0_61:0_62:0_63:0_64:0_65:0_66:0_67:0_68:0_69:0_70:0_71:0_72:0_73:0_74:0_75:0_76:0_77:0_78:0_79:0_80:0_81:0_82:0_83:0_84:0_85:0_86:0_87:0_88:0_89:0_90:0_91:0_92:0_93:0_94:0_95:0_96:0_97:0_98:0_99:0_100:0_101:0_102:0_103:0_104:0_105:0_106:0_107:0_108:0_109:0_110:0_111:0_112:0_113:0_114:0_115:0_116:0_117:0_118:0_119:0_120:0_121:0_122:0_123:0_124:0_125:0_126:0_127:0_128:0_129:0_130:0_131:0_132:0_133:0_134:0_135:0_136:0_137:0_138:0_139:0_140:0_141:0_142:0_143:0_144:0_145:0_146:0_147:0_148:0_149:0_150:0_151:0_152:0_153:0_154:0_155:0_156:0_157:0_158:0_159:0_160:0,0:1,0,0,0,0
590020,,"42761010,42663010",1:0_2:0_3:0_4:0_5:0_6:0_7:0_8:0_9:0_10:0_11:0_12:0_13:0_14:0_15:0_16:0_17:0_18:0_19:0_20:0_21:0_22:0_23:0_24:0_25:0_26:0_27:0_28:0_29:0_30:0_31:0_32:0_33:0_34:0_35:0_36:0_37:0_38:0_39:0_40:0_41:0_42:0_43:0_44:0_45:0_46:0_47:0_48:0_49:0_50:0_51:0_52:0_53:0_54:0_55:0_56:0_57:0_58:0_59:0_60:0_61:0_62:0_63:0_64:0_65:0_66:0_67:0_68:0_69:0_70:0_71:0_72:0_73:0_74:0_75:0_76:0_77:0_78:0_79:0_80:0_81:0_82:0_83:0_84:0_85:0_86:0_87:0_88:0_89:0_90:0_91:0_92:0_93:0_94:0_95:0_96:0_97:0_98:0_99:0_100:0_101:0_102:0_103:0_104:0_105:0_106:0_107:0_108:0_109:0_110:0_111:0_112:0_113:0_114:0_115:0_116:0_117:0_118:0_119:0_120:0_121:0_122:0_123:0_124:0_125:0_126:0_127:0_128:0_129:0_130:0_131:0_132:0_133:0_134:0_135:0_136:0_137:0_138:0_139:0_140:0_141:0_142:0_143:0_144:0_145:0_146:0_147:0_148:0_149:0_150:0_151:0_152:0_153:0_154:0_155:0_156:0_157:0_158:0_159:0_160:0,0:1,0,0,1:0_2:0_3:0_4:0_5:0_6:0_7:0_8:0_9:0_10:0_11:0_12:0_13:0_14:0_15:0_16:0_17:0_18:0_19:0_20:0_21:0_22:0_23:0_24:0_25:0_26:0_27:0_28:0_29:0_30:0_31:0_32:0_33:0_34:0_35:0_36:0_37:0_38:0_39:0_40:0_41:0_42:0_43:0_44:0_45:0_46:0_47:0_48:0_49:0_50:0_51:0_52:0_53:0_54:0_55:0_56:0_57:0_58:0_59:0_60:0_61:0_62:0_63:0_64:0_65:0_66:0_67:0_68:0_69:0_70:0_71:0_72:0_73:0_74:0_75:0_76:0_77:0_78:0_79:0_80:0_81:0_82:0_83:0_84:0_85:0_86:0_87:0_88:0_89:0_90:0_91:0_92:0_93:0_94:0_95:0_96:0_97:0_98:0_99:0_100:0_101:0_102:0_103:0_104:0_105:0_106:0_107:0_108:0_109:0_110:0_111:0_112:0_113:0_114:0_115:0_116:0_117:0_118:0_119:0_120:0_121:0_122:0_123:0_124:0_125:0_126:0_127:0_128:0_129:0_130:0_131:0_132:0_133:0_134:0_135:0_136:0_137:0_138:0_139:0_140:0_141:0_142:0_143:0_144:0_145:0_146:0_147:0_148:0_149:0_150:0_151:0_152:0_153:0_154:0_155:0_156:0_157:0_158:0_159:0_160:0,0:1,0,0,0,0
590010,,"42761010,42663010",1:0_2:0_3:0_4:0_5:0_6:0_7:0_8:0_9:0_10:0_11:0_12:0_13:0_14:0_15:0_16:0_17:0_18:0_19:0_20:0_21:0_22:0_23:0_24:0_25:0_26:0_27:0_28:0_29:0_30:0_31:0_32:0_33:0_34:0_35:0_36:0_37:0_38:0_39:0_40:0_41:0_42:0_43:0_44:0_45:0_46:0_47:0_48:0_49:0_50:0_51:0_52:0_53:0_54:0_55:0_56:0_57:0_58:0_59:0_60:0_61:0_62:0_63:0_64:0_65:0_66:0_67:0_68:0_69:0_70:0_71:0_72:0_73:0_74:0_75:0_76:0_77:0_78:0_79:0_80:0_81:0_82:0_83:0_84:0_85:0_86:0_87:0_88:0_89:0_90:0_91:0_92:0_93:0_94:0_95:0_96:0_97:0_98:0_99:0_100:0_101:0_102:0_103:0_104:0_105:0_106:0_107:0_108:0_109:0_110:0_111:0_112:0_113:0_114:0_115:0_116:0_117:0_118:0_119:0_120:0_121:0_122:0_123:0_124:0_125:0_126:0_127:0_128:0_129:0_130:0_131:0_132:0_133:0_134:0_135:0_136:0_137:0_138:0_139:0_140:0_141:0_142:0_143:0_144:0_145:0_146:0_147:0_148:0_149:0_150:0_151:0_152:0_153:0_154:0_155:0_156:0_157:0_158:0_159:0_160:0,0:1,0,0,1:0_2:0_3:0_4:0_5:0_6:0_7:0_8:0_9:0_10:0_11:0_12:0_13:0_14:0_15:0_16:0_17:0_18:0_19:0_20:0_21:0_22:0_23:0_24:0_25:0_26:0_27:0_28:0_29:0_30:0_31:0_32:0_33:0_34:0_35:0_36:0_37:0_38:0_39:0_40:0_41:0_42:0_43:0_44:0_45:0_46:0_47:0_48:0_49:0_50:0_51:0_52:0_53:0_54:0_55:0_56:0_57:0_58:0_59:0_60:0_61:0_62:0_63:0_64:0_65:0_66:0_67:0_68:0_69:0_70:0_71:0_72:0_73:0_74:0_75:0_76:0_77:0_78:0_79:0_80:0_81:0_82:0_83:0_84:0_85:0_86:0_87:0_88:0_89:0_90:0_91:0_92:0_93:0_94:0_95:0_96:0_97:0_98:0_99:0_100:0_101:0_102:0_103:0_104:0_105:0_106:0_107:0_108:0_109:0_110:0_111:0_112:0_113:0_114:0_115:0_116:0_117:0_118:0_119:0_120:0_121:0_122:0_123:0_124:0_125:0_126:0_127:0_128:0_129:0_130:0_131:0_132:0_133:0_134:0_135:0_136:0_137:0_138:0_139:0_140:0_141:0_142:0_143:0_144:0_145:0_146:0_147:0_148:0_149:0_150:0_151:0_152:0_153:0_154:0_155:0_156:0_157:0_158:0_159:0_160:0,0:1,0,0,0,0
600020,,"42761010,42663010",1:0_2:0_3:0_4:0_5:0_6:0_7:0_8:0_9:0_10:0_11:0_12:0_13:0_14:0_15:0_16:0_17:0_18:0_19:0_20:0_21:0_22:0_23:0_24:0_25:0_26:0_27:0_28:0_29:0_30:0_31:0_32:0_33:0_34:0_35:0_36:0_37:0_38:0_39:0_40:0_41:0_42:0_43:0_44:0_45:0_46:0_47:0_48:0_49:0_50:0_51:0_52:0_53:0_54:0_55:0_56:0_57:0_58:0_59:0_60:0_61:0_62:0_63:0_64:0_65:0_66:0_67:0_68:0_69:0_70:0_71:0_72:0_73:0_74:0_75:0_76:0_77:0_78:0_79:0_80:0_81:0_82:0_83:0_84:0_85:0_86:0_87:0_88:0_89:0_90:0_91:0_92:0_93:0_94:0_95:0_96:0_97:0_98:0_99:0_100:0_101:0_102:0_103:0_104:0_105:0_106:0_107:0_108:0_109:0_110:0_111:0_112:0_113:0_114:0_115:0_116:0_117:0_118:0_119:0_120:0_121:0_122:0_123:0_124:0_125:0_126:0_127:0_128:0_129:0_130:0_131:0_132:0_133:0_134:0_135:0_136:0_137:0_138:0_139:0_140:0_141:0_142:0_143:0_144:0_145:0_146:0_147:0_148:0_149:0_150:0_151:0_152:0_153:0_154:0_155:0_156:0_157:0_158:0_159:0_160:0,0:1,0,0,1:0_2:0_3:0_4:0_5:0_6:0_7:0_8:0_9:0_10:0_11:0_12:0_13:0_14:0_15:0_16:0_17:0_18:0_19:0_20:0_21:0_22:0_23:0_24:0_25:0_26:0_27:0_28:0_29:0_30:0_31:0_32:0_33:0_34:0_35:0_36:0_37:0_38:0_39:0_40:0_41:0_42:0_43:0_44:0_45:0_46:0_47:0_48:0_49:0_50:0_51:0_52:0_53:0_54:0_55:0_56:0_57:0_58:0_59:0_60:0_61:0_62:0_63:0_64:0_65:0_66:0_67:0_68:0_69:0_70:0_71:0_72:0_73:0_74:0_75:0_76:0_77:0_78:0_79:0_80:0_81:0_82:0_83:0_84:0_85:0_86:0_87:0_88:0_89:0_90:0_91:0_92:0_93:0_94:0_95:0_96:0_97:0_98:0_99:0_100:0_101:0_102:0_103:0_104:0_105:0_106:0_107:0_108:0_109:0_110:0_111:0_112:0_113:0_114:0_115:0_116:0_117:0_118:0_119:0_120:0_121:0_122:0_123:0_124:0_125:0_126:0_127:0_128:0_129:0_130:0_131:0_132:0_133:0_134:0_135:0_136:0_137:0_138:0_139:0_140:0_141:0_142:0_143:0_144:0_145:0_146:0_147:0_148:0_149:0_150:0_151:0_152:0_153:0_154:0_155:0_156:0_157:0_158:0_159:0_160:0,0:1,0,0,0,0
600010,,"42761010,42663010",1:0_2:0_3:0_4:0_5:0_6:0_7:0_8:0_9:0_10:0_11:0_12:0_13:0_14:0_15:0_16:0_17:0_18:0_19:0_20:0_21:0_22:0_23:0_24:0_25:0_26:0_27:0_28:0_29:0_30:0_31:0_32:0_33:0_34:0_35:0_36:0_37:0_38:0_39:0_40:0_41:0_42:0_43:0_44:0_45:0_46:0_47:0_48:0_49:0_50:0_51:0_52:0_53:0_54:0_55:0_56:0_57:0_58:0_59:0_60:0_61:0_62:0_63:0_64:0_65:0_66:0_67:0_68:0_69:0_70:0_71:0_72:0_73:0_74:0_75:0_76:0_77:0_78:0_79:0_80:0_81:0_82:0_83:0_84:0_85:0_86:0_87:0_88:0_89:0_90:0_91:0_92:0_93:0_94:0_95:0_96:0_97:0_98:0_99:0_100:0_101:0_102:0_103:0_104:0_105:0_106:0_107:0_108:0_109:0_110:0_111:0_112:0_113:0_114:0_115:0_116:0_117:0_118:0_119:0_120:0_121:0_122:0_123:0_124:0_125:0_126:0_127:0_128:0_129:0_130:0_131:0_132:0_133:0_134:0_135:0_136:0_137:0_138:0_139:0_140:0_141:0_142:0_143:0_144:0_145:0_146:0_147:0_148:0_149:0_150:0_151:0_152:0_153:0_154:0_155:0_156:0_157:0_158:0_159:0_160:0,0:1,0,0,1:0_2:0_3:0_4:0_5:0_6:0_7:0_8:0_9:0_10:0_11:0_12:0_13:0_14:0_15:0_16:0_17:0_18:0_19:0_20:0_21:0_22:0_23:0_24:0_25:0_26:0_27:0_28:0_29:0_30:0_31:0_32:0_33:0_34:0_35:0_36:0_37:0_38:0_39:0_40:0_41:0_42:0_43:0_44:0_45:0_46:0_47:0_48:0_49:0_50:0_51:0_52:0_53:0_54:0_55:0_56:0_57:0_58:0_59:0_60:0_61:0_62:0_63:0_64:0_65:0_66:0_67:0_68:0_69:0_70:0_71:0_72:0_73:0_74:0_75:0_76:0_77:0_78:0_79:0_80:0_81:0_82:0_83:0_84:0_85:0_86:0_87:0_88:0_89:0_90:0_91:0_92:0_93:0_94:0_95:0_96:0_97:0_98:0_99:0_100:0_101:0_102:0_103:0_104:0_105:0_106:0_107:0_108:0_109:0_110:0_111:0_112:0_113:0_114:0_115:0_116:0_117:0_118:0_119:0_120:0_121:0_122:0_123:0_124:0_125:0_126:0_127:0_128:0_129:0_130:0_131:0_132:0_133:0_134:0_135:0_136:0_137:0_138:0_139:0_140:0_141:0_142:0_143:0_144:0_145:0_146:0_147:0_148:0_149:0_150:0_151:0_152:0_153:0_154:0_155:0_156:0_157:0_158:0_159:0_160:0,0:1,0,0,0,0
610020,,"42761010,42663010",1:0_2:0_3:0_4:0_5:0_6:0_7:0_8:0_9:0_10:0_11:0_12:0_13:0_14:0_15:0_16:0_17:0_18:0_19:0_20:0_21:0_22:0_23:0_24:0_25:0_26:0_27:0_28:0_29:0_30:0_31:0_32:0_33:0_34:0_35:0_36:0_37:0_38:0_39:0_40:0_41:0_42:0_43:0_44:0_45:0_46:0_47:0_48:0_49:0_50:0_51:0_52:0_53:0_54:0_55:0_56:0_57:0_58:0_59:0_60:0_61:0_62:0_63:0_64:0_65:0_66:0_67:0_68:0_69:0_70:0_71:0_72:0_73:0_74:0_75:0_76:0_77:0_78:0_79:0_80:0_81:0_82:0_83:0_84:0_85:0_86:0_87:0_88:0_89:0_90:0_91:0_92:0_93:0_94:0_95:0_96:0_97:0_98:0_99:0_100:0_101:0_102:0_103:0_104:0_105:0_106:0_107:0_108:0_109:0_110:0_111:0_112:0_113:0_114:0_115:0_116:0_117:0_118:0_119:0_120:0_121:0_122:0_123:0_124:0_125:0_126:0_127:0_128:0_129:0_130:0_131:0_132:0_133:0_134:0_135:0_136:0_137:0_138:0_139:0_140:0_141:0_142:0_143:0_144:0_145:0_146:0_147:0_148:0_149:0_150:0_151:0_152:0_153:0_154:0_155:0_156:0_157:0_158:0_159:0_160:0,0:1,0,0,1:0_2:0_3:0_4:0_5:0_6:0_7:0_8:0_9:0_10:0_11:0_12:0_13:0_14:0_15:0_16:0_17:0_18:0_19:0_20:0_21:0_22:0_23:0_24:0_25:0_26:0_27:0_28:0_29:0_30:0_31:0_32:0_33:0_34:0_35:0_36:0_37:0_38:0_39:0_40:0_41:0_42:0_43:0_44:0_45:0_46:0_47:0_48:0_49:0_50:0_51:0_52:0_53:0_54:0_55:0_56:0_57:0_58:0_59:0_60:0_61:0_62:0_63:0_64:0_65:0_66:0_67:0_68:0_69:0_70:0_71:0_72:0_73:0_74:0_75:0_76:0_77:0_78:0_79:0_80:0_81:0_82:0_83:0_84:0_85:0_86:0_87:0_88:0_89:0_90:0_91:0_92:0_93:0_94:0_95:0_96:0_97:0_98:0_99:0_100:0_101:0_102:0_103:0_104:0_105:0_106:0_107:0_108:0_109:0_110:0_111:0_112:0_113:0_114:0_115:0_116:0_117:0_118:0_119:0_120:0_121:0_122:0_123:0_124:0_125:0_126:0_127:0_128:0_129:0_130:0_131:0_132:0_133:0_134:0_135:0_136:0_137:0_138:0_139:0_140:0_141:0_142:0_143:0_144:0_145:0_146:0_147:0_148:0_149:0_150:0_151:0_152:0_153:0_154:0_155:0_156:0_157:0_158:0_159:0_160:0,0:1,0,0,0,0
610010,,"42761010,42663010",1:0_2:0_3:0_4:0_5:0_6:0_7:0_8:0_9:0_10:0_11:0_12:0_13:0_14:0_15:0_16:0_17:0_18:0_19:0_20:0_21:0_22:0_23:0_24:0_25:0_26:0_27:0_28:0_29:0_30:0_31:0_32:0_33:0_34:0_35:0_36:0_37:0_38:0_39:0_40:0_41:0_42:0_43:0_44:0_45:0_46:0_47:0_48:0_49:0_50:0_51:0_52:0_53:0_54:0_55:0_56:0_57:0_58:0_59:0_60:0_61:0_62:0_63:0_64:0_65:0_66:0_67:0_68:0_69:0_70:0_71:0_72:0_73:0_74:0_75:0_76:0_77:0_78:0_79:0_80:0_81:0_82:0_83:0_84:0_85:0_86:0_87:0_88:0_89:0_90:0_91:0_92:0_93:0_94:0_95:0_96:0_97:0_98:0_99:0_100:0_101:0_102:0_103:0_104:0_105:0_106:0_107:0_108:0_109:0_110:0_111:0_112:0_113:0_114:0_115:0_116:0_117:0_118:0_119:0_120:0_121:0_122:0_123:0_124:0_125:0_126:0_127:0_128:0_129:0_130:0_131:0_132:0_133:0_134:0_135:0_136:0_137:0_138:0_139:0_140:0_141:0_142:0_143:0_144:0_145:0_146:0_147:0_148:0_149:0_150:0_151:0_152:0_153:0_154:0_155:0_156:0_157:0_158:0_159:0_160:0,0:1,0,0,1:0_2:0_3:0_4:0_5:0_6:0_7:0_8:0_9:0_10:0_11:0_12:0_13:0_14:0_15:0_16:0_17:0_18:0_19:0_20:0_21:0_22:0_23:0_24:0_25:0_26:0_27:0_28:0_29:0_30:0_31:0_32:0_33:0_34:0_35:0_36:0_37:0_38:0_39:0_40:0_41:0_42:0_43:0_44:0_45:0_46:0_47:0_48:0_49:0_50:0_51:0_52:0_53:0_54:0_55:0_56:0_57:0_58:0_59:0_60:0_61:0_62:0_63:0_64:0_65:0_66:0_67:0_68:0_69:0_70:0_71:0_72:0_73:0_74:0_75:0_76:0_77:0_78:0_79:0_80:0_81:0_82:0_83:0_84:0_85:0_86:0_87:0_88:0_89:0_90:0_91:0_92:0_93:0_94:0_95:0_96:0_97:0_98:0_99:0_100:0_101:0_102:0_103:0_104:0_105:0_106:0_107:0_108:0_109:0_110:0_111:0_112:0_113:0_114:0_115:0_116:0_117:0_118:0_119:0_120:0_121:0_122:0_123:0_124:0_125:0_126:0_127:0_128:0_129:0_130:0_131:0_132:0_133:0_134:0_135:0_136:0_137:0_138:0_139:0_140:0_141:0_142:0_143:0_144:0_145:0_146:0_147:0_148:0_149:0_150:0_151:0_152:0_153:0_154:0_155:0_156:0_157:0_158:0_159:0_160:0,0:1,0,0,0,0
620020,,"42761010,42663010",1:0_2:0_3:0_4:0_5:0_6:0_7:0_8:0_9:0_10:0_11:0_12:0_13:0_14:0_15:0_16:0_17:0_18:0_19:0_20:0_21:0_22:0_23:0_24:0_25:0_26:0_27:0_28:0_29:0_30:0_31:0_32:0_33:0_34:0_35:0_36:0_37:0_38:0_39:0_40:0_41:0_42:0_43:0_44:0_45:0_46:0_47:0_48:0_49:0_50:0_51:0_52:0_53:0_54:0_55:0_56:0_57:0_58:0_59:0_60:0_61:0_62:0_63:0_64:0_65:0_66:0_67:0_68:0_69:0_70:0_71:0_72:0_73:0_74:0_75:0_76:0_77:0_78:0_79:0_80:0_81:0_82:0_83:0_84:0_85:0_86:0_87:0_88:0_89:0_90:0_91:0_92:0_93:0_94:0_95:0_96:0_97:0_98:0_99:0_100:0_101:0_102:0_103:0_104:0_105:0_106:0_107:0_108:0_109:0_110:0_111:0_112:0_113:0_114:0_115:0_116:0_117:0_118:0_119:0_120:0_121:0_122:0_123:0_124:0_125:0_126:0_127:0_128:0_129:0_130:0_131:0_132:0_133:0_134:0_135:0_136:0_137:0_138:0_139:0_140:0_141:0_142:0_143:0_144:0_145:0_146:0_147:0_148:0_149:0_150:0_151:0_152:0_153:0_154:0_155:0_156:0_157:0_158:0_159:0_160:0,0:1,0,0,1:0_2:0_3:0_4:0_5:0_6:0_7:0_8:0_9:0_10:0_11:0_12:0_13:0_14:0_15:0_16:0_17:0_18:0_19:0_20:0_21:0_22:0_23:0_24:0_25:0_26:0_27:0_28:0_29:0_30:0_31:0_32:0_33:0_34:0_35:0_36:0_37:0_38:0_39:0_40:0_41:0_42:0_43:0_44:0_45:0_46:0_47:0_48:0_49:0_50:0_51:0_52:0_53:0_54:0_55:0_56:0_57:0_58:0_59:0_60:0_61:0_62:0_63:0_64:0_65:0_66:0_67:0_68:0_69:0_70:0_71:0_72:0_73:0_74:0_75:0_76:0_77:0_78:0_79:0_80:0_81:0_82:0_83:0_84:0_85:0_86:0_87:0_88:0_89:0_90:0_91:0_92:0_93:0_94:0_95:0_96:0_97:0_98:0_99:0_100:0_101:0_102:0_103:0_104:0_105:0_106:0_107:0_108:0_109:0_110:0_111:0_112:0_113:0_114:0_115:0_116:0_117:0_118:0_119:0_120:0_121:0_122:0_123:0_124:0_125:0_126:0_127:0_128:0_129:0_130:0_131:0_132:0_133:0_134:0_135:0_136:0_137:0_138:0_139:0_140:0_141:0_142:0_143:0_144:0_145:0_146:0_147:0_148:0_149:0_150:0_151:0_152:0_153:0_154:0_155:0_156:0_157:0_158:0_159:0_160:0,0:1,0,0,0,0
620010,,"42761010,42663010",1:0_2:0_3:0_4:0_5:0_6:0_7:0_8:0_9:0_10:0_11:0_12:0_13:0_14:0_15:0_16:0_17:0_18:0_19:0_20:0_21:0_22:0_23:0_24:0_25:0_26:0_27:0_28:0_29:0_30:0_31:0_32:0_33:0_34:0_35:0_36:0_37:0_38:0_39:0_40:0_41:0_42:0_43:0_44:0_45:0_46:0_47:0_48:0_49:0_50:0_51:0_52:0_53:0_54:0_55:0_56:0_57:0_58:0_59:0_60:0_61:0_62:0_63:0_64:0_65:0_66:0_67:0_68:0_69:0_70:0_71:0_72:0_73:0_74:0_75:0_76:0_77:0_78:0_79:0_80:0_81:0_82:0_83:0_84:0_85:0_86:0_87:0_88:0_89:0_90:0_91:0_92:0_93:0_94:0_95:0_96:0_97:0_98:0_99:0_100:0_101:0_102:0_103:0_104:0_105:0_106:0_107:0_108:0_109:0_110:0_111:0_112:0_113:0_114:0_115:0_116:0_117:0_118:0_119:0_120:0_121:0_122:0_123:0_124:0_125:0_126:0_127:0_128:0_129:0_130:0_131:0_132:0_133:0_134:0_135:0_136:0_137:0_138:0_139:0_140:0_141:0_142:0_143:0_144:0_145:0_146:0_147:0_148:0_149:0_150:0_151:0_152:0_153:0_154:0_155:0_156:0_157:0_158:0_159:0_160:0,0:1,0,0,1:0_2:0_3:0_4:0_5:0_6:0_7:0_8:0_9:0_10:0_11:0_12:0_13:0_14:0_15:0_16:0_17:0_18:0_19:0_20:0_21:0_22:0_23:0_24:0_25:0_26:0_27:0_28:0_29:0_30:0_31:0_32:0_33:0_34:0_35:0_36:0_37:0_38:0_39:0_40:0_41:0_42:0_43:0_44:0_45:0_46:0_47:0_48:0_49:0_50:0_51:0_52:0_53:0_54:0_55:0_56:0_57:0_58:0_59:0_60:0_61:0_62:0_63:0_64:0_65:0_66:0_67:0_68:0_69:0_70:0_71:0_72:0_73:0_74:0_75:0_76:0_77:0_78:0_79:0_80:0_81:0_82:0_83:0_84:0_85:0_86:0_87:0_88:0_89:0_90:0_91:0_92:0_93:0_94:0_95:0_96:0_97:0_98:0_99:0_100:0_101:0_102:0_103:0_104:0_105:0_106:0_107:0_108:0_109:0_110:0_111:0_112:0_113:0_114:0_115:0_116:0_117:0_118:0_119:0_120:0_121:0_122:0_123:0_124:0_125:0_126:0_127:0_128:0_129:0_130:0_131:0_132:0_133:0_134:0_135:0_136:0_137:0_138:0_139:0_140:0_141:0_142:0_143:0_144:0_145:0_146:0_147:0_148:0_149:0_150:0_151:0_152:0_153:0_154:0_155:0_156:0_157:0_158:0_159:0_160:0,0:1,0,0,0,0
630020,,"42761010,42663010",1:0_2:0_3:0_4:0_5:0_6:0_7:0_8:0_9:0_10:0_11:0_12:0_13:0_14:0_15:0_16:0_17:0_18:0_19:0_20:0_21:0_22:0_23:0_24:0_25:0_26:0_27:0_28:0_29:0_30:0_31:0_32:0_33:0_34:0_35:0_36:0_37:0_38:0_39:0_40:0_41:0_42:0_43:0_44:0_45:0_46:0_47:0_48:0_49:0_50:0_51:0_52:0_53:0_54:0_55:0_56:0_57:0_58:0_59:0_60:0_61:0_62:0_63:0_64:0_65:0_66:0_67:0_68:0_69:0_70:0_71:0_72:0_73:0_74:0_75:0_76:0_77:0_78:0_79:0_80:0_81:0_82:0_83:0_84:0_85:0_86:0_87:0_88:0_89:0_90:0_91:0_92:0_93:0_94:0_95:0_96:0_97:0_98:0_99:0_100:0_101:0_102:0_103:0_104:0_105:0_106:0_107:0_108:0_109:0_110:0_111:0_112:0_113:0_114:0_115:0_116:0_117:0_118:0_119:0_120:0_121:0_122:0_123:0_124:0_125:0_126:0_127:0_128:0_129:0_130:0_131:0_132:0_133:0_134:0_135:0_136:0_137:0_138:0_139:0_140:0_141:0_142:0_143:0_144:0_145:0_146:0_147:0_148:0_149:0_150:0_151:0_152:0_153:0_154:0_155:0_156:0_157:0_158:0_159:0_160:0,0:1,0,0,1:0_2:0_3:0_4:0_5:0_6:0_7:0_8:0_9:0_10:0_11:0_12:0_13:0_14:0_15:0_16:0_17:0_18:0_19:0_20:0_21:0_22:0_23:0_24:0_25:0_26:0_27:0_28:0_29:0_30:0_31:0_32:0_33:0_34:0_35:0_36:0_37:0_38:0_39:0_40:0_41:0_42:0_43:0_44:0_45:0_46:0_47:0_48:0_49:0_50:0_51:0_52:0_53:0_54:0_55:0_56:0_57:0_58:0_59:0_60:0_61:0_62:0_63:0_64:0_65:0_66:0_67:0_68:0_69:0_70:0_71:0_72:0_73:0_74:0_75:0_76:0_77:0_78:0_79:0_80:0_81:0_82:0_83:0_84:0_85:0_86:0_87:0_88:0_89:0_90:0_91:0_92:0_93:0_94:0_95:0_96:0_97:0_98:0_99:0_100:0_101:0_102:0_103:0_104:0_105:0_106:0_107:0_108:0_109:0_110:0_111:0_112:0_113:0_114:0_115:0_116:0_117:0_118:0_119:0_120:0_121:0_122:0_123:0_124:0_125:0_126:0_127:0_128:0_129:0_130:0_131:0_132:0_133:0_134:0_135:0_136:0_137:0_138:0_139:0_140:0_141:0_142:0_143:0_144:0_145:0_146:0_147:0_148:0_149:0_150:0_151:0_152:0_153:0_154:0_155:0_156:0_157:0_158:0_159:0_160:0,0:1,0,0,0,0
630010,,"42761010,42663010",1:0_2:0_3:0_4:0_5:0_6:0_7:0_8:0_9:0_10:0_11:0_12:0_13:0_14:0_15:0_16:0_17:0_18:0_19:0_20:0_21:0_22:0_23:0_24:0_25:0_26:0_27:0_28:0_29:0_30:0_31:0_32:0_33:0_34:0_35:0_36:0_37:0_38:0_39:0_40:0_41:0_42:0_43:0_44:0_45:0_46:0_47:0_48:0_49:0_50:0_51:0_52:0_53:0_54:0_55:0_56:0_57:0_58:0_59:0_60:0_61:0_62:0_63:0_64:0_65:0_66:0_67:0_68:0_69:0_70:0_71:0_72:0_73:0_74:0_75:0_76:0_77:0_78:0_79:0_80:0_81:0_82:0_83:0_84:0_85:0_86:0_87:0_88:0_89:0_90:0_91:0_92:0_93:0_94:0_95:0_96:0_97:0_98:0_99:0_100:0_101:0_102:0_103:0_104:0_105:0_106:0_107:0_108:0_109:0_110:0_111:0_112:0_113:0_114:0_115:0_116:0_117:0_118:0_119:0_120:0_121:0_122:0_123:0_124:0_125:0_126:0_127:0_128:0_129:0_130:0_131:0_132:0_133:0_134:0_135:0_136:0_137:0_138:0_139:0_140:0_141:0_142:0_143:0_144:0_145:0_146:0_147:0_148:0_149:0_150:0_151:0_152:0_153:0_154:0_155:0_156:0_157:0_158:0_159:0_160:0,0:1,0,0,1:0_2:0_3:0_4:0_5:0_6:0_7:0_8:0_9:0_10:0_11:0_12:0_13:0_14:0_15:0_16:0_17:0_18:0_19:0_20:0_21:0_22:0_23:0_24:0_25:0_26:0_27:0_28:0_29:0_30:0_31:0_32:0_33:0_34:0_35:0_36:0_37:0_38:0_39:0_40:0_41:0_42:0_43:0_44:0_45:0_46:0_47:0_48:0_49:0_50:0_51:0_52:0_53:0_54:0_55:0_56:0_57:0_58:0_59:0_60:0_61:0_62:0_63:0_64:0_65:0_66:0_67:0_68:0_69:0_70:0_71:0_72:0_73:0_74:0_75:0_76:0_77:0_78:0_79:0_80:0_81:0_82:0_83:0_84:0_85:0_86:0_87:0_88:0_89:0_90:0_91:0_92:0_93:0_94:0_95:0_96:0_97:0_98:0_99:0_100:0_101:0_102:0_103:0_104:0_105:0_106:0_107:0_108:0_109:0_110:0_111:0_112:0_113:0_114:0_115:0_116:0_117:0_118:0_119:0_120:0_121:0_122:0_123:0_124:0_125:0_126:0_127:0_128:0_129:0_130:0_131:0_132:0_133:0_134:0_135:0_136:0_137:0_138:0_139:0_140:0_141:0_142:0_143:0_144:0_145:0_146:0_147:0_148:0_149:0_150:0_151:0_152:0_153:0_154:0_155:0_156:0_157:0_158:0_159:0_160:0,0:1,0,0,0,0
640020,,"42761010,42663010",1:0_2:0_3:0_4:0_5:0_6:0_7:0_8:0_9:0_10:0_11:0_12:0_13:0_14:0_15:0_16:0_17:0_18:0_19:0_20:0_21:0_22:0_23:0_24:0_25:0_26:0_27:0_28:0_29:0_30:0_31:0_32:0_33:0_34:0_35:0_36:0_37:0_38:0_39:0_40:0_41:0_42:0_43:0_44:0_45:0_46:0_47:0_48:0_49:0_50:0_51:0_52:0_53:0_54:0_55:0_56:0_57:0_58:0_59:0_60:0_61:0_62:0_63:0_64:0_65:0_66:0_67:0_68:0_69:0_70:0_71:0_72:0_73:0_74:0_75:0_76:0_77:0_78:0_79:0_80:0_81:0_82:0_83:0_84:0_85:0_86:0_87:0_88:0_89:0_90:0_91:0_92:0_93:0_94:0_95:0_96:0_97:0_98:0_99:0_100:0_101:0_102:0_103:0_104:0_105:0_106:0_107:0_108:0_109:0_110:0_111:0_112:0_113:0_114:0_115:0_116:0_117:0_118:0_119:0_120:0_121:0_122:0_123:0_124:0_125:0_126:0_127:0_128:0_129:0_130:0_131:0_132:0_133:0_134:0_135:0_136:0_137:0_138:0_139:0_140:0_141:0_142:0_143:0_144:0_145:0_146:0_147:0_148:0_149:0_150:0_151:0_152:0_153:0_154:0_155:0_156:0_157:0_158:0_159:0_160:0,0:1,0,0,1:0_2:0_3:0_4:0_5:0_6:0_7:0_8:0_9:0_10:0_11:0_12:0_13:0_14:0_15:0_16:0_17:0_18:0_19:0_20:0_21:0_22:0_23:0_24:0_25:0_26:0_27:0_28:0_29:0_30:0_31:0_32:0_33:0_34:0_35:0_36:0_37:0_38:0_39:0_40:0_41:0_42:0_43:0_44:0_45:0_46:0_47:0_48:0_49:0_50:0_51:0_52:0_53:0_54:0_55:0_56:0_57:0_58:0_59:0_60:0_61:0_62:0_63:0_64:0_65:0_66:0_67:0_68:0_69:0_70:0_71:0_72:0_73:0_74:0_75:0_76:0_77:0_78:0_79:0_80:0_81:0_82:0_83:0_84:0_85:0_86:0_87:0_88:0_89:0_90:0_91:0_92:0_93:0_94:0_95:0_96:0_97:0_98:0_99:0_100:0_101:0_102:0_103:0_104:0_105:0_106:0_107:0_108:0_109:0_110:0_111:0_112:0_113:0_114:0_115:0_116:0_117:0_118:0_119:0_120:0_121:0_122:0_123:0_124:0_125:0_126:0_127:0_128:0_129:0_130:0_131:0_132:0_133:0_134:0_135:0_136:0_137:0_138:0_139:0_140:0_141:0_142:0_143:0_144:0_145:0_146:0_147:0_148:0_149:0_150:0_151:0_152:0_153:0_154:0_155:0_156:0_157:0_158:0_159:0_160:0,0:1,0,0,0,0
640010,,"42761010,42663010",1:0_2:0_3:0_4:0_5:0_6:0_7:0_8:0_9:0_10:0_11:0_12:0_13:0_14:0_15:0_16:0_17:0_18:0_19:0_20:0_21:0_22:0_23:0_24:0_25:0_26:0_27:0_28:0_29:0_30:0_31:0_32:0_33:0_34:0_35:0_36:0_37:0_38:0_39:0_40:0_41:0_42:0_43:0_44:0_45:0_46:0_47:0_48:0_49:0_50:0_51:0_52:0_53:0_54:0_55:0_56:0_57:0_58:0_59:0_60:0_61:0_62:0_63:0_64:0_65:0_66:0_67:0_68:0_69:0_70:0_71:0_72:0_73:0_74:0_75:0_76:0_77:0_78:0_79:0_80:0_81:0_82:0_83:0_84:0_85:0_86:0_87:0_88:0_89:0_90:0_91:0_92:0_93:0_94:0_95:0_96:0_97:0_98:0_99:0_100:0_101:0_102:0_103:0_104:0_105:0_106:0_107:0_108:0_109:0_110:0_111:0_112:0_113:0_114:0_115:0_116:0_117:0_118:0_119:0_120:0_121:0_122:0_123:0_124:0_125:0_126:0_127:0_128:0_129:0_130:0_131:0_132:0_133:0_134:0_135:0_136:0_137:0_138:0_139:0_140:0_141:0_142:0_143:0_144:0_145:0_146:0_147:0_148:0_149:0_150:0_151:0_152:0_153:0_154:0_155:0_156:0_157:0_158:0_159:0_160:0,0:1,0,0,1:0_2:0_3:0_4:0_5:0_6:0_7:0_8:0_9:0_10:0_11:0_12:0_13:0_14:0_15:0_16:0_17:0_18:0_19:0_20:0_21:0_22:0_23:0_24:0_25:0_26:0_27:0_28:0_29:0_30:0_31:0_32:0_33:0_34:0_35:0_36:0_37:0_38:0_39:0_40:0_41:0_42:0_43:0_44:0_45:0_46:0_47:0_48:0_49:0_50:0_51:0_52:0_53:0_54:0_55:0_56:0_57:0_58:0_59:0_60:0_61:0_62:0_63:0_64:0_65:0_66:0_67:0_68:0_69:0_70:0_71:0_72:0_73:0_74:0_75:0_76:0_77:0_78:0_79:0_80:0_81:0_82:0_83:0_84:0_85:0_86:0_87:0_88:0_89:0_90:0_91:0_92:0_93:0_94:0_95:0_96:0_97:0_98:0_99:0_100:0_101:0_102:0_103:0_104:0_105:0_106:0_107:0_108:0_109:0_110:0_111:0_112:0_113:0_114:0_115:0_116:0_117:0_118:0_119:0_120:0_121:0_122:0_123:0_124:0_125:0_126:0_127:0_128:0_129:0_130:0_131:0_132:0_133:0_134:0_135:0_136:0_137:0_138:0_139:0_140:0_141:0_142:0_143:0_144:0_145:0_146:0_147:0_148:0_149:0_150:0_151:0_152:0_153:0_154:0_155:0_156:0_157:0_158:0_159:0_160:0,0:1,0,0,0,0
650020,,"42761010,42663010",1:0_2:0_3:0_4:0_5:0_6:0_7:0_8:0_9:0_10:0_11:0_12:0_13:0_14:0_15:0_16:0_17:0_18:0_19:0_20:0_21:0_22:0_23:0_24:0_25:0_26:0_27:0_28:0_29:0_30:0_31:0_32:0_33:0_34:0_35:0_36:0_37:0_38:0_39:0_40:0_41:0_42:0_43:0_44:0_45:0_46:0_47:0_48:0_49:0_50:0_51:0_52:0_53:0_54:0_55:0_56:0_57:0_58:0_59:0_60:0_61:0_62:0_63:0_64:0_65:0_66:0_67:0_68:0_69:0_70:0_71:0_72:0_73:0_74:0_75:0_76:0_77:0_78:0_79:0_80:0_81:0_82:0_83:0_84:0_85:0_86:0_87:0_88:0_89:0_90:0_91:0_92:0_93:0_94:0_95:0_96:0_97:0_98:0_99:0_100:0_101:0_102:0_103:0_104:0_105:0_106:0_107:0_108:0_109:0_110:0_111:0_112:0_113:0_114:0_115:0_116:0_117:0_118:0_119:0_120:0_121:0_122:0_123:0_124:0_125:0_126:0_127:0_128:0_129:0_130:0_131:0_132:0_133:0_134:0_135:0_136:0_137:0_138:0_139:0_140:0_141:0_142:0_143:0_144:0_145:0_146:0_147:0_148:0_149:0_150:0_151:0_152:0_153:0_154:0_155:0_156:0_157:0_158:0_159:0_160:0,0:1,0,0,1:0_2:0_3:0_4:0_5:0_6:0_7:0_8:0_9:0_10:0_11:0_12:0_13:0_14:0_15:0_16:0_17:0_18:0_19:0_20:0_21:0_22:0_23:0_24:0_25:0_26:0_27:0_28:0_29:0_30:0_31:0_32:0_33:0_34:0_35:0_36:0_37:0_38:0_39:0_40:0_41:0_42:0_43:0_44:0_45:0_46:0_47:0_48:0_49:0_50:0_51:0_52:0_53:0_54:0_55:0_56:0_57:0_58:0_59:0_60:0_61:0_62:0_63:0_64:0_65:0_66:0_67:0_68:0_69:0_70:0_71:0_72:0_73:0_74:0_75:0_76:0_77:0_78:0_79:0_80:0_81:0_82:0_83:0_84:0_85:0_86:0_87:0_88:0_89:0_90:0_91:0_92:0_93:0_94:0_95:0_96:0_97:0_98:0_99:0_100:0_101:0_102:0_103:0_104:0_105:0_106:0_107:0_108:0_109:0_110:0_111:0_112:0_113:0_114:0_115:0_116:0_117:0_118:0_119:0_120:0_121:0_122:0_123:0_124:0_125:0_126:0_127:0_128:0_129:0_130:0_131:0_132:0_133:0_134:0_135:0_136:0_137:0_138:0_139:0_140:0_141:0_142:0_143:0_144:0_145:0_146:0_147:0_148:0_149:0_150:0_151:0_152:0_153:0_154:0_155:0_156:0_157:0_158:0_159:0_160:0,0:1,0,0,0,0
650010,,"42761010,42663010",1:0_2:0_3:0_4:0_5:0_6:0_7:0_8:0_9:0_10:0_11:0_12:0_13:0_14:0_15:0_16:0_17:0_18:0_19:0_20:0_21:0_22:0_23:0_24:0_25:0_26:0_27:0_28:0_29:0_30:0_31:0_32:0_33:0_34:0_35:0_36:0_37:0_38:0_39:0_40:0_41:0_42:0_43:0_44:0_45:0_46:0_47:0_48:0_49:0_50:0_51:0_52:0_53:0_54:0_55:0_56:0_57:0_58:0_59:0_60:0_61:0_62:0_63:0_64:0_65:0_66:0_67:0_68:0_69:0_70:0_71:0_72:0_73:0_74:0_75:0_76:0_77:0_78:0_79:0_80:0_81:0_82:0_83:0_84:0_85:0_86:0_87:0_88:0_89:0_90:0_91:0_92:0_93:0_94:0_95:0_96:0_97:0_98:0_99:0_100:0_101:0_102:0_103:0_104:0_105:0_106:0_107:0_108:0_109:0_110:0_111:0_112:0_113:0_114:0_115:0_116:0_117:0_118:0_119:0_120:0_121:0_122:0_123:0_124:0_125:0_126:0_127:0_128:0_129:0_130:0_131:0_132:0_133:0_134:0_135:0_136:0_137:0_138:0_139:0_140:0_141:0_142:0_143:0_144:0_145:0_146:0_147:0_148:0_149:0_150:0_151:0_152:0_153:0_154:0_155:0_156:0_157:0_158:0_159:0_160:0,0:1,0,0,1:0_2:0_3:0_4:0_5:0_6:0_7:0_8:0_9:0_10:0_11:0_12:0_13:0_14:0_15:0_16:0_17:0_18:0_19:0_20:0_21:0_22:0_23:0_24:0_25:0_26:0_27:0_28:0_29:0_30:0_31:0_32:0_33:0_34:0_35:0_36:0_37:0_38:0_39:0_40:0_41:0_42:0_43:0_44:0_45:0_46:0_47:0_48:0_49:0_50:0_51:0_52:0_53:0_54:0_55:0_56:0_57:0_58:0_59:0_60:0_61:0_62:0_63:0_64:0_65:0_66:0_67:0_68:0_69:0_70:0_71:0_72:0_73:0_74:0_75:0_76:0_77:0_78:0_79:0_80:0_81:0_82:0_83:0_84:0_85:0_86:0_87:0_88:0_89:0_90:0_91:0_92:0_93:0_94:0_95:0_96:0_97:0_98:0_99:0_100:0_101:0_102:0_103:0_104:0_105:0_106:0_107:0_108:0_109:0_110:0_111:0_112:0_113:0_114:0_115:0_116:0_117:0_118:0_119:0_120:0_121:0_122:0_123:0_124:0_125:0_126:0_127:0_128:0_129:0_130:0_131:0_132:0_133:0_134:0_135:0_136:0_137:0_138:0_139:0_140:0_141:0_142:0_143:0_144:0_145:0_146:0_147:0_148:0_149:0_150:0_151:0_152:0_153:0_154:0_155:0_156:0_157:0_158:0_159:0_160:0,0:1,0,0,0,0
660020,,"42761010,42663010",1:0_2:0_3:0_4:0_5:0_6:0_7:0_8:0_9:0_10:0_11:0_12:0_13:0_14:0_15:0_16:0_17:0_18:0_19:0_20:0_21:0_22:0_23:0_24:0_25:0_26:0_27:0_28:0_29:0_30:0_31:0_32:0_33:0_34:0_35:0_36:0_37:0_38:0_39:0_40:0_41:0_42:0_43:0_44:0_45:0_46:0_47:0_48:0_49:0_50:0_51:0_52:0_53:0_54:0_55:0_56:0_57:0_58:0_59:0_60:0_61:0_62:0_63:0_64:0_65:0_66:0_67:0_68:0_69:0_70:0_71:0_72:0_73:0_74:0_75:0_76:0_77:0_78:0_79:0_80:0_81:0_82:0_83:0_84:0_85:0_86:0_87:0_88:0_89:0_90:0_91:0_92:0_93:0_94:0_95:0_96:0_97:0_98:0_99:0_100:0_101:0_102:0_103:0_104:0_105:0_106:0_107:0_108:0_109:0_110:0_111:0_112:0_113:0_114:0_115:0_116:0_117:0_118:0_119:0_120:0_121:0_122:0_123:0_124:0_125:0_126:0_127:0_128:0_129:0_130:0_131:0_132:0_133:0_134:0_135:0_136:0_137:0_138:0_139:0_140:0_141:0_142:0_143:0_144:0_145:0_146:0_147:0_148:0_149:0_150:0_151:0_152:0_153:0_154:0_155:0_156:0_157:0_158:0_159:0_160:0,0:1,0,0,1:0_2:0_3:0_4:0_5:0_6:0_7:0_8:0_9:0_10:0_11:0_12:0_13:0_14:0_15:0_16:0_17:0_18:0_19:0_20:0_21:0_22:0_23:0_24:0_25:0_26:0_27:0_28:0_29:0_30:0_31:0_32:0_33:0_34:0_35:0_36:0_37:0_38:0_39:0_40:0_41:0_42:0_43:0_44:0_45:0_46:0_47:0_48:0_49:0_50:0_51:0_52:0_53:0_54:0_55:0_56:0_57:0_58:0_59:0_60:0_61:0_62:0_63:0_64:0_65:0_66:0_67:0_68:0_69:0_70:0_71:0_72:0_73:0_74:0_75:0_76:0_77:0_78:0_79:0_80:0_81:0_82:0_83:0_84:0_85:0_86:0_87:0_88:0_89:0_90:0_91:0_92:0_93:0_94:0_95:0_96:0_97:0_98:0_99:0_100:0_101:0_102:0_103:0_104:0_105:0_106:0_107:0_108:0_109:0_110:0_111:0_112:0_113:0_114:0_115:0_116:0_117:0_118:0_119:0_120:0_121:0_122:0_123:0_124:0_125:0_126:0_127:0_128:0_129:0_130:0_131:0_132:0_133:0_134:0_135:0_136:0_137:0_138:0_139:0_140:0_141:0_142:0_143:0_144:0_145:0_146:0_147:0_148:0_149:0_150:0_151:0_152:0_153:0_154:0_155:0_156:0_157:0_158:0_159:0_160:0,0:1,0,0,0,0
660010,,"42761010,42663010",1:0_2:0_3:0_4:0_5:0_6:0_7:0_8:0_9:0_10:0_11:0_12:0_13:0_14:0_15:0_16:0_17:0_18:0_19:0_20:0_21:0_22:0_23:0_24:0_25:0_26:0_27:0_28:0_29:0_30:0_31:0_32:0_33:0_34:0_35:0_36:0_37:0_38:0_39:0_40:0_41:0_42:0_43:0_44:0_45:0_46:0_47:0_48:0_49:0_50:0_51:0_52:0_53:0_54:0_55:0_56:0_57:0_58:0_59:0_60:0_61:0_62:0_63:0_64:0_65:0_66:0_67:0_68:0_69:0_70:0_71:0_72:0_73:0_74:0_75:0_76:0_77:0_78:0_79:0_80:0_81:0_82:0_83:0_84:0_85:0_86:0_87:0_88:0_89:0_90:0_91:0_92:0_93:0_94:0_95:0_96:0_97:0_98:0_99:0_100:0_101:0_102:0_103:0_104:0_105:0_106:0_107:0_108:0_109:0_110:0_111:0_112:0_113:0_114:0_115:0_116:0_117:0_118:0_119:0_120:0_121:0_122:0_123:0_124:0_125:0_126:0_127:0_128:0_129:0_130:0_131:0_132:0_133:0_134:0_135:0_136:0_137:0_138:0_139:0_140:0_141:0_142:0_143:0_144:0_145:0_146:0_147:0_148:0_149:0_150:0_151:0_152:0_153:0_154:0_155:0_156:0_157:0_158:0_159:0_160:0,0:1,0,0,1:0_2:0_3:0_4:0_5:0_6:0_7:0_8:0_9:0_10:0_11:0_12:0_13:0_14:0_15:0_16:0_17:0_18:0_19:0_20:0_21:0_22:0_23:0_24:0_25:0_26:0_27:0_28:0_29:0_30:0_31:0_32:0_33:0_34:0_35:0_36:0_37:0_38:0_39:0_40:0_41:0_42:0_43:0_44:0_45:0_46:0_47:0_48:0_49:0_50:0_51:0_52:0_53:0_54:0_55:0_56:0_57:0_58:0_59:0_60:0_61:0_62:0_63:0_64:0_65:0_66:0_67:0_68:0_69:0_70:0_71:0_72:0_73:0_74:0_75:0_76:0_77:0_78:0_79:0_80:0_81:0_82:0_83:0_84:0_85:0_86:0_87:0_88:0_89:0_90:0_91:0_92:0_93:0_94:0_95:0_96:0_97:0_98:0_99:0_100:0_101:0_102:0_103:0_104:0_105:0_106:0_107:0_108:0_109:0_110:0_111:0_112:0_113:0_114:0_115:0_116:0_117:0_118:0_119:0_120:0_121:0_122:0_123:0_124:0_125:0_126:0_127:0_128:0_129:0_130:0_131:0_132:0_133:0_134:0_135:0_136:0_137:0_138:0_139:0_140:0_141:0_142:0_143:0_144:0_145:0_146:0_147:0_148:0_149:0_150:0_151:0_152:0_153:0_154:0_155:0_156:0_157:0_158:0_159:0_160:0,0:1,0,0,0,0
670020,,"42761010,42663010",1:0_2:0_3:0_4:0_5:0_6:0_7:0_8:0_9:0_10:0_11:0_12:0_13:0_14:0_15:0_16:0_17:0_18:0_19:0_20:0_21:0_22:0_23:0_24:0_25:0_26:0_27:0_28:0_29:0_30:0_31:0_32:0_33:0_34:0_35:0_36:0_37:0_38:0_39:0_40:0_41:0_42:0_43:0_44:0_45:0_46:0_47:0_48:0_49:0_50:0_51:0_52:0_53:0_54:0_55:0_56:0_57:0_58:0_59:0_60:0_61:0_62:0_63:0_64:0_65:0_66:0_67:0_68:0_69:0_70:0_71:0_72:0_73:0_74:0_75:0_76:0_77:0_78:0_79:0_80:0_81:0_82:0_83:0_84:0_85:0_86:0_87:0_88:0_89:0_90:0_91:0_92:0_93:0_94:0_95:0_96:0_97:0_98:0_99:0_100:0_101:0_102:0_103:0_104:0_105:0_106:0_107:0_108:0_109:0_110:0_111:0_112:0_113:0_114:0_115:0_116:0_117:0_118:0_119:0_120:0_121:0_122:0_123:0_124:0_125:0_126:0_127:0_128:0_129:0_130:0_131:0_132:0_133:0_134:0_135:0_136:0_137:0_138:0_139:0_140:0_141:0_142:0_143:0_144:0_145:0_146:0_147:0_148:0_149:0_150:0_151:0_152:0_153:0_154:0_155:0_156:0_157:0_158:0_159:0_160:0,0:1,0,0,1:0_2:0_3:0_4:0_5:0_6:0_7:0_8:0_9:0_10:0_11:0_12:0_13:0_14:0_15:0_16:0_17:0_18:0_19:0_20:0_21:0_22:0_23:0_24:0_25:0_26:0_27:0_28:0_29:0_30:0_31:0_32:0_33:0_34:0_35:0_36:0_37:0_38:0_39:0_40:0_41:0_42:0_43:0_44:0_45:0_46:0_47:0_48:0_49:0_50:0_51:0_52:0_53:0_54:0_55:0_56:0_57:0_58:0_59:0_60:0_61:0_62:0_63:0_64:0_65:0_66:0_67:0_68:0_69:0_70:0_71:0_72:0_73:0_74:0_75:0_76:0_77:0_78:0_79:0_80:0_81:0_82:0_83:0_84:0_85:0_86:0_87:0_88:0_89:0_90:0_91:0_92:0_93:0_94:0_95:0_96:0_97:0_98:0_99:0_100:0_101:0_102:0_103:0_104:0_105:0_106:0_107:0_108:0_109:0_110:0_111:0_112:0_113:0_114:0_115:0_116:0_117:0_118:0_119:0_120:0_121:0_122:0_123:0_124:0_125:0_126:0_127:0_128:0_129:0_130:0_131:0_132:0_133:0_134:0_135:0_136:0_137:0_138:0_139:0_140:0_141:0_142:0_143:0_144:0_145:0_146:0_147:0_148:0_149:0_150:0_151:0_152:0_153:0_154:0_155:0_156:0_157:0_158:0_159:0_160:0,0:1,0,0,0,0
670010,,"42761010,42663010",1:0_2:0_3:0_4:0_5:0_6:0_7:0_8:0_9:0_10:0_11:0_12:0_13:0_14:0_15:0_16:0_17:0_18:0_19:0_20:0_21:0_22:0_23:0_24:0_25:0_26:0_27:0_28:0_29:0_30:0_31:0_32:0_33:0_34:0_35:0_36:0_37:0_38:0_39:0_40:0_41:0_42:0_43:0_44:0_45:0_46:0_47:0_48:0_49:0_50:0_51:0_52:0_53:0_54:0_55:0_56:0_57:0_58:0_59:0_60:0_61:0_62:0_63:0_64:0_65:0_66:0_67:0_68:0_69:0_70:0_71:0_72:0_73:0_74:0_75:0_76:0_77:0_78:0_79:0_80:0_81:0_82:0_83:0_84:0_85:0_86:0_87:0_88:0_89:0_90:0_91:0_92:0_93:0_94:0_95:0_96:0_97:0_98:0_99:0_100:0_101:0_102:0_103:0_104:0_105:0_106:0_107:0_108:0_109:0_110:0_111:0_112:0_113:0_114:0_115:0_116:0_117:0_118:0_119:0_120:0_121:0_122:0_123:0_124:0_125:0_126:0_127:0_128:0_129:0_130:0_131:0_132:0_133:0_134:0_135:0_136:0_137:0_138:0_139:0_140:0_141:0_142:0_143:0_144:0_145:0_146:0_147:0_148:0_149:0_150:0_151:0_152:0_153:0_154:0_155:0_156:0_157:0_158:0_159:0_160:0,0:1,0,0,1:0_2:0_3:0_4:0_5:0_6:0_7:0_8:0_9:0_10:0_11:0_12:0_13:0_14:0_15:0_16:0_17:0_18:0_19:0_20:0_21:0_22:0_23:0_24:0_25:0_26:0_27:0_28:0_29:0_30:0_31:0_32:0_33:0_34:0_35:0_36:0_37:0_38:0_39:0_40:0_41:0_42:0_43:0_44:0_45:0_46:0_47:0_48:0_49:0_50:0_51:0_52:0_53:0_54:0_55:0_56:0_57:0_58:0_59:0_60:0_61:0_62:0_63:0_64:0_65:0_66:0_67:0_68:0_69:0_70:0_71:0_72:0_73:0_74:0_75:0_76:0_77:0_78:0_79:0_80:0_81:0_82:0_83:0_84:0_85:0_86:0_87:0_88:0_89:0_90:0_91:0_92:0_93:0_94:0_95:0_96:0_97:0_98:0_99:0_100:0_101:0_102:0_103:0_104:0_105:0_106:0_107:0_108:0_109:0_110:0_111:0_112:0_113:0_114:0_115:0_116:0_117:0_118:0_119:0_120:0_121:0_122:0_123:0_124:0_125:0_126:0_127:0_128:0_129:0_130:0_131:0_132:0_133:0_134:0_135:0_136:0_137:0_138:0_139:0_140:0_141:0_142:0_143:0_144:0_145:0_146:0_147:0_148:0_149:0_150:0_151:0_152:0_153:0_154:0_155:0_156:0_157:0_158:0_159:0_160:0,0:1,0,0,0,0
680020,,"42761010,42663010",1:0_2:0_3:0_4:0_5:0_6:0_7:0_8:0_9:0_10:0_11:0_12:0_13:0_14:0_15:0_16:0_17:0_18:0_19:0_20:0_21:0_22:0_23:0_24:0_25:0_26:0_27:0_28:0_29:0_30:0_31:0_32:0_33:0_34:0_35:0_36:0_37:0_38:0_39:0_40:0_41:0_42:0_43:0_44:0_45:0_46:0_47:0_48:0_49:0_50:0_51:0_52:0_53:0_54:0_55:0_56:0_57:0_58:0_59:0_60:0_61:0_62:0_63:0_64:0_65:0_66:0_67:0_68:0_69:0_70:0_71:0_72:0_73:0_74:0_75:0_76:0_77:0_78:0_79:0_80:0_81:0_82:0_83:0_84:0_85:0_86:0_87:0_88:0_89:0_90:0_91:0_92:0_93:0_94:0_95:0_96:0_97:0_98:0_99:0_100:0_101:0_102:0_103:0_104:0_105:0_106:0_107:0_108:0_109:0_110:0_111:0_112:0_113:0_114:0_115:0_116:0_117:0_118:0_119:0_120:0_121:0_122:0_123:0_124:0_125:0_126:0_127:0_128:0_129:0_130:0_131:0_132:0_133:0_134:0_135:0_136:0_137:0_138:0_139:0_140:0_141:0_142:0_143:0_144:0_145:0_146:0_147:0_148:0_149:0_150:0_151:0_152:0_153:0_154:0_155:0_156:0_157:0_158:0_159:0_160:0,0:1,0,0,1:0_2:0_3:0_4:0_5:0_6:0_7:0_8:0_9:0_10:0_11:0_12:0_13:0_14:0_15:0_16:0_17:0_18:0_19:0_20:0_21:0_22:0_23:0_24:0_25:0_26:0_27:0_28:0_29:0_30:0_31:0_32:0_33:0_34:0_35:0_36:0_37:0_38:0_39:0_40:0_41:0_42:0_43:0_44:0_45:0_46:0_47:0_48:0_49:0_50:0_51:0_52:0_53:0_54:0_55:0_56:0_57:0_58:0_59:0_60:0_61:0_62:0_63:0_64:0_65:0_66:0_67:0_68:0_69:0_70:0_71:0_72:0_73:0_74:0_75:0_76:0_77:0_78:0_79:0_80:0_81:0_82:0_83:0_84:0_85:0_86:0_87:0_88:0_89:0_90:0_91:0_92:0_93:0_94:0_95:0_96:0_97:0_98:0_99:0_100:0_101:0_102:0_103:0_104:0_105:0_106:0_107:0_108:0_109:0_110:0_111:0_112:0_113:0_114:0_115:0_116:0_117:0_118:0_119:0_120:0_121:0_122:0_123:0_124:0_125:0_126:0_127:0_128:0_129:0_130:0_131:0_132:0_133:0_134:0_135:0_136:0_137:0_138:0_139:0_140:0_141:0_142:0_143:0_144:0_145:0_146:0_147:0_148:0_149:0_150:0_151:0_152:0_153:0_154:0_155:0_156:0_157:0_158:0_159:0_160:0,0:1,0,0,0,0
680010,,"42761010,42663010",1:0_2:0_3:0_4:0_5:0_6:0_7:0_8:0_9:0_10:0_11:0_12:0_13:0_14:0_15:0_16:0_17:0_18:0_19:0_20:0_21:0_22:0_23:0_24:0_25:0_26:0_27:0_28:0_29:0_30:0_31:0_32:0_33:0_34:0_35:0_36:0_37:0_38:0_39:0_40:0_41:0_42:0_43:0_44:0_45:0_46:0_47:0_48:0_49:0_50:0_51:0_52:0_53:0_54:0_55:0_56:0_57:0_58:0_59:0_60:0_61:0_62:0_63:0_64:0_65:0_66:0_67:0_68:0_69:0_70:0_71:0_72:0_73:0_74:0_75:0_76:0_77:0_78:0_79:0_80:0_81:0_82:0_83:0_84:0_85:0_86:0_87:0_88:0_89:0_90:0_91:0_92:0_93:0_94:0_95:0_96:0_97:0_98:0_99:0_100:0_101:0_102:0_103:0_104:0_105:0_106:0_107:0_108:0_109:0_110:0_111:0_112:0_113:0_114:0_115:0_116:0_117:0_118:0_119:0_120:0_121:0_122:0_123:0_124:0_125:0_126:0_127:0_128:0_129:0_130:0_131:0_132:0_133:0_134:0_135:0_136:0_137:0_138:0_139:0_140:0_141:0_142:0_143:0_144:0_145:0_146:0_147:0_148:0_149:0_150:0_151:0_152:0_153:0_154:0_155:0_156:0_157:0_158:0_159:0_160:0,0:1,0,0,1:0_2:0_3:0_4:0_5:0_6:0_7:0_8:0_9:0_10:0_11:0_12:0_13:0_14:0_15:0_16:0_17:0_18:0_19:0_20:0_21:0_22:0_23:0_24:0_25:0_26:0_27:0_28:0_29:0_30:0_31:0_32:0_33:0_34:0_35:0_36:0_37:0_38:0_39:0_40:0_41:0_42:0_43:0_44:0_45:0_46:0_47:0_48:0_49:0_50:0_51:0_52:0_53:0_54:0_55:0_56:0_57:0_58:0_59:0_60:0_61:0_62:0_63:0_64:0_65:0_66:0_67:0_68:0_69:0_70:0_71:0_72:0_73:0_74:0_75:0_76:0_77:0_78:0_79:0_80:0_81:0_82:0_83:0_84:0_85:0_86:0_87:0_88:0_89:0_90:0_91:0_92:0_93:0_94:0_95:0_96:0_97:0_98:0_99:0_100:0_101:0_102:0_103:0_104:0_105:0_106:0_107:0_108:0_109:0_110:0_111:0_112:0_113:0_114:0_115:0_116:0_117:0_118:0_119:0_120:0_121:0_122:0_123:0_124:0_125:0_126:0_127:0_128:0_129:0_130:0_131:0_132:0_133:0_134:0_135:0_136:0_137:0_138:0_139:0_140:0_141:0_142:0_143:0_144:0_145:0_146:0_147:0_148:0_149:0_150:0_151:0_152:0_153:0_154:0_155:0_156:0_157:0_158:0_159:0_160:0,0:1,0,0,0,0
690020,,"42761010,42663010",1:0_2:0_3:0_4:0_5:0_6:0_7:0_8:0_9:0_10:0_11:0_12:0_13:0_14:0_15:0_16:0_17:0_18:0_19:0_20:0_21:0_22:0_23:0_24:0_25:0_26:0_27:0_28:0_29:0_30:0_31:0_32:0_33:0_34:0_35:0_36:0_37:0_38:0_39:0_40:0_41:0_42:0_43:0_44:0_45:0_46:0_47:0_48:0_49:0_50:0_51:0_52:0_53:0_54:0_55:0_56:0_57:0_58:0_59:0_60:0_61:0_62:0_63:0_64:0_65:0_66:0_67:0_68:0_69:0_70:0_71:0_72:0_73:0_74:0_75:0_76:0_77:0_78:0_79:0_80:0_81:0_82:0_83:0_84:0_85:0_86:0_87:0_88:0_89:0_90:0_91:0_92:0_93:0_94:0_95:0_96:0_97:0_98:0_99:0_100:0_101:0_102:0_103:0_104:0_105:0_106:0_107:0_108:0_109:0_110:0_111:0_112:0_113:0_114:0_115:0_116:0_117:0_118:0_119:0_120:0_121:0_122:0_123:0_124:0_125:0_126:0_127:0_128:0_129:0_130:0_131:0_132:0_133:0_134:0_135:0_136:0_137:0_138:0_139:0_140:0_141:0_142:0_143:0_144:0_145:0_146:0_147:0_148:0_149:0_150:0_151:0_152:0_153:0_154:0_155:0_156:0_157:0_158:0_159:0_160:0,0:1,0,0,1:0_2:0_3:0_4:0_5:0_6:0_7:0_8:0_9:0_10:0_11:0_12:0_13:0_14:0_15:0_16:0_17:0_18:0_19:0_20:0_21:0_22:0_23:0_24:0_25:0_26:0_27:0_28:0_29:0_30:0_31:0_32:0_33:0_34:0_35:0_36:0_37:0_38:0_39:0_40:0_41:0_42:0_43:0_44:0_45:0_46:0_47:0_48:0_49:0_50:0_51:0_52:0_53:0_54:0_55:0_56:0_57:0_58:0_59:0_60:0_61:0_62:0_63:0_64:0_65:0_66:0_67:0_68:0_69:0_70:0_71:0_72:0_73:0_74:0_75:0_76:0_77:0_78:0_79:0_80:0_81:0_82:0_83:0_84:0_85:0_86:0_87:0_88:0_89:0_90:0_91:0_92:0_93:0_94:0_95:0_96:0_97:0_98:0_99:0_100:0_101:0_102:0_103:0_104:0_105:0_106:0_107:0_108:0_109:0_110:0_111:0_112:0_113:0_114:0_115:0_116:0_117:0_118:0_119:0_120:0_121:0_122:0_123:0_124:0_125:0_126:0_127:0_128:0_129:0_130:0_131:0_132:0_133:0_134:0_135:0_136:0_137:0_138:0_139:0_140:0_141:0_142:0_143:0_144:0_145:0_146:0_147:0_148:0_149:0_150:0_151:0_152:0_153:0_154:0_155:0_156:0_157:0_158:0_159:0_160:0,0:1,0,0,0,0
690010,,"42761010,42663010",1:0_2:0_3:0_4:0_5:0_6:0_7:0_8:0_9:0_10:0_11:0_12:0_13:0_14:0_15:0_16:0_17:0_18:0_19:0_20:0_21:0_22:0_23:0_24:0_25:0_26:0_27:0_28:0_29:0_30:0_31:0_32:0_33:0_34:0_35:0_36:0_37:0_38:0_39:0_40:0_41:0_42:0_43:0_44:0_45:0_46:0_47:0_48:0_49:0_50:0_51:0_52:0_53:0_54:0_55:0_56:0_57:0_58:0_59:0_60:0_61:0_62:0_63:0_64:0_65:0_66:0_67:0_68:0_69:0_70:0_71:0_72:0_73:0_74:0_75:0_76:0_77:0_78:0_79:0_80:0_81:0_82:0_83:0_84:0_85:0_86:0_87:0_88:0_89:0_90:0_91:0_92:0_93:0_94:0_95:0_96:0_97:0_98:0_99:0_100:0_101:0_102:0_103:0_104:0_105:0_106:0_107:0_108:0_109:0_110:0_111:0_112:0_113:0_114:0_115:0_116:0_117:0_118:0_119:0_120:0_121:0_122:0_123:0_124:0_125:0_126:0_127:0_128:0_129:0_130:0_131:0_132:0_133:0_134:0_135:0_136:0_137:0_138:0_139:0_140:0_141:0_142:0_143:0_144:0_145:0_146:0_147:0_148:0_149:0_150:0_151:0_152:0_153:0_154:0_155:0_156:0_157:0_158:0_159:0_160:0,0:1,0,0,1:0_2:0_3:0_4:0_5:0_6:0_7:0_8:0_9:0_10:0_11:0_12:0_13:0_14:0_15:0_16:0_17:0_18:0_19:0_20:0_21:0_22:0_23:0_24:0_25:0_26:0_27:0_28:0_29:0_30:0_31:0_32:0_33:0_34:0_35:0_36:0_37:0_38:0_39:0_40:0_41:0_42:0_43:0_44:0_45:0_46:0_47:0_48:0_49:0_50:0_51:0_52:0_53:0_54:0_55:0_56:0_57:0_58:0_59:0_60:0_61:0_62:0_63:0_64:0_65:0_66:0_67:0_68:0_69:0_70:0_71:0_72:0_73:0_74:0_75:0_76:0_77:0_78:0_79:0_80:0_81:0_82:0_83:0_84:0_85:0_86:0_87:0_88:0_89:0_90:0_91:0_92:0_93:0_94:0_95:0_96:0_97:0_98:0_99:0_100:0_101:0_102:0_103:0_104:0_105:0_106:0_107:0_108:0_109:0_110:0_111:0_112:0_113:0_114:0_115:0_116:0_117:0_118:0_119:0_120:0_121:0_122:0_123:0_124:0_125:0_126:0_127:0_128:0_129:0_130:0_131:0_132:0_133:0_134:0_135:0_136:0_137:0_138:0_139:0_140:0_141:0_142:0_143:0_144:0_145:0_146:0_147:0_148:0_149:0_150:0_151:0_152:0_153:0_154:0_155:0_156:0_157:0_158:0_159:0_160:0,0:1,0,0,0,0
700020,,"42761010,42663010",1:0_2:0_3:0_4:0_5:0_6:0_7:0_8:0_9:0_10:0_11:0_12:0_13:0_14:0_15:0_16:0_17:0_18:0_19:0_20:0_21:0_22:0_23:0_24:0_25:0_26:0_27:0_28:0_29:0_30:0_31:0_32:0_33:0_34:0_35:0_36:0_37:0_38:0_39:0_40:0_41:0_42:0_43:0_44:0_45:0_46:0_47:0_48:0_49:0_50:0_51:0_52:0_53:0_54:0_55:0_56:0_57:0_58:0_59:0_60:0_61:0_62:0_63:0_64:0_65:0_66:0_67:0_68:0_69:0_70:0_71:0_72:0_73:0_74:0_75:0_76:0_77:0_78:0_79:0_80:0_81:0_82:0_83:0_84:0_85:0_86:0_87:0_88:0_89:0_90:0_91:0_92:0_93:0_94:0_95:0_96:0_97:0_98:0_99:0_100:0_101:0_102:0_103:0_104:0_105:0_106:0_107:0_108:0_109:0_110:0_111:0_112:0_113:0_114:0_115:0_116:0_117:0_118:0_119:0_120:0_121:0_122:0_123:0_124:0_125:0_126:0_127:0_128:0_129:0_130:0_131:0_132:0_133:0_134:0_135:0_136:0_137:0_138:0_139:0_140:0_141:0_142:0_143:0_144:0_145:0_146:0_147:0_148:0_149:0_150:0_151:0_152:0_153:0_154:0_155:0_156:0_157:0_158:0_159:0_160:0,0:1,0,0,1:0_2:0_3:0_4:0_5:0_6:0_7:0_8:0_9:0_10:0_11:0_12:0_13:0_14:0_15:0_16:0_17:0_18:0_19:0_20:0_21:0_22:0_23:0_24:0_25:0_26:0_27:0_28:0_29:0_30:0_31:0_32:0_33:0_34:0_35:0_36:0_37:0_38:0_39:0_40:0_41:0_42:0_43:0_44:0_45:0_46:0_47:0_48:0_49:0_50:0_51:0_52:0_53:0_54:0_55:0_56:0_57:0_58:0_59:0_60:0_61:0_62:0_63:0_64:0_65:0_66:0_67:0_68:0_69:0_70:0_71:0_72:0_73:0_74:0_75:0_76:0_77:0_78:0_79:0_80:0_81:0_82:0_83:0_84:0_85:0_86:0_87:0_88:0_89:0_90:0_91:0_92:0_93:0_94:0_95:0_96:0_97:0_98:0_99:0_100:0_101:0_102:0_103:0_104:0_105:0_106:0_107:0_108:0_109:0_110:0_111:0_112:0_113:0_114:0_115:0_116:0_117:0_118:0_119:0_120:0_121:0_122:0_123:0_124:0_125:0_126:0_127:0_128:0_129:0_130:0_131:0_132:0_133:0_134:0_135:0_136:0_137:0_138:0_139:0_140:0_141:0_142:0_143:0_144:0_145:0_146:0_147:0_148:0_149:0_150:0_151:0_152:0_153:0_154:0_155:0_156:0_157:0_158:0_159:0_160:0,0:1,0,0,0,0
700010,,"42761010,42663010",1:0_2:0_3:0_4:0_5:0_6:0_7:0_8:0_9:0_10:0_11:0_12:0_13:0_14:0_15:0_16:0_17:0_18:0_19:0_20:0_21:0_22:0_23:0_24:0_25:0_26:0_27:0_28:0_29:0_30:0_31:0_32:0_33:0_34:0_35:0_36:0_37:0_38:0_39:0_40:0_41:0_42:0_43:0_44:0_45:0_46:0_47:0_48:0_49:0_50:0_51:0_52:0_53:0_54:0_55:0_56:0_57:0_58:0_59:0_60:0_61:0_62:0_63:0_64:0_65:0_66:0_67:0_68:0_69:0_70:0_71:0_72:0_73:0_74:0_75:0_76:0_77:0_78:0_79:0_80:0_81:0_82:0_83:0_84:0_85:0_86:0_87:0_88:0_89:0_90:0_91:0_92:0_93:0_94:0_95:0_96:0_97:0_98:0_99:0_100:0_101:0_102:0_103:0_104:0_105:0_106:0_107:0_108:0_109:0_110:0_111:0_112:0_113:0_114:0_115:0_116:0_117:0_118:0_119:0_120:0_121:0_122:0_123:0_124:0_125:0_126:0_127:0_128:0_129:0_130:0_131:0_132:0_133:0_134:0_135:0_136:0_137:0_138:0_139:0_140:0_141:0_142:0_143:0_144:0_145:0_146:0_147:0_148:0_149:0_150:0_151:0_152:0_153:0_154:0_155:0_156:0_157:0_158:0_159:0_160:0,0:1,0,0,1:0_2:0_3:0_4:0_5:0_6:0_7:0_8:0_9:0_10:0_11:0_12:0_13:0_14:0_15:0_16:0_17:0_18:0_19:0_20:0_21:0_22:0_23:0_24:0_25:0_26:0_27:0_28:0_29:0_30:0_31:0_32:0_33:0_34:0_35:0_36:0_37:0_38:0_39:0_40:0_41:0_42:0_43:0_44:0_45:0_46:0_47:0_48:0_49:0_50:0_51:0_52:0_53:0_54:0_55:0_56:0_57:0_58:0_59:0_60:0_61:0_62:0_63:0_64:0_65:0_66:0_67:0_68:0_69:0_70:0_71:0_72:0_73:0_74:0_75:0_76:0_77:0_78:0_79:0_80:0_81:0_82:0_83:0_84:0_85:0_86:0_87:0_88:0_89:0_90:0_91:0_92:0_93:0_94:0_95:0_96:0_97:0_98:0_99:0_100:0_101:0_102:0_103:0_104:0_105:0_106:0_107:0_108:0_109:0_110:0_111:0_112:0_113:0_114:0_115:0_116:0_117:0_118:0_119:0_120:0_121:0_122:0_123:0_124:0_125:0_126:0_127:0_128:0_129:0_130:0_131:0_132:0_133:0_134:0_135:0_136:0_137:0_138:0_139:0_140:0_141:0_142:0_143:0_144:0_145:0_146:0_147:0_148:0_149:0_150:0_151:0_152:0_153:0_154:0_155:0_156:0_157:0_158:0_159:0_160:0,0:1,0,0,0,0
710020,,"42761010,42663010",1:0_2:0_3:0_4:0_5:0_6:0_7:0_8:0_9:0_10:0_11:0_12:0_13:0_14:0_15:0_16:0_17:0_18:0_19:0_20:0_21:0_22:0_23:0_24:0_25:0_26:0_27:0_28:0_29:0_30:0_31:0_32:0_33:0_34:0_35:0_36:0_37:0_38:0_39:0_40:0_41:0_42:0_43:0_44:0_45:0_46:0_47:0_48:0_49:0_50:0_51:0_52:0_53:0_54:0_55:0_56:0_57:0_58:0_59:0_60:0_61:0_62:0_63:0_64:0_65:0_66:0_67:0_68:0_69:0_70:0_71:0_72:0_73:0_74:0_75:0_76:0_77:0_78:0_79:0_80:0_81:0_82:0_83:0_84:0_85:0_86:0_87:0_88:0_89:0_90:0_91:0_92:0_93:0_94:0_95:0_96:0_97:0_98:0_99:0_100:0_101:0_102:0_103:0_104:0_105:0_106:0_107:0_108:0_109:0_110:0_111:0_112:0_113:0_114:0_115:0_116:0_117:0_118:0_119:0_120:0_121:0_122:0_123:0_124:0_125:0_126:0_127:0_128:0_129:0_130:0_131:0_132:0_133:0_134:0_135:0_136:0_137:0_138:0_139:0_140:0_141:0_142:0_143:0_144:0_145:0_146:0_147:0_148:0_149:0_150:0_151:0_152:0_153:0_154:0_155:0_156:0_157:0_158:0_159:0_160:0,0:1,0,0,1:0_2:0_3:0_4:0_5:0_6:0_7:0_8:0_9:0_10:0_11:0_12:0_13:0_14:0_15:0_16:0_17:0_18:0_19:0_20:0_21:0_22:0_23:0_24:0_25:0_26:0_27:0_28:0_29:0_30:0_31:0_32:0_33:0_34:0_35:0_36:0_37:0_38:0_39:0_40:0_41:0_42:0_43:0_44:0_45:0_46:0_47:0_48:0_49:0_50:0_51:0_52:0_53:0_54:0_55:0_56:0_57:0_58:0_59:0_60:0_61:0_62:0_63:0_64:0_65:0_66:0_67:0_68:0_69:0_70:0_71:0_72:0_73:0_74:0_75:0_76:0_77:0_78:0_79:0_80:0_81:0_82:0_83:0_84:0_85:0_86:0_87:0_88:0_89:0_90:0_91:0_92:0_93:0_94:0_95:0_96:0_97:0_98:0_99:0_100:0_101:0_102:0_103:0_104:0_105:0_106:0_107:0_108:0_109:0_110:0_111:0_112:0_113:0_114:0_115:0_116:0_117:0_118:0_119:0_120:0_121:0_122:0_123:0_124:0_125:0_126:0_127:0_128:0_129:0_130:0_131:0_132:0_133:0_134:0_135:0_136:0_137:0_138:0_139:0_140:0_141:0_142:0_143:0_144:0_145:0_146:0_147:0_148:0_149:0_150:0_151:0_152:0_153:0_154:0_155:0_156:0_157:0_158:0_159:0_160:0,0:1,0,0,0,0
710010,,"42761010,42663010",1:0_2:0_3:0_4:0_5:0_6:0_7:0_8:0_9:0_10:0_11:0_12:0_13:0_14:0_15:0_16:0_17:0_18:0_19:0_20:0_21:0_22:0_23:0_24:0_25:0_26:0_27:0_28:0_29:0_30:0_31:0_32:0_33:0_34:0_35:0_36:0_37:0_38:0_39:0_40:0_41:0_42:0_43:0_44:0_45:0_46:0_47:0_48:0_49:0_50:0_51:0_52:0_53:0_54:0_55:0_56:0_57:0_58:0_59:0_60:0_61:0_62:0_63:0_64:0_65:0_66:0_67:0_68:0_69:0_70:0_71:0_72:0_73:0_74:0_75:0_76:0_77:0_78:0_79:0_80:0_81:0_82:0_83:0_84:0_85:0_86:0_87:0_88:0_89:0_90:0_91:0_92:0_93:0_94:0_95:0_96:0_97:0_98:0_99:0_100:0_101:0_102:0_103:0_104:0_105:0_106:0_107:0_108:0_109:0_110:0_111:0_112:0_113:0_114:0_115:0_116:0_117:0_118:0_119:0_120:0_121:0_122:0_123:0_124:0_125:0_126:0_127:0_128:0_129:0_130:0_131:0_132:0_133:0_134:0_135:0_136:0_137:0_138:0_139:0_140:0_141:0_142:0_143:0_144:0_145:0_146:0_147:0_148:0_149:0_150:0_151:0_152:0_153:0_154:0_155:0_156:0_157:0_158:0_159:0_160:0,0:1,0,0,1:0_2:0_3:0_4:0_5:0_6:0_7:0_8:0_9:0_10:0_11:0_12:0_13:0_14:0_15:0_16:0_17:0_18:0_19:0_20:0_21:0_22:0_23:0_24:0_25:0_26:0_27:0_28:0_29:0_30:0_31:0_32:0_33:0_34:0_35:0_36:0_37:0_38:0_39:0_40:0_41:0_42:0_43:0_44:0_45:0_46:0_47:0_48:0_49:0_50:0_51:0_52:0_53:0_54:0_55:0_56:0_57:0_58:0_59:0_60:0_61:0_62:0_63:0_64:0_65:0_66:0_67:0_68:0_69:0_70:0_71:0_72:0_73:0_74:0_75:0_76:0_77:0_78:0_79:0_80:0_81:0_82:0_83:0_84:0_85:0_86:0_87:0_88:0_89:0_90:0_91:0_92:0_93:0_94:0_95:0_96:0_97:0_98:0_99:0_100:0_101:0_102:0_103:0_104:0_105:0_106:0_107:0_108:0_109:0_110:0_111:0_112:0_113:0_114:0_115:0_116:0_117:0_118:0_119:0_120:0_121:0_122:0_123:0_124:0_125:0_126:0_127:0_128:0_129:0_130:0_131:0_132:0_133:0_134:0_135:0_136:0_137:0_138:0_139:0_140:0_141:0_142:0_143:0_144:0_145:0_146:0_147:0_148:0_149:0_150:0_151:0_152:0_153:0_154:0_155:0_156:0_157:0_158:0_159:0_160:0,0:1,0,0,0,0
720020,,"42761010,42663010",1:0_2:0_3:0_4:0_5:0_6:0_7:0_8:0_9:0_10:0_11:0_12:0_13:0_14:0_15:0_16:0_17:0_18:0_19:0_20:0_21:0_22:0_23:0_24:0_25:0_26:0_27:0_28:0_29:0_30:0_31:0_32:0_33:0_34:0_35:0_36:0_37:0_38:0_39:0_40:0_41:0_42:0_43:0_44:0_45:0_46:0_47:0_48:0_49:0_50:0_51:0_52:0_53:0_54:0_55:0_56:0_57:0_58:0_59:0_60:0_61:0_62:0_63:0_64:0_65:0_66:0_67:0_68:0_69:0_70:0_71:0_72:0_73:0_74:0_75:0_76:0_77:0_78:0_79:0_80:0_81:0_82:0_83:0_84:0_85:0_86:0_87:0_88:0_89:0_90:0_91:0_92:0_93:0_94:0_95:0_96:0_97:0_98:0_99:0_100:0_101:0_102:0_103:0_104:0_105:0_106:0_107:0_108:0_109:0_110:0_111:0_112:0_113:0_114:0_115:0_116:0_117:0_118:0_119:0_120:0_121:0_122:0_123:0_124:0_125:0_126:0_127:0_128:0_129:0_130:0_131:0_132:0_133:0_134:0_135:0_136:0_137:0_138:0_139:0_140:0_141:0_142:0_143:0_144:0_145:0_146:0_147:0_148:0_149:0_150:0_151:0_152:0_153:0_154:0_155:0_156:0_157:0_158:0_159:0_160:0,0:1,0,0,1:0_2:0_3:0_4:0_5:0_6:0_7:0_8:0_9:0_10:0_11:0_12:0_13:0_14:0_15:0_16:0_17:0_18:0_19:0_20:0_21:0_22:0_23:0_24:0_25:0_26:0_27:0_28:0_29:0_30:0_31:0_32:0_33:0_34:0_35:0_36:0_37:0_38:0_39:0_40:0_41:0_42:0_43:0_44:0_45:0_46:0_47:0_48:0_49:0_50:0_51:0_52:0_53:0_54:0_55:0_56:0_57:0_58:0_59:0_60:0_61:0_62:0_63:0_64:0_65:0_66:0_67:0_68:0_69:0_70:0_71:0_72:0_73:0_74:0_75:0_76:0_77:0_78:0_79:0_80:0_81:0_82:0_83:0_84:0_85:0_86:0_87:0_88:0_89:0_90:0_91:0_92:0_93:0_94:0_95:0_96:0_97:0_98:0_99:0_100:0_101:0_102:0_103:0_104:0_105:0_106:0_107:0_108:0_109:0_110:0_111:0_112:0_113:0_114:0_115:0_116:0_117:0_118:0_119:0_120:0_121:0_122:0_123:0_124:0_125:0_126:0_127:0_128:0_129:0_130:0_131:0_132:0_133:0_134:0_135:0_136:0_137:0_138:0_139:0_140:0_141:0_142:0_143:0_144:0_145:0_146:0_147:0_148:0_149:0_150:0_151:0_152:0_153:0_154:0_155:0_156:0_157:0_158:0_159:0_160:0,0:1,0,0,0,0
720010,,"42761010,42663010",1:0_2:0_3:0_4:0_5:0_6:0_7:0_8:0_9:0_10:0_11:0_12:0_13:0_14:0_15:0_16:0_17:0_18:0_19:0_20:0_21:0_22:0_23:0_24:0_25:0_26:0_27:0_28:0_29:0_30:0_31:0_32:0_33:0_34:0_35:0_36:0_37:0_38:0_39:0_40:0_41:0_42:0_43:0_44:0_45:0_46:0_47:0_48:0_49:0_50:0_51:0_52:0_53:0_54:0_55:0_56:0_57:0_58:0_59:0_60:0_61:0_62:0_63:0_64:0_65:0_66:0_67:0_68:0_69:0_70:0_71:0_72:0_73:0_74:0_75:0_76:0_77:0_78:0_79:0_80:0_81:0_82:0_83:0_84:0_85:0_86:0_87:0_88:0_89:0_90:0_91:0_92:0_93:0_94:0_95:0_96:0_97:0_98:0_99:0_100:0_101:0_102:0_103:0_104:0_105:0_106:0_107:0_108:0_109:0_110:0_111:0_112:0_113:0_114:0_115:0_116:0_117:0_118:0_119:0_120:0_121:0_122:0_123:0_124:0_125:0_126:0_127:0_128:0_129:0_130:0_131:0_132:0_133:0_134:0_135:0_136:0_137:0_138:0_139:0_140:0_141:0_142:0_143:0_144:0_145:0_146:0_147:0_148:0_149:0_150:0_151:0_152:0_153:0_154:0_155:0_156:0_157:0_158:0_159:0_160:0,0:1,0,0,1:0_2:0_3:0_4:0_5:0_6:0_7:0_8:0_9:0_10:0_11:0_12:0_13:0_14:0_15:0_16:0_17:0_18:0_19:0_20:0_21:0_22:0_23:0_24:0_25:0_26:0_27:0_28:0_29:0_30:0_31:0_32:0_33:0_34:0_35:0_36:0_37:0_38:0_39:0_40:0_41:0_42:0_43:0_44:0_45:0_46:0_47:0_48:0_49:0_50:0_51:0_52:0_53:0_54:0_55:0_56:0_57:0_58:0_59:0_60:0_61:0_62:0_63:0_64:0_65:0_66:0_67:0_68:0_69:0_70:0_71:0_72:0_73:0_74:0_75:0_76:0_77:0_78:0_79:0_80:0_81:0_82:0_83:0_84:0_85:0_86:0_87:0_88:0_89:0_90:0_91:0_92:0_93:0_94:0_95:0_96:0_97:0_98:0_99:0_100:0_101:0_102:0_103:0_104:0_105:0_106:0_107:0_108:0_109:0_110:0_111:0_112:0_113:0_114:0_115:0_116:0_117:0_118:0_119:0_120:0_121:0_122:0_123:0_124:0_125:0_126:0_127:0_128:0_129:0_130:0_131:0_132:0_133:0_134:0_135:0_136:0_137:0_138:0_139:0_140:0_141:0_142:0_143:0_144:0_145:0_146:0_147:0_148:0_149:0_150:0_151:0_152:0_153:0_154:0_155:0_156:0_157:0_158:0_159:0_160:0,0:1,0,0,0,0
730020,,"42761010,42663010",1:0_2:0_3:0_4:0_5:0_6:0_7:0_8:0_9:0_10:0_11:0_12:0_13:0_14:0_15:0_16:0_17:0_18:0_19:0_20:0_21:0_22:0_23:0_24:0_25:0_26:0_27:0_28:0_29:0_30:0_31:0_32:0_33:0_34:0_35:0_36:0_37:0_38:0_39:0_40:0_41:0_42:0_43:0_44:0_45:0_46:0_47:0_48:0_49:0_50:0_51:0_52:0_53:0_54:0_55:0_56:0_57:0_58:0_59:0_60:0_61:0_62:0_63:0_64:0_65:0_66:0_67:0_68:0_69:0_70:0_71:0_72:0_73:0_74:0_75:0_76:0_77:0_78:0_79:0_80:0_81:0_82:0_83:0_84:0_85:0_86:0_87:0_88:0_89:0_90:0_91:0_92:0_93:0_94:0_95:0_96:0_97:0_98:0_99:0_100:0_101:0_102:0_103:0_104:0_105:0_106:0_107:0_108:0_109:0_110:0_111:0_112:0_113:0_114:0_115:0_116:0_117:0_118:0_119:0_120:0_121:0_122:0_123:0_124:0_125:0_126:0_127:0_128:0_129:0_130:0_131:0_132:0_133:0_134:0_135:0_136:0_137:0_138:0_139:0_140:0_141:0_142:0_143:0_144:0_145:0_146:0_147:0_148:0_149:0_150:0_151:0_152:0_153:0_154:0_155:0_156:0_157:0_158:0_159:0_160:0,0:1,0,0,1:0_2:0_3:0_4:0_5:0_6:0_7:0_8:0_9:0_10:0_11:0_12:0_13:0_14:0_15:0_16:0_17:0_18:0_19:0_20:0_21:0_22:0_23:0_24:0_25:0_26:0_27:0_28:0_29:0_30:0_31:0_32:0_33:0_34:0_35:0_36:0_37:0_38:0_39:0_40:0_41:0_42:0_43:0_44:0_45:0_46:0_47:0_48:0_49:0_50:0_51:0_52:0_53:0_54:0_55:0_56:0_57:0_58:0_59:0_60:0_61:0_62:0_63:0_64:0_65:0_66:0_67:0_68:0_69:0_70:0_71:0_72:0_73:0_74:0_75:0_76:0_77:0_78:0_79:0_80:0_81:0_82:0_83:0_84:0_85:0_86:0_87:0_88:0_89:0_90:0_91:0_92:0_93:0_94:0_95:0_96:0_97:0_98:0_99:0_100:0_101:0_102:0_103:0_104:0_105:0_106:0_107:0_108:0_109:0_110:0_111:0_112:0_113:0_114:0_115:0_116:0_117:0_118:0_119:0_120:0_121:0_122:0_123:0_124:0_125:0_126:0_127:0_128:0_129:0_130:0_131:0_132:0_133:0_134:0_135:0_136:0_137:0_138:0_139:0_140:0_141:0_142:0_143:0_144:0_145:0_146:0_147:0_148:0_149:0_150:0_151:0_152:0_153:0_154:0_155:0_156:0_157:0_158:0_159:0_160:0,0:1,0,0,0,0
730010,,"42761010,42663010",1:0_2:0_3:0_4:0_5:0_6:0_7:0_8:0_9:0_10:0_11:0_12:0_13:0_14:0_15:0_16:0_17:0_18:0_19:0_20:0_21:0_22:0_23:0_24:0_25:0_26:0_27:0_28:0_29:0_30:0_31:0_32:0_33:0_34:0_35:0_36:0_37:0_38:0_39:0_40:0_41:0_42:0_43:0_44:0_45:0_46:0_47:0_48:0_49:0_50:0_51:0_52:0_53:0_54:0_55:0_56:0_57:0_58:0_59:0_60:0_61:0_62:0_63:0_64:0_65:0_66:0_67:0_68:0_69:0_70:0_71:0_72:0_73:0_74:0_75:0_76:0_77:0_78:0_79:0_80:0_81:0_82:0_83:0_84:0_85:0_86:0_87:0_88:0_89:0_90:0_91:0_92:0_93:0_94:0_95:0_96:0_97:0_98:0_99:0_100:0_101:0_102:0_103:0_104:0_105:0_106:0_107:0_108:0_109:0_110:0_111:0_112:0_113:0_114:0_115:0_116:0_117:0_118:0_119:0_120:0_121:0_122:0_123:0_124:0_125:0_126:0_127:0_128:0_129:0_130:0_131:0_132:0_133:0_134:0_135:0_136:0_137:0_138:0_139:0_140:0_141:0_142:0_143:0_144:0_145:0_146:0_147:0_148:0_149:0_150:0_151:0_152:0_153:0_154:0_155:0_156:0_157:0_158:0_159:0_160:0,0:1,0,0,1:0_2:0_3:0_4:0_5:0_6:0_7:0_8:0_9:0_10:0_11:0_12:0_13:0_14:0_15:0_16:0_17:0_18:0_19:0_20:0_21:0_22:0_23:0_24:0_25:0_26:0_27:0_28:0_29:0_30:0_31:0_32:0_33:0_34:0_35:0_36:0_37:0_38:0_39:0_40:0_41:0_42:0_43:0_44:0_45:0_46:0_47:0_48:0_49:0_50:0_51:0_52:0_53:0_54:0_55:0_56:0_57:0_58:0_59:0_60:0_61:0_62:0_63:0_64:0_65:0_66:0_67:0_68:0_69:0_70:0_71:0_72:0_73:0_74:0_75:0_76:0_77:0_78:0_79:0_80:0_81:0_82:0_83:0_84:0_85:0_86:0_87:0_88:0_89:0_90:0_91:0_92:0_93:0_94:0_95:0_96:0_97:0_98:0_99:0_100:0_101:0_102:0_103:0_104:0_105:0_106:0_107:0_108:0_109:0_110:0_111:0_112:0_113:0_114:0_115:0_116:0_117:0_118:0_119:0_120:0_121:0_122:0_123:0_124:0_125:0_126:0_127:0_128:0_129:0_130:0_131:0_132:0_133:0_134:0_135:0_136:0_137:0_138:0_139:0_140:0_141:0_142:0_143:0_144:0_145:0_146:0_147:0_148:0_149:0_150:0_151:0_152:0_153:0_154:0_155:0_156:0_157:0_158:0_159:0_160:0,0:1,0,0,0,0
740020,,"42761010,42663010",1:0_2:0_3:0_4:0_5:0_6:0_7:0_8:0_9:0_10:0_11:0_12:0_13:0_14:0_15:0_16:0_17:0_18:0_19:0_20:0_21:0_22:0_23:0_24:0_25:0_26:0_27:0_28:0_29:0_30:0_31:0_32:0_33:0_34:0_35:0_36:0_37:0_38:0_39:0_40:0_41:0_42:0_43:0_44:0_45:0_46:0_47:0_48:0_49:0_50:0_51:0_52:0_53:0_54:0_55:0_56:0_57:0_58:0_59:0_60:0_61:0_62:0_63:0_64:0_65:0_66:0_67:0_68:0_69:0_70:0_71:0_72:0_73:0_74:0_75:0_76:0_77:0_78:0_79:0_80:0_81:0_82:0_83:0_84:0_85:0_86:0_87:0_88:0_89:0_90:0_91:0_92:0_93:0_94:0_95:0_96:0_97:0_98:0_99:0_100:0_101:0_102:0_103:0_104:0_105:0_106:0_107:0_108:0_109:0_110:0_111:0_112:0_113:0_114:0_115:0_116:0_117:0_118:0_119:0_120:0_121:0_122:0_123:0_124:0_125:0_126:0_127:0_128:0_129:0_130:0_131:0_132:0_133:0_134:0_135:0_136:0_137:0_138:0_139:0_140:0_141:0_142:0_143:0_144:0_145:0_146:0_147:0_148:0_149:0_150:0_151:0_152:0_153:0_154:0_155:0_156:0_157:0_158:0_159:0_160:0,0:1,0,0,1:0_2:0_3:0_4:0_5:0_6:0_7:0_8:0_9:0_10:0_11:0_12:0_13:0_14:0_15:0_16:0_17:0_18:0_19:0_20:0_21:0_22:0_23:0_24:0_25:0_26:0_27:0_28:0_29:0_30:0_31:0_32:0_33:0_34:0_35:0_36:0_37:0_38:0_39:0_40:0_41:0_42:0_43:0_44:0_45:0_46:0_47:0_48:0_49:0_50:0_51:0_52:0_53:0_54:0_55:0_56:0_57:0_58:0_59:0_60:0_61:0_62:0_63:0_64:0_65:0_66:0_67:0_68:0_69:0_70:0_71:0_72:0_73:0_74:0_75:0_76:0_77:0_78:0_79:0_80:0_81:0_82:0_83:0_84:0_85:0_86:0_87:0_88:0_89:0_90:0_91:0_92:0_93:0_94:0_95:0_96:0_97:0_98:0_99:0_100:0_101:0_102:0_103:0_104:0_105:0_106:0_107:0_108:0_109:0_110:0_111:0_112:0_113:0_114:0_115:0_116:0_117:0_118:0_119:0_120:0_121:0_122:0_123:0_124:0_125:0_126:0_127:0_128:0_129:0_130:0_131:0_132:0_133:0_134:0_135:0_136:0_137:0_138:0_139:0_140:0_141:0_142:0_143:0_144:0_145:0_146:0_147:0_148:0_149:0_150:0_151:0_152:0_153:0_154:0_155:0_156:0_157:0_158:0_159:0_160:0,0:1,0,0,0,0
740010,,"42761010,42663010",1:0_2:0_3:0_4:0_5:0_6:0_7:0_8:0_9:0_10:0_11:0_12:0_13:0_14:0_15:0_16:0_17:0_18:0_19:0_20:0_21:0_22:0_23:0_24:0_25:0_26:0_27:0_28:0_29:0_30:0_31:0_32:0_33:0_34:0_35:0_36:0_37:0_38:0_39:0_40:0_41:0_42:0_43:0_44:0_45:0_46:0_47:0_48:0_49:0_50:0_51:0_52:0_53:0_54:0_55:0_56:0_57:0_58:0_59:0_60:0_61:0_62:0_63:0_64:0_65:0_66:0_67:0_68:0_69:0_70:0_71:0_72:0_73:0_74:0_75:0_76:0_77:0_78:0_79:0_80:0_81:0_82:0_83:0_84:0_85:0_86:0_87:0_88:0_89:0_90:0_91:0_92:0_93:0_94:0_95:0_96:0_97:0_98:0_99:0_100:0_101:0_102:0_103:0_104:0_105:0_106:0_107:0_108:0_109:0_110:0_111:0_112:0_113:0_114:0_115:0_116:0_117:0_118:0_119:0_120:0_121:0_122:0_123:0_124:0_125:0_126:0_127:0_128:0_129:0_130:0_131:0_132:0_133:0_134:0_135:0_136:0_137:0_138:0_139:0_140:0_141:0_142:0_143:0_144:0_145:0_146:0_147:0_148:0_149:0_150:0_151:0_152:0_153:0_154:0_155:0_156:0_157:0_158:0_159:0_160:0,0:1,0,0,1:0_2:0_3:0_4:0_5:0_6:0_7:0_8:0_9:0_10:0_11:0_12:0_13:0_14:0_15:0_16:0_17:0_18:0_19:0_20:0_21:0_22:0_23:0_24:0_25:0_26:0_27:0_28:0_29:0_30:0_31:0_32:0_33:0_34:0_35:0_36:0_37:0_38:0_39:0_40:0_41:0_42:0_43:0_44:0_45:0_46:0_47:0_48:0_49:0_50:0_51:0_52:0_53:0_54:0_55:0_56:0_57:0_58:0_59:0_60:0_61:0_62:0_63:0_64:0_65:0_66:0_67:0_68:0_69:0_70:0_71:0_72:0_73:0_74:0_75:0_76:0_77:0_78:0_79:0_80:0_81:0_82:0_83:0_84:0_85:0_86:0_87:0_88:0_89:0_90:0_91:0_92:0_93:0_94:0_95:0_96:0_97:0_98:0_99:0_100:0_101:0_102:0_103:0_104:0_105:0_106:0_107:0_108:0_109:0_110:0_111:0_112:0_113:0_114:0_115:0_116:0_117:0_118:0_119:0_120:0_121:0_122:0_123:0_124:0_125:0_126:0_127:0_128:0_129:0_130:0_131:0_132:0_133:0_134:0_135:0_136:0_137:0_138:0_139:0_140:0_141:0_142:0_143:0_144:0_145:0_146:0_147:0_148:0_149:0_150:0_151:0_152:0_153:0_154:0_155:0_156:0_157:0_158:0_159:0_160:0,0:1,0,0,0,0
750020,,"42761010,42663010",1:0_2:0_3:0_4:0_5:0_6:0_7:0_8:0_9:0_10:0_11:0_12:0_13:0_14:0_15:0_16:0_17:0_18:0_19:0_20:0_21:0_22:0_23:0_24:0_25:0_26:0_27:0_28:0_29:0_30:0_31:0_32:0_33:0_34:0_35:0_36:0_37:0_38:0_39:0_40:0_41:0_42:0_43:0_44:0_45:0_46:0_47:0_48:0_49:0_50:0_51:0_52:0_53:0_54:0_55:0_56:0_57:0_58:0_59:0_60:0_61:0_62:0_63:0_64:0_65:0_66:0_67:0_68:0_69:0_70:0_71:0_72:0_73:0_74:0_75:0_76:0_77:0_78:0_79:0_80:0_81:0_82:0_83:0_84:0_85:0_86:0_87:0_88:0_89:0_90:0_91:0_92:0_93:0_94:0_95:0_96:0_97:0_98:0_99:0_100:0_101:0_102:0_103:0_104:0_105:0_106:0_107:0_108:0_109:0_110:0_111:0_112:0_113:0_114:0_115:0_116:0_117:0_118:0_119:0_120:0_121:0_122:0_123:0_124:0_125:0_126:0_127:0_128:0_129:0_130:0_131:0_132:0_133:0_134:0_135:0_136:0_137:0_138:0_139:0_140:0_141:0_142:0_143:0_144:0_145:0_146:0_147:0_148:0_149:0_150:0_151:0_152:0_153:0_154:0_155:0_156:0_157:0_158:0_159:0_160:0,0:1,0,0,1:0_2:0_3:0_4:0_5:0_6:0_7:0_8:0_9:0_10:0_11:0_12:0_13:0_14:0_15:0_16:0_17:0_18:0_19:0_20:0_21:0_22:0_23:0_24:0_25:0_26:0_27:0_28:0_29:0_30:0_31:0_32:0_33:0_34:0_35:0_36:0_37:0_38:0_39:0_40:0_41:0_42:0_43:0_44:0_45:0_46:0_47:0_48:0_49:0_50:0_51:0_52:0_53:0_54:0_55:0_56:0_57:0_58:0_59:0_60:0_61:0_62:0_63:0_64:0_65:0_66:0_67:0_68:0_69:0_70:0_71:0_72:0_73:0_74:0_75:0_76:0_77:0_78:0_79:0_80:0_81:0_82:0_83:0_84:0_85:0_86:0_87:0_88:0_89:0_90:0_91:0_92:0_93:0_94:0_95:0_96:0_97:0_98:0_99:0_100:0_101:0_102:0_103:0_104:0_105:0_106:0_107:0_108:0_109:0_110:0_111:0_112:0_113:0_114:0_115:0_116:0_117:0_118:0_119:0_120:0_121:0_122:0_123:0_124:0_125:0_126:0_127:0_128:0_129:0_130:0_131:0_132:0_133:0_134:0_135:0_136:0_137:0_138:0_139:0_140:0_141:0_142:0_143:0_144:0_145:0_146:0_147:0_148:0_149:0_150:0_151:0_152:0_153:0_154:0_155:0_156:0_157:0_158:0_159:0_160:0,0:1,0,0,0,0
750010,,"42761010,42663010",1:0_2:0_3:0_4:0_5:0_6:0_7:0_8:0_9:0_10:0_11:0_12:0_13:0_14:0_15:0_16:0_17:0_18:0_19:0_20:0_21:0_22:0_23:0_24:0_25:0_26:0_27:0_28:0_29:0_30:0_31:0_32:0_33:0_34:0_35:0_36:0_37:0_38:0_39:0_40:0_41:0_42:0_43:0_44:0_45:0_46:0_47:0_48:0_49:0_50:0_51:0_52:0_53:0_54:0_55:0_56:0_57:0_58:0_59:0_60:0_61:0_62:0_63:0_64:0_65:0_66:0_67:0_68:0_69:0_70:0_71:0_72:0_73:0_74:0_75:0_76:0_77:0_78:0_79:0_80:0_81:0_82:0_83:0_84:0_85:0_86:0_87:0_88:0_89:0_90:0_91:0_92:0_93:0_94:0_95:0_96:0_97:0_98:0_99:0_100:0_101:0_102:0_103:0_104:0_105:0_106:0_107:0_108:0_109:0_110:0_111:0_112:0_113:0_114:0_115:0_116:0_117:0_118:0_119:0_120:0_121:0_122:0_123:0_124:0_125:0_126:0_127:0_128:0_129:0_130:0_131:0_132:0_133:0_134:0_135:0_136:0_137:0_138:0_139:0_140:0_141:0_142:0_143:0_144:0_145:0_146:0_147:0_148:0_149:0_150:0_151:0_152:0_153:0_154:0_155:0_156:0_157:0_158:0_159:0_160:0,0:1,0,0,1:0_2:0_3:0_4:0_5:0_6:0_7:0_8:0_9:0_10:0_11:0_12:0_13:0_14:0_15:0_16:0_17:0_18:0_19:0_20:0_21:0_22:0_23:0_24:0_25:0_26:0_27:0_28:0_29:0_30:0_31:0_32:0_33:0_34:0_35:0_36:0_37:0_38:0_39:0_40:0_41:0_42:0_43:0_44:0_45:0_46:0_47:0_48:0_49:0_50:0_51:0_52:0_53:0_54:0_55:0_56:0_57:0_58:0_59:0_60:0_61:0_62:0_63:0_64:0_65:0_66:0_67:0_68:0_69:0_70:0_71:0_72:0_73:0_74:0_75:0_76:0_77:0_78:0_79:0_80:0_81:0_82:0_83:0_84:0_85:0_86:0_87:0_88:0_89:0_90:0_91:0_92:0_93:0_94:0_95:0_96:0_97:0_98:0_99:0_100:0_101:0_102:0_103:0_104:0_105:0_106:0_107:0_108:0_109:0_110:0_111:0_112:0_113:0_114:0_115:0_116:0_117:0_118:0_119:0_120:0_121:0_122:0_123:0_124:0_125:0_126:0_127:0_128:0_129:0_130:0_131:0_132:0_133:0_134:0_135:0_136:0_137:0_138:0_139:0_140:0_141:0_142:0_143:0_144:0_145:0_146:0_147:0_148:0_149:0_150:0_151:0_152:0_153:0_154:0_155:0_156:0_157:0_158:0_159:0_160:0,0:1,0,0,0,0
760020,,"42761010,42663010",1:0_2:0_3:0_4:0_5:0_6:0_7:0_8:0_9:0_10:0_11:0_12:0_13:0_14:0_15:0_16:0_17:0_18:0_19:0_20:0_21:0_22:0_23:0_24:0_25:0_26:0_27:0_28:0_29:0_30:0_31:0_32:0_33:0_34:0_35:0_36:0_37:0_38:0_39:0_40:0_41:0_42:0_43:0_44:0_45:0_46:0_47:0_48:0_49:0_50:0_51:0_52:0_53:0_54:0_55:0_56:0_57:0_58:0_59:0_60:0_61:0_62:0_63:0_64:0_65:0_66:0_67:0_68:0_69:0_70:0_71:0_72:0_73:0_74:0_75:0_76:0_77:0_78:0_79:0_80:0_81:0_82:0_83:0_84:0_85:0_86:0_87:0_88:0_89:0_90:0_91:0_92:0_93:0_94:0_95:0_96:0_97:0_98:0_99:0_100:0_101:0_102:0_103:0_104:0_105:0_106:0_107:0_108:0_109:0_110:0_111:0_112:0_113:0_114:0_115:0_116:0_117:0_118:0_119:0_120:0_121:0_122:0_123:0_124:0_125:0_126:0_127:0_128:0_129:0_130:0_131:0_132:0_133:0_134:0_135:0_136:0_137:0_138:0_139:0_140:0_141:0_142:0_143:0_144:0_145:0_146:0_147:0_148:0_149:0_150:0_151:0_152:0_153:0_154:0_155:0_156:0_157:0_158:0_159:0_160:0,0:1,0,0,1:0_2:0_3:0_4:0_5:0_6:0_7:0_8:0_9:0_10:0_11:0_12:0_13:0_14:0_15:0_16:0_17:0_18:0_19:0_20:0_21:0_22:0_23:0_24:0_25:0_26:0_27:0_28:0_29:0_30:0_31:0_32:0_33:0_34:0_35:0_36:0_37:0_38:0_39:0_40:0_41:0_42:0_43:0_44:0_45:0_46:0_47:0_48:0_49:0_50:0_51:0_52:0_53:0_54:0_55:0_56:0_57:0_58:0_59:0_60:0_61:0_62:0_63:0_64:0_65:0_66:0_67:0_68:0_69:0_70:0_71:0_72:0_73:0_74:0_75:0_76:0_77:0_78:0_79:0_80:0_81:0_82:0_83:0_84:0_85:0_86:0_87:0_88:0_89:0_90:0_91:0_92:0_93:0_94:0_95:0_96:0_97:0_98:0_99:0_100:0_101:0_102:0_103:0_104:0_105:0_106:0_107:0_108:0_109:0_110:0_111:0_112:0_113:0_114:0_115:0_116:0_117:0_118:0_119:0_120:0_121:0_122:0_123:0_124:0_125:0_126:0_127:0_128:0_129:0_130:0_131:0_132:0_133:0_134:0_135:0_136:0_137:0_138:0_139:0_140:0_141:0_142:0_143:0_144:0_145:0_146:0_147:0_148:0_149:0_150:0_151:0_152:0_153:0_154:0_155:0_156:0_157:0_158:0_159:0_160:0,0:1,0,0,0,0
760010,,"42761010,42663010",1:0_2:0_3:0_4:0_5:0_6:0_7:0_8:0_9:0_10:0_11:0_12:0_13:0_14:0_15:0_16:0_17:0_18:0_19:0_20:0_21:0_22:0_23:0_24:0_25:0_26:0_27:0_28:0_29:0_30:0_31:0_32:0_33:0_34:0_35:0_36:0_37:0_38:0_39:0_40:0_41:0_42:0_43:0_44:0_45:0_46:0_47:0_48:0_49:0_50:0_51:0_52:0_53:0_54:0_55:0_56:0_57:0_58:0_59:0_60:0_61:0_62:0_63:0_64:0_65:0_66:0_67:0_68:0_69:0_70:0_71:0_72:0_73:0_74:0_75:0_76:0_77:0_78:0_79:0_80:0_81:0_82:0_83:0_84:0_85:0_86:0_87:0_88:0_89:0_90:0_91:0_92:0_93:0_94:0_95:0_96:0_97:0_98:0_99:0_100:0_101:0_102:0_103:0_104:0_105:0_106:0_107:0_108:0_109:0_110:0_111:0_112:0_113:0_114:0_115:0_116:0_117:0_118:0_119:0_120:0_121:0_122:0_123:0_124:0_125:0_126:0_127:0_128:0_129:0_130:0_131:0_132:0_133:0_134:0_135:0_136:0_137:0_138:0_139:0_140:0_141:0_142:0_143:0_144:0_145:0_146:0_147:0_148:0_149:0_150:0_151:0_152:0_153:0_154:0_155:0_156:0_157:0_158:0_159:0_160:0,0:1,0,0,1:0_2:0_3:0_4:0_5:0_6:0_7:0_8:0_9:0_10:0_11:0_12:0_13:0_14:0_15:0_16:0_17:0_18:0_19:0_20:0_21:0_22:0_23:0_24:0_25:0_26:0_27:0_28:0_29:0_30:0_31:0_32:0_33:0_34:0_35:0_36:0_37:0_38:0_39:0_40:0_41:0_42:0_43:0_44:0_45:0_46:0_47:0_48:0_49:0_50:0_51:0_52:0_53:0_54:0_55:0_56:0_57:0_58:0_59:0_60:0_61:0_62:0_63:0_64:0_65:0_66:0_67:0_68:0_69:0_70:0_71:0_72:0_73:0_74:0_75:0_76:0_77:0_78:0_79:0_80:0_81:0_82:0_83:0_84:0_85:0_86:0_87:0_88:0_89:0_90:0_91:0_92:0_93:0_94:0_95:0_96:0_97:0_98:0_99:0_100:0_101:0_102:0_103:0_104:0_105:0_106:0_107:0_108:0_109:0_110:0_111:0_112:0_113:0_114:0_115:0_116:0_117:0_118:0_119:0_120:0_121:0_122:0_123:0_124:0_125:0_126:0_127:0_128:0_129:0_130:0_131:0_132:0_133:0_134:0_135:0_136:0_137:0_138:0_139:0_140:0_141:0_142:0_143:0_144:0_145:0_146:0_147:0_148:0_149:0_150:0_151:0_152:0_153:0_154:0_155:0_156:0_157:0_158:0_159:0_160:0,0:1,0,0,0,0
770020,,"42761010,42663010",1:0_2:0_3:0_4:0_5:0_6:0_7:0_8:0_9:0_10:0_11:0_12:0_13:0_14:0_15:0_16:0_17:0_18:0_19:0_20:0_21:0_22:0_23:0_24:0_25:0_26:0_27:0_28:0_29:0_30:0_31:0_32:0_33:0_34:0_35:0_36:0_37:0_38:0_39:0_40:0_41:0_42:0_43:0_44:0_45:0_46:0_47:0_48:0_49:0_50:0_51:0_52:0_53:0_54:0_55:0_56:0_57:0_58:0_59:0_60:0_61:0_62:0_63:0_64:0_65:0_66:0_67:0_68:0_69:0_70:0_71:0_72:0_73:0_74:0_75:0_76:0_77:0_78:0_79:0_80:0_81:0_82:0_83:0_84:0_85:0_86:0_87:0_88:0_89:0_90:0_91:0_92:0_93:0_94:0_95:0_96:0_97:0_98:0_99:0_100:0_101:0_102:0_103:0_104:0_105:0_106:0_107:0_108:0_109:0_110:0_111:0_112:0_113:0_114:0_115:0_116:0_117:0_118:0_119:0_120:0_121:0_122:0_123:0_124:0_125:0_126:0_127:0_128:0_129:0_130:0_131:0_132:0_133:0_134:0_135:0_136:0_137:0_138:0_139:0_140:0_141:0_142:0_143:0_144:0_145:0_146:0_147:0_148:0_149:0_150:0_151:0_152:0_153:0_154:0_155:0_156:0_157:0_158:0_159:0_160:0,0:1,0,0,1:0_2:0_3:0_4:0_5:0_6:0_7:0_8:0_9:0_10:0_11:0_12:0_13:0_14:0_15:0_16:0_17:0_18:0_19:0_20:0_21:0_22:0_23:0_24:0_25:0_26:0_27:0_28:0_29:0_30:0_31:0_32:0_33:0_34:0_35:0_36:0_37:0_38:0_39:0_40:0_41:0_42:0_43:0_44:0_45:0_46:0_47:0_48:0_49:0_50:0_51:0_52:0_53:0_54:0_55:0_56:0_57:0_58:0_59:0_60:0_61:0_62:0_63:0_64:0_65:0_66:0_67:0_68:0_69:0_70:0_71:0_72:0_73:0_74:0_75:0_76:0_77:0_78:0_79:0_80:0_81:0_82:0_83:0_84:0_85:0_86:0_87:0_88:0_89:0_90:0_91:0_92:0_93:0_94:0_95:0_96:0_97:0_98:0_99:0_100:0_101:0_102:0_103:0_104:0_105:0_106:0_107:0_108:0_109:0_110:0_111:0_112:0_113:0_114:0_115:0_116:0_117:0_118:0_119:0_120:0_121:0_122:0_123:0_124:0_125:0_126:0_127:0_128:0_129:0_130:0_131:0_132:0_133:0_134:0_135:0_136:0_137:0_138:0_139:0_140:0_141:0_142:0_143:0_144:0_145:0_146:0_147:0_148:0_149:0_150:0_151:0_152:0_153:0_154:0_155:0_156:0_157:0_158:0_159:0_160:0,0:1,0,0,0,0
770010,,"42761010,42663010",1:0_2:0_3:0_4:0_5:0_6:0_7:0_8:0_9:0_10:0_11:0_12:0_13:0_14:0_15:0_16:0_17:0_18:0_19:0_20:0_21:0_22:0_23:0_24:0_25:0_26:0_27:0_28:0_29:0_30:0_31:0_32:0_33:0_34:0_35:0_36:0_37:0_38:0_39:0_40:0_41:0_42:0_43:0_44:0_45:0_46:0_47:0_48:0_49:0_50:0_51:0_52:0_53:0_54:0_55:0_56:0_57:0_58:0_59:0_60:0_61:0_62:0_63:0_64:0_65:0_66:0_67:0_68:0_69:0_70:0_71:0_72:0_73:0_74:0_75:0_76:0_77:0_78:0_79:0_80:0_81:0_82:0_83:0_84:0_85:0_86:0_87:0_88:0_89:0_90:0_91:0_92:0_93:0_94:0_95:0_96:0_97:0_98:0_99:0_100:0_101:0_102:0_103:0_104:0_105:0_106:0_107:0_108:0_109:0_110:0_111:0_112:0_113:0_114:0_115:0_116:0_117:0_118:0_119:0_120:0_121:0_122:0_123:0_124:0_125:0_126:0_127:0_128:0_129:0_130:0_131:0_132:0_133:0_134:0_135:0_136:0_137:0_138:0_139:0_140:0_141:0_142:0_143:0_144:0_145:0_146:0_147:0_148:0_149:0_150:0_151:0_152:0_153:0_154:0_155:0_156:0_157:0_158:0_159:0_160:0,0:1,0,0,1:0_2:0_3:0_4:0_5:0_6:0_7:0_8:0_9:0_10:0_11:0_12:0_13:0_14:0_15:0_16:0_17:0_18:0_19:0_20:0_21:0_22:0_23:0_24:0_25:0_26:0_27:0_28:0_29:0_30:0_31:0_32:0_33:0_34:0_35:0_36:0_37:0_38:0_39:0_40:0_41:0_42:0_43:0_44:0_45:0_46:0_47:0_48:0_49:0_50:0_51:0_52:0_53:0_54:0_55:0_56:0_57:0_58:0_59:0_60:0_61:0_62:0_63:0_64:0_65:0_66:0_67:0_68:0_69:0_70:0_71:0_72:0_73:0_74:0_75:0_76:0_77:0_78:0_79:0_80:0_81:0_82:0_83:0_84:0_85:0_86:0_87:0_88:0_89:0_90:0_91:0_92:0_93:0_94:0_95:0_96:0_97:0_98:0_99:0_100:0_101:0_102:0_103:0_104:0_105:0_106:0_107:0_108:0_109:0_110:0_111:0_112:0_113:0_114:0_115:0_116:0_117:0_118:0_119:0_120:0_121:0_122:0_123:0_124:0_125:0_126:0_127:0_128:0_129:0_130:0_131:0_132:0_133:0_134:0_135:0_136:0_137:0_138:0_139:0_140:0_141:0_142:0_143:0_144:0_145:0_146:0_147:0_148:0_149:0_150:0_151:0_152:0_153:0_154:0_155:0_156:0_157:0_158:0_159:0_160:0,0:1,0,0,0,0
780020,,"42761010,42663010",1:0_2:0_3:0_4:0_5:0_6:0_7:0_8:0_9:0_10:0_11:0_12:0_13:0_14:0_15:0_16:0_17:0_18:0_19:0_20:0_21:0_22:0_23:0_24:0_25:0_26:0_27:0_28:0_29:0_30:0_31:0_32:0_33:0_34:0_35:0_36:0_37:0_38:0_39:0_40:0_41:0_42:0_43:0_44:0_45:0_46:0_47:0_48:0_49:0_50:0_51:0_52:0_53:0_54:0_55:0_56:0_57:0_58:0_59:0_60:0_61:0_62:0_63:0_64:0_65:0_66:0_67:0_68:0_69:0_70:0_71:0_72:0_73:0_74:0_75:0_76:0_77:0_78:0_79:0_80:0_81:0_82:0_83:0_84:0_85:0_86:0_87:0_88:0_89:0_90:0_91:0_92:0_93:0_94:0_95:0_96:0_97:0_98:0_99:0_100:0_101:0_102:0_103:0_104:0_105:0_106:0_107:0_108:0_109:0_110:0_111:0_112:0_113:0_114:0_115:0_116:0_117:0_118:0_119:0_120:0_121:0_122:0_123:0_124:0_125:0_126:0_127:0_128:0_129:0_130:0_131:0_132:0_133:0_134:0_135:0_136:0_137:0_138:0_139:0_140:0_141:0_142:0_143:0_144:0_145:0_146:0_147:0_148:0_149:0_150:0_151:0_152:0_153:0_154:0_155:0_156:0_157:0_158:0_159:0_160:0,0:1,0,0,1:0_2:0_3:0_4:0_5:0_6:0_7:0_8:0_9:0_10:0_11:0_12:0_13:0_14:0_15:0_16:0_17:0_18:0_19:0_20:0_21:0_22:0_23:0_24:0_25:0_26:0_27:0_28:0_29:0_30:0_31:0_32:0_33:0_34:0_35:0_36:0_37:0_38:0_39:0_40:0_41:0_42:0_43:0_44:0_45:0_46:0_47:0_48:0_49:0_50:0_51:0_52:0_53:0_54:0_55:0_56:0_57:0_58:0_59:0_60:0_61:0_62:0_63:0_64:0_65:0_66:0_67:0_68:0_69:0_70:0_71:0_72:0_73:0_74:0_75:0_76:0_77:0_78:0_79:0_80:0_81:0_82:0_83:0_84:0_85:0_86:0_87:0_88:0_89:0_90:0_91:0_92:0_93:0_94:0_95:0_96:0_97:0_98:0_99:0_100:0_101:0_102:0_103:0_104:0_105:0_106:0_107:0_108:0_109:0_110:0_111:0_112:0_113:0_114:0_115:0_116:0_117:0_118:0_119:0_120:0_121:0_122:0_123:0_124:0_125:0_126:0_127:0_128:0_129:0_130:0_131:0_132:0_133:0_134:0_135:0_136:0_137:0_138:0_139:0_140:0_141:0_142:0_143:0_144:0_145:0_146:0_147:0_148:0_149:0_150:0_151:0_152:0_153:0_154:0_155:0_156:0_157:0_158:0_159:0_160:0,0:1,0,0,0,0
780010,,"42761010,42663010",1:0_2:0_3:0_4:0_5:0_6:0_7:0_8:0_9:0_10:0_11:0_12:0_13:0_14:0_15:0_16:0_17:0_18:0_19:0_20:0_21:0_22:0_23:0_24:0_25:0_26:0_27:0_28:0_29:0_30:0_31:0_32:0_33:0_34:0_35:0_36:0_37:0_38:0_39:0_40:0_41:0_42:0_43:0_44:0_45:0_46:0_47:0_48:0_49:0_50:0_51:0_52:0_53:0_54:0_55:0_56:0_57:0_58:0_59:0_60:0_61:0_62:0_63:0_64:0_65:0_66:0_67:0_68:0_69:0_70:0_71:0_72:0_73:0_74:0_75:0_76:0_77:0_78:0_79:0_80:0_81:0_82:0_83:0_84:0_85:0_86:0_87:0_88:0_89:0_90:0_91:0_92:0_93:0_94:0_95:0_96:0_97:0_98:0_99:0_100:0_101:0_102:0_103:0_104:0_105:0_106:0_107:0_108:0_109:0_110:0_111:0_112:0_113:0_114:0_115:0_116:0_117:0_118:0_119:0_120:0_121:0_122:0_123:0_124:0_125:0_126:0_127:0_128:0_129:0_130:0_131:0_132:0_133:0_134:0_135:0_136:0_137:0_138:0_139:0_140:0_141:0_142:0_143:0_144:0_145:0_146:0_147:0_148:0_149:0_150:0_151:0_152:0_153:0_154:0_155:0_156:0_157:0_158:0_159:0_160:0,0:1,0,0,1:0_2:0_3:0_4:0_5:0_6:0_7:0_8:0_9:0_10:0_11:0_12:0_13:0_14:0_15:0_16:0_17:0_18:0_19:0_20:0_21:0_22:0_23:0_24:0_25:0_26:0_27:0_28:0_29:0_30:0_31:0_32:0_33:0_34:0_35:0_36:0_37:0_38:0_39:0_40:0_41:0_42:0_43:0_44:0_45:0_46:0_47:0_48:0_49:0_50:0_51:0_52:0_53:0_54:0_55:0_56:0_57:0_58:0_59:0_60:0_61:0_62:0_63:0_64:0_65:0_66:0_67:0_68:0_69:0_70:0_71:0_72:0_73:0_74:0_75:0_76:0_77:0_78:0_79:0_80:0_81:0_82:0_83:0_84:0_85:0_86:0_87:0_88:0_89:0_90:0_91:0_92:0_93:0_94:0_95:0_96:0_97:0_98:0_99:0_100:0_101:0_102:0_103:0_104:0_105:0_106:0_107:0_108:0_109:0_110:0_111:0_112:0_113:0_114:0_115:0_116:0_117:0_118:0_119:0_120:0_121:0_122:0_123:0_124:0_125:0_126:0_127:0_128:0_129:0_130:0_131:0_132:0_133:0_134:0_135:0_136:0_137:0_138:0_139:0_140:0_141:0_142:0_143:0_144:0_145:0_146:0_147:0_148:0_149:0_150:0_151:0_152:0_153:0_154:0_155:0_156:0_157:0_158:0_159:0_160:0,0:1,0,0,0,0
790020,,"42761010,42663010",1:0_2:0_3:0_4:0_5:0_6:0_7:0_8:0_9:0_10:0_11:0_12:0_13:0_14:0_15:0_16:0_17:0_18:0_19:0_20:0_21:0_22:0_23:0_24:0_25:0_26:0_27:0_28:0_29:0_30:0_31:0_32:0_33:0_34:0_35:0_36:0_37:0_38:0_39:0_40:0_41:0_42:0_43:0_44:0_45:0_46:0_47:0_48:0_49:0_50:0_51:0_52:0_53:0_54:0_55:0_56:0_57:0_58:0_59:0_60:0_61:0_62:0_63:0_64:0_65:0_66:0_67:0_68:0_69:0_70:0_71:0_72:0_73:0_74:0_75:0_76:0_77:0_78:0_79:0_80:0_81:0_82:0_83:0_84:0_85:0_86:0_87:0_88:0_89:0_90:0_91:0_92:0_93:0_94:0_95:0_96:0_97:0_98:0_99:0_100:0_101:0_102:0_103:0_104:0_105:0_106:0_107:0_108:0_109:0_110:0_111:0_112:0_113:0_114:0_115:0_116:0_117:0_118:0_119:0_120:0_121:0_122:0_123:0_124:0_125:0_126:0_127:0_128:0_129:0_130:0_131:0_132:0_133:0_134:0_135:0_136:0_137:0_138:0_139:0_140:0_141:0_142:0_143:0_144:0_145:0_146:0_147:0_148:0_149:0_150:0_151:0_152:0_153:0_154:0_155:0_156:0_157:0_158:0_159:0_160:0,0:1,0,0,1:0_2:0_3:0_4:0_5:0_6:0_7:0_8:0_9:0_10:0_11:0_12:0_13:0_14:0_15:0_16:0_17:0_18:0_19:0_20:0_21:0_22:0_23:0_24:0_25:0_26:0_27:0_28:0_29:0_30:0_31:0_32:0_33:0_34:0_35:0_36:0_37:0_38:0_39:0_40:0_41:0_42:0_43:0_44:0_45:0_46:0_47:0_48:0_49:0_50:0_51:0_52:0_53:0_54:0_55:0_56:0_57:0_58:0_59:0_60:0_61:0_62:0_63:0_64:0_65:0_66:0_67:0_68:0_69:0_70:0_71:0_72:0_73:0_74:0_75:0_76:0_77:0_78:0_79:0_80:0_81:0_82:0_83:0_84:0_85:0_86:0_87:0_88:0_89:0_90:0_91:0_92:0_93:0_94:0_95:0_96:0_97:0_98:0_99:0_100:0_101:0_102:0_103:0_104:0_105:0_106:0_107:0_108:0_109:0_110:0_111:0_112:0_113:0_114:0_115:0_116:0_117:0_118:0_119:0_120:0_121:0_122:0_123:0_124:0_125:0_126:0_127:0_128:0_129:0_130:0_131:0_132:0_133:0_134:0_135:0_136:0_137:0_138:0_139:0_140:0_141:0_142:0_143:0_144:0_145:0_146:0_147:0_148:0_149:0_150:0_151:0_152:0_153:0_154:0_155:0_156:0_157:0_158:0_159:0_160:0,0:1,0,0,0,0
790010,,"42761010,42663010",1:0_2:0_3:0_4:0_5:0_6:0_7:0_8:0_9:0_10:0_11:0_12:0_13:0_14:0_15:0_16:0_17:0_18:0_19:0_20:0_21:0_22:0_23:0_24:0_25:0_26:0_27:0_28:0_29:0_30:0_31:0_32:0_33:0_34:0_35:0_36:0_37:0_38:0_39:0_40:0_41:0_42:0_43:0_44:0_45:0_46:0_47:0_48:0_49:0_50:0_51:0_52:0_53:0_54:0_55:0_56:0_57:0_58:0_59:0_60:0_61:0_62:0_63:0_64:0_65:0_66:0_67:0_68:0_69:0_70:0_71:0_72:0_73:0_74:0_75:0_76:0_77:0_78:0_79:0_80:0_81:0_82:0_83:0_84:0_85:0_86:0_87:0_88:0_89:0_90:0_91:0_92:0_93:0_94:0_95:0_96:0_97:0_98:0_99:0_100:0_101:0_102:0_103:0_104:0_105:0_106:0_107:0_108:0_109:0_110:0_111:0_112:0_113:0_114:0_115:0_116:0_117:0_118:0_119:0_120:0_121:0_122:0_123:0_124:0_125:0_126:0_127:0_128:0_129:0_130:0_131:0_132:0_133:0_134:0_135:0_136:0_137:0_138:0_139:0_140:0_141:0_142:0_143:0_144:0_145:0_146:0_147:0_148:0_149:0_150:0_151:0_152:0_153:0_154:0_155:0_156:0_157:0_158:0_159:0_160:0,0:1,0,0,1:0_2:0_3:0_4:0_5:0_6:0_7:0_8:0_9:0_10:0_11:0_12:0_13:0_14:0_15:0_16:0_17:0_18:0_19:0_20:0_21:0_22:0_23:0_24:0_25:0_26:0_27:0_28:0_29:0_30:0_31:0_32:0_33:0_34:0_35:0_36:0_37:0_38:0_39:0_40:0_41:0_42:0_43:0_44:0_45:0_46:0_47:0_48:0_49:0_50:0_51:0_52:0_53:0_54:0_55:0_56:0_57:0_58:0_59:0_60:0_61:0_62:0_63:0_64:0_65:0_66:0_67:0_68:0_69:0_70:0_71:0_72:0_73:0_74:0_75:0_76:0_77:0_78:0_79:0_80:0_81:0_82:0_83:0_84:0_85:0_86:0_87:0_88:0_89:0_90:0_91:0_92:0_93:0_94:0_95:0_96:0_97:0_98:0_99:0_100:0_101:0_102:0_103:0_104:0_105:0_106:0_107:0_108:0_109:0_110:0_111:0_112:0_113:0_114:0_115:0_116:0_117:0_118:0_119:0_120:0_121:0_122:0_123:0_124:0_125:0_126:0_127:0_128:0_129:0_130:0_131:0_132:0_133:0_134:0_135:0_136:0_137:0_138:0_139:0_140:0_141:0_142:0_143:0_144:0_145:0_146:0_147:0_148:0_149:0_150:0_151:0_152:0_153:0_154:0_155:0_156:0_157:0_158:0_159:0_160:0,0:1,0,0,0,0
800020,,"42761010,42663010",1:0_2:0_3:0_4:0_5:0_6:0_7:0_8:0_9:0_10:0_11:0_12:0_13:0_14:0_15:0_16:0_17:0_18:0_19:0_20:0_21:0_22:0_23:0_24:0_25:0_26:0_27:0_28:0_29:0_30:0_31:0_32:0_33:0_34:0_35:0_36:0_37:0_38:0_39:0_40:0_41:0_42:0_43:0_44:0_45:0_46:0_47:0_48:0_49:0_50:0_51:0_52:0_53:0_54:0_55:0_56:0_57:0_58:0_59:0_60:0_61:0_62:0_63:0_64:0_65:0_66:0_67:0_68:0_69:0_70:0_71:0_72:0_73:0_74:0_75:0_76:0_77:0_78:0_79:0_80:0_81:0_82:0_83:0_84:0_85:0_86:0_87:0_88:0_89:0_90:0_91:0_92:0_93:0_94:0_95:0_96:0_97:0_98:0_99:0_100:0_101:0_102:0_103:0_104:0_105:0_106:0_107:0_108:0_109:0_110:0_111:0_112:0_113:0_114:0_115:0_116:0_117:0_118:0_119:0_120:0_121:0_122:0_123:0_124:0_125:0_126:0_127:0_128:0_129:0_130:0_131:0_132:0_133:0_134:0_135:0_136:0_137:0_138:0_139:0_140:0_141:0_142:0_143:0_144:0_145:0_146:0_147:0_148:0_149:0_150:0_151:0_152:0_153:0_154:0_155:0_156:0_157:0_158:0_159:0_160:0,0:1,0,0,1:0_2:0_3:0_4:0_5:0_6:0_7:0_8:0_9:0_10:0_11:0_12:0_13:0_14:0_15:0_16:0_17:0_18:0_19:0_20:0_21:0_22:0_23:0_24:0_25:0_26:0_27:0_28:0_29:0_30:0_31:0_32:0_33:0_34:0_35:0_36:0_37:0_38:0_39:0_40:0_41:0_42:0_43:0_44:0_45:0_46:0_47:0_48:0_49:0_50:0_51:0_52:0_53:0_54:0_55:0_56:0_57:0_58:0_59:0_60:0_61:0_62:0_63:0_64:0_65:0_66:0_67:0_68:0_69:0_70:0_71:0_72:0_73:0_74:0_75:0_76:0_77:0_78:0_79:0_80:0_81:0_82:0_83:0_84:0_85:0_86:0_87:0_88:0_89:0_90:0_91:0_92:0_93:0_94:0_95:0_96:0_97:0_98:0_99:0_100:0_101:0_102:0_103:0_104:0_105:0_106:0_107:0_108:0_109:0_110:0_111:0_112:0_113:0_114:0_115:0_116:0_117:0_118:0_119:0_120:0_121:0_122:0_123:0_124:0_125:0_126:0_127:0_128:0_129:0_130:0_131:0_132:0_133:0_134:0_135:0_136:0_137:0_138:0_139:0_140:0_141:0_142:0_143:0_144:0_145:0_146:0_147:0_148:0_149:0_150:0_151:0_152:0_153:0_154:0_155:0_156:0_157:0_158:0_159:0_160:0,0:1,0,0,0,0
800010,,"42761010,42663010",1:0_2:0_3:0_4:0_5:0_6:0_7:0_8:0_9:0_10:0_11:0_12:0_13:0_14:0_15:0_16:0_17:0_18:0_19:0_20:0_21:0_22:0_23:0_24:0_25:0_26:0_27:0_28:0_29:0_30:0_31:0_32:0_33:0_34:0_35:0_36:0_37:0_38:0_39:0_40:0_41:0_42:0_43:0_44:0_45:0_46:0_47:0_48:0_49:0_50:0_51:0_52:0_53:0_54:0_55:0_56:0_57:0_58:0_59:0_60:0_61:0_62:0_63:0_64:0_65:0_66:0_67:0_68:0_69:0_70:0_71:0_72:0_73:0_74:0_75:0_76:0_77:0_78:0_79:0_80:0_81:0_82:0_83:0_84:0_85:0_86:0_87:0_88:0_89:0_90:0_91:0_92:0_93:0_94:0_95:0_96:0_97:0_98:0_99:0_100:0_101:0_102:0_103:0_104:0_105:0_106:0_107:0_108:0_109:0_110:0_111:0_112:0_113:0_114:0_115:0_116:0_117:0_118:0_119:0_120:0_121:0_122:0_123:0_124:0_125:0_126:0_127:0_128:0_129:0_130:0_131:0_132:0_133:0_134:0_135:0_136:0_137:0_138:0_139:0_140:0_141:0_142:0_143:0_144:0_145:0_146:0_147:0_148:0_149:0_150:0_151:0_152:0_153:0_154:0_155:0_156:0_157:0_158:0_159:0_160:0,0:1,0,0,1:0_2:0_3:0_4:0_5:0_6:0_7:0_8:0_9:0_10:0_11:0_12:0_13:0_14:0_15:0_16:0_17:0_18:0_19:0_20:0_21:0_22:0_23:0_24:0_25:0_26:0_27:0_28:0_29:0_30:0_31:0_32:0_33:0_34:0_35:0_36:0_37:0_38:0_39:0_40:0_41:0_42:0_43:0_44:0_45:0_46:0_47:0_48:0_49:0_50:0_51:0_52:0_53:0_54:0_55:0_56:0_57:0_58:0_59:0_60:0_61:0_62:0_63:0_64:0_65:0_66:0_67:0_68:0_69:0_70:0_71:0_72:0_73:0_74:0_75:0_76:0_77:0_78:0_79:0_80:0_81:0_82:0_83:0_84:0_85:0_86:0_87:0_88:0_89:0_90:0_91:0_92:0_93:0_94:0_95:0_96:0_97:0_98:0_99:0_100:0_101:0_102:0_103:0_104:0_105:0_106:0_107:0_108:0_109:0_110:0_111:0_112:0_113:0_114:0_115:0_116:0_117:0_118:0_119:0_120:0_121:0_122:0_123:0_124:0_125:0_126:0_127:0_128:0_129:0_130:0_131:0_132:0_133:0_134:0_135:0_136:0_137:0_138:0_139:0_140:0_141:0_142:0_143:0_144:0_145:0_146:0_147:0_148:0_149:0_150:0_151:0_152:0_153:0_154:0_155:0_156:0_157:0_158:0_159:0_160:0,0:1,0,0,0,0
810020,,"42761010,42663010",1:0_2:0_3:0_4:0_5:0_6:0_7:0_8:0_9:0_10:0_11:0_12:0_13:0_14:0_15:0_16:0_17:0_18:0_19:0_20:0_21:0_22:0_23:0_24:0_25:0_26:0_27:0_28:0_29:0_30:0_31:0_32:0_33:0_34:0_35:0_36:0_37:0_38:0_39:0_40:0_41:0_42:0_43:0_44:0_45:0_46:0_47:0_48:0_49:0_50:0_51:0_52:0_53:0_54:0_55:0_56:0_57:0_58:0_59:0_60:0_61:0_62:0_63:0_64:0_65:0_66:0_67:0_68:0_69:0_70:0_71:0_72:0_73:0_74:0_75:0_76:0_77:0_78:0_79:0_80:0_81:0_82:0_83:0_84:0_85:0_86:0_87:0_88:0_89:0_90:0_91:0_92:0_93:0_94:0_95:0_96:0_97:0_98:0_99:0_100:0_101:0_102:0_103:0_104:0_105:0_106:0_107:0_108:0_109:0_110:0_111:0_112:0_113:0_114:0_115:0_116:0_117:0_118:0_119:0_120:0_121:0_122:0_123:0_124:0_125:0_126:0_127:0_128:0_129:0_130:0_131:0_132:0_133:0_134:0_135:0_136:0_137:0_138:0_139:0_140:0_141:0_142:0_143:0_144:0_145:0_146:0_147:0_148:0_149:0_150:0_151:0_152:0_153:0_154:0_155:0_156:0_157:0_158:0_159:0_160:0,0:1,0,0,1:0_2:0_3:0_4:0_5:0_6:0_7:0_8:0_9:0_10:0_11:0_12:0_13:0_14:0_15:0_16:0_17:0_18:0_19:0_20:0_21:0_22:0_23:0_24:0_25:0_26:0_27:0_28:0_29:0_30:0_31:0_32:0_33:0_34:0_35:0_36:0_37:0_38:0_39:0_40:0_41:0_42:0_43:0_44:0_45:0_46:0_47:0_48:0_49:0_50:0_51:0_52:0_53:0_54:0_55:0_56:0_57:0_58:0_59:0_60:0_61:0_62:0_63:0_64:0_65:0_66:0_67:0_68:0_69:0_70:0_71:0_72:0_73:0_74:0_75:0_76:0_77:0_78:0_79:0_80:0_81:0_82:0_83:0_84:0_85:0_86:0_87:0_88:0_89:0_90:0_91:0_92:0_93:0_94:0_95:0_96:0_97:0_98:0_99:0_100:0_101:0_102:0_103:0_104:0_105:0_106:0_107:0_108:0_109:0_110:0_111:0_112:0_113:0_114:0_115:0_116:0_117:0_118:0_119:0_120:0_121:0_122:0_123:0_124:0_125:0_126:0_127:0_128:0_129:0_130:0_131:0_132:0_133:0_134:0_135:0_136:0_137:0_138:0_139:0_140:0_141:0_142:0_143:0_144:0_145:0_146:0_147:0_148:0_149:0_150:0_151:0_152:0_153:0_154:0_155:0_156:0_157:0_158:0_159:0_160:0,0:1,0,0,0,0
810010,,"42761010,42663010",1:0_2:0_3:0_4:0_5:0_6:0_7:0_8:0_9:0_10:0_11:0_12:0_13:0_14:0_15:0_16:0_17:0_18:0_19:0_20:0_21:0_22:0_23:0_24:0_25:0_26:0_27:0_28:0_29:0_30:0_31:0_32:0_33:0_34:0_35:0_36:0_37:0_38:0_39:0_40:0_41:0_42:0_43:0_44:0_45:0_46:0_47:0_48:0_49:0_50:0_51:0_52:0_53:0_54:0_55:0_56:0_57:0_58:0_59:0_60:0_61:0_62:0_63:0_64:0_65:0_66:0_67:0_68:0_69:0_70:0_71:0_72:0_73:0_74:0_75:0_76:0_77:0_78:0_79:0_80:0_81:0_82:0_83:0_84:0_85:0_86:0_87:0_88:0_89:0_90:0_91:0_92:0_93:0_94:0_95:0_96:0_97:0_98:0_99:0_100:0_101:0_102:0_103:0_104:0_105:0_106:0_107:0_108:0_109:0_110:0_111:0_112:0_113:0_114:0_115:0_116:0_117:0_118:0_119:0_120:0_121:0_122:0_123:0_124:0_125:0_126:0_127:0_128:0_129:0_130:0_131:0_132:0_133:0_134:0_135:0_136:0_137:0_138:0_139:0_140:0_141:0_142:0_143:0_144:0_145:0_146:0_147:0_148:0_149:0_150:0_151:0_152:0_153:0_154:0_155:0_156:0_157:0_158:0_159:0_160:0,0:1,0,0,1:0_2:0_3:0_4:0_5:0_6:0_7:0_8:0_9:0_10:0_11:0_12:0_13:0_14:0_15:0_16:0_17:0_18:0_19:0_20:0_21:0_22:0_23:0_24:0_25:0_26:0_27:0_28:0_29:0_30:0_31:0_32:0_33:0_34:0_35:0_36:0_37:0_38:0_39:0_40:0_41:0_42:0_43:0_44:0_45:0_46:0_47:0_48:0_49:0_50:0_51:0_52:0_53:0_54:0_55:0_56:0_57:0_58:0_59:0_60:0_61:0_62:0_63:0_64:0_65:0_66:0_67:0_68:0_69:0_70:0_71:0_72:0_73:0_74:0_75:0_76:0_77:0_78:0_79:0_80:0_81:0_82:0_83:0_84:0_85:0_86:0_87:0_88:0_89:0_90:0_91:0_92:0_93:0_94:0_95:0_96:0_97:0_98:0_99:0_100:0_101:0_102:0_103:0_104:0_105:0_106:0_107:0_108:0_109:0_110:0_111:0_112:0_113:0_114:0_115:0_116:0_117:0_118:0_119:0_120:0_121:0_122:0_123:0_124:0_125:0_126:0_127:0_128:0_129:0_130:0_131:0_132:0_133:0_134:0_135:0_136:0_137:0_138:0_139:0_140:0_141:0_142:0_143:0_144:0_145:0_146:0_147:0_148:0_149:0_150:0_151:0_152:0_153:0_154:0_155:0_156:0_157:0_158:0_159:0_160:0,0:1,0,0,0,0
820020,,"42761010,42663010",1:0_2:0_3:0_4:0_5:0_6:0_7:0_8:0_9:0_10:0_11:0_12:0_13:0_14:0_15:0_16:0_17:0_18:0_19:0_20:0_21:0_22:0_23:0_24:0_25:0_26:0_27:0_28:0_29:0_30:0_31:0_32:0_33:0_34:0_35:0_36:0_37:0_38:0_39:0_40:0_41:0_42:0_43:0_44:0_45:0_46:0_47:0_48:0_49:0_50:0_51:0_52:0_53:0_54:0_55:0_56:0_57:0_58:0_59:0_60:0_61:0_62:0_63:0_64:0_65:0_66:0_67:0_68:0_69:0_70:0_71:0_72:0_73:0_74:0_75:0_76:0_77:0_78:0_79:0_80:0_81:0_82:0_83:0_84:0_85:0_86:0_87:0_88:0_89:0_90:0_91:0_92:0_93:0_94:0_95:0_96:0_97:0_98:0_99:0_100:0_101:0_102:0_103:0_104:0_105:0_106:0_107:0_108:0_109:0_110:0_111:0_112:0_113:0_114:0_115:0_116:0_117:0_118:0_119:0_120:0_121:0_122:0_123:0_124:0_125:0_126:0_127:0_128:0_129:0_130:0_131:0_132:0_133:0_134:0_135:0_136:0_137:0_138:0_139:0_140:0_141:0_142:0_143:0_144:0_145:0_146:0_147:0_148:0_149:0_150:0_151:0_152:0_153:0_154:0_155:0_156:0_157:0_158:0_159:0_160:0,0:1,0,0,1:0_2:0_3:0_4:0_5:0_6:0_7:0_8:0_9:0_10:0_11:0_12:0_13:0_14:0_15:0_16:0_17:0_18:0_19:0_20:0_21:0_22:0_23:0_24:0_25:0_26:0_27:0_28:0_29:0_30:0_31:0_32:0_33:0_34:0_35:0_36:0_37:0_38:0_39:0_40:0_41:0_42:0_43:0_44:0_45:0_46:0_47:0_48:0_49:0_50:0_51:0_52:0_53:0_54:0_55:0_56:0_57:0_58:0_59:0_60:0_61:0_62:0_63:0_64:0_65:0_66:0_67:0_68:0_69:0_70:0_71:0_72:0_73:0_74:0_75:0_76:0_77:0_78:0_79:0_80:0_81:0_82:0_83:0_84:0_85:0_86:0_87:0_88:0_89:0_90:0_91:0_92:0_93:0_94:0_95:0_96:0_97:0_98:0_99:0_100:0_101:0_102:0_103:0_104:0_105:0_106:0_107:0_108:0_109:0_110:0_111:0_112:0_113:0_114:0_115:0_116:0_117:0_118:0_119:0_120:0_121:0_122:0_123:0_124:0_125:0_126:0_127:0_128:0_129:0_130:0_131:0_132:0_133:0_134:0_135:0_136:0_137:0_138:0_139:0_140:0_141:0_142:0_143:0_144:0_145:0_146:0_147:0_148:0_149:0_150:0_151:0_152:0_153:0_154:0_155:0_156:0_157:0_158:0_159:0_160:0,0:1,0,0,0,0
820010,,"42761010,42663010",1:0_2:0_3:0_4:0_5:0_6:0_7:0_8:0_9:0_10:0_11:0_12:0_13:0_14:0_15:0_16:0_17:0_18:0_19:0_20:0_21:0_22:0_23:0_24:0_25:0_26:0_27:0_28:0_29:0_30:0_31:0_32:0_33:0_34:0_35:0_36:0_37:0_38:0_39:0_40:0_41:0_42:0_43:0_44:0_45:0_46:0_47:0_48:0_49:0_50:0_51:0_52:0_53:0_54:0_55:0_56:0_57:0_58:0_59:0_60:0_61:0_62:0_63:0_64:0_65:0_66:0_67:0_68:0_69:0_70:0_71:0_72:0_73:0_74:0_75:0_76:0_77:0_78:0_79:0_80:0_81:0_82:0_83:0_84:0_85:0_86:0_87:0_88:0_89:0_90:0_91:0_92:0_93:0_94:0_95:0_96:0_97:0_98:0_99:0_100:0_101:0_102:0_103:0_104:0_105:0_106:0_107:0_108:0_109:0_110:0_111:0_112:0_113:0_114:0_115:0_116:0_117:0_118:0_119:0_120:0_121:0_122:0_123:0_124:0_125:0_126:0_127:0_128:0_129:0_130:0_131:0_132:0_133:0_134:0_135:0_136:0_137:0_138:0_139:0_140:0_141:0_142:0_143:0_144:0_145:0_146:0_147:0_148:0_149:0_150:0_151:0_152:0_153:0_154:0_155:0_156:0_157:0_158:0_159:0_160:0,0:1,0,0,1:0_2:0_3:0_4:0_5:0_6:0_7:0_8:0_9:0_10:0_11:0_12:0_13:0_14:0_15:0_16:0_17:0_18:0_19:0_20:0_21:0_22:0_23:0_24:0_25:0_26:0_27:0_28:0_29:0_30:0_31:0_32:0_33:0_34:0_35:0_36:0_37:0_38:0_39:0_40:0_41:0_42:0_43:0_44:0_45:0_46:0_47:0_48:0_49:0_50:0_51:0_52:0_53:0_54:0_55:0_56:0_57:0_58:0_59:0_60:0_61:0_62:0_63:0_64:0_65:0_66:0_67:0_68:0_69:0_70:0_71:0_72:0_73:0_74:0_75:0_76:0_77:0_78:0_79:0_80:0_81:0_82:0_83:0_84:0_85:0_86:0_87:0_88:0_89:0_90:0_91:0_92:0_93:0_94:0_95:0_96:0_97:0_98:0_99:0_100:0_101:0_102:0_103:0_104:0_105:0_106:0_107:0_108:0_109:0_110:0_111:0_112:0_113:0_114:0_115:0_116:0_117:0_118:0_119:0_120:0_121:0_122:0_123:0_124:0_125:0_126:0_127:0_128:0_129:0_130:0_131:0_132:0_133:0_134:0_135:0_136:0_137:0_138:0_139:0_140:0_141:0_142:0_143:0_144:0_145:0_146:0_147:0_148:0_149:0_150:0_151:0_152:0_153:0_154:0_155:0_156:0_157:0_158:0_159:0_160:0,0:1,0,0,0,0
830020,,"42761010,42663010",1:0_2:0_3:0_4:0_5:0_6:0_7:0_8:0_9:0_10:0_11:0_12:0_13:0_14:0_15:0_16:0_17:0_18:0_19:0_20:0_21:0_22:0_23:0_24:0_25:0_26:0_27:0_28:0_29:0_30:0_31:0_32:0_33:0_34:0_35:0_36:0_37:0_38:0_39:0_40:0_41:0_42:0_43:0_44:0_45:0_46:0_47:0_48:0_49:0_50:0_51:0_52:0_53:0_54:0_55:0_56:0_57:0_58:0_59:0_60:0_61:0_62:0_63:0_64:0_65:0_66:0_67:0_68:0_69:0_70:0_71:0_72:0_73:0_74:0_75:0_76:0_77:0_78:0_79:0_80:0_81:0_82:0_83:0_84:0_85:0_86:0_87:0_88:0_89:0_90:0_91:0_92:0_93:0_94:0_95:0_96:0_97:0_98:0_99:0_100:0_101:0_102:0_103:0_104:0_105:0_106:0_107:0_108:0_109:0_110:0_111:0_112:0_113:0_114:0_115:0_116:0_117:0_118:0_119:0_120:0_121:0_122:0_123:0_124:0_125:0_126:0_127:0_128:0_129:0_130:0_131:0_132:0_133:0_134:0_135:0_136:0_137:0_138:0_139:0_140:0_141:0_142:0_143:0_144:0_145:0_146:0_147:0_148:0_149:0_150:0_151:0_152:0_153:0_154:0_155:0_156:0_157:0_158:0_159:0_160:0,0:1,0,0,1:0_2:0_3:0_4:0_5:0_6:0_7:0_8:0_9:0_10:0_11:0_12:0_13:0_14:0_15:0_16:0_17:0_18:0_19:0_20:0_21:0_22:0_23:0_24:0_25:0_26:0_27:0_28:0_29:0_30:0_31:0_32:0_33:0_34:0_35:0_36:0_37:0_38:0_39:0_40:0_41:0_42:0_43:0_44:0_45:0_46:0_47:0_48:0_49:0_50:0_51:0_52:0_53:0_54:0_55:0_56:0_57:0_58:0_59:0_60:0_61:0_62:0_63:0_64:0_65:0_66:0_67:0_68:0_69:0_70:0_71:0_72:0_73:0_74:0_75:0_76:0_77:0_78:0_79:0_80:0_81:0_82:0_83:0_84:0_85:0_86:0_87:0_88:0_89:0_90:0_91:0_92:0_93:0_94:0_95:0_96:0_97:0_98:0_99:0_100:0_101:0_102:0_103:0_104:0_105:0_106:0_107:0_108:0_109:0_110:0_111:0_112:0_113:0_114:0_115:0_116:0_117:0_118:0_119:0_120:0_121:0_122:0_123:0_124:0_125:0_126:0_127:0_128:0_129:0_130:0_131:0_132:0_133:0_134:0_135:0_136:0_137:0_138:0_139:0_140:0_141:0_142:0_143:0_144:0_145:0_146:0_147:0_148:0_149:0_150:0_151:0_152:0_153:0_154:0_155:0_156:0_157:0_158:0_159:0_160:0,0:1,0,0,0,0
830010,,"42761010,42663010",1:0_2:0_3:0_4:0_5:0_6:0_7:0_8:0_9:0_10:0_11:0_12:0_13:0_14:0_15:0_16:0_17:0_18:0_19:0_20:0_21:0_22:0_23:0_24:0_25:0_26:0_27:0_28:0_29:0_30:0_31:0_32:0_33:0_34:0_35:0_36:0_37:0_38:0_39:0_40:0_41:0_42:0_43:0_44:0_45:0_46:0_47:0_48:0_49:0_50:0_51:0_52:0_53:0_54:0_55:0_56:0_57:0_58:0_59:0_60:0_61:0_62:0_63:0_64:0_65:0_66:0_67:0_68:0_69:0_70:0_71:0_72:0_73:0_74:0_75:0_76:0_77:0_78:0_79:0_80:0_81:0_82:0_83:0_84:0_85:0_86:0_87:0_88:0_89:0_90:0_91:0_92:0_93:0_94:0_95:0_96:0_97:0_98:0_99:0_100:0_101:0_102:0_103:0_104:0_105:0_106:0_107:0_108:0_109:0_110:0_111:0_112:0_113:0_114:0_115:0_116:0_117:0_118:0_119:0_120:0_121:0_122:0_123:0_124:0_125:0_126:0_127:0_128:0_129:0_130:0_131:0_132:0_133:0_134:0_135:0_136:0_137:0_138:0_139:0_140:0_141:0_142:0_143:0_144:0_145:0_146:0_147:0_148:0_149:0_150:0_151:0_152:0_153:0_154:0_155:0_156:0_157:0_158:0_159:0_160:0,0:1,0,0,1:0_2:0_3:0_4:0_5:0_6:0_7:0_8:0_9:0_10:0_11:0_12:0_13:0_14:0_15:0_16:0_17:0_18:0_19:0_20:0_21:0_22:0_23:0_24:0_25:0_26:0_27:0_28:0_29:0_30:0_31:0_32:0_33:0_34:0_35:0_36:0_37:0_38:0_39:0_40:0_41:0_42:0_43:0_44:0_45:0_46:0_47:0_48:0_49:0_50:0_51:0_52:0_53:0_54:0_55:0_56:0_57:0_58:0_59:0_60:0_61:0_62:0_63:0_64:0_65:0_66:0_67:0_68:0_69:0_70:0_71:0_72:0_73:0_74:0_75:0_76:0_77:0_78:0_79:0_80:0_81:0_82:0_83:0_84:0_85:0_86:0_87:0_88:0_89:0_90:0_91:0_92:0_93:0_94:0_95:0_96:0_97:0_98:0_99:0_100:0_101:0_102:0_103:0_104:0_105:0_106:0_107:0_108:0_109:0_110:0_111:0_112:0_113:0_114:0_115:0_116:0_117:0_118:0_119:0_120:0_121:0_122:0_123:0_124:0_125:0_126:0_127:0_128:0_129:0_130:0_131:0_132:0_133:0_134:0_135:0_136:0_137:0_138:0_139:0_140:0_141:0_142:0_143:0_144:0_145:0_146:0_147:0_148:0_149:0_150:0_151:0_152:0_153:0_154:0_155:0_156:0_157:0_158:0_159:0_160:0,0:1,0,0,0,0
840020,,"42761010,42663010",1:0_2:0_3:0_4:0_5:0_6:0_7:0_8:0_9:0_10:0_11:0_12:0_13:0_14:0_15:0_16:0_17:0_18:0_19:0_20:0_21:0_22:0_23:0_24:0_25:0_26:0_27:0_28:0_29:0_30:0_31:0_32:0_33:0_34:0_35:0_36:0_37:0_38:0_39:0_40:0_41:0_42:0_43:0_44:0_45:0_46:0_47:0_48:0_49:0_50:0_51:0_52:0_53:0_54:0_55:0_56:0_57:0_58:0_59:0_60:0_61:0_62:0_63:0_64:0_65:0_66:0_67:0_68:0_69:0_70:0_71:0_72:0_73:0_74:0_75:0_76:0_77:0_78:0_79:0_80:0_81:0_82:0_83:0_84:0_85:0_86:0_87:0_88:0_89:0_90:0_91:0_92:0_93:0_94:0_95:0_96:0_97:0_98:0_99:0_100:0_101:0_102:0_103:0_104:0_105:0_106:0_107:0_108:0_109:0_110:0_111:0_112:0_113:0_114:0_115:0_116:0_117:0_118:0_119:0_120:0_121:0_122:0_123:0_124:0_125:0_126:0_127:0_128:0_129:0_130:0_131:0_132:0_133:0_134:0_135:0_136:0_137:0_138:0_139:0_140:0_141:0_142:0_143:0_144:0_145:0_146:0_147:0_148:0_149:0_150:0_151:0_152:0_153:0_154:0_155:0_156:0_157:0_158:0_159:0_160:0,0:1,0,0,1:0_2:0_3:0_4:0_5:0_6:0_7:0_8:0_9:0_10:0_11:0_12:0_13:0_14:0_15:0_16:0_17:0_18:0_19:0_20:0_21:0_22:0_23:0_24:0_25:0_26:0_27:0_28:0_29:0_30:0_31:0_32:0_33:0_34:0_35:0_36:0_37:0_38:0_39:0_40:0_41:0_42:0_43:0_44:0_45:0_46:0_47:0_48:0_49:0_50:0_51:0_52:0_53:0_54:0_55:0_56:0_57:0_58:0_59:0_60:0_61:0_62:0_63:0_64:0_65:0_66:0_67:0_68:0_69:0_70:0_71:0_72:0_73:0_74:0_75:0_76:0_77:0_78:0_79:0_80:0_81:0_82:0_83:0_84:0_85:0_86:0_87:0_88:0_89:0_90:0_91:0_92:0_93:0_94:0_95:0_96:0_97:0_98:0_99:0_100:0_101:0_102:0_103:0_104:0_105:0_106:0_107:0_108:0_109:0_110:0_111:0_112:0_113:0_114:0_115:0_116:0_117:0_118:0_119:0_120:0_121:0_122:0_123:0_124:0_125:0_126:0_127:0_128:0_129:0_130:0_131:0_132:0_133:0_134:0_135:0_136:0_137:0_138:0_139:0_140:0_141:0_142:0_143:0_144:0_145:0_146:0_147:0_148:0_149:0_150:0_151:0_152:0_153:0_154:0_155:0_156:0_157:0_158:0_159:0_160:0,0:1,0,0,0,0
840010,,"42761010,42663010",1:0_2:0_3:0_4:0_5:0_6:0_7:0_8:0_9:0_10:0_11:0_12:0_13:0_14:0_15:0_16:0_17:0_18:0_19:0_20:0_21:0_22:0_23:0_24:0_25:0_26:0_27:0_28:0_29:0_30:0_31:0_32:0_33:0_34:0_35:0_36:0_37:0_38:0_39:0_40:0_41:0_42:0_43:0_44:0_45:0_46:0_47:0_48:0_49:0_50:0_51:0_52:0_53:0_54:0_55:0_56:0_57:0_58:0_59:0_60:0_61:0_62:0_63:0_64:0_65:0_66:0_67:0_68:0_69:0_70:0_71:0_72:0_73:0_74:0_75:0_76:0_77:0_78:0_79:0_80:0_81:0_82:0_83:0_84:0_85:0_86:0_87:0_88:0_89:0_90:0_91:0_92:0_93:0_94:0_95:0_96:0_97:0_98:0_99:0_100:0_101:0_102:0_103:0_104:0_105:0_106:0_107:0_108:0_109:0_110:0_111:0_112:0_113:0_114:0_115:0_116:0_117:0_118:0_119:0_120:0_121:0_122:0_123:0_124:0_125:0_126:0_127:0_128:0_129:0_130:0_131:0_132:0_133:0_134:0_135:0_136:0_137:0_138:0_139:0_140:0_141:0_142:0_143:0_144:0_145:0_146:0_147:0_148:0_149:0_150:0_151:0_152:0_153:0_154:0_155:0_156:0_157:0_158:0_159:0_160:0,0:1,0,0,1:0_2:0_3:0_4:0_5:0_6:0_7:0_8:0_9:0_10:0_11:0_12:0_13:0_14:0_15:0_16:0_17:0_18:0_19:0_20:0_21:0_22:0_23:0_24:0_25:0_26:0_27:0_28:0_29:0_30:0_31:0_32:0_33:0_34:0_35:0_36:0_37:0_38:0_39:0_40:0_41:0_42:0_43:0_44:0_45:0_46:0_47:0_48:0_49:0_50:0_51:0_52:0_53:0_54:0_55:0_56:0_57:0_58:0_59:0_60:0_61:0_62:0_63:0_64:0_65:0_66:0_67:0_68:0_69:0_70:0_71:0_72:0_73:0_74:0_75:0_76:0_77:0_78:0_79:0_80:0_81:0_82:0_83:0_84:0_85:0_86:0_87:0_88:0_89:0_90:0_91:0_92:0_93:0_94:0_95:0_96:0_97:0_98:0_99:0_100:0_101:0_102:0_103:0_104:0_105:0_106:0_107:0_108:0_109:0_110:0_111:0_112:0_113:0_114:0_115:0_116:0_117:0_118:0_119:0_120:0_121:0_122:0_123:0_124:0_125:0_126:0_127:0_128:0_129:0_130:0_131:0_132:0_133:0_134:0_135:0_136:0_137:0_138:0_139:0_140:0_141:0_142:0_143:0_144:0_145:0_146:0_147:0_148:0_149:0_150:0_151:0_152:0_153:0_154:0_155:0_156:0_157:0_158:0_159:0_160:0,0:1,0,0,0,0
850020,,"42761010,42663010",1:0_2:0_3:0_4:0_5:0_6:0_7:0_8:0_9:0_10:0_11:0_12:0_13:0_14:0_15:0_16:0_17:0_18:0_19:0_20:0_21:0_22:0_23:0_24:0_25:0_26:0_27:0_28:0_29:0_30:0_31:0_32:0_33:0_34:0_35:0_36:0_37:0_38:0_39:0_40:0_41:0_42:0_43:0_44:0_45:0_46:0_47:0_48:0_49:0_50:0_51:0_52:0_53:0_54:0_55:0_56:0_57:0_58:0_59:0_60:0_61:0_62:0_63:0_64:0_65:0_66:0_67:0_68:0_69:0_70:0_71:0_72:0_73:0_74:0_75:0_76:0_77:0_78:0_79:0_80:0_81:0_82:0_83:0_84:0_85:0_86:0_87:0_88:0_89:0_90:0_91:0_92:0_93:0_94:0_95:0_96:0_97:0_98:0_99:0_100:0_101:0_102:0_103:0_104:0_105:0_106:0_107:0_108:0_109:0_110:0_111:0_112:0_113:0_114:0_115:0_116:0_117:0_118:0_119:0_120:0_121:0_122:0_123:0_124:0_125:0_126:0_127:0_128:0_129:0_130:0_131:0_132:0_133:0_134:0_135:0_136:0_137:0_138:0_139:0_140:0_141:0_142:0_143:0_144:0_145:0_146:0_147:0_148:0_149:0_150:0_151:0_152:0_153:0_154:0_155:0_156:0_157:0_158:0_159:0_160:0,0:1,0,0,1:0_2:0_3:0_4:0_5:0_6:0_7:0_8:0_9:0_10:0_11:0_12:0_13:0_14:0_15:0_16:0_17:0_18:0_19:0_20:0_21:0_22:0_23:0_24:0_25:0_26:0_27:0_28:0_29:0_30:0_31:0_32:0_33:0_34:0_35:0_36:0_37:0_38:0_39:0_40:0_41:0_42:0_43:0_44:0_45:0_46:0_47:0_48:0_49:0_50:0_51:0_52:0_53:0_54:0_55:0_56:0_57:0_58:0_59:0_60:0_61:0_62:0_63:0_64:0_65:0_66:0_67:0_68:0_69:0_70:0_71:0_72:0_73:0_74:0_75:0_76:0_77:0_78:0_79:0_80:0_81:0_82:0_83:0_84:0_85:0_86:0_87:0_88:0_89:0_90:0_91:0_92:0_93:0_94:0_95:0_96:0_97:0_98:0_99:0_100:0_101:0_102:0_103:0_104:0_105:0_106:0_107:0_108:0_109:0_110:0_111:0_112:0_113:0_114:0_115:0_116:0_117:0_118:0_119:0_120:0_121:0_122:0_123:0_124:0_125:0_126:0_127:0_128:0_129:0_130:0_131:0_132:0_133:0_134:0_135:0_136:0_137:0_138:0_139:0_140:0_141:0_142:0_143:0_144:0_145:0_146:0_147:0_148:0_149:0_150:0_151:0_152:0_153:0_154:0_155:0_156:0_157:0_158:0_159:0_160:0,0:1,0,0,0,0
850010,,"42761010,42663010",1:0_2:0_3:0_4:0_5:0_6:0_7:0_8:0_9:0_10:0_11:0_12:0_13:0_14:0_15:0_16:0_17:0_18:0_19:0_20:0_21:0_22:0_23:0_24:0_25:0_26:0_27:0_28:0_29:0_30:0_31:0_32:0_33:0_34:0_35:0_36:0_37:0_38:0_39:0_40:0_41:0_42:0_43:0_44:0_45:0_46:0_47:0_48:0_49:0_50:0_51:0_52:0_53:0_54:0_55:0_56:0_57:0_58:0_59:0_60:0_61:0_62:0_63:0_64:0_65:0_66:0_67:0_68:0_69:0_70:0_71:0_72:0_73:0_74:0_75:0_76:0_77:0_78:0_79:0_80:0_81:0_82:0_83:0_84:0_85:0_86:0_87:0_88:0_89:0_90:0_91:0_92:0_93:0_94:0_95:0_96:0_97:0_98:0_99:0_100:0_101:0_102:0_103:0_104:0_105:0_106:0_107:0_108:0_109:0_110:0_111:0_112:0_113:0_114:0_115:0_116:0_117:0_118:0_119:0_120:0_121:0_122:0_123:0_124:0_125:0_126:0_127:0_128:0_129:0_130:0_131:0_132:0_133:0_134:0_135:0_136:0_137:0_138:0_139:0_140:0_141:0_142:0_143:0_144:0_145:0_146:0_147:0_148:0_149:0_150:0_151:0_152:0_153:0_154:0_155:0_156:0_157:0_158:0_159:0_160:0,0:1,0,0,1:0_2:0_3:0_4:0_5:0_6:0_7:0_8:0_9:0_10:0_11:0_12:0_13:0_14:0_15:0_16:0_17:0_18:0_19:0_20:0_21:0_22:0_23:0_24:0_25:0_26:0_27:0_28:0_29:0_30:0_31:0_32:0_33:0_34:0_35:0_36:0_37:0_38:0_39:0_40:0_41:0_42:0_43:0_44:0_45:0_46:0_47:0_48:0_49:0_50:0_51:0_52:0_53:0_54:0_55:0_56:0_57:0_58:0_59:0_60:0_61:0_62:0_63:0_64:0_65:0_66:0_67:0_68:0_69:0_70:0_71:0_72:0_73:0_74:0_75:0_76:0_77:0_78:0_79:0_80:0_81:0_82:0_83:0_84:0_85:0_86:0_87:0_88:0_89:0_90:0_91:0_92:0_93:0_94:0_95:0_96:0_97:0_98:0_99:0_100:0_101:0_102:0_103:0_104:0_105:0_106:0_107:0_108:0_109:0_110:0_111:0_112:0_113:0_114:0_115:0_116:0_117:0_118:0_119:0_120:0_121:0_122:0_123:0_124:0_125:0_126:0_127:0_128:0_129:0_130:0_131:0_132:0_133:0_134:0_135:0_136:0_137:0_138:0_139:0_140:0_141:0_142:0_143:0_144:0_145:0_146:0_147:0_148:0_149:0_150:0_151:0_152:0_153:0_154:0_155:0_156:0_157:0_158:0_159:0_160:0,0:1,0,0,0,0
860020,,"42761010,42663010",1:0_2:0_3:0_4:0_5:0_6:0_7:0_8:0_9:0_10:0_11:0_12:0_13:0_14:0_15:0_16:0_17:0_18:0_19:0_20:0_21:0_22:0_23:0_24:0_25:0_26:0_27:0_28:0_29:0_30:0_31:0_32:0_33:0_34:0_35:0_36:0_37:0_38:0_39:0_40:0_41:0_42:0_43:0_44:0_45:0_46:0_47:0_48:0_49:0_50:0_51:0_52:0_53:0_54:0_55:0_56:0_57:0_58:0_59:0_60:0_61:0_62:0_63:0_64:0_65:0_66:0_67:0_68:0_69:0_70:0_71:0_72:0_73:0_74:0_75:0_76:0_77:0_78:0_79:0_80:0_81:0_82:0_83:0_84:0_85:0_86:0_87:0_88:0_89:0_90:0_91:0_92:0_93:0_94:0_95:0_96:0_97:0_98:0_99:0_100:0_101:0_102:0_103:0_104:0_105:0_106:0_107:0_108:0_109:0_110:0_111:0_112:0_113:0_114:0_115:0_116:0_117:0_118:0_119:0_120:0_121:0_122:0_123:0_124:0_125:0_126:0_127:0_128:0_129:0_130:0_131:0_132:0_133:0_134:0_135:0_136:0_137:0_138:0_139:0_140:0_141:0_142:0_143:0_144:0_145:0_146:0_147:0_148:0_149:0_150:0_151:0_152:0_153:0_154:0_155:0_156:0_157:0_158:0_159:0_160:0,0:1,0,0,1:0_2:0_3:0_4:0_5:0_6:0_7:0_8:0_9:0_10:0_11:0_12:0_13:0_14:0_15:0_16:0_17:0_18:0_19:0_20:0_21:0_22:0_23:0_24:0_25:0_26:0_27:0_28:0_29:0_30:0_31:0_32:0_33:0_34:0_35:0_36:0_37:0_38:0_39:0_40:0_41:0_42:0_43:0_44:0_45:0_46:0_47:0_48:0_49:0_50:0_51:0_52:0_53:0_54:0_55:0_56:0_57:0_58:0_59:0_60:0_61:0_62:0_63:0_64:0_65:0_66:0_67:0_68:0_69:0_70:0_71:0_72:0_73:0_74:0_75:0_76:0_77:0_78:0_79:0_80:0_81:0_82:0_83:0_84:0_85:0_86:0_87:0_88:0_89:0_90:0_91:0_92:0_93:0_94:0_95:0_96:0_97:0_98:0_99:0_100:0_101:0_102:0_103:0_104:0_105:0_106:0_107:0_108:0_109:0_110:0_111:0_112:0_113:0_114:0_115:0_116:0_117:0_118:0_119:0_120:0_121:0_122:0_123:0_124:0_125:0_126:0_127:0_128:0_129:0_130:0_131:0_132:0_133:0_134:0_135:0_136:0_137:0_138:0_139:0_140:0_141:0_142:0_143:0_144:0_145:0_146:0_147:0_148:0_149:0_150:0_151:0_152:0_153:0_154:0_155:0_156:0_157:0_158:0_159:0_160:0,0:1,0,0,0,0
860010,,"42761010,42663010",1:0_2:0_3:0_4:0_5:0_6:0_7:0_8:0_9:0_10:0_11:0_12:0_13:0_14:0_15:0_16:0_17:0_18:0_19:0_20:0_21:0_22:0_23:0_24:0_25:0_26:0_27:0_28:0_29:0_30:0_31:0_32:0_33:0_34:0_35:0_36:0_37:0_38:0_39:0_40:0_41:0_42:0_43:0_44:0_45:0_46:0_47:0_48:0_49:0_50:0_51:0_52:0_53:0_54:0_55:0_56:0_57:0_58:0_59:0_60:0_61:0_62:0_63:0_64:0_65:0_66:0_67:0_68:0_69:0_70:0_71:0_72:0_73:0_74:0_75:0_76:0_77:0_78:0_79:0_80:0_81:0_82:0_83:0_84:0_85:0_86:0_87:0_88:0_89:0_90:0_91:0_92:0_93:0_94:0_95:0_96:0_97:0_98:0_99:0_100:0_101:0_102:0_103:0_104:0_105:0_106:0_107:0_108:0_109:0_110:0_111:0_112:0_113:0_114:0_115:0_116:0_117:0_118:0_119:0_120:0_121:0_122:0_123:0_124:0_125:0_126:0_127:0_128:0_129:0_130:0_131:0_132:0_133:0_134:0_135:0_136:0_137:0_138:0_139:0_140:0_141:0_142:0_143:0_144:0_145:0_146:0_147:0_148:0_149:0_150:0_151:0_152:0_153:0_154:0_155:0_156:0_157:0_158:0_159:0_160:0,0:1,0,0,1:0_2:0_3:0_4:0_5:0_6:0_7:0_8:0_9:0_10:0_11:0_12:0_13:0_14:0_15:0_16:0_17:0_18:0_19:0_20:0_21:0_22:0_23:0_24:0_25:0_26:0_27:0_28:0_29:0_30:0_31:0_32:0_33:0_34:0_35:0_36:0_37:0_38:0_39:0_40:0_41:0_42:0_43:0_44:0_45:0_46:0_47:0_48:0_49:0_50:0_51:0_52:0_53:0_54:0_55:0_56:0_57:0_58:0_59:0_60:0_61:0_62:0_63:0_64:0_65:0_66:0_67:0_68:0_69:0_70:0_71:0_72:0_73:0_74:0_75:0_76:0_77:0_78:0_79:0_80:0_81:0_82:0_83:0_84:0_85:0_86:0_87:0_88:0_89:0_90:0_91:0_92:0_93:0_94:0_95:0_96:0_97:0_98:0_99:0_100:0_101:0_102:0_103:0_104:0_105:0_106:0_107:0_108:0_109:0_110:0_111:0_112:0_113:0_114:0_115:0_116:0_117:0_118:0_119:0_120:0_121:0_122:0_123:0_124:0_125:0_126:0_127:0_128:0_129:0_130:0_131:0_132:0_133:0_134:0_135:0_136:0_137:0_138:0_139:0_140:0_141:0_142:0_143:0_144:0_145:0_146:0_147:0_148:0_149:0_150:0_151:0_152:0_153:0_154:0_155:0_156:0_157:0_158:0_159:0_160:0,0:1,0,0,0,0
870020,,"42761010,42663010",1:0_2:0_3:0_4:0_5:0_6:0_7:0_8:0_9:0_10:0_11:0_12:0_13:0_14:0_15:0_16:0_17:0_18:0_19:0_20:0_21:0_22:0_23:0_24:0_25:0_26:0_27:0_28:0_29:0_30:0_31:0_32:0_33:0_34:0_35:0_36:0_37:0_38:0_39:0_40:0_41:0_42:0_43:0_44:0_45:0_46:0_47:0_48:0_49:0_50:0_51:0_52:0_53:0_54:0_55:0_56:0_57:0_58:0_59:0_60:0_61:0_62:0_63:0_64:0_65:0_66:0_67:0_68:0_69:0_70:0_71:0_72:0_73:0_74:0_75:0_76:0_77:0_78:0_79:0_80:0_81:0_82:0_83:0_84:0_85:0_86:0_87:0_88:0_89:0_90:0_91:0_92:0_93:0_94:0_95:0_96:0_97:0_98:0_99:0_100:0_101:0_102:0_103:0_104:0_105:0_106:0_107:0_108:0_109:0_110:0_111:0_112:0_113:0_114:0_115:0_116:0_117:0_118:0_119:0_120:0_121:0_122:0_123:0_124:0_125:0_126:0_127:0_128:0_129:0_130:0_131:0_132:0_133:0_134:0_135:0_136:0_137:0_138:0_139:0_140:0_141:0_142:0_143:0_144:0_145:0_146:0_147:0_148:0_149:0_150:0_151:0_152:0_153:0_154:0_155:0_156:0_157:0_158:0_159:0_160:0,0:1,0,0,1:0_2:0_3:0_4:0_5:0_6:0_7:0_8:0_9:0_10:0_11:0_12:0_13:0_14:0_15:0_16:0_17:0_18:0_19:0_20:0_21:0_22:0_23:0_24:0_25:0_26:0_27:0_28:0_29:0_30:0_31:0_32:0_33:0_34:0_35:0_36:0_37:0_38:0_39:0_40:0_41:0_42:0_43:0_44:0_45:0_46:0_47:0_48:0_49:0_50:0_51:0_52:0_53:0_54:0_55:0_56:0_57:0_58:0_59:0_60:0_61:0_62:0_63:0_64:0_65:0_66:0_67:0_68:0_69:0_70:0_71:0_72:0_73:0_74:0_75:0_76:0_77:0_78:0_79:0_80:0_81:0_82:0_83:0_84:0_85:0_86:0_87:0_88:0_89:0_90:0_91:0_92:0_93:0_94:0_95:0_96:0_97:0_98:0_99:0_100:0_101:0_102:0_103:0_104:0_105:0_106:0_107:0_108:0_109:0_110:0_111:0_112:0_113:0_114:0_115:0_116:0_117:0_118:0_119:0_120:0_121:0_122:0_123:0_124:0_125:0_126:0_127:0_128:0_129:0_130:0_131:0_132:0_133:0_134:0_135:0_136:0_137:0_138:0_139:0_140:0_141:0_142:0_143:0_144:0_145:0_146:0_147:0_148:0_149:0_150:0_151:0_152:0_153:0_154:0_155:0_156:0_157:0_158:0_159:0_160:0,0:1,0,0,0,0
870010,,"42761010,42663010",1:0_2:0_3:0_4:0_5:0_6:0_7:0_8:0_9:0_10:0_11:0_12:0_13:0_14:0_15:0_16:0_17:0_18:0_19:0_20:0_21:0_22:0_23:0_24:0_25:0_26:0_27:0_28:0_29:0_30:0_31:0_32:0_33:0_34:0_35:0_36:0_37:0_38:0_39:0_40:0_41:0_42:0_43:0_44:0_45:0_46:0_47:0_48:0_49:0_50:0_51:0_52:0_53:0_54:0_55:0_56:0_57:0_58:0_59:0_60:0_61:0_62:0_63:0_64:0_65:0_66:0_67:0_68:0_69:0_70:0_71:0_72:0_73:0_74:0_75:0_76:0_77:0_78:0_79:0_80:0_81:0_82:0_83:0_84:0_85:0_86:0_87:0_88:0_89:0_90:0_91:0_92:0_93:0_94:0_95:0_96:0_97:0_98:0_99:0_100:0_101:0_102:0_103:0_104:0_105:0_106:0_107:0_108:0_109:0_110:0_111:0_112:0_113:0_114:0_115:0_116:0_117:0_118:0_119:0_120:0_121:0_122:0_123:0_124:0_125:0_126:0_127:0_128:0_129:0_130:0_131:0_132:0_133:0_134:0_135:0_136:0_137:0_138:0_139:0_140:0_141:0_142:0_143:0_144:0_145:0_146:0_147:0_148:0_149:0_150:0_151:0_152:0_153:0_154:0_155:0_156:0_157:0_158:0_159:0_160:0,0:1,0,0,1:0_2:0_3:0_4:0_5:0_6:0_7:0_8:0_9:0_10:0_11:0_12:0_13:0_14:0_15:0_16:0_17:0_18:0_19:0_20:0_21:0_22:0_23:0_24:0_25:0_26:0_27:0_28:0_29:0_30:0_31:0_32:0_33:0_34:0_35:0_36:0_37:0_38:0_39:0_40:0_41:0_42:0_43:0_44:0_45:0_46:0_47:0_48:0_49:0_50:0_51:0_52:0_53:0_54:0_55:0_56:0_57:0_58:0_59:0_60:0_61:0_62:0_63:0_64:0_65:0_66:0_67:0_68:0_69:0_70:0_71:0_72:0_73:0_74:0_75:0_76:0_77:0_78:0_79:0_80:0_81:0_82:0_83:0_84:0_85:0_86:0_87:0_88:0_89:0_90:0_91:0_92:0_93:0_94:0_95:0_96:0_97:0_98:0_99:0_100:0_101:0_102:0_103:0_104:0_105:0_106:0_107:0_108:0_109:0_110:0_111:0_112:0_113:0_114:0_115:0_116:0_117:0_118:0_119:0_120:0_121:0_122:0_123:0_124:0_125:0_126:0_127:0_128:0_129:0_130:0_131:0_132:0_133:0_134:0_135:0_136:0_137:0_138:0_139:0_140:0_141:0_142:0_143:0_144:0_145:0_146:0_147:0_148:0_149:0_150:0_151:0_152:0_153:0_154:0_155:0_156:0_157:0_158:0_159:0_160:0,0:1,0,0,0,0
880020,,"42761010,42663010",1:0_2:0_3:0_4:0_5:0_6:0_7:0_8:0_9:0_10:0_11:0_12:0_13:0_14:0_15:0_16:0_17:0_18:0_19:0_20:0_21:0_22:0_23:0_24:0_25:0_26:0_27:0_28:0_29:0_30:0_31:0_32:0_33:0_34:0_35:0_36:0_37:0_38:0_39:0_40:0_41:0_42:0_43:0_44:0_45:0_46:0_47:0_48:0_49:0_50:0_51:0_52:0_53:0_54:0_55:0_56:0_57:0_58:0_59:0_60:0_61:0_62:0_63:0_64:0_65:0_66:0_67:0_68:0_69:0_70:0_71:0_72:0_73:0_74:0_75:0_76:0_77:0_78:0_79:0_80:0_81:0_82:0_83:0_84:0_85:0_86:0_87:0_88:0_89:0_90:0_91:0_92:0_93:0_94:0_95:0_96:0_97:0_98:0_99:0_100:0_101:0_102:0_103:0_104:0_105:0_106:0_107:0_108:0_109:0_110:0_111:0_112:0_113:0_114:0_115:0_116:0_117:0_118:0_119:0_120:0_121:0_122:0_123:0_124:0_125:0_126:0_127:0_128:0_129:0_130:0_131:0_132:0_133:0_134:0_135:0_136:0_137:0_138:0_139:0_140:0_141:0_142:0_143:0_144:0_145:0_146:0_147:0_148:0_149:0_150:0_151:0_152:0_153:0_154:0_155:0_156:0_157:0_158:0_159:0_160:0,0:1,0,0,1:0_2:0_3:0_4:0_5:0_6:0_7:0_8:0_9:0_10:0_11:0_12:0_13:0_14:0_15:0_16:0_17:0_18:0_19:0_20:0_21:0_22:0_23:0_24:0_25:0_26:0_27:0_28:0_29:0_30:0_31:0_32:0_33:0_34:0_35:0_36:0_37:0_38:0_39:0_40:0_41:0_42:0_43:0_44:0_45:0_46:0_47:0_48:0_49:0_50:0_51:0_52:0_53:0_54:0_55:0_56:0_57:0_58:0_59:0_60:0_61:0_62:0_63:0_64:0_65:0_66:0_67:0_68:0_69:0_70:0_71:0_72:0_73:0_74:0_75:0_76:0_77:0_78:0_79:0_80:0_81:0_82:0_83:0_84:0_85:0_86:0_87:0_88:0_89:0_90:0_91:0_92:0_93:0_94:0_95:0_96:0_97:0_98:0_99:0_100:0_101:0_102:0_103:0_104:0_105:0_106:0_107:0_108:0_109:0_110:0_111:0_112:0_113:0_114:0_115:0_116:0_117:0_118:0_119:0_120:0_121:0_122:0_123:0_124:0_125:0_126:0_127:0_128:0_129:0_130:0_131:0_132:0_133:0_134:0_135:0_136:0_137:0_138:0_139:0_140:0_141:0_142:0_143:0_144:0_145:0_146:0_147:0_148:0_149:0_150:0_151:0_152:0_153:0_154:0_155:0_156:0_157:0_158:0_159:0_160:0,0:1,0,0,0,0
880010,,"42761010,42663010",1:0_2:0_3:0_4:0_5:0_6:0_7:0_8:0_9:0_10:0_11:0_12:0_13:0_14:0_15:0_16:0_17:0_18:0_19:0_20:0_21:0_22:0_23:0_24:0_25:0_26:0_27:0_28:0_29:0_30:0_31:0_32:0_33:0_34:0_35:0_36:0_37:0_38:0_39:0_40:0_41:0_42:0_43:0_44:0_45:0_46:0_47:0_48:0_49:0_50:0_51:0_52:0_53:0_54:0_55:0_56:0_57:0_58:0_59:0_60:0_61:0_62:0_63:0_64:0_65:0_66:0_67:0_68:0_69:0_70:0_71:0_72:0_73:0_74:0_75:0_76:0_77:0_78:0_79:0_80:0_81:0_82:0_83:0_84:0_85:0_86:0_87:0_88:0_89:0_90:0_91:0_92:0_93:0_94:0_95:0_96:0_97:0_98:0_99:0_100:0_101:0_102:0_103:0_104:0_105:0_106:0_107:0_108:0_109:0_110:0_111:0_112:0_113:0_114:0_115:0_116:0_117:0_118:0_119:0_120:0_121:0_122:0_123:0_124:0_125:0_126:0_127:0_128:0_129:0_130:0_131:0_132:0_133:0_134:0_135:0_136:0_137:0_138:0_139:0_140:0_141:0_142:0_143:0_144:0_145:0_146:0_147:0_148:0_149:0_150:0_151:0_152:0_153:0_154:0_155:0_156:0_157:0_158:0_159:0_160:0,0:1,0,0,1:0_2:0_3:0_4:0_5:0_6:0_7:0_8:0_9:0_10:0_11:0_12:0_13:0_14:0_15:0_16:0_17:0_18:0_19:0_20:0_21:0_22:0_23:0_24:0_25:0_26:0_27:0_28:0_29:0_30:0_31:0_32:0_33:0_34:0_35:0_36:0_37:0_38:0_39:0_40:0_41:0_42:0_43:0_44:0_45:0_46:0_47:0_48:0_49:0_50:0_51:0_52:0_53:0_54:0_55:0_56:0_57:0_58:0_59:0_60:0_61:0_62:0_63:0_64:0_65:0_66:0_67:0_68:0_69:0_70:0_71:0_72:0_73:0_74:0_75:0_76:0_77:0_78:0_79:0_80:0_81:0_82:0_83:0_84:0_85:0_86:0_87:0_88:0_89:0_90:0_91:0_92:0_93:0_94:0_95:0_96:0_97:0_98:0_99:0_100:0_101:0_102:0_103:0_104:0_105:0_106:0_107:0_108:0_109:0_110:0_111:0_112:0_113:0_114:0_115:0_116:0_117:0_118:0_119:0_120:0_121:0_122:0_123:0_124:0_125:0_126:0_127:0_128:0_129:0_130:0_131:0_132:0_133:0_134:0_135:0_136:0_137:0_138:0_139:0_140:0_141:0_142:0_143:0_144:0_145:0_146:0_147:0_148:0_149:0_150:0_151:0_152:0_153:0_154:0_155:0_156:0_157:0_158:0_159:0_160:0,0:1,0,0,0,0
890020,,"42761010,42663010",1:0_2:0_3:0_4:0_5:0_6:0_7:0_8:0_9:0_10:0_11:0_12:0_13:0_14:0_15:0_16:0_17:0_18:0_19:0_20:0_21:0_22:0_23:0_24:0_25:0_26:0_27:0_28:0_29:0_30:0_31:0_32:0_33:0_34:0_35:0_36:0_37:0_38:0_39:0_40:0_41:0_42:0_43:0_44:0_45:0_46:0_47:0_48:0_49:0_50:0_51:0_52:0_53:0_54:0_55:0_56:0_57:0_58:0_59:0_60:0_61:0_62:0_63:0_64:0_65:0_66:0_67:0_68:0_69:0_70:0_71:0_72:0_73:0_74:0_75:0_76:0_77:0_78:0_79:0_80:0_81:0_82:0_83:0_84:0_85:0_86:0_87:0_88:0_89:0_90:0_91:0_92:0_93:0_94:0_95:0_96:0_97:0_98:0_99:0_100:0_101:0_102:0_103:0_104:0_105:0_106:0_107:0_108:0_109:0_110:0_111:0_112:0_113:0_114:0_115:0_116:0_117:0_118:0_119:0_120:0_121:0_122:0_123:0_124:0_125:0_126:0_127:0_128:0_129:0_130:0_131:0_132:0_133:0_134:0_135:0_136:0_137:0_138:0_139:0_140:0_141:0_142:0_143:0_144:0_145:0_146:0_147:0_148:0_149:0_150:0_151:0_152:0_153:0_154:0_155:0_156:0_157:0_158:0_159:0_160:0,0:1,0,0,1:0_2:0_3:0_4:0_5:0_6:0_7:0_8:0_9:0_10:0_11:0_12:0_13:0_14:0_15:0_16:0_17:0_18:0_19:0_20:0_21:0_22:0_23:0_24:0_25:0_26:0_27:0_28:0_29:0_30:0_31:0_32:0_33:0_34:0_35:0_36:0_37:0_38:0_39:0_40:0_41:0_42:0_43:0_44:0_45:0_46:0_47:0_48:0_49:0_50:0_51:0_52:0_53:0_54:0_55:0_56:0_57:0_58:0_59:0_60:0_61:0_62:0_63:0_64:0_65:0_66:0_67:0_68:0_69:0_70:0_71:0_72:0_73:0_74:0_75:0_76:0_77:0_78:0_79:0_80:0_81:0_82:0_83:0_84:0_85:0_86:0_87:0_88:0_89:0_90:0_91:0_92:0_93:0_94:0_95:0_96:0_97:0_98:0_99:0_100:0_101:0_102:0_103:0_104:0_105:0_106:0_107:0_108:0_109:0_110:0_111:0_112:0_113:0_114:0_115:0_116:0_117:0_118:0_119:0_120:0_121:0_122:0_123:0_124:0_125:0_126:0_127:0_128:0_129:0_130:0_131:0_132:0_133:0_134:0_135:0_136:0_137:0_138:0_139:0_140:0_141:0_142:0_143:0_144:0_145:0_146:0_147:0_148:0_149:0_150:0_151:0_152:0_153:0_154:0_155:0_156:0_157:0_158:0_159:0_160:0,0:1,0,0,0,0
890010,,"42761010,42663010",1:0_2:0_3:0_4:0_5:0_6:0_7:0_8:0_9:0_10:0_11:0_12:0_13:0_14:0_15:0_16:0_17:0_18:0_19:0_20:0_21:0_22:0_23:0_24:0_25:0_26:0_27:0_28:0_29:0_30:0_31:0_32:0_33:0_34:0_35:0_36:0_37:0_38:0_39:0_40:0_41:0_42:0_43:0_44:0_45:0_46:0_47:0_48:0_49:0_50:0_51:0_52:0_53:0_54:0_55:0_56:0_57:0_58:0_59:0_60:0_61:0_62:0_63:0_64:0_65:0_66:0_67:0_68:0_69:0_70:0_71:0_72:0_73:0_74:0_75:0_76:0_77:0_78:0_79:0_80:0_81:0_82:0_83:0_84:0_85:0_86:0_87:0_88:0_89:0_90:0_91:0_92:0_93:0_94:0_95:0_96:0_97:0_98:0_99:0_100:0_101:0_102:0_103:0_104:0_105:0_106:0_107:0_108:0_109:0_110:0_111:0_112:0_113:0_114:0_115:0_116:0_117:0_118:0_119:0_120:0_121:0_122:0_123:0_124:0_125:0_126:0_127:0_128:0_129:0_130:0_131:0_132:0_133:0_134:0_135:0_136:0_137:0_138:0_139:0_140:0_141:0_142:0_143:0_144:0_145:0_146:0_147:0_148:0_149:0_150:0_151:0_152:0_153:0_154:0_155:0_156:0_157:0_158:0_159:0_160:0,0:1,0,0,1:0_2:0_3:0_4:0_5:0_6:0_7:0_8:0_9:0_10:0_11:0_12:0_13:0_14:0_15:0_16:0_17:0_18:0_19:0_20:0_21:0_22:0_23:0_24:0_25:0_26:0_27:0_28:0_29:0_30:0_31:0_32:0_33:0_34:0_35:0_36:0_37:0_38:0_39:0_40:0_41:0_42:0_43:0_44:0_45:0_46:0_47:0_48:0_49:0_50:0_51:0_52:0_53:0_54:0_55:0_56:0_57:0_58:0_59:0_60:0_61:0_62:0_63:0_64:0_65:0_66:0_67:0_68:0_69:0_70:0_71:0_72:0_73:0_74:0_75:0_76:0_77:0_78:0_79:0_80:0_81:0_82:0_83:0_84:0_85:0_86:0_87:0_88:0_89:0_90:0_91:0_92:0_93:0_94:0_95:0_96:0_97:0_98:0_99:0_100:0_101:0_102:0_103:0_104:0_105:0_106:0_107:0_108:0_109:0_110:0_111:0_112:0_113:0_114:0_115:0_116:0_117:0_118:0_119:0_120:0_121:0_122:0_123:0_124:0_125:0_126:0_127:0_128:0_129:0_130:0_131:0_132:0_133:0_134:0_135:0_136:0_137:0_138:0_139:0_140:0_141:0_142:0_143:0_144:0_145:0_146:0_147:0_148:0_149:0_150:0_151:0_152:0_153:0_154:0_155:0_156:0_157:0_158:0_159:0_160:0,0:1,0,0,0,0
900020,,"42761010,42663010",1:0_2:0_3:0_4:0_5:0_6:0_7:0_8:0_9:0_10:0_11:0_12:0_13:0_14:0_15:0_16:0_17:0_18:0_19:0_20:0_21:0_22:0_23:0_24:0_25:0_26:0_27:0_28:0_29:0_30:0_31:0_32:0_33:0_34:0_35:0_36:0_37:0_38:0_39:0_40:0_41:0_42:0_43:0_44:0_45:0_46:0_47:0_48:0_49:0_50:0_51:0_52:0_53:0_54:0_55:0_56:0_57:0_58:0_59:0_60:0_61:0_62:0_63:0_64:0_65:0_66:0_67:0_68:0_69:0_70:0_71:0_72:0_73:0_74:0_75:0_76:0_77:0_78:0_79:0_80:0_81:0_82:0_83:0_84:0_85:0_86:0_87:0_88:0_89:0_90:0_91:0_92:0_93:0_94:0_95:0_96:0_97:0_98:0_99:0_100:0_101:0_102:0_103:0_104:0_105:0_106:0_107:0_108:0_109:0_110:0_111:0_112:0_113:0_114:0_115:0_116:0_117:0_118:0_119:0_120:0_121:0_122:0_123:0_124:0_125:0_126:0_127:0_128:0_129:0_130:0_131:0_132:0_133:0_134:0_135:0_136:0_137:0_138:0_139:0_140:0_141:0_142:0_143:0_144:0_145:0_146:0_147:0_148:0_149:0_150:0_151:0_152:0_153:0_154:0_155:0_156:0_157:0_158:0_159:0_160:0,0:1,0,0,1:0_2:0_3:0_4:0_5:0_6:0_7:0_8:0_9:0_10:0_11:0_12:0_13:0_14:0_15:0_16:0_17:0_18:0_19:0_20:0_21:0_22:0_23:0_24:0_25:0_26:0_27:0_28:0_29:0_30:0_31:0_32:0_33:0_34:0_35:0_36:0_37:0_38:0_39:0_40:0_41:0_42:0_43:0_44:0_45:0_46:0_47:0_48:0_49:0_50:0_51:0_52:0_53:0_54:0_55:0_56:0_57:0_58:0_59:0_60:0_61:0_62:0_63:0_64:0_65:0_66:0_67:0_68:0_69:0_70:0_71:0_72:0_73:0_74:0_75:0_76:0_77:0_78:0_79:0_80:0_81:0_82:0_83:0_84:0_85:0_86:0_87:0_88:0_89:0_90:0_91:0_92:0_93:0_94:0_95:0_96:0_97:0_98:0_99:0_100:0_101:0_102:0_103:0_104:0_105:0_106:0_107:0_108:0_109:0_110:0_111:0_112:0_113:0_114:0_115:0_116:0_117:0_118:0_119:0_120:0_121:0_122:0_123:0_124:0_125:0_126:0_127:0_128:0_129:0_130:0_131:0_132:0_133:0_134:0_135:0_136:0_137:0_138:0_139:0_140:0_141:0_142:0_143:0_144:0_145:0_146:0_147:0_148:0_149:0_150:0_151:0_152:0_153:0_154:0_155:0_156:0_157:0_158:0_159:0_160:0,0:1,0,0,0,0
900010,,"42761010,42663010",1:0_2:0_3:0_4:0_5:0_6:0_7:0_8:0_9:0_10:0_11:0_12:0_13:0_14:0_15:0_16:0_17:0_18:0_19:0_20:0_21:0_22:0_23:0_24:0_25:0_26:0_27:0_28:0_29:0_30:0_31:0_32:0_33:0_34:0_35:0_36:0_37:0_38:0_39:0_40:0_41:0_42:0_43:0_44:0_45:0_46:0_47:0_48:0_49:0_50:0_51:0_52:0_53:0_54:0_55:0_56:0_57:0_58:0_59:0_60:0_61:0_62:0_63:0_64:0_65:0_66:0_67:0_68:0_69:0_70:0_71:0_72:0_73:0_74:0_75:0_76:0_77:0_78:0_79:0_80:0_81:0_82:0_83:0_84:0_85:0_86:0_87:0_88:0_89:0_90:0_91:0_92:0_93:0_94:0_95:0_96:0_97:0_98:0_99:0_100:0_101:0_102:0_103:0_104:0_105:0_106:0_107:0_108:0_109:0_110:0_111:0_112:0_113:0_114:0_115:0_116:0_117:0_118:0_119:0_120:0_121:0_122:0_123:0_124:0_125:0_126:0_127:0_128:0_129:0_130:0_131:0_132:0_133:0_134:0_135:0_136:0_137:0_138:0_139:0_140:0_141:0_142:0_143:0_144:0_145:0_146:0_147:0_148:0_149:0_150:0_151:0_152:0_153:0_154:0_155:0_156:0_157:0_158:0_159:0_160:0,0:1,0,0,1:0_2:0_3:0_4:0_5:0_6:0_7:0_8:0_9:0_10:0_11:0_12:0_13:0_14:0_15:0_16:0_17:0_18:0_19:0_20:0_21:0_22:0_23:0_24:0_25:0_26:0_27:0_28:0_29:0_30:0_31:0_32:0_33:0_34:0_35:0_36:0_37:0_38:0_39:0_40:0_41:0_42:0_43:0_44:0_45:0_46:0_47:0_48:0_49:0_50:0_51:0_52:0_53:0_54:0_55:0_56:0_57:0_58:0_59:0_60:0_61:0_62:0_63:0_64:0_65:0_66:0_67:0_68:0_69:0_70:0_71:0_72:0_73:0_74:0_75:0_76:0_77:0_78:0_79:0_80:0_81:0_82:0_83:0_84:0_85:0_86:0_87:0_88:0_89:0_90:0_91:0_92:0_93:0_94:0_95:0_96:0_97:0_98:0_99:0_100:0_101:0_102:0_103:0_104:0_105:0_106:0_107:0_108:0_109:0_110:0_111:0_112:0_113:0_114:0_115:0_116:0_117:0_118:0_119:0_120:0_121:0_122:0_123:0_124:0_125:0_126:0_127:0_128:0_129:0_130:0_131:0_132:0_133:0_134:0_135:0_136:0_137:0_138:0_139:0_140:0_141:0_142:0_143:0_144:0_145:0_146:0_147:0_148:0_149:0_150:0_151:0_152:0_153:0_154:0_155:0_156:0_157:0_158:0_159:0_160:0,0:1,0,0,0,0
910020,,"42761010,42663010",1:0_2:0_3:0_4:0_5:0_6:0_7:0_8:0_9:0_10:0_11:0_12:0_13:0_14:0_15:0_16:0_17:0_18:0_19:0_20:0_21:0_22:0_23:0_24:0_25:0_26:0_27:0_28:0_29:0_30:0_31:0_32:0_33:0_34:0_35:0_36:0_37:0_38:0_39:0_40:0_41:0_42:0_43:0_44:0_45:0_46:0_47:0_48:0_49:0_50:0_51:0_52:0_53:0_54:0_55:0_56:0_57:0_58:0_59:0_60:0_61:0_62:0_63:0_64:0_65:0_66:0_67:0_68:0_69:0_70:0_71:0_72:0_73:0_74:0_75:0_76:0_77:0_78:0_79:0_80:0_81:0_82:0_83:0_84:0_85:0_86:0_87:0_88:0_89:0_90:0_91:0_92:0_93:0_94:0_95:0_96:0_97:0_98:0_99:0_100:0_101:0_102:0_103:0_104:0_105:0_106:0_107:0_108:0_109:0_110:0_111:0_112:0_113:0_114:0_115:0_116:0_117:0_118:0_119:0_120:0_121:0_122:0_123:0_124:0_125:0_126:0_127:0_128:0_129:0_130:0_131:0_132:0_133:0_134:0_135:0_136:0_137:0_138:0_139:0_140:0_141:0_142:0_143:0_144:0_145:0_146:0_147:0_148:0_149:0_150:0_151:0_152:0_153:0_154:0_155:0_156:0_157:0_158:0_159:0_160:0,0:1,0,0,1:0_2:0_3:0_4:0_5:0_6:0_7:0_8:0_9:0_10:0_11:0_12:0_13:0_14:0_15:0_16:0_17:0_18:0_19:0_20:0_21:0_22:0_23:0_24:0_25:0_26:0_27:0_28:0_29:0_30:0_31:0_32:0_33:0_34:0_35:0_36:0_37:0_38:0_39:0_40:0_41:0_42:0_43:0_44:0_45:0_46:0_47:0_48:0_49:0_50:0_51:0_52:0_53:0_54:0_55:0_56:0_57:0_58:0_59:0_60:0_61:0_62:0_63:0_64:0_65:0_66:0_67:0_68:0_69:0_70:0_71:0_72:0_73:0_74:0_75:0_76:0_77:0_78:0_79:0_80:0_81:0_82:0_83:0_84:0_85:0_86:0_87:0_88:0_89:0_90:0_91:0_92:0_93:0_94:0_95:0_96:0_97:0_98:0_99:0_100:0_101:0_102:0_103:0_104:0_105:0_106:0_107:0_108:0_109:0_110:0_111:0_112:0_113:0_114:0_115:0_116:0_117:0_118:0_119:0_120:0_121:0_122:0_123:0_124:0_125:0_126:0_127:0_128:0_129:0_130:0_131:0_132:0_133:0_134:0_135:0_136:0_137:0_138:0_139:0_140:0_141:0_142:0_143:0_144:0_145:0_146:0_147:0_148:0_149:0_150:0_151:0_152:0_153:0_154:0_155:0_156:0_157:0_158:0_159:0_160:0,0:1,0,0,0,0
910010,,"42761010,42663010",1:0_2:0_3:0_4:0_5:0_6:0_7:0_8:0_9:0_10:0_11:0_12:0_13:0_14:0_15:0_16:0_17:0_18:0_19:0_20:0_21:0_22:0_23:0_24:0_25:0_26:0_27:0_28:0_29:0_30:0_31:0_32:0_33:0_34:0_35:0_36:0_37:0_38:0_39:0_40:0_41:0_42:0_43:0_44:0_45:0_46:0_47:0_48:0_49:0_50:0_51:0_52:0_53:0_54:0_55:0_56:0_57:0_58:0_59:0_60:0_61:0_62:0_63:0_64:0_65:0_66:0_67:0_68:0_69:0_70:0_71:0_72:0_73:0_74:0_75:0_76:0_77:0_78:0_79:0_80:0_81:0_82:0_83:0_84:0_85:0_86:0_87:0_88:0_89:0_90:0_91:0_92:0_93:0_94:0_95:0_96:0_97:0_98:0_99:0_100:0_101:0_102:0_103:0_104:0_105:0_106:0_107:0_108:0_109:0_110:0_111:0_112:0_113:0_114:0_115:0_116:0_117:0_118:0_119:0_120:0_121:0_122:0_123:0_124:0_125:0_126:0_127:0_128:0_129:0_130:0_131:0_132:0_133:0_134:0_135:0_136:0_137:0_138:0_139:0_140:0_141:0_142:0_143:0_144:0_145:0_146:0_147:0_148:0_149:0_150:0_151:0_152:0_153:0_154:0_155:0_156:0_157:0_158:0_159:0_160:0,0:1,0,0,1:0_2:0_3:0_4:0_5:0_6:0_7:0_8:0_9:0_10:0_11:0_12:0_13:0_14:0_15:0_16:0_17:0_18:0_19:0_20:0_21:0_22:0_23:0_24:0_25:0_26:0_27:0_28:0_29:0_30:0_31:0_32:0_33:0_34:0_35:0_36:0_37:0_38:0_39:0_40:0_41:0_42:0_43:0_44:0_45:0_46:0_47:0_48:0_49:0_50:0_51:0_52:0_53:0_54:0_55:0_56:0_57:0_58:0_59:0_60:0_61:0_62:0_63:0_64:0_65:0_66:0_67:0_68:0_69:0_70:0_71:0_72:0_73:0_74:0_75:0_76:0_77:0_78:0_79:0_80:0_81:0_82:0_83:0_84:0_85:0_86:0_87:0_88:0_89:0_90:0_91:0_92:0_93:0_94:0_95:0_96:0_97:0_98:0_99:0_100:0_101:0_102:0_103:0_104:0_105:0_106:0_107:0_108:0_109:0_110:0_111:0_112:0_113:0_114:0_115:0_116:0_117:0_118:0_119:0_120:0_121:0_122:0_123:0_124:0_125:0_126:0_127:0_128:0_129:0_130:0_131:0_132:0_133:0_134:0_135:0_136:0_137:0_138:0_139:0_140:0_141:0_142:0_143:0_144:0_145:0_146:0_147:0_148:0_149:0_150:0_151:0_152:0_153:0_154:0_155:0_156:0_157:0_158:0_159:0_160:0,0:1,0,0,0,0
920020,,"42761010,42663010",1:0_2:0_3:0_4:0_5:0_6:0_7:0_8:0_9:0_10:0_11:0_12:0_13:0_14:0_15:0_16:0_17:0_18:0_19:0_20:0_21:0_22:0_23:0_24:0_25:0_26:0_27:0_28:0_29:0_30:0_31:0_32:0_33:0_34:0_35:0_36:0_37:0_38:0_39:0_40:0_41:0_42:0_43:0_44:0_45:0_46:0_47:0_48:0_49:0_50:0_51:0_52:0_53:0_54:0_55:0_56:0_57:0_58:0_59:0_60:0_61:0_62:0_63:0_64:0_65:0_66:0_67:0_68:0_69:0_70:0_71:0_72:0_73:0_74:0_75:0_76:0_77:0_78:0_79:0_80:0_81:0_82:0_83:0_84:0_85:0_86:0_87:0_88:0_89:0_90:0_91:0_92:0_93:0_94:0_95:0_96:0_97:0_98:0_99:0_100:0_101:0_102:0_103:0_104:0_105:0_106:0_107:0_108:0_109:0_110:0_111:0_112:0_113:0_114:0_115:0_116:0_117:0_118:0_119:0_120:0_121:0_122:0_123:0_124:0_125:0_126:0_127:0_128:0_129:0_130:0_131:0_132:0_133:0_134:0_135:0_136:0_137:0_138:0_139:0_140:0_141:0_142:0_143:0_144:0_145:0_146:0_147:0_148:0_149:0_150:0_151:0_152:0_153:0_154:0_155:0_156:0_157:0_158:0_159:0_160:0,0:1,0,0,1:0_2:0_3:0_4:0_5:0_6:0_7:0_8:0_9:0_10:0_11:0_12:0_13:0_14:0_15:0_16:0_17:0_18:0_19:0_20:0_21:0_22:0_23:0_24:0_25:0_26:0_27:0_28:0_29:0_30:0_31:0_32:0_33:0_34:0_35:0_36:0_37:0_38:0_39:0_40:0_41:0_42:0_43:0_44:0_45:0_46:0_47:0_48:0_49:0_50:0_51:0_52:0_53:0_54:0_55:0_56:0_57:0_58:0_59:0_60:0_61:0_62:0_63:0_64:0_65:0_66:0_67:0_68:0_69:0_70:0_71:0_72:0_73:0_74:0_75:0_76:0_77:0_78:0_79:0_80:0_81:0_82:0_83:0_84:0_85:0_86:0_87:0_88:0_89:0_90:0_91:0_92:0_93:0_94:0_95:0_96:0_97:0_98:0_99:0_100:0_101:0_102:0_103:0_104:0_105:0_106:0_107:0_108:0_109:0_110:0_111:0_112:0_113:0_114:0_115:0_116:0_117:0_118:0_119:0_120:0_121:0_122:0_123:0_124:0_125:0_126:0_127:0_128:0_129:0_130:0_131:0_132:0_133:0_134:0_135:0_136:0_137:0_138:0_139:0_140:0_141:0_142:0_143:0_144:0_145:0_146:0_147:0_148:0_149:0_150:0_151:0_152:0_153:0_154:0_155:0_156:0_157:0_158:0_159:0_160:0,0:1,0,0,0,0
920010,,"42761010,42663010",1:0_2:0_3:0_4:0_5:0_6:0_7:0_8:0_9:0_10:0_11:0_12:0_13:0_14:0_15:0_16:0_17:0_18:0_19:0_20:0_21:0_22:0_23:0_24:0_25:0_26:0_27:0_28:0_29:0_30:0_31:0_32:0_33:0_34:0_35:0_36:0_37:0_38:0_39:0_40:0_41:0_42:0_43:0_44:0_45:0_46:0_47:0_48:0_49:0_50:0_51:0_52:0_53:0_54:0_55:0_56:0_57:0_58:0_59:0_60:0_61:0_62:0_63:0_64:0_65:0_66:0_67:0_68:0_69:0_70:0_71:0_72:0_73:0_74:0_75:0_76:0_77:0_78:0_79:0_80:0_81:0_82:0_83:0_84:0_85:0_86:0_87:0_88:0_89:0_90:0_91:0_92:0_93:0_94:0_95:0_96:0_97:0_98:0_99:0_100:0_101:0_102:0_103:0_104:0_105:0_106:0_107:0_108:0_109:0_110:0_111:0_112:0_113:0_114:0_115:0_116:0_117:0_118:0_119:0_120:0_121:0_122:0_123:0_124:0_125:0_126:0_127:0_128:0_129:0_130:0_131:0_132:0_133:0_134:0_135:0_136:0_137:0_138:0_139:0_140:0_141:0_142:0_143:0_144:0_145:0_146:0_147:0_148:0_149:0_150:0_151:0_152:0_153:0_154:0_155:0_156:0_157:0_158:0_159:0_160:0,0:1,0,0,1:0_2:0_3:0_4:0_5:0_6:0_7:0_8:0_9:0_10:0_11:0_12:0_13:0_14:0_15:0_16:0_17:0_18:0_19:0_20:0_21:0_22:0_23:0_24:0_25:0_26:0_27:0_28:0_29:0_30:0_31:0_32:0_33:0_34:0_35:0_36:0_37:0_38:0_39:0_40:0_41:0_42:0_43:0_44:0_45:0_46:0_47:0_48:0_49:0_50:0_51:0_52:0_53:0_54:0_55:0_56:0_57:0_58:0_59:0_60:0_61:0_62:0_63:0_64:0_65:0_66:0_67:0_68:0_69:0_70:0_71:0_72:0_73:0_74:0_75:0_76:0_77:0_78:0_79:0_80:0_81:0_82:0_83:0_84:0_85:0_86:0_87:0_88:0_89:0_90:0_91:0_92:0_93:0_94:0_95:0_96:0_97:0_98:0_99:0_100:0_101:0_102:0_103:0_104:0_105:0_106:0_107:0_108:0_109:0_110:0_111:0_112:0_113:0_114:0_115:0_116:0_117:0_118:0_119:0_120:0_121:0_122:0_123:0_124:0_125:0_126:0_127:0_128:0_129:0_130:0_131:0_132:0_133:0_134:0_135:0_136:0_137:0_138:0_139:0_140:0_141:0_142:0_143:0_144:0_145:0_146:0_147:0_148:0_149:0_150:0_151:0_152:0_153:0_154:0_155:0_156:0_157:0_158:0_159:0_160:0,0:1,0,0,0,0
930020,,"42761010,42663010",1:0_2:0_3:0_4:0_5:0_6:0_7:0_8:0_9:0_10:0_11:0_12:0_13:0_14:0_15:0_16:0_17:0_18:0_19:0_20:0_21:0_22:0_23:0_24:0_25:0_26:0_27:0_28:0_29:0_30:0_31:0_32:0_33:0_34:0_35:0_36:0_37:0_38:0_39:0_40:0_41:0_42:0_43:0_44:0_45:0_46:0_47:0_48:0_49:0_50:0_51:0_52:0_53:0_54:0_55:0_56:0_57:0_58:0_59:0_60:0_61:0_62:0_63:0_64:0_65:0_66:0_67:0_68:0_69:0_70:0_71:0_72:0_73:0_74:0_75:0_76:0_77:0_78:0_79:0_80:0_81:0_82:0_83:0_84:0_85:0_86:0_87:0_88:0_89:0_90:0_91:0_92:0_93:0_94:0_95:0_96:0_97:0_98:0_99:0_100:0_101:0_102:0_103:0_104:0_105:0_106:0_107:0_108:0_109:0_110:0_111:0_112:0_113:0_114:0_115:0_116:0_117:0_118:0_119:0_120:0_121:0_122:0_123:0_124:0_125:0_126:0_127:0_128:0_129:0_130:0_131:0_132:0_133:0_134:0_135:0_136:0_137:0_138:0_139:0_140:0_141:0_142:0_143:0_144:0_145:0_146:0_147:0_148:0_149:0_150:0_151:0_152:0_153:0_154:0_155:0_156:0_157:0_158:0_159:0_160:0,0:1,0,0,1:0_2:0_3:0_4:0_5:0_6:0_7:0_8:0_9:0_10:0_11:0_12:0_13:0_14:0_15:0_16:0_17:0_18:0_19:0_20:0_21:0_22:0_23:0_24:0_25:0_26:0_27:0_28:0_29:0_30:0_31:0_32:0_33:0_34:0_35:0_36:0_37:0_38:0_39:0_40:0_41:0_42:0_43:0_44:0_45:0_46:0_47:0_48:0_49:0_50:0_51:0_52:0_53:0_54:0_55:0_56:0_57:0_58:0_59:0_60:0_61:0_62:0_63:0_64:0_65:0_66:0_67:0_68:0_69:0_70:0_71:0_72:0_73:0_74:0_75:0_76:0_77:0_78:0_79:0_80:0_81:0_82:0_83:0_84:0_85:0_86:0_87:0_88:0_89:0_90:0_91:0_92:0_93:0_94:0_95:0_96:0_97:0_98:0_99:0_100:0_101:0_102:0_103:0_104:0_105:0_106:0_107:0_108:0_109:0_110:0_111:0_112:0_113:0_114:0_115:0_116:0_117:0_118:0_119:0_120:0_121:0_122:0_123:0_124:0_125:0_126:0_127:0_128:0_129:0_130:0_131:0_132:0_133:0_134:0_135:0_136:0_137:0_138:0_139:0_140:0_141:0_142:0_143:0_144:0_145:0_146:0_147:0_148:0_149:0_150:0_151:0_152:0_153:0_154:0_155:0_156:0_157:0_158:0_159:0_160:0,0:1,0,0,0,0
930010,,"42761010,42663010",1:0_2:0_3:0_4:0_5:0_6:0_7:0_8:0_9:0_10:0_11:0_12:0_13:0_14:0_15:0_16:0_17:0_18:0_19:0_20:0_21:0_22:0_23:0_24:0_25:0_26:0_27:0_28:0_29:0_30:0_31:0_32:0_33:0_34:0_35:0_36:0_37:0_38:0_39:0_40:0_41:0_42:0_43:0_44:0_45:0_46:0_47:0_48:0_49:0_50:0_51:0_52:0_53:0_54:0_55:0_56:0_57:0_58:0_59:0_60:0_61:0_62:0_63:0_64:0_65:0_66:0_67:0_68:0_69:0_70:0_71:0_72:0_73:0_74:0_75:0_76:0_77:0_78:0_79:0_80:0_81:0_82:0_83:0_84:0_85:0_86:0_87:0_88:0_89:0_90:0_91:0_92:0_93:0_94:0_95:0_96:0_97:0_98:0_99:0_100:0_101:0_102:0_103:0_104:0_105:0_106:0_107:0_108:0_109:0_110:0_111:0_112:0_113:0_114:0_115:0_116:0_117:0_118:0_119:0_120:0_121:0_122:0_123:0_124:0_125:0_126:0_127:0_128:0_129:0_130:0_131:0_132:0_133:0_134:0_135:0_136:0_137:0_138:0_139:0_140:0_141:0_142:0_143:0_144:0_145:0_146:0_147:0_148:0_149:0_150:0_151:0_152:0_153:0_154:0_155:0_156:0_157:0_158:0_159:0_160:0,0:1,0,0,1:0_2:0_3:0_4:0_5:0_6:0_7:0_8:0_9:0_10:0_11:0_12:0_13:0_14:0_15:0_16:0_17:0_18:0_19:0_20:0_21:0_22:0_23:0_24:0_25:0_26:0_27:0_28:0_29:0_30:0_31:0_32:0_33:0_34:0_35:0_36:0_37:0_38:0_39:0_40:0_41:0_42:0_43:0_44:0_45:0_46:0_47:0_48:0_49:0_50:0_51:0_52:0_53:0_54:0_55:0_56:0_57:0_58:0_59:0_60:0_61:0_62:0_63:0_64:0_65:0_66:0_67:0_68:0_69:0_70:0_71:0_72:0_73:0_74:0_75:0_76:0_77:0_78:0_79:0_80:0_81:0_82:0_83:0_84:0_85:0_86:0_87:0_88:0_89:0_90:0_91:0_92:0_93:0_94:0_95:0_96:0_97:0_98:0_99:0_100:0_101:0_102:0_103:0_104:0_105:0_106:0_107:0_108:0_109:0_110:0_111:0_112:0_113:0_114:0_115:0_116:0_117:0_118:0_119:0_120:0_121:0_122:0_123:0_124:0_125:0_126:0_127:0_128:0_129:0_130:0_131:0_132:0_133:0_134:0_135:0_136:0_137:0_138:0_139:0_140:0_141:0_142:0_143:0_144:0_145:0_146:0_147:0_148:0_149:0_150:0_151:0_152:0_153:0_154:0_155:0_156:0_157:0_158:0_159:0_160:0,0:1,0,0,0,0
940020,,"42761010,42663010",1:0_2:0_3:0_4:0_5:0_6:0_7:0_8:0_9:0_10:0_11:0_12:0_13:0_14:0_15:0_16:0_17:0_18:0_19:0_20:0_21:0_22:0_23:0_24:0_25:0_26:0_27:0_28:0_29:0_30:0_31:0_32:0_33:0_34:0_35:0_36:0_37:0_38:0_39:0_40:0_41:0_42:0_43:0_44:0_45:0_46:0_47:0_48:0_49:0_50:0_51:0_52:0_53:0_54:0_55:0_56:0_57:0_58:0_59:0_60:0_61:0_62:0_63:0_64:0_65:0_66:0_67:0_68:0_69:0_70:0_71:0_72:0_73:0_74:0_75:0_76:0_77:0_78:0_79:0_80:0_81:0_82:0_83:0_84:0_85:0_86:0_87:0_88:0_89:0_90:0_91:0_92:0_93:0_94:0_95:0_96:0_97:0_98:0_99:0_100:0_101:0_102:0_103:0_104:0_105:0_106:0_107:0_108:0_109:0_110:0_111:0_112:0_113:0_114:0_115:0_116:0_117:0_118:0_119:0_120:0_121:0_122:0_123:0_124:0_125:0_126:0_127:0_128:0_129:0_130:0_131:0_132:0_133:0_134:0_135:0_136:0_137:0_138:0_139:0_140:0_141:0_142:0_143:0_144:0_145:0_146:0_147:0_148:0_149:0_150:0_151:0_152:0_153:0_154:0_155:0_156:0_157:0_158:0_159:0_160:0,0:1,0,0,1:0_2:0_3:0_4:0_5:0_6:0_7:0_8:0_9:0_10:0_11:0_12:0_13:0_14:0_15:0_16:0_17:0_18:0_19:0_20:0_21:0_22:0_23:0_24:0_25:0_26:0_27:0_28:0_29:0_30:0_31:0_32:0_33:0_34:0_35:0_36:0_37:0_38:0_39:0_40:0_41:0_42:0_43:0_44:0_45:0_46:0_47:0_48:0_49:0_50:0_51:0_52:0_53:0_54:0_55:0_56:0_57:0_58:0_59:0_60:0_61:0_62:0_63:0_64:0_65:0_66:0_67:0_68:0_69:0_70:0_71:0_72:0_73:0_74:0_75:0_76:0_77:0_78:0_79:0_80:0_81:0_82:0_83:0_84:0_85:0_86:0_87:0_88:0_89:0_90:0_91:0_92:0_93:0_94:0_95:0_96:0_97:0_98:0_99:0_100:0_101:0_102:0_103:0_104:0_105:0_106:0_107:0_108:0_109:0_110:0_111:0_112:0_113:0_114:0_115:0_116:0_117:0_118:0_119:0_120:0_121:0_122:0_123:0_124:0_125:0_126:0_127:0_128:0_129:0_130:0_131:0_132:0_133:0_134:0_135:0_136:0_137:0_138:0_139:0_140:0_141:0_142:0_143:0_144:0_145:0_146:0_147:0_148:0_149:0_150:0_151:0_152:0_153:0_154:0_155:0_156:0_157:0_158:0_159:0_160:0,0:1,0,0,0,0
940010,,"42761010,42663010",1:0_2:0_3:0_4:0_5:0_6:0_7:0_8:0_9:0_10:0_11:0_12:0_13:0_14:0_15:0_16:0_17:0_18:0_19:0_20:0_21:0_22:0_23:0_24:0_25:0_26:0_27:0_28:0_29:0_30:0_31:0_32:0_33:0_34:0_35:0_36:0_37:0_38:0_39:0_40:0_41:0_42:0_43:0_44:0_45:0_46:0_47:0_48:0_49:0_50:0_51:0_52:0_53:0_54:0_55:0_56:0_57:0_58:0_59:0_60:0_61:0_62:0_63:0_64:0_65:0_66:0_67:0_68:0_69:0_70:0_71:0_72:0_73:0_74:0_75:0_76:0_77:0_78:0_79:0_80:0_81:0_82:0_83:0_84:0_85:0_86:0_87:0_88:0_89:0_90:0_91:0_92:0_93:0_94:0_95:0_96:0_97:0_98:0_99:0_100:0_101:0_102:0_103:0_104:0_105:0_106:0_107:0_108:0_109:0_110:0_111:0_112:0_113:0_114:0_115:0_116:0_117:0_118:0_119:0_120:0_121:0_122:0_123:0_124:0_125:0_126:0_127:0_128:0_129:0_130:0_131:0_132:0_133:0_134:0_135:0_136:0_137:0_138:0_139:0_140:0_141:0_142:0_143:0_144:0_145:0_146:0_147:0_148:0_149:0_150:0_151:0_152:0_153:0_154:0_155:0_156:0_157:0_158:0_159:0_160:0,0:1,0,0,1:0_2:0_3:0_4:0_5:0_6:0_7:0_8:0_9:0_10:0_11:0_12:0_13:0_14:0_15:0_16:0_17:0_18:0_19:0_20:0_21:0_22:0_23:0_24:0_25:0_26:0_27:0_28:0_29:0_30:0_31:0_32:0_33:0_34:0_35:0_36:0_37:0_38:0_39:0_40:0_41:0_42:0_43:0_44:0_45:0_46:0_47:0_48:0_49:0_50:0_51:0_52:0_53:0_54:0_55:0_56:0_57:0_58:0_59:0_60:0_61:0_62:0_63:0_64:0_65:0_66:0_67:0_68:0_69:0_70:0_71:0_72:0_73:0_74:0_75:0_76:0_77:0_78:0_79:0_80:0_81:0_82:0_83:0_84:0_85:0_86:0_87:0_88:0_89:0_90:0_91:0_92:0_93:0_94:0_95:0_96:0_97:0_98:0_99:0_100:0_101:0_102:0_103:0_104:0_105:0_106:0_107:0_108:0_109:0_110:0_111:0_112:0_113:0_114:0_115:0_116:0_117:0_118:0_119:0_120:0_121:0_122:0_123:0_124:0_125:0_126:0_127:0_128:0_129:0_130:0_131:0_132:0_133:0_134:0_135:0_136:0_137:0_138:0_139:0_140:0_141:0_142:0_143:0_144:0_145:0_146:0_147:0_148:0_149:0_150:0_151:0_152:0_153:0_154:0_155:0_156:0_157:0_158:0_159:0_160:0,0:1,0,0,0,0
950020,,"42761010,42663010",1:0_2:0_3:0_4:0_5:0_6:0_7:0_8:0_9:0_10:0_11:0_12:0_13:0_14:0_15:0_16:0_17:0_18:0_19:0_20:0_21:0_22:0_23:0_24:0_25:0_26:0_27:0_28:0_29:0_30:0_31:0_32:0_33:0_34:0_35:0_36:0_37:0_38:0_39:0_40:0_41:0_42:0_43:0_44:0_45:0_46:0_47:0_48:0_49:0_50:0_51:0_52:0_53:0_54:0_55:0_56:0_57:0_58:0_59:0_60:0_61:0_62:0_63:0_64:0_65:0_66:0_67:0_68:0_69:0_70:0_71:0_72:0_73:0_74:0_75:0_76:0_77:0_78:0_79:0_80:0_81:0_82:0_83:0_84:0_85:0_86:0_87:0_88:0_89:0_90:0_91:0_92:0_93:0_94:0_95:0_96:0_97:0_98:0_99:0_100:0_101:0_102:0_103:0_104:0_105:0_106:0_107:0_108:0_109:0_110:0_111:0_112:0_113:0_114:0_115:0_116:0_117:0_118:0_119:0_120:0_121:0_122:0_123:0_124:0_125:0_126:0_127:0_128:0_129:0_130:0_131:0_132:0_133:0_134:0_135:0_136:0_137:0_138:0_139:0_140:0_141:0_142:0_143:0_144:0_145:0_146:0_147:0_148:0_149:0_150:0_151:0_152:0_153:0_154:0_155:0_156:0_157:0_158:0_159:0_160:0,0:1,0,0,1:0_2:0_3:0_4:0_5:0_6:0_7:0_8:0_9:0_10:0_11:0_12:0_13:0_14:0_15:0_16:0_17:0_18:0_19:0_20:0_21:0_22:0_23:0_24:0_25:0_26:0_27:0_28:0_29:0_30:0_31:0_32:0_33:0_34:0_35:0_36:0_37:0_38:0_39:0_40:0_41:0_42:0_43:0_44:0_45:0_46:0_47:0_48:0_49:0_50:0_51:0_52:0_53:0_54:0_55:0_56:0_57:0_58:0_59:0_60:0_61:0_62:0_63:0_64:0_65:0_66:0_67:0_68:0_69:0_70:0_71:0_72:0_73:0_74:0_75:0_76:0_77:0_78:0_79:0_80:0_81:0_82:0_83:0_84:0_85:0_86:0_87:0_88:0_89:0_90:0_91:0_92:0_93:0_94:0_95:0_96:0_97:0_98:0_99:0_100:0_101:0_102:0_103:0_104:0_105:0_106:0_107:0_108:0_109:0_110:0_111:0_112:0_113:0_114:0_115:0_116:0_117:0_118:0_119:0_120:0_121:0_122:0_123:0_124:0_125:0_126:0_127:0_128:0_129:0_130:0_131:0_132:0_133:0_134:0_135:0_136:0_137:0_138:0_139:0_140:0_141:0_142:0_143:0_144:0_145:0_146:0_147:0_148:0_149:0_150:0_151:0_152:0_153:0_154:0_155:0_156:0_157:0_158:0_159:0_160:0,0:1,0,0,0,0
950010,,"42761010,42663010",1:0_2:0_3:0_4:0_5:0_6:0_7:0_8:0_9:0_10:0_11:0_12:0_13:0_14:0_15:0_16:0_17:0_18:0_19:0_20:0_21:0_22:0_23:0_24:0_25:0_26:0_27:0_28:0_29:0_30:0_31:0_32:0_33:0_34:0_35:0_36:0_37:0_38:0_39:0_40:0_41:0_42:0_43:0_44:0_45:0_46:0_47:0_48:0_49:0_50:0_51:0_52:0_53:0_54:0_55:0_56:0_57:0_58:0_59:0_60:0_61:0_62:0_63:0_64:0_65:0_66:0_67:0_68:0_69:0_70:0_71:0_72:0_73:0_74:0_75:0_76:0_77:0_78:0_79:0_80:0_81:0_82:0_83:0_84:0_85:0_86:0_87:0_88:0_89:0_90:0_91:0_92:0_93:0_94:0_95:0_96:0_97:0_98:0_99:0_100:0_101:0_102:0_103:0_104:0_105:0_106:0_107:0_108:0_109:0_110:0_111:0_112:0_113:0_114:0_115:0_116:0_117:0_118:0_119:0_120:0_121:0_122:0_123:0_124:0_125:0_126:0_127:0_128:0_129:0_130:0_131:0_132:0_133:0_134:0_135:0_136:0_137:0_138:0_139:0_140:0_141:0_142:0_143:0_144:0_145:0_146:0_147:0_148:0_149:0_150:0_151:0_152:0_153:0_154:0_155:0_156:0_157:0_158:0_159:0_160:0,0:1,0,0,1:0_2:0_3:0_4:0_5:0_6:0_7:0_8:0_9:0_10:0_11:0_12:0_13:0_14:0_15:0_16:0_17:0_18:0_19:0_20:0_21:0_22:0_23:0_24:0_25:0_26:0_27:0_28:0_29:0_30:0_31:0_32:0_33:0_34:0_35:0_36:0_37:0_38:0_39:0_40:0_41:0_42:0_43:0_44:0_45:0_46:0_47:0_48:0_49:0_50:0_51:0_52:0_53:0_54:0_55:0_56:0_57:0_58:0_59:0_60:0_61:0_62:0_63:0_64:0_65:0_66:0_67:0_68:0_69:0_70:0_71:0_72:0_73:0_74:0_75:0_76:0_77:0_78:0_79:0_80:0_81:0_82:0_83:0_84:0_85:0_86:0_87:0_88:0_89:0_90:0_91:0_92:0_93:0_94:0_95:0_96:0_97:0_98:0_99:0_100:0_101:0_102:0_103:0_104:0_105:0_106:0_107:0_108:0_109:0_110:0_111:0_112:0_113:0_114:0_115:0_116:0_117:0_118:0_119:0_120:0_121:0_122:0_123:0_124:0_125:0_126:0_127:0_128:0_129:0_130:0_131:0_132:0_133:0_134:0_135:0_136:0_137:0_138:0_139:0_140:0_141:0_142:0_143:0_144:0_145:0_146:0_147:0_148:0_149:0_150:0_151:0_152:0_153:0_154:0_155:0_156:0_157:0_158:0_159:0_160:0,0:1,0,0,0,0
960020,,"42761010,42663010",1:0_2:0_3:0_4:0_5:0_6:0_7:0_8:0_9:0_10:0_11:0_12:0_13:0_14:0_15:0_16:0_17:0_18:0_19:0_20:0_21:0_22:0_23:0_24:0_25:0_26:0_27:0_28:0_29:0_30:0_31:0_32:0_33:0_34:0_35:0_36:0_37:0_38:0_39:0_40:0_41:0_42:0_43:0_44:0_45:0_46:0_47:0_48:0_49:0_50:0_51:0_52:0_53:0_54:0_55:0_56:0_57:0_58:0_59:0_60:0_61:0_62:0_63:0_64:0_65:0_66:0_67:0_68:0_69:0_70:0_71:0_72:0_73:0_74:0_75:0_76:0_77:0_78:0_79:0_80:0_81:0_82:0_83:0_84:0_85:0_86:0_87:0_88:0_89:0_90:0_91:0_92:0_93:0_94:0_95:0_96:0_97:0_98:0_99:0_100:0_101:0_102:0_103:0_104:0_105:0_106:0_107:0_108:0_109:0_110:0_111:0_112:0_113:0_114:0_115:0_116:0_117:0_118:0_119:0_120:0_121:0_122:0_123:0_124:0_125:0_126:0_127:0_128:0_129:0_130:0_131:0_132:0_133:0_134:0_135:0_136:0_137:0_138:0_139:0_140:0_141:0_142:0_143:0_144:0_145:0_146:0_147:0_148:0_149:0_150:0_151:0_152:0_153:0_154:0_155:0_156:0_157:0_158:0_159:0_160:0,0:1,0,0,1:0_2:0_3:0_4:0_5:0_6:0_7:0_8:0_9:0_10:0_11:0_12:0_13:0_14:0_15:0_16:0_17:0_18:0_19:0_20:0_21:0_22:0_23:0_24:0_25:0_26:0_27:0_28:0_29:0_30:0_31:0_32:0_33:0_34:0_35:0_36:0_37:0_38:0_39:0_40:0_41:0_42:0_43:0_44:0_45:0_46:0_47:0_48:0_49:0_50:0_51:0_52:0_53:0_54:0_55:0_56:0_57:0_58:0_59:0_60:0_61:0_62:0_63:0_64:0_65:0_66:0_67:0_68:0_69:0_70:0_71:0_72:0_73:0_74:0_75:0_76:0_77:0_78:0_79:0_80:0_81:0_82:0_83:0_84:0_85:0_86:0_87:0_88:0_89:0_90:0_91:0_92:0_93:0_94:0_95:0_96:0_97:0_98:0_99:0_100:0_101:0_102:0_103:0_104:0_105:0_106:0_107:0_108:0_109:0_110:0_111:0_112:0_113:0_114:0_115:0_116:0_117:0_118:0_119:0_120:0_121:0_122:0_123:0_124:0_125:0_126:0_127:0_128:0_129:0_130:0_131:0_132:0_133:0_134:0_135:0_136:0_137:0_138:0_139:0_140:0_141:0_142:0_143:0_144:0_145:0_146:0_147:0_148:0_149:0_150:0_151:0_152:0_153:0_154:0_155:0_156:0_157:0_158:0_159:0_160:0,0:1,0,0,0,0
960010,,"42761010,42663010",1:0_2:0_3:0_4:0_5:0_6:0_7:0_8:0_9:0_10:0_11:0_12:0_13:0_14:0_15:0_16:0_17:0_18:0_19:0_20:0_21:0_22:0_23:0_24:0_25:0_26:0_27:0_28:0_29:0_30:0_31:0_32:0_33:0_34:0_35:0_36:0_37:0_38:0_39:0_40:0_41:0_42:0_43:0_44:0_45:0_46:0_47:0_48:0_49:0_50:0_51:0_52:0_53:0_54:0_55:0_56:0_57:0_58:0_59:0_60:0_61:0_62:0_63:0_64:0_65:0_66:0_67:0_68:0_69:0_70:0_71:0_72:0_73:0_74:0_75:0_76:0_77:0_78:0_79:0_80:0_81:0_82:0_83:0_84:0_85:0_86:0_87:0_88:0_89:0_90:0_91:0_92:0_93:0_94:0_95:0_96:0_97:0_98:0_99:0_100:0_101:0_102:0_103:0_104:0_105:0_106:0_107:0_108:0_109:0_110:0_111:0_112:0_113:0_114:0_115:0_116:0_117:0_118:0_119:0_120:0_121:0_122:0_123:0_124:0_125:0_126:0_127:0_128:0_129:0_130:0_131:0_132:0_133:0_134:0_135:0_136:0_137:0_138:0_139:0_140:0_141:0_142:0_143:0_144:0_145:0_146:0_147:0_148:0_149:0_150:0_151:0_152:0_153:0_154:0_155:0_156:0_157:0_158:0_159:0_160:0,0:1,0,0,1:0_2:0_3:0_4:0_5:0_6:0_7:0_8:0_9:0_10:0_11:0_12:0_13:0_14:0_15:0_16:0_17:0_18:0_19:0_20:0_21:0_22:0_23:0_24:0_25:0_26:0_27:0_28:0_29:0_30:0_31:0_32:0_33:0_34:0_35:0_36:0_37:0_38:0_39:0_40:0_41:0_42:0_43:0_44:0_45:0_46:0_47:0_48:0_49:0_50:0_51:0_52:0_53:0_54:0_55:0_56:0_57:0_58:0_59:0_60:0_61:0_62:0_63:0_64:0_65:0_66:0_67:0_68:0_69:0_70:0_71:0_72:0_73:0_74:0_75:0_76:0_77:0_78:0_79:0_80:0_81:0_82:0_83:0_84:0_85:0_86:0_87:0_88:0_89:0_90:0_91:0_92:0_93:0_94:0_95:0_96:0_97:0_98:0_99:0_100:0_101:0_102:0_103:0_104:0_105:0_106:0_107:0_108:0_109:0_110:0_111:0_112:0_113:0_114:0_115:0_116:0_117:0_118:0_119:0_120:0_121:0_122:0_123:0_124:0_125:0_126:0_127:0_128:0_129:0_130:0_131:0_132:0_133:0_134:0_135:0_136:0_137:0_138:0_139:0_140:0_141:0_142:0_143:0_144:0_145:0_146:0_147:0_148:0_149:0_150:0_151:0_152:0_153:0_154:0_155:0_156:0_157:0_158:0_159:0_160:0,0:1,0,0,0,0
970020,,"42761010,42663010",1:0_2:0_3:0_4:0_5:0_6:0_7:0_8:0_9:0_10:0_11:0_12:0_13:0_14:0_15:0_16:0_17:0_18:0_19:0_20:0_21:0_22:0_23:0_24:0_25:0_26:0_27:0_28:0_29:0_30:0_31:0_32:0_33:0_34:0_35:0_36:0_37:0_38:0_39:0_40:0_41:0_42:0_43:0_44:0_45:0_46:0_47:0_48:0_49:0_50:0_51:0_52:0_53:0_54:0_55:0_56:0_57:0_58:0_59:0_60:0_61:0_62:0_63:0_64:0_65:0_66:0_67:0_68:0_69:0_70:0_71:0_72:0_73:0_74:0_75:0_76:0_77:0_78:0_79:0_80:0_81:0_82:0_83:0_84:0_85:0_86:0_87:0_88:0_89:0_90:0_91:0_92:0_93:0_94:0_95:0_96:0_97:0_98:0_99:0_100:0_101:0_102:0_103:0_104:0_105:0_106:0_107:0_108:0_109:0_110:0_111:0_112:0_113:0_114:0_115:0_116:0_117:0_118:0_119:0_120:0_121:0_122:0_123:0_124:0_125:0_126:0_127:0_128:0_129:0_130:0_131:0_132:0_133:0_134:0_135:0_136:0_137:0_138:0_139:0_140:0_141:0_142:0_143:0_144:0_145:0_146:0_147:0_148:0_149:0_150:0_151:0_152:0_153:0_154:0_155:0_156:0_157:0_158:0_159:0_160:0,0:1,0,0,1:0_2:0_3:0_4:0_5:0_6:0_7:0_8:0_9:0_10:0_11:0_12:0_13:0_14:0_15:0_16:0_17:0_18:0_19:0_20:0_21:0_22:0_23:0_24:0_25:0_26:0_27:0_28:0_29:0_30:0_31:0_32:0_33:0_34:0_35:0_36:0_37:0_38:0_39:0_40:0_41:0_42:0_43:0_44:0_45:0_46:0_47:0_48:0_49:0_50:0_51:0_52:0_53:0_54:0_55:0_56:0_57:0_58:0_59:0_60:0_61:0_62:0_63:0_64:0_65:0_66:0_67:0_68:0_69:0_70:0_71:0_72:0_73:0_74:0_75:0_76:0_77:0_78:0_79:0_80:0_81:0_82:0_83:0_84:0_85:0_86:0_87:0_88:0_89:0_90:0_91:0_92:0_93:0_94:0_95:0_96:0_97:0_98:0_99:0_100:0_101:0_102:0_103:0_104:0_105:0_106:0_107:0_108:0_109:0_110:0_111:0_112:0_113:0_114:0_115:0_116:0_117:0_118:0_119:0_120:0_121:0_122:0_123:0_124:0_125:0_126:0_127:0_128:0_129:0_130:0_131:0_132:0_133:0_134:0_135:0_136:0_137:0_138:0_139:0_140:0_141:0_142:0_143:0_144:0_145:0_146:0_147:0_148:0_149:0_150:0_151:0_152:0_153:0_154:0_155:0_156:0_157:0_158:0_159:0_160:0,0:1,0,0,0,0
970010,,"42761010,42663010",1:0_2:0_3:0_4:0_5:0_6:0_7:0_8:0_9:0_10:0_11:0_12:0_13:0_14:0_15:0_16:0_17:0_18:0_19:0_20:0_21:0_22:0_23:0_24:0_25:0_26:0_27:0_28:0_29:0_30:0_31:0_32:0_33:0_34:0_35:0_36:0_37:0_38:0_39:0_40:0_41:0_42:0_43:0_44:0_45:0_46:0_47:0_48:0_49:0_50:0_51:0_52:0_53:0_54:0_55:0_56:0_57:0_58:0_59:0_60:0_61:0_62:0_63:0_64:0_65:0_66:0_67:0_68:0_69:0_70:0_71:0_72:0_73:0_74:0_75:0_76:0_77:0_78:0_79:0_80:0_81:0_82:0_83:0_84:0_85:0_86:0_87:0_88:0_89:0_90:0_91:0_92:0_93:0_94:0_95:0_96:0_97:0_98:0_99:0_100:0_101:0_102:0_103:0_104:0_105:0_106:0_107:0_108:0_109:0_110:0_111:0_112:0_113:0_114:0_115:0_116:0_117:0_118:0_119:0_120:0_121:0_122:0_123:0_124:0_125:0_126:0_127:0_128:0_129:0_130:0_131:0_132:0_133:0_134:0_135:0_136:0_137:0_138:0_139:0_140:0_141:0_142:0_143:0_144:0_145:0_146:0_147:0_148:0_149:0_150:0_151:0_152:0_153:0_154:0_155:0_156:0_157:0_158:0_159:0_160:0,0:1,0,0,1:0_2:0_3:0_4:0_5:0_6:0_7:0_8:0_9:0_10:0_11:0_12:0_13:0_14:0_15:0_16:0_17:0_18:0_19:0_20:0_21:0_22:0_23:0_24:0_25:0_26:0_27:0_28:0_29:0_30:0_31:0_32:0_33:0_34:0_35:0_36:0_37:0_38:0_39:0_40:0_41:0_42:0_43:0_44:0_45:0_46:0_47:0_48:0_49:0_50:0_51:0_52:0_53:0_54:0_55:0_56:0_57:0_58:0_59:0_60:0_61:0_62:0_63:0_64:0_65:0_66:0_67:0_68:0_69:0_70:0_71:0_72:0_73:0_74:0_75:0_76:0_77:0_78:0_79:0_80:0_81:0_82:0_83:0_84:0_85:0_86:0_87:0_88:0_89:0_90:0_91:0_92:0_93:0_94:0_95:0_96:0_97:0_98:0_99:0_100:0_101:0_102:0_103:0_104:0_105:0_106:0_107:0_108:0_109:0_110:0_111:0_112:0_113:0_114:0_115:0_116:0_117:0_118:0_119:0_120:0_121:0_122:0_123:0_124:0_125:0_126:0_127:0_128:0_129:0_130:0_131:0_132:0_133:0_134:0_135:0_136:0_137:0_138:0_139:0_140:0_141:0_142:0_143:0_144:0_145:0_146:0_147:0_148:0_149:0_150:0_151:0_152:0_153:0_154:0_155:0_156:0_157:0_158:0_159:0_160:0,0:1,0,0,0,0
980020,,"42761010,42663010",1:0_2:0_3:0_4:0_5:0_6:0_7:0_8:0_9:0_10:0_11:0_12:0_13:0_14:0_15:0_16:0_17:0_18:0_19:0_20:0_21:0_22:0_23:0_24:0_25:0_26:0_27:0_28:0_29:0_30:0_31:0_32:0_33:0_34:0_35:0_36:0_37:0_38:0_39:0_40:0_41:0_42:0_43:0_44:0_45:0_46:0_47:0_48:0_49:0_50:0_51:0_52:0_53:0_54:0_55:0_56:0_57:0_58:0_59:0_60:0_61:0_62:0_63:0_64:0_65:0_66:0_67:0_68:0_69:0_70:0_71:0_72:0_73:0_74:0_75:0_76:0_77:0_78:0_79:0_80:0_81:0_82:0_83:0_84:0_85:0_86:0_87:0_88:0_89:0_90:0_91:0_92:0_93:0_94:0_95:0_96:0_97:0_98:0_99:0_100:0_101:0_102:0_103:0_104:0_105:0_106:0_107:0_108:0_109:0_110:0_111:0_112:0_113:0_114:0_115:0_116:0_117:0_118:0_119:0_120:0_121:0_122:0_123:0_124:0_125:0_126:0_127:0_128:0_129:0_130:0_131:0_132:0_133:0_134:0_135:0_136:0_137:0_138:0_139:0_140:0_141:0_142:0_143:0_144:0_145:0_146:0_147:0_148:0_149:0_150:0_151:0_152:0_153:0_154:0_155:0_156:0_157:0_158:0_159:0_160:0,0:1,0,0,1:0_2:0_3:0_4:0_5:0_6:0_7:0_8:0_9:0_10:0_11:0_12:0_13:0_14:0_15:0_16:0_17:0_18:0_19:0_20:0_21:0_22:0_23:0_24:0_25:0_26:0_27:0_28:0_29:0_30:0_31:0_32:0_33:0_34:0_35:0_36:0_37:0_38:0_39:0_40:0_41:0_42:0_43:0_44:0_45:0_46:0_47:0_48:0_49:0_50:0_51:0_52:0_53:0_54:0_55:0_56:0_57:0_58:0_59:0_60:0_61:0_62:0_63:0_64:0_65:0_66:0_67:0_68:0_69:0_70:0_71:0_72:0_73:0_74:0_75:0_76:0_77:0_78:0_79:0_80:0_81:0_82:0_83:0_84:0_85:0_86:0_87:0_88:0_89:0_90:0_91:0_92:0_93:0_94:0_95:0_96:0_97:0_98:0_99:0_100:0_101:0_102:0_103:0_104:0_105:0_106:0_107:0_108:0_109:0_110:0_111:0_112:0_113:0_114:0_115:0_116:0_117:0_118:0_119:0_120:0_121:0_122:0_123:0_124:0_125:0_126:0_127:0_128:0_129:0_130:0_131:0_132:0_133:0_134:0_135:0_136:0_137:0_138:0_139:0_140:0_141:0_142:0_143:0_144:0_145:0_146:0_147:0_148:0_149:0_150:0_151:0_152:0_153:0_154:0_155:0_156:0_157:0_158:0_159:0_160:0,0:1,0,0,0,0
980010,,"42761010,42663010",1:0_2:0_3:0_4:0_5:0_6:0_7:0_8:0_9:0_10:0_11:0_12:0_13:0_14:0_15:0_16:0_17:0_18:0_19:0_20:0_21:0_22:0_23:0_24:0_25:0_26:0_27:0_28:0_29:0_30:0_31:0_32:0_33:0_34:0_35:0_36:0_37:0_38:0_39:0_40:0_41:0_42:0_43:0_44:0_45:0_46:0_47:0_48:0_49:0_50:0_51:0_52:0_53:0_54:0_55:0_56:0_57:0_58:0_59:0_60:0_61:0_62:0_63:0_64:0_65:0_66:0_67:0_68:0_69:0_70:0_71:0_72:0_73:0_74:0_75:0_76:0_77:0_78:0_79:0_80:0_81:0_82:0_83:0_84:0_85:0_86:0_87:0_88:0_89:0_90:0_91:0_92:0_93:0_94:0_95:0_96:0_97:0_98:0_99:0_100:0_101:0_102:0_103:0_104:0_105:0_106:0_107:0_108:0_109:0_110:0_111:0_112:0_113:0_114:0_115:0_116:0_117:0_118:0_119:0_120:0_121:0_122:0_123:0_124:0_125:0_126:0_127:0_128:0_129:0_130:0_131:0_132:0_133:0_134:0_135:0_136:0_137:0_138:0_139:0_140:0_141:0_142:0_143:0_144:0_145:0_146:0_147:0_148:0_149:0_150:0_151:0_152:0_153:0_154:0_155:0_156:0_157:0_158:0_159:0_160:0,0:1,0,0,1:0_2:0_3:0_4:0_5:0_6:0_7:0_8:0_9:0_10:0_11:0_12:0_13:0_14:0_15:0_16:0_17:0_18:0_19:0_20:0_21:0_22:0_23:0_24:0_25:0_26:0_27:0_28:0_29:0_30:0_31:0_32:0_33:0_34:0_35:0_36:0_37:0_38:0_39:0_40:0_41:0_42:0_43:0_44:0_45:0_46:0_47:0_48:0_49:0_50:0_51:0_52:0_53:0_54:0_55:0_56:0_57:0_58:0_59:0_60:0_61:0_62:0_63:0_64:0_65:0_66:0_67:0_68:0_69:0_70:0_71:0_72:0_73:0_74:0_75:0_76:0_77:0_78:0_79:0_80:0_81:0_82:0_83:0_84:0_85:0_86:0_87:0_88:0_89:0_90:0_91:0_92:0_93:0_94:0_95:0_96:0_97:0_98:0_99:0_100:0_101:0_102:0_103:0_104:0_105:0_106:0_107:0_108:0_109:0_110:0_111:0_112:0_113:0_114:0_115:0_116:0_117:0_118:0_119:0_120:0_121:0_122:0_123:0_124:0_125:0_126:0_127:0_128:0_129:0_130:0_131:0_132:0_133:0_134:0_135:0_136:0_137:0_138:0_139:0_140:0_141:0_142:0_143:0_144:0_145:0_146:0_147:0_148:0_149:0_150:0_151:0_152:0_153:0_154:0_155:0_156:0_157:0_158:0_159:0_160:0,0:1,0,0,0,0
990020,,"42761010,42663010",1:0_2:0_3:0_4:0_5:0_6:0_7:0_8:0_9:0_10:0_11:0_12:0_13:0_14:0_15:0_16:0_17:0_18:0_19:0_20:0_21:0_22:0_23:0_24:0_25:0_26:0_27:0_28:0_29:0_30:0_31:0_32:0_33:0_34:0_35:0_36:0_37:0_38:0_39:0_40:0_41:0_42:0_43:0_44:0_45:0_46:0_47:0_48:0_49:0_50:0_51:0_52:0_53:0_54:0_55:0_56:0_57:0_58:0_59:0_60:0_61:0_62:0_63:0_64:0_65:0_66:0_67:0_68:0_69:0_70:0_71:0_72:0_73:0_74:0_75:0_76:0_77:0_78:0_79:0_80:0_81:0_82:0_83:0_84:0_85:0_86:0_87:0_88:0_89:0_90:0_91:0_92:0_93:0_94:0_95:0_96:0_97:0_98:0_99:0_100:0_101:0_102:0_103:0_104:0_105:0_106:0_107:0_108:0_109:0_110:0_111:0_112:0_113:0_114:0_115:0_116:0_117:0_118:0_119:0_120:0_121:0_122:0_123:0_124:0_125:0_126:0_127:0_128:0_129:0_130:0_131:0_132:0_133:0_134:0_135:0_136:0_137:0_138:0_139:0_140:0_141:0_142:0_143:0_144:0_145:0_146:0_147:0_148:0_149:0_150:0_151:0_152:0_153:0_154:0_155:0_156:0_157:0_158:0_159:0_160:0,0:1,0,0,1:0_2:0_3:0_4:0_5:0_6:0_7:0_8:0_9:0_10:0_11:0_12:0_13:0_14:0_15:0_16:0_17:0_18:0_19:0_20:0_21:0_22:0_23:0_24:0_25:0_26:0_27:0_28:0_29:0_30:0_31:0_32:0_33:0_34:0_35:0_36:0_37:0_38:0_39:0_40:0_41:0_42:0_43:0_44:0_45:0_46:0_47:0_48:0_49:0_50:0_51:0_52:0_53:0_54:0_55:0_56:0_57:0_58:0_59:0_60:0_61:0_62:0_63:0_64:0_65:0_66:0_67:0_68:0_69:0_70:0_71:0_72:0_73:0_74:0_75:0_76:0_77:0_78:0_79:0_80:0_81:0_82:0_83:0_84:0_85:0_86:0_87:0_88:0_89:0_90:0_91:0_92:0_93:0_94:0_95:0_96:0_97:0_98:0_99:0_100:0_101:0_102:0_103:0_104:0_105:0_106:0_107:0_108:0_109:0_110:0_111:0_112:0_113:0_114:0_115:0_116:0_117:0_118:0_119:0_120:0_121:0_122:0_123:0_124:0_125:0_126:0_127:0_128:0_129:0_130:0_131:0_132:0_133:0_134:0_135:0_136:0_137:0_138:0_139:0_140:0_141:0_142:0_143:0_144:0_145:0_146:0_147:0_148:0_149:0_150:0_151:0_152:0_153:0_154:0_155:0_156:0_157:0_158:0_159:0_160:0,0:1,0,0,0,0
990010,,"42761010,42663010",1:0_2:0_3:0_4:0_5:0_6:0_7:0_8:0_9:0_10:0_11:0_12:0_13:0_14:0_15:0_16:0_17:0_18:0_19:0_20:0_21:0_22:0_23:0_24:0_25:0_26:0_27:0_28:0_29:0_30:0_31:0_32:0_33:0_34:0_35:0_36:0_37:0_38:0_39:0_40:0_41:0_42:0_43:0_44:0_45:0_46:0_47:0_48:0_49:0_50:0_51:0_52:0_53:0_54:0_55:0_56:0_57:0_58:0_59:0_60:0_61:0_62:0_63:0_64:0_65:0_66:0_67:0_68:0_69:0_70:0_71:0_72:0_73:0_74:0_75:0_76:0_77:0_78:0_79:0_80:0_81:0_82:0_83:0_84:0_85:0_86:0_87:0_88:0_89:0_90:0_91:0_92:0_93:0_94:0_95:0_96:0_97:0_98:0_99:0_100:0_101:0_102:0_103:0_104:0_105:0_106:0_107:0_108:0_109:0_110:0_111:0_112:0_113:0_114:0_115:0_116:0_117:0_118:0_119:0_120:0_121:0_122:0_123:0_124:0_125:0_126:0_127:0_128:0_129:0_130:0_131:0_132:0_133:0_134:0_135:0_136:0_137:0_138:0_139:0_140:0_141:0_142:0_143:0_144:0_145:0_146:0_147:0_148:0_149:0_150:0_151:0_152:0_153:0_154:0_155:0_156:0_157:0_158:0_159:0_160:0,0:1,0,0,1:0_2:0_3:0_4:0_5:0_6:0_7:0_8:0_9:0_10:0_11:0_12:0_13:0_14:0_15:0_16:0_17:0_18:0_19:0_20:0_21:0_22:0_23:0_24:0_25:0_26:0_27:0_28:0_29:0_30:0_31:0_32:0_33:0_34:0_35:0_36:0_37:0_38:0_39:0_40:0_41:0_42:0_43:0_44:0_45:0_46:0_47:0_48:0_49:0_50:0_51:0_52:0_53:0_54:0_55:0_56:0_57:0_58:0_59:0_60:0_61:0_62:0_63:0_64:0_65:0_66:0_67:0_68:0_69:0_70:0_71:0_72:0_73:0_74:0_75:0_76:0_77:0_78:0_79:0_80:0_81:0_82:0_83:0_84:0_85:0_86:0_87:0_88:0_89:0_90:0_91:0_92:0_93:0_94:0_95:0_96:0_97:0_98:0_99:0_100:0_101:0_102:0_103:0_104:0_105:0_106:0_107:0_108:0_109:0_110:0_111:0_112:0_113:0_114:0_115:0_116:0_117:0_118:0_119:0_120:0_121:0_122:0_123:0_124:0_125:0_126:0_127:0_128:0_129:0_130:0_131:0_132:0_133:0_134:0_135:0_136:0_137:0_138:0_139:0_140:0_141:0_142:0_143:0_144:0_145:0_146:0_147:0_148:0_149:0_150:0_151:0_152:0_153:0_154:0_155:0_156:0_157:0_158:0_159:0_160:0,0:1,0,0,0,0
1000020,,"42761010,42663010",1:0_2:0_3:0_4:0_5:0_6:0_7:0_8:0_9:0_10:0_11:0_12:0_13:0_14:0_15:0_16:0_17:0_18:0_19:0_20:0_21:0_22:0_23:0_24:0_25:0_26:0_27:0_28:0_29:0_30:0_31:0_32:0_33:0_34:0_35:0_36:0_37:0_38:0_39:0_40:0_41:0_42:0_43:0_44:0_45:0_46:0_47:0_48:0_49:0_50:0_51:0_52:0_53:0_54:0_55:0_56:0_57:0_58:0_59:0_60:0_61:0_62:0_63:0_64:0_65:0_66:0_67:0_68:0_69:0_70:0_71:0_72:0_73:0_74:0_75:0_76:0_77:0_78:0_79:0_80:0_81:0_82:0_83:0_84:0_85:0_86:0_87:0_88:0_89:0_90:0_91:0_92:0_93:0_94:0_95:0_96:0_97:0_98:0_99:0_100:0_101:0_102:0_103:0_104:0_105:0_106:0_107:0_108:0_109:0_110:0_111:0_112:0_113:0_114:0_115:0_116:0_117:0_118:0_119:0_120:0_121:0_122:0_123:0_124:0_125:0_126:0_127:0_128:0_129:0_130:0_131:0_132:0_133:0_134:0_135:0_136:0_137:0_138:0_139:0_140:0_141:0_142:0_143:0_144:0_145:0_146:0_147:0_148:0_149:0_150:0_151:0_152:0_153:0_154:0_155:0_156:0_157:0_158:0_159:0_160:0,0:1,0,0,1:0_2:0_3:0_4:0_5:0_6:0_7:0_8:0_9:0_10:0_11:0_12:0_13:0_14:0_15:0_16:0_17:0_18:0_19:0_20:0_21:0_22:0_23:0_24:0_25:0_26:0_27:0_28:0_29:0_30:0_31:0_32:0_33:0_34:0_35:0_36:0_37:0_38:0_39:0_40:0_41:0_42:0_43:0_44:0_45:0_46:0_47:0_48:0_49:0_50:0_51:0_52:0_53:0_54:0_55:0_56:0_57:0_58:0_59:0_60:0_61:0_62:0_63:0_64:0_65:0_66:0_67:0_68:0_69:0_70:0_71:0_72:0_73:0_74:0_75:0_76:0_77:0_78:0_79:0_80:0_81:0_82:0_83:0_84:0_85:0_86:0_87:0_88:0_89:0_90:0_91:0_92:0_93:0_94:0_95:0_96:0_97:0_98:0_99:0_100:0_101:0_102:0_103:0_104:0_105:0_106:0_107:0_108:0_109:0_110:0_111:0_112:0_113:0_114:0_115:0_116:0_117:0_118:0_119:0_120:0_121:0_122:0_123:0_124:0_125:0_126:0_127:0_128:0_129:0_130:0_131:0_132:0_133:0_134:0_135:0_136:0_137:0_138:0_139:0_140:0_141:0_142:0_143:0_144:0_145:0_146:0_147:0_148:0_149:0_150:0_151:0_152:0_153:0_154:0_155:0_156:0_157:0_158:0_159:0_160:0,0:1,0,0,0,0
1000010,,"42761010,42663010",1:0_2:0_3:0_4:0_5:0_6:0_7:0_8:0_9:0_10:0_11:0_12:0_13:0_14:0_15:0_16:0_17:0_18:0_19:0_20:0_21:0_22:0_23:0_24:0_25:0_26:0_27:0_28:0_29:0_30:0_31:0_32:0_33:0_34:0_35:0_36:0_37:0_38:0_39:0_40:0_41:0_42:0_43:0_44:0_45:0_46:0_47:0_48:0_49:0_50:0_51:0_52:0_53:0_54:0_55:0_56:0_57:0_58:0_59:0_60:0_61:0_62:0_63:0_64:0_65:0_66:0_67:0_68:0_69:0_70:0_71:0_72:0_73:0_74:0_75:0_76:0_77:0_78:0_79:0_80:0_81:0_82:0_83:0_84:0_85:0_86:0_87:0_88:0_89:0_90:0_91:0_92:0_93:0_94:0_95:0_96:0_97:0_98:0_99:0_100:0_101:0_102:0_103:0_104:0_105:0_106:0_107:0_108:0_109:0_110:0_111:0_112:0_113:0_114:0_115:0_116:0_117:0_118:0_119:0_120:0_121:0_122:0_123:0_124:0_125:0_126:0_127:0_128:0_129:0_130:0_131:0_132:0_133:0_134:0_135:0_136:0_137:0_138:0_139:0_140:0_141:0_142:0_143:0_144:0_145:0_146:0_147:0_148:0_149:0_150:0_151:0_152:0_153:0_154:0_155:0_156:0_157:0_158:0_159:0_160:0,0:1,0,0,1:0_2:0_3:0_4:0_5:0_6:0_7:0_8:0_9:0_10:0_11:0_12:0_13:0_14:0_15:0_16:0_17:0_18:0_19:0_20:0_21:0_22:0_23:0_24:0_25:0_26:0_27:0_28:0_29:0_30:0_31:0_32:0_33:0_34:0_35:0_36:0_37:0_38:0_39:0_40:0_41:0_42:0_43:0_44:0_45:0_46:0_47:0_48:0_49:0_50:0_51:0_52:0_53:0_54:0_55:0_56:0_57:0_58:0_59:0_60:0_61:0_62:0_63:0_64:0_65:0_66:0_67:0_68:0_69:0_70:0_71:0_72:0_73:0_74:0_75:0_76:0_77:0_78:0_79:0_80:0_81:0_82:0_83:0_84:0_85:0_86:0_87:0_88:0_89:0_90:0_91:0_92:0_93:0_94:0_95:0_96:0_97:0_98:0_99:0_100:0_101:0_102:0_103:0_104:0_105:0_106:0_107:0_108:0_109:0_110:0_111:0_112:0_113:0_114:0_115:0_116:0_117:0_118:0_119:0_120:0_121:0_122:0_123:0_124:0_125:0_126:0_127:0_128:0_129:0_130:0_131:0_132:0_133:0_134:0_135:0_136:0_137:0_138:0_139:0_140:0_141:0_142:0_143:0_144:0_145:0_146:0_147:0_148:0_149:0_150:0_151:0_152:0_153:0_154:0_155:0_156:0_157:0_158:0_159:0_160:0,0:1,0,0,0,0
1010020,,"42761010,42663010",1:0_2:0_3:0_4:0_5:0_6:0_7:0_8:0_9:0_10:0_11:0_12:0_13:0_14:0_15:0_16:0_17:0_18:0_19:0_20:0_21:0_22:0_23:0_24:0_25:0_26:0_27:0_28:0_29:0_30:0_31:0_32:0_33:0_34:0_35:0_36:0_37:0_38:0_39:0_40:0_41:0_42:0_43:0_44:0_45:0_46:0_47:0_48:0_49:0_50:0_51:0_52:0_53:0_54:0_55:0_56:0_57:0_58:0_59:0_60:0_61:0_62:0_63:0_64:0_65:0_66:0_67:0_68:0_69:0_70:0_71:0_72:0_73:0_74:0_75:0_76:0_77:0_78:0_79:0_80:0_81:0_82:0_83:0_84:0_85:0_86:0_87:0_88:0_89:0_90:0_91:0_92:0_93:0_94:0_95:0_96:0_97:0_98:0_99:0_100:0_101:0_102:0_103:0_104:0_105:0_106:0_107:0_108:0_109:0_110:0_111:0_112:0_113:0_114:0_115:0_116:0_117:0_118:0_119:0_120:0_121:0_122:0_123:0_124:0_125:0_126:0_127:0_128:0_129:0_130:0_131:0_132:0_133:0_134:0_135:0_136:0_137:0_138:0_139:0_140:0_141:0_142:0_143:0_144:0_145:0_146:0_147:0_148:0_149:0_150:0_151:0_152:0_153:0_154:0_155:0_156:0_157:0_158:0_159:0_160:0,0:1,0,0,1:0_2:0_3:0_4:0_5:0_6:0_7:0_8:0_9:0_10:0_11:0_12:0_13:0_14:0_15:0_16:0_17:0_18:0_19:0_20:0_21:0_22:0_23:0_24:0_25:0_26:0_27:0_28:0_29:0_30:0_31:0_32:0_33:0_34:0_35:0_36:0_37:0_38:0_39:0_40:0_41:0_42:0_43:0_44:0_45:0_46:0_47:0_48:0_49:0_50:0_51:0_52:0_53:0_54:0_55:0_56:0_57:0_58:0_59:0_60:0_61:0_62:0_63:0_64:0_65:0_66:0_67:0_68:0_69:0_70:0_71:0_72:0_73:0_74:0_75:0_76:0_77:0_78:0_79:0_80:0_81:0_82:0_83:0_84:0_85:0_86:0_87:0_88:0_89:0_90:0_91:0_92:0_93:0_94:0_95:0_96:0_97:0_98:0_99:0_100:0_101:0_102:0_103:0_104:0_105:0_106:0_107:0_108:0_109:0_110:0_111:0_112:0_113:0_114:0_115:0_116:0_117:0_118:0_119:0_120:0_121:0_122:0_123:0_124:0_125:0_126:0_127:0_128:0_129:0_130:0_131:0_132:0_133:0_134:0_135:0_136:0_137:0_138:0_139:0_140:0_141:0_142:0_143:0_144:0_145:0_146:0_147:0_148:0_149:0_150:0_151:0_152:0_153:0_154:0_155:0_156:0_157:0_158:0_159:0_160:0,0:1,0,0,0,0
1010010,,"42761010,42663010",1:0_2:0_3:0_4:0_5:0_6:0_7:0_8:0_9:0_10:0_11:0_12:0_13:0_14:0_15:0_16:0_17:0_18:0_19:0_20:0_21:0_22:0_23:0_24:0_25:0_26:0_27:0_28:0_29:0_30:0_31:0_32:0_33:0_34:0_35:0_36:0_37:0_38:0_39:0_40:0_41:0_42:0_43:0_44:0_45:0_46:0_47:0_48:0_49:0_50:0_51:0_52:0_53:0_54:0_55:0_56:0_57:0_58:0_59:0_60:0_61:0_62:0_63:0_64:0_65:0_66:0_67:0_68:0_69:0_70:0_71:0_72:0_73:0_74:0_75:0_76:0_77:0_78:0_79:0_80:0_81:0_82:0_83:0_84:0_85:0_86:0_87:0_88:0_89:0_90:0_91:0_92:0_93:0_94:0_95:0_96:0_97:0_98:0_99:0_100:0_101:0_102:0_103:0_104:0_105:0_106:0_107:0_108:0_109:0_110:0_111:0_112:0_113:0_114:0_115:0_116:0_117:0_118:0_119:0_120:0_121:0_122:0_123:0_124:0_125:0_126:0_127:0_128:0_129:0_130:0_131:0_132:0_133:0_134:0_135:0_136:0_137:0_138:0_139:0_140:0_141:0_142:0_143:0_144:0_145:0_146:0_147:0_148:0_149:0_150:0_151:0_152:0_153:0_154:0_155:0_156:0_157:0_158:0_159:0_160:0,0:1,0,0,1:0_2:0_3:0_4:0_5:0_6:0_7:0_8:0_9:0_10:0_11:0_12:0_13:0_14:0_15:0_16:0_17:0_18:0_19:0_20:0_21:0_22:0_23:0_24:0_25:0_26:0_27:0_28:0_29:0_30:0_31:0_32:0_33:0_34:0_35:0_36:0_37:0_38:0_39:0_40:0_41:0_42:0_43:0_44:0_45:0_46:0_47:0_48:0_49:0_50:0_51:0_52:0_53:0_54:0_55:0_56:0_57:0_58:0_59:0_60:0_61:0_62:0_63:0_64:0_65:0_66:0_67:0_68:0_69:0_70:0_71:0_72:0_73:0_74:0_75:0_76:0_77:0_78:0_79:0_80:0_81:0_82:0_83:0_84:0_85:0_86:0_87:0_88:0_89:0_90:0_91:0_92:0_93:0_94:0_95:0_96:0_97:0_98:0_99:0_100:0_101:0_102:0_103:0_104:0_105:0_106:0_107:0_108:0_109:0_110:0_111:0_112:0_113:0_114:0_115:0_116:0_117:0_118:0_119:0_120:0_121:0_122:0_123:0_124:0_125:0_126:0_127:0_128:0_129:0_130:0_131:0_132:0_133:0_134:0_135:0_136:0_137:0_138:0_139:0_140:0_141:0_142:0_143:0_144:0_145:0_146:0_147:0_148:0_149:0_150:0_151:0_152:0_153:0_154:0_155:0_156:0_157:0_158:0_159:0_160:0,0:1,0,0,0,0
1020020,,"42761010,42663010",1:0_2:0_3:0_4:0_5:0_6:0_7:0_8:0_9:0_10:0_11:0_12:0_13:0_14:0_15:0_16:0_17:0_18:0_19:0_20:0_21:0_22:0_23:0_24:0_25:0_26:0_27:0_28:0_29:0_30:0_31:0_32:0_33:0_34:0_35:0_36:0_37:0_38:0_39:0_40:0_41:0_42:0_43:0_44:0_45:0_46:0_47:0_48:0_49:0_50:0_51:0_52:0_53:0_54:0_55:0_56:0_57:0_58:0_59:0_60:0_61:0_62:0_63:0_64:0_65:0_66:0_67:0_68:0_69:0_70:0_71:0_72:0_73:0_74:0_75:0_76:0_77:0_78:0_79:0_80:0_81:0_82:0_83:0_84:0_85:0_86:0_87:0_88:0_89:0_90:0_91:0_92:0_93:0_94:0_95:0_96:0_97:0_98:0_99:0_100:0_101:0_102:0_103:0_104:0_105:0_106:0_107:0_108:0_109:0_110:0_111:0_112:0_113:0_114:0_115:0_116:0_117:0_118:0_119:0_120:0_121:0_122:0_123:0_124:0_125:0_126:0_127:0_128:0_129:0_130:0_131:0_132:0_133:0_134:0_135:0_136:0_137:0_138:0_139:0_140:0_141:0_142:0_143:0_144:0_145:0_146:0_147:0_148:0_149:0_150:0_151:0_152:0_153:0_154:0_155:0_156:0_157:0_158:0_159:0_160:0,0:1,0,0,1:0_2:0_3:0_4:0_5:0_6:0_7:0_8:0_9:0_10:0_11:0_12:0_13:0_14:0_15:0_16:0_17:0_18:0_19:0_20:0_21:0_22:0_23:0_24:0_25:0_26:0_27:0_28:0_29:0_30:0_31:0_32:0_33:0_34:0_35:0_36:0_37:0_38:0_39:0_40:0_41:0_42:0_43:0_44:0_45:0_46:0_47:0_48:0_49:0_50:0_51:0_52:0_53:0_54:0_55:0_56:0_57:0_58:0_59:0_60:0_61:0_62:0_63:0_64:0_65:0_66:0_67:0_68:0_69:0_70:0_71:0_72:0_73:0_74:0_75:0_76:0_77:0_78:0_79:0_80:0_81:0_82:0_83:0_84:0_85:0_86:0_87:0_88:0_89:0_90:0_91:0_92:0_93:0_94:0_95:0_96:0_97:0_98:0_99:0_100:0_101:0_102:0_103:0_104:0_105:0_106:0_107:0_108:0_109:0_110:0_111:0_112:0_113:0_114:0_115:0_116:0_117:0_118:0_119:0_120:0_121:0_122:0_123:0_124:0_125:0_126:0_127:0_128:0_129:0_130:0_131:0_132:0_133:0_134:0_135:0_136:0_137:0_138:0_139:0_140:0_141:0_142:0_143:0_144:0_145:0_146:0_147:0_148:0_149:0_150:0_151:0_152:0_153:0_154:0_155:0_156:0_157:0_158:0_159:0_160:0,0:1,0,0,0,0
1020010,,"42761010,42663010",1:0_2:0_3:0_4:0_5:0_6:0_7:0_8:0_9:0_10:0_11:0_12:0_13:0_14:0_15:0_16:0_17:0_18:0_19:0_20:0_21:0_22:0_23:0_24:0_25:0_26:0_27:0_28:0_29:0_30:0_31:0_32:0_33:0_34:0_35:0_36:0_37:0_38:0_39:0_40:0_41:0_42:0_43:0_44:0_45:0_46:0_47:0_48:0_49:0_50:0_51:0_52:0_53:0_54:0_55:0_56:0_57:0_58:0_59:0_60:0_61:0_62:0_63:0_64:0_65:0_66:0_67:0_68:0_69:0_70:0_71:0_72:0_73:0_74:0_75:0_76:0_77:0_78:0_79:0_80:0_81:0_82:0_83:0_84:0_85:0_86:0_87:0_88:0_89:0_90:0_91:0_92:0_93:0_94:0_95:0_96:0_97:0_98:0_99:0_100:0_101:0_102:0_103:0_104:0_105:0_106:0_107:0_108:0_109:0_110:0_111:0_112:0_113:0_114:0_115:0_116:0_117:0_118:0_119:0_120:0_121:0_122:0_123:0_124:0_125:0_126:0_127:0_128:0_129:0_130:0_131:0_132:0_133:0_134:0_135:0_136:0_137:0_138:0_139:0_140:0_141:0_142:0_143:0_144:0_145:0_146:0_147:0_148:0_149:0_150:0_151:0_152:0_153:0_154:0_155:0_156:0_157:0_158:0_159:0_160:0,0:1,0,0,1:0_2:0_3:0_4:0_5:0_6:0_7:0_8:0_9:0_10:0_11:0_12:0_13:0_14:0_15:0_16:0_17:0_18:0_19:0_20:0_21:0_22:0_23:0_24:0_25:0_26:0_27:0_28:0_29:0_30:0_31:0_32:0_33:0_34:0_35:0_36:0_37:0_38:0_39:0_40:0_41:0_42:0_43:0_44:0_45:0_46:0_47:0_48:0_49:0_50:0_51:0_52:0_53:0_54:0_55:0_56:0_57:0_58:0_59:0_60:0_61:0_62:0_63:0_64:0_65:0_66:0_67:0_68:0_69:0_70:0_71:0_72:0_73:0_74:0_75:0_76:0_77:0_78:0_79:0_80:0_81:0_82:0_83:0_84:0_85:0_86:0_87:0_88:0_89:0_90:0_91:0_92:0_93:0_94:0_95:0_96:0_97:0_98:0_99:0_100:0_101:0_102:0_103:0_104:0_105:0_106:0_107:0_108:0_109:0_110:0_111:0_112:0_113:0_114:0_115:0_116:0_117:0_118:0_119:0_120:0_121:0_122:0_123:0_124:0_125:0_126:0_127:0_128:0_129:0_130:0_131:0_132:0_133:0_134:0_135:0_136:0_137:0_138:0_139:0_140:0_141:0_142:0_143:0_144:0_145:0_146:0_147:0_148:0_149:0_150:0_151:0_152:0_153:0_154:0_155:0_156:0_157:0_158:0_159:0_160:0,0:1,0,0,0,0
1030020,,"42761010,42663010",1:0_2:0_3:0_4:0_5:0_6:0_7:0_8:0_9:0_10:0_11:0_12:0_13:0_14:0_15:0_16:0_17:0_18:0_19:0_20:0_21:0_22:0_23:0_24:0_25:0_26:0_27:0_28:0_29:0_30:0_31:0_32:0_33:0_34:0_35:0_36:0_37:0_38:0_39:0_40:0_41:0_42:0_43:0_44:0_45:0_46:0_47:0_48:0_49:0_50:0_51:0_52:0_53:0_54:0_55:0_56:0_57:0_58:0_59:0_60:0_61:0_62:0_63:0_64:0_65:0_66:0_67:0_68:0_69:0_70:0_71:0_72:0_73:0_74:0_75:0_76:0_77:0_78:0_79:0_80:0_81:0_82:0_83:0_84:0_85:0_86:0_87:0_88:0_89:0_90:0_91:0_92:0_93:0_94:0_95:0_96:0_97:0_98:0_99:0_100:0_101:0_102:0_103:0_104:0_105:0_106:0_107:0_108:0_109:0_110:0_111:0_112:0_113:0_114:0_115:0_116:0_117:0_118:0_119:0_120:0_121:0_122:0_123:0_124:0_125:0_126:0_127:0_128:0_129:0_130:0_131:0_132:0_133:0_134:0_135:0_136:0_137:0_138:0_139:0_140:0_141:0_142:0_143:0_144:0_145:0_146:0_147:0_148:0_149:0_150:0_151:0_152:0_153:0_154:0_155:0_156:0_157:0_158:0_159:0_160:0,0:1,0,0,1:0_2:0_3:0_4:0_5:0_6:0_7:0_8:0_9:0_10:0_11:0_12:0_13:0_14:0_15:0_16:0_17:0_18:0_19:0_20:0_21:0_22:0_23:0_24:0_25:0_26:0_27:0_28:0_29:0_30:0_31:0_32:0_33:0_34:0_35:0_36:0_37:0_38:0_39:0_40:0_41:0_42:0_43:0_44:0_45:0_46:0_47:0_48:0_49:0_50:0_51:0_52:0_53:0_54:0_55:0_56:0_57:0_58:0_59:0_60:0_61:0_62:0_63:0_64:0_65:0_66:0_67:0_68:0_69:0_70:0_71:0_72:0_73:0_74:0_75:0_76:0_77:0_78:0_79:0_80:0_81:0_82:0_83:0_84:0_85:0_86:0_87:0_88:0_89:0_90:0_91:0_92:0_93:0_94:0_95:0_96:0_97:0_98:0_99:0_100:0_101:0_102:0_103:0_104:0_105:0_106:0_107:0_108:0_109:0_110:0_111:0_112:0_113:0_114:0_115:0_116:0_117:0_118:0_119:0_120:0_121:0_122:0_123:0_124:0_125:0_126:0_127:0_128:0_129:0_130:0_131:0_132:0_133:0_134:0_135:0_136:0_137:0_138:0_139:0_140:0_141:0_142:0_143:0_144:0_145:0_146:0_147:0_148:0_149:0_150:0_151:0_152:0_153:0_154:0_155:0_156:0_157:0_158:0_159:0_160:0,0:1,0,0,0,0
1030010,,"42761010,42663010",1:0_2:0_3:0_4:0_5:0_6:0_7:0_8:0_9:0_10:0_11:0_12:0_13:0_14:0_15:0_16:0_17:0_18:0_19:0_20:0_21:0_22:0_23:0_24:0_25:0_26:0_27:0_28:0_29:0_30:0_31:0_32:0_33:0_34:0_35:0_36:0_37:0_38:0_39:0_40:0_41:0_42:0_43:0_44:0_45:0_46:0_47:0_48:0_49:0_50:0_51:0_52:0_53:0_54:0_55:0_56:0_57:0_58:0_59:0_60:0_61:0_62:0_63:0_64:0_65:0_66:0_67:0_68:0_69:0_70:0_71:0_72:0_73:0_74:0_75:0_76:0_77:0_78:0_79:0_80:0_81:0_82:0_83:0_84:0_85:0_86:0_87:0_88:0_89:0_90:0_91:0_92:0_93:0_94:0_95:0_96:0_97:0_98:0_99:0_100:0_101:0_102:0_103:0_104:0_105:0_106:0_107:0_108:0_109:0_110:0_111:0_112:0_113:0_114:0_115:0_116:0_117:0_118:0_119:0_120:0_121:0_122:0_123:0_124:0_125:0_126:0_127:0_128:0_129:0_130:0_131:0_132:0_133:0_134:0_135:0_136:0_137:0_138:0_139:0_140:0_141:0_142:0_143:0_144:0_145:0_146:0_147:0_148:0_149:0_150:0_151:0_152:0_153:0_154:0_155:0_156:0_157:0_158:0_159:0_160:0,0:1,0,0,1:0_2:0_3:0_4:0_5:0_6:0_7:0_8:0_9:0_10:0_11:0_12:0_13:0_14:0_15:0_16:0_17:0_18:0_19:0_20:0_21:0_22:0_23:0_24:0_25:0_26:0_27:0_28:0_29:0_30:0_31:0_32:0_33:0_34:0_35:0_36:0_37:0_38:0_39:0_40:0_41:0_42:0_43:0_44:0_45:0_46:0_47:0_48:0_49:0_50:0_51:0_52:0_53:0_54:0_55:0_56:0_57:0_58:0_59:0_60:0_61:0_62:0_63:0_64:0_65:0_66:0_67:0_68:0_69:0_70:0_71:0_72:0_73:0_74:0_75:0_76:0_77:0_78:0_79:0_80:0_81:0_82:0_83:0_84:0_85:0_86:0_87:0_88:0_89:0_90:0_91:0_92:0_93:0_94:0_95:0_96:0_97:0_98:0_99:0_100:0_101:0_102:0_103:0_104:0_105:0_106:0_107:0_108:0_109:0_110:0_111:0_112:0_113:0_114:0_115:0_116:0_117:0_118:0_119:0_120:0_121:0_122:0_123:0_124:0_125:0_126:0_127:0_128:0_129:0_130:0_131:0_132:0_133:0_134:0_135:0_136:0_137:0_138:0_139:0_140:0_141:0_142:0_143:0_144:0_145:0_146:0_147:0_148:0_149:0_150:0_151:0_152:0_153:0_154:0_155:0_156:0_157:0_158:0_159:0_160:0,0:1,0,0,0,0
1040020,,"42761010,42663010",1:0_2:0_3:0_4:0_5:0_6:0_7:0_8:0_9:0_10:0_11:0_12:0_13:0_14:0_15:0_16:0_17:0_18:0_19:0_20:0_21:0_22:0_23:0_24:0_25:0_26:0_27:0_28:0_29:0_30:0_31:0_32:0_33:0_34:0_35:0_36:0_37:0_38:0_39:0_40:0_41:0_42:0_43:0_44:0_45:0_46:0_47:0_48:0_49:0_50:0_51:0_52:0_53:0_54:0_55:0_56:0_57:0_58:0_59:0_60:0_61:0_62:0_63:0_64:0_65:0_66:0_67:0_68:0_69:0_70:0_71:0_72:0_73:0_74:0_75:0_76:0_77:0_78:0_79:0_80:0_81:0_82:0_83:0_84:0_85:0_86:0_87:0_88:0_89:0_90:0_91:0_92:0_93:0_94:0_95:0_96:0_97:0_98:0_99:0_100:0_101:0_102:0_103:0_104:0_105:0_106:0_107:0_108:0_109:0_110:0_111:0_112:0_113:0_114:0_115:0_116:0_117:0_118:0_119:0_120:0_121:0_122:0_123:0_124:0_125:0_126:0_127:0_128:0_129:0_130:0_131:0_132:0_133:0_134:0_135:0_136:0_137:0_138:0_139:0_140:0_141:0_142:0_143:0_144:0_145:0_146:0_147:0_148:0_149:0_150:0_151:0_152:0_153:0_154:0_155:0_156:0_157:0_158:0_159:0_160:0,0:1,0,0,1:0_2:0_3:0_4:0_5:0_6:0_7:0_8:0_9:0_10:0_11:0_12:0_13:0_14:0_15:0_16:0_17:0_18:0_19:0_20:0_21:0_22:0_23:0_24:0_25:0_26:0_27:0_28:0_29:0_30:0_31:0_32:0_33:0_34:0_35:0_36:0_37:0_38:0_39:0_40:0_41:0_42:0_43:0_44:0_45:0_46:0_47:0_48:0_49:0_50:0_51:0_52:0_53:0_54:0_55:0_56:0_57:0_58:0_59:0_60:0_61:0_62:0_63:0_64:0_65:0_66:0_67:0_68:0_69:0_70:0_71:0_72:0_73:0_74:0_75:0_76:0_77:0_78:0_79:0_80:0_81:0_82:0_83:0_84:0_85:0_86:0_87:0_88:0_89:0_90:0_91:0_92:0_93:0_94:0_95:0_96:0_97:0_98:0_99:0_100:0_101:0_102:0_103:0_104:0_105:0_106:0_107:0_108:0_109:0_110:0_111:0_112:0_113:0_114:0_115:0_116:0_117:0_118:0_119:0_120:0_121:0_122:0_123:0_124:0_125:0_126:0_127:0_128:0_129:0_130:0_131:0_132:0_133:0_134:0_135:0_136:0_137:0_138:0_139:0_140:0_141:0_142:0_143:0_144:0_145:0_146:0_147:0_148:0_149:0_150:0_151:0_152:0_153:0_154:0_155:0_156:0_157:0_158:0_159:0_160:0,0:1,0,0,0,0
1040010,,"42761010,42663010",1:0_2:0_3:0_4:0_5:0_6:0_7:0_8:0_9:0_10:0_11:0_12:0_13:0_14:0_15:0_16:0_17:0_18:0_19:0_20:0_21:0_22:0_23:0_24:0_25:0_26:0_27:0_28:0_29:0_30:0_31:0_32:0_33:0_34:0_35:0_36:0_37:0_38:0_39:0_40:0_41:0_42:0_43:0_44:0_45:0_46:0_47:0_48:0_49:0_50:0_51:0_52:0_53:0_54:0_55:0_56:0_57:0_58:0_59:0_60:0_61:0_62:0_63:0_64:0_65:0_66:0_67:0_68:0_69:0_70:0_71:0_72:0_73:0_74:0_75:0_76:0_77:0_78:0_79:0_80:0_81:0_82:0_83:0_84:0_85:0_86:0_87:0_88:0_89:0_90:0_91:0_92:0_93:0_94:0_95:0_96:0_97:0_98:0_99:0_100:0_101:0_102:0_103:0_104:0_105:0_106:0_107:0_108:0_109:0_110:0_111:0_112:0_113:0_114:0_115:0_116:0_117:0_118:0_119:0_120:0_121:0_122:0_123:0_124:0_125:0_126:0_127:0_128:0_129:0_130:0_131:0_132:0_133:0_134:0_135:0_136:0_137:0_138:0_139:0_140:0_141:0_142:0_143:0_144:0_145:0_146:0_147:0_148:0_149:0_150:0_151:0_152:0_153:0_154:0_155:0_156:0_157:0_158:0_159:0_160:0,0:1,0,0,1:0_2:0_3:0_4:0_5:0_6:0_7:0_8:0_9:0_10:0_11:0_12:0_13:0_14:0_15:0_16:0_17:0_18:0_19:0_20:0_21:0_22:0_23:0_24:0_25:0_26:0_27:0_28:0_29:0_30:0_31:0_32:0_33:0_34:0_35:0_36:0_37:0_38:0_39:0_40:0_41:0_42:0_43:0_44:0_45:0_46:0_47:0_48:0_49:0_50:0_51:0_52:0_53:0_54:0_55:0_56:0_57:0_58:0_59:0_60:0_61:0_62:0_63:0_64:0_65:0_66:0_67:0_68:0_69:0_70:0_71:0_72:0_73:0_74:0_75:0_76:0_77:0_78:0_79:0_80:0_81:0_82:0_83:0_84:0_85:0_86:0_87:0_88:0_89:0_90:0_91:0_92:0_93:0_94:0_95:0_96:0_97:0_98:0_99:0_100:0_101:0_102:0_103:0_104:0_105:0_106:0_107:0_108:0_109:0_110:0_111:0_112:0_113:0_114:0_115:0_116:0_117:0_118:0_119:0_120:0_121:0_122:0_123:0_124:0_125:0_126:0_127:0_128:0_129:0_130:0_131:0_132:0_133:0_134:0_135:0_136:0_137:0_138:0_139:0_140:0_141:0_142:0_143:0_144:0_145:0_146:0_147:0_148:0_149:0_150:0_151:0_152:0_153:0_154:0_155:0_156:0_157:0_158:0_159:0_160:0,0:1,0,0,0,0
1050020,,"42761010,42663010",1:0_2:0_3:0_4:0_5:0_6:0_7:0_8:0_9:0_10:0_11:0_12:0_13:0_14:0_15:0_16:0_17:0_18:0_19:0_20:0_21:0_22:0_23:0_24:0_25:0_26:0_27:0_28:0_29:0_30:0_31:0_32:0_33:0_34:0_35:0_36:0_37:0_38:0_39:0_40:0_41:0_42:0_43:0_44:0_45:0_46:0_47:0_48:0_49:0_50:0_51:0_52:0_53:0_54:0_55:0_56:0_57:0_58:0_59:0_60:0_61:0_62:0_63:0_64:0_65:0_66:0_67:0_68:0_69:0_70:0_71:0_72:0_73:0_74:0_75:0_76:0_77:0_78:0_79:0_80:0_81:0_82:0_83:0_84:0_85:0_86:0_87:0_88:0_89:0_90:0_91:0_92:0_93:0_94:0_95:0_96:0_97:0_98:0_99:0_100:0_101:0_102:0_103:0_104:0_105:0_106:0_107:0_108:0_109:0_110:0_111:0_112:0_113:0_114:0_115:0_116:0_117:0_118:0_119:0_120:0_121:0_122:0_123:0_124:0_125:0_126:0_127:0_128:0_129:0_130:0_131:0_132:0_133:0_134:0_135:0_136:0_137:0_138:0_139:0_140:0_141:0_142:0_143:0_144:0_145:0_146:0_147:0_148:0_149:0_150:0_151:0_152:0_153:0_154:0_155:0_156:0_157:0_158:0_159:0_160:0,0:1,0,0,1:0_2:0_3:0_4:0_5:0_6:0_7:0_8:0_9:0_10:0_11:0_12:0_13:0_14:0_15:0_16:0_17:0_18:0_19:0_20:0_21:0_22:0_23:0_24:0_25:0_26:0_27:0_28:0_29:0_30:0_31:0_32:0_33:0_34:0_35:0_36:0_37:0_38:0_39:0_40:0_41:0_42:0_43:0_44:0_45:0_46:0_47:0_48:0_49:0_50:0_51:0_52:0_53:0_54:0_55:0_56:0_57:0_58:0_59:0_60:0_61:0_62:0_63:0_64:0_65:0_66:0_67:0_68:0_69:0_70:0_71:0_72:0_73:0_74:0_75:0_76:0_77:0_78:0_79:0_80:0_81:0_82:0_83:0_84:0_85:0_86:0_87:0_88:0_89:0_90:0_91:0_92:0_93:0_94:0_95:0_96:0_97:0_98:0_99:0_100:0_101:0_102:0_103:0_104:0_105:0_106:0_107:0_108:0_109:0_110:0_111:0_112:0_113:0_114:0_115:0_116:0_117:0_118:0_119:0_120:0_121:0_122:0_123:0_124:0_125:0_126:0_127:0_128:0_129:0_130:0_131:0_132:0_133:0_134:0_135:0_136:0_137:0_138:0_139:0_140:0_141:0_142:0_143:0_144:0_145:0_146:0_147:0_148:0_149:0_150:0_151:0_152:0_153:0_154:0_155:0_156:0_157:0_158:0_159:0_160:0,0:1,0,0,0,0
1050010,,"42761010,42663010",1:0_2:0_3:0_4:0_5:0_6:0_7:0_8:0_9:0_10:0_11:0_12:0_13:0_14:0_15:0_16:0_17:0_18:0_19:0_20:0_21:0_22:0_23:0_24:0_25:0_26:0_27:0_28:0_29:0_30:0_31:0_32:0_33:0_34:0_35:0_36:0_37:0_38:0_39:0_40:0_41:0_42:0_43:0_44:0_45:0_46:0_47:0_48:0_49:0_50:0_51:0_52:0_53:0_54:0_55:0_56:0_57:0_58:0_59:0_60:0_61:0_62:0_63:0_64:0_65:0_66:0_67:0_68:0_69:0_70:0_71:0_72:0_73:0_74:0_75:0_76:0_77:0_78:0_79:0_80:0_81:0_82:0_83:0_84:0_85:0_86:0_87:0_88:0_89:0_90:0_91:0_92:0_93:0_94:0_95:0_96:0_97:0_98:0_99:0_100:0_101:0_102:0_103:0_104:0_105:0_106:0_107:0_108:0_109:0_110:0_111:0_112:0_113:0_114:0_115:0_116:0_117:0_118:0_119:0_120:0_121:0_122:0_123:0_124:0_125:0_126:0_127:0_128:0_129:0_130:0_131:0_132:0_133:0_134:0_135:0_136:0_137:0_138:0_139:0_140:0_141:0_142:0_143:0_144:0_145:0_146:0_147:0_148:0_149:0_150:0_151:0_152:0_153:0_154:0_155:0_156:0_157:0_158:0_159:0_160:0,0:1,0,0,1:0_2:0_3:0_4:0_5:0_6:0_7:0_8:0_9:0_10:0_11:0_12:0_13:0_14:0_15:0_16:0_17:0_18:0_19:0_20:0_21:0_22:0_23:0_24:0_25:0_26:0_27:0_28:0_29:0_30:0_31:0_32:0_33:0_34:0_35:0_36:0_37:0_38:0_39:0_40:0_41:0_42:0_43:0_44:0_45:0_46:0_47:0_48:0_49:0_50:0_51:0_52:0_53:0_54:0_55:0_56:0_57:0_58:0_59:0_60:0_61:0_62:0_63:0_64:0_65:0_66:0_67:0_68:0_69:0_70:0_71:0_72:0_73:0_74:0_75:0_76:0_77:0_78:0_79:0_80:0_81:0_82:0_83:0_84:0_85:0_86:0_87:0_88:0_89:0_90:0_91:0_92:0_93:0_94:0_95:0_96:0_97:0_98:0_99:0_100:0_101:0_102:0_103:0_104:0_105:0_106:0_107:0_108:0_109:0_110:0_111:0_112:0_113:0_114:0_115:0_116:0_117:0_118:0_119:0_120:0_121:0_122:0_123:0_124:0_125:0_126:0_127:0_128:0_129:0_130:0_131:0_132:0_133:0_134:0_135:0_136:0_137:0_138:0_139:0_140:0_141:0_142:0_143:0_144:0_145:0_146:0_147:0_148:0_149:0_150:0_151:0_152:0_153:0_154:0_155:0_156:0_157:0_158:0_159:0_160:0,0:1,0,0,0,0
1060020,,"42761010,42663010",1:0_2:0_3:0_4:0_5:0_6:0_7:0_8:0_9:0_10:0_11:0_12:0_13:0_14:0_15:0_16:0_17:0_18:0_19:0_20:0_21:0_22:0_23:0_24:0_25:0_26:0_27:0_28:0_29:0_30:0_31:0_32:0_33:0_34:0_35:0_36:0_37:0_38:0_39:0_40:0_41:0_42:0_43:0_44:0_45:0_46:0_47:0_48:0_49:0_50:0_51:0_52:0_53:0_54:0_55:0_56:0_57:0_58:0_59:0_60:0_61:0_62:0_63:0_64:0_65:0_66:0_67:0_68:0_69:0_70:0_71:0_72:0_73:0_74:0_75:0_76:0_77:0_78:0_79:0_80:0_81:0_82:0_83:0_84:0_85:0_86:0_87:0_88:0_89:0_90:0_91:0_92:0_93:0_94:0_95:0_96:0_97:0_98:0_99:0_100:0_101:0_102:0_103:0_104:0_105:0_106:0_107:0_108:0_109:0_110:0_111:0_112:0_113:0_114:0_115:0_116:0_117:0_118:0_119:0_120:0_121:0_122:0_123:0_124:0_125:0_126:0_127:0_128:0_129:0_130:0_131:0_132:0_133:0_134:0_135:0_136:0_137:0_138:0_139:0_140:0_141:0_142:0_143:0_144:0_145:0_146:0_147:0_148:0_149:0_150:0_151:0_152:0_153:0_154:0_155:0_156:0_157:0_158:0_159:0_160:0,0:1,0,0,1:0_2:0_3:0_4:0_5:0_6:0_7:0_8:0_9:0_10:0_11:0_12:0_13:0_14:0_15:0_16:0_17:0_18:0_19:0_20:0_21:0_22:0_23:0_24:0_25:0_26:0_27:0_28:0_29:0_30:0_31:0_32:0_33:0_34:0_35:0_36:0_37:0_38:0_39:0_40:0_41:0_42:0_43:0_44:0_45:0_46:0_47:0_48:0_49:0_50:0_51:0_52:0_53:0_54:0_55:0_56:0_57:0_58:0_59:0_60:0_61:0_62:0_63:0_64:0_65:0_66:0_67:0_68:0_69:0_70:0_71:0_72:0_73:0_74:0_75:0_76:0_77:0_78:0_79:0_80:0_81:0_82:0_83:0_84:0_85:0_86:0_87:0_88:0_89:0_90:0_91:0_92:0_93:0_94:0_95:0_96:0_97:0_98:0_99:0_100:0_101:0_102:0_103:0_104:0_105:0_106:0_107:0_108:0_109:0_110:0_111:0_112:0_113:0_114:0_115:0_116:0_117:0_118:0_119:0_120:0_121:0_122:0_123:0_124:0_125:0_126:0_127:0_128:0_129:0_130:0_131:0_132:0_133:0_134:0_135:0_136:0_137:0_138:0_139:0_140:0_141:0_142:0_143:0_144:0_145:0_146:0_147:0_148:0_149:0_150:0_151:0_152:0_153:0_154:0_155:0_156:0_157:0_158:0_159:0_160:0,0:1,0,0,0,0
1060010,,"42761010,42663010",1:0_2:0_3:0_4:0_5:0_6:0_7:0_8:0_9:0_10:0_11:0_12:0_13:0_14:0_15:0_16:0_17:0_18:0_19:0_20:0_21:0_22:0_23:0_24:0_25:0_26:0_27:0_28:0_29:0_30:0_31:0_32:0_33:0_34:0_35:0_36:0_37:0_38:0_39:0_40:0_41:0_42:0_43:0_44:0_45:0_46:0_47:0_48:0_49:0_50:0_51:0_52:0_53:0_54:0_55:0_56:0_57:0_58:0_59:0_60:0_61:0_62:0_63:0_64:0_65:0_66:0_67:0_68:0_69:0_70:0_71:0_72:0_73:0_74:0_75:0_76:0_77:0_78:0_79:0_80:0_81:0_82:0_83:0_84:0_85:0_86:0_87:0_88:0_89:0_90:0_91:0_92:0_93:0_94:0_95:0_96:0_97:0_98:0_99:0_100:0_101:0_102:0_103:0_104:0_105:0_106:0_107:0_108:0_109:0_110:0_111:0_112:0_113:0_114:0_115:0_116:0_117:0_118:0_119:0_120:0_121:0_122:0_123:0_124:0_125:0_126:0_127:0_128:0_129:0_130:0_131:0_132:0_133:0_134:0_135:0_136:0_137:0_138:0_139:0_140:0_141:0_142:0_143:0_144:0_145:0_146:0_147:0_148:0_149:0_150:0_151:0_152:0_153:0_154:0_155:0_156:0_157:0_158:0_159:0_160:0,0:1,0,0,1:0_2:0_3:0_4:0_5:0_6:0_7:0_8:0_9:0_10:0_11:0_12:0_13:0_14:0_15:0_16:0_17:0_18:0_19:0_20:0_21:0_22:0_23:0_24:0_25:0_26:0_27:0_28:0_29:0_30:0_31:0_32:0_33:0_34:0_35:0_36:0_37:0_38:0_39:0_40:0_41:0_42:0_43:0_44:0_45:0_46:0_47:0_48:0_49:0_50:0_51:0_52:0_53:0_54:0_55:0_56:0_57:0_58:0_59:0_60:0_61:0_62:0_63:0_64:0_65:0_66:0_67:0_68:0_69:0_70:0_71:0_72:0_73:0_74:0_75:0_76:0_77:0_78:0_79:0_80:0_81:0_82:0_83:0_84:0_85:0_86:0_87:0_88:0_89:0_90:0_91:0_92:0_93:0_94:0_95:0_96:0_97:0_98:0_99:0_100:0_101:0_102:0_103:0_104:0_105:0_106:0_107:0_108:0_109:0_110:0_111:0_112:0_113:0_114:0_115:0_116:0_117:0_118:0_119:0_120:0_121:0_122:0_123:0_124:0_125:0_126:0_127:0_128:0_129:0_130:0_131:0_132:0_133:0_134:0_135:0_136:0_137:0_138:0_139:0_140:0_141:0_142:0_143:0_144:0_145:0_146:0_147:0_148:0_149:0_150:0_151:0_152:0_153:0_154:0_155:0_156:0_157:0_158:0_159:0_160:0,0:1,0,0,0,0
1070020,,"42761010,42663010",1:0_2:0_3:0_4:0_5:0_6:0_7:0_8:0_9:0_10:0_11:0_12:0_13:0_14:0_15:0_16:0_17:0_18:0_19:0_20:0_21:0_22:0_23:0_24:0_25:0_26:0_27:0_28:0_29:0_30:0_31:0_32:0_33:0_34:0_35:0_36:0_37:0_38:0_39:0_40:0_41:0_42:0_43:0_44:0_45:0_46:0_47:0_48:0_49:0_50:0_51:0_52:0_53:0_54:0_55:0_56:0_57:0_58:0_59:0_60:0_61:0_62:0_63:0_64:0_65:0_66:0_67:0_68:0_69:0_70:0_71:0_72:0_73:0_74:0_75:0_76:0_77:0_78:0_79:0_80:0_81:0_82:0_83:0_84:0_85:0_86:0_87:0_88:0_89:0_90:0_91:0_92:0_93:0_94:0_95:0_96:0_97:0_98:0_99:0_100:0_101:0_102:0_103:0_104:0_105:0_106:0_107:0_108:0_109:0_110:0_111:0_112:0_113:0_114:0_115:0_116:0_117:0_118:0_119:0_120:0_121:0_122:0_123:0_124:0_125:0_126:0_127:0_128:0_129:0_130:0_131:0_132:0_133:0_134:0_135:0_136:0_137:0_138:0_139:0_140:0_141:0_142:0_143:0_144:0_145:0_146:0_147:0_148:0_149:0_150:0_151:0_152:0_153:0_154:0_155:0_156:0_157:0_158:0_159:0_160:0,0:1,0,0,1:0_2:0_3:0_4:0_5:0_6:0_7:0_8:0_9:0_10:0_11:0_12:0_13:0_14:0_15:0_16:0_17:0_18:0_19:0_20:0_21:0_22:0_23:0_24:0_25:0_26:0_27:0_28:0_29:0_30:0_31:0_32:0_33:0_34:0_35:0_36:0_37:0_38:0_39:0_40:0_41:0_42:0_43:0_44:0_45:0_46:0_47:0_48:0_49:0_50:0_51:0_52:0_53:0_54:0_55:0_56:0_57:0_58:0_59:0_60:0_61:0_62:0_63:0_64:0_65:0_66:0_67:0_68:0_69:0_70:0_71:0_72:0_73:0_74:0_75:0_76:0_77:0_78:0_79:0_80:0_81:0_82:0_83:0_84:0_85:0_86:0_87:0_88:0_89:0_90:0_91:0_92:0_93:0_94:0_95:0_96:0_97:0_98:0_99:0_100:0_101:0_102:0_103:0_104:0_105:0_106:0_107:0_108:0_109:0_110:0_111:0_112:0_113:0_114:0_115:0_116:0_117:0_118:0_119:0_120:0_121:0_122:0_123:0_124:0_125:0_126:0_127:0_128:0_129:0_130:0_131:0_132:0_133:0_134:0_135:0_136:0_137:0_138:0_139:0_140:0_141:0_142:0_143:0_144:0_145:0_146:0_147:0_148:0_149:0_150:0_151:0_152:0_153:0_154:0_155:0_156:0_157:0_158:0_159:0_160:0,0:1,0,0,0,0
1070010,,"42761010,42663010",1:0_2:0_3:0_4:0_5:0_6:0_7:0_8:0_9:0_10:0_11:0_12:0_13:0_14:0_15:0_16:0_17:0_18:0_19:0_20:0_21:0_22:0_23:0_24:0_25:0_26:0_27:0_28:0_29:0_30:0_31:0_32:0_33:0_34:0_35:0_36:0_37:0_38:0_39:0_40:0_41:0_42:0_43:0_44:0_45:0_46:0_47:0_48:0_49:0_50:0_51:0_52:0_53:0_54:0_55:0_56:0_57:0_58:0_59:0_60:0_61:0_62:0_63:0_64:0_65:0_66:0_67:0_68:0_69:0_70:0_71:0_72:0_73:0_74:0_75:0_76:0_77:0_78:0_79:0_80:0_81:0_82:0_83:0_84:0_85:0_86:0_87:0_88:0_89:0_90:0_91:0_92:0_93:0_94:0_95:0_96:0_97:0_98:0_99:0_100:0_101:0_102:0_103:0_104:0_105:0_106:0_107:0_108:0_109:0_110:0_111:0_112:0_113:0_114:0_115:0_116:0_117:0_118:0_119:0_120:0_121:0_122:0_123:0_124:0_125:0_126:0_127:0_128:0_129:0_130:0_131:0_132:0_133:0_134:0_135:0_136:0_137:0_138:0_139:0_140:0_141:0_142:0_143:0_144:0_145:0_146:0_147:0_148:0_149:0_150:0_151:0_152:0_153:0_154:0_155:0_156:0_157:0_158:0_159:0_160:0,0:1,0,0,1:0_2:0_3:0_4:0_5:0_6:0_7:0_8:0_9:0_10:0_11:0_12:0_13:0_14:0_15:0_16:0_17:0_18:0_19:0_20:0_21:0_22:0_23:0_24:0_25:0_26:0_27:0_28:0_29:0_30:0_31:0_32:0_33:0_34:0_35:0_36:0_37:0_38:0_39:0_40:0_41:0_42:0_43:0_44:0_45:0_46:0_47:0_48:0_49:0_50:0_51:0_52:0_53:0_54:0_55:0_56:0_57:0_58:0_59:0_60:0_61:0_62:0_63:0_64:0_65:0_66:0_67:0_68:0_69:0_70:0_71:0_72:0_73:0_74:0_75:0_76:0_77:0_78:0_79:0_80:0_81:0_82:0_83:0_84:0_85:0_86:0_87:0_88:0_89:0_90:0_91:0_92:0_93:0_94:0_95:0_96:0_97:0_98:0_99:0_100:0_101:0_102:0_103:0_104:0_105:0_106:0_107:0_108:0_109:0_110:0_111:0_112:0_113:0_114:0_115:0_116:0_117:0_118:0_119:0_120:0_121:0_122:0_123:0_124:0_125:0_126:0_127:0_128:0_129:0_130:0_131:0_132:0_133:0_134:0_135:0_136:0_137:0_138:0_139:0_140:0_141:0_142:0_143:0_144:0_145:0_146:0_147:0_148:0_149:0_150:0_151:0_152:0_153:0_154:0_155:0_156:0_157:0_158:0_159:0_160:0,0:1,0,0,0,0
1080020,,"42761010,42663010",1:0_2:0_3:0_4:0_5:0_6:0_7:0_8:0_9:0_10:0_11:0_12:0_13:0_14:0_15:0_16:0_17:0_18:0_19:0_20:0_21:0_22:0_23:0_24:0_25:0_26:0_27:0_28:0_29:0_30:0_31:0_32:0_33:0_34:0_35:0_36:0_37:0_38:0_39:0_40:0_41:0_42:0_43:0_44:0_45:0_46:0_47:0_48:0_49:0_50:0_51:0_52:0_53:0_54:0_55:0_56:0_57:0_58:0_59:0_60:0_61:0_62:0_63:0_64:0_65:0_66:0_67:0_68:0_69:0_70:0_71:0_72:0_73:0_74:0_75:0_76:0_77:0_78:0_79:0_80:0_81:0_82:0_83:0_84:0_85:0_86:0_87:0_88:0_89:0_90:0_91:0_92:0_93:0_94:0_95:0_96:0_97:0_98:0_99:0_100:0_101:0_102:0_103:0_104:0_105:0_106:0_107:0_108:0_109:0_110:0_111:0_112:0_113:0_114:0_115:0_116:0_117:0_118:0_119:0_120:0_121:0_122:0_123:0_124:0_125:0_126:0_127:0_128:0_129:0_130:0_131:0_132:0_133:0_134:0_135:0_136:0_137:0_138:0_139:0_140:0_141:0_142:0_143:0_144:0_145:0_146:0_147:0_148:0_149:0_150:0_151:0_152:0_153:0_154:0_155:0_156:0_157:0_158:0_159:0_160:0,0:1,0,0,1:0_2:0_3:0_4:0_5:0_6:0_7:0_8:0_9:0_10:0_11:0_12:0_13:0_14:0_15:0_16:0_17:0_18:0_19:0_20:0_21:0_22:0_23:0_24:0_25:0_26:0_27:0_28:0_29:0_30:0_31:0_32:0_33:0_34:0_35:0_36:0_37:0_38:0_39:0_40:0_41:0_42:0_43:0_44:0_45:0_46:0_47:0_48:0_49:0_50:0_51:0_52:0_53:0_54:0_55:0_56:0_57:0_58:0_59:0_60:0_61:0_62:0_63:0_64:0_65:0_66:0_67:0_68:0_69:0_70:0_71:0_72:0_73:0_74:0_75:0_76:0_77:0_78:0_79:0_80:0_81:0_82:0_83:0_84:0_85:0_86:0_87:0_88:0_89:0_90:0_91:0_92:0_93:0_94:0_95:0_96:0_97:0_98:0_99:0_100:0_101:0_102:0_103:0_104:0_105:0_106:0_107:0_108:0_109:0_110:0_111:0_112:0_113:0_114:0_115:0_116:0_117:0_118:0_119:0_120:0_121:0_122:0_123:0_124:0_125:0_126:0_127:0_128:0_129:0_130:0_131:0_132:0_133:0_134:0_135:0_136:0_137:0_138:0_139:0_140:0_141:0_142:0_143:0_144:0_145:0_146:0_147:0_148:0_149:0_150:0_151:0_152:0_153:0_154:0_155:0_156:0_157:0_158:0_159:0_160:0,0:1,0,0,0,0
1080010,,"42761010,42663010",1:0_2:0_3:0_4:0_5:0_6:0_7:0_8:0_9:0_10:0_11:0_12:0_13:0_14:0_15:0_16:0_17:0_18:0_19:0_20:0_21:0_22:0_23:0_24:0_25:0_26:0_27:0_28:0_29:0_30:0_31:0_32:0_33:0_34:0_35:0_36:0_37:0_38:0_39:0_40:0_41:0_42:0_43:0_44:0_45:0_46:0_47:0_48:0_49:0_50:0_51:0_52:0_53:0_54:0_55:0_56:0_57:0_58:0_59:0_60:0_61:0_62:0_63:0_64:0_65:0_66:0_67:0_68:0_69:0_70:0_71:0_72:0_73:0_74:0_75:0_76:0_77:0_78:0_79:0_80:0_81:0_82:0_83:0_84:0_85:0_86:0_87:0_88:0_89:0_90:0_91:0_92:0_93:0_94:0_95:0_96:0_97:0_98:0_99:0_100:0_101:0_102:0_103:0_104:0_105:0_106:0_107:0_108:0_109:0_110:0_111:0_112:0_113:0_114:0_115:0_116:0_117:0_118:0_119:0_120:0_121:0_122:0_123:0_124:0_125:0_126:0_127:0_128:0_129:0_130:0_131:0_132:0_133:0_134:0_135:0_136:0_137:0_138:0_139:0_140:0_141:0_142:0_143:0_144:0_145:0_146:0_147:0_148:0_149:0_150:0_151:0_152:0_153:0_154:0_155:0_156:0_157:0_158:0_159:0_160:0,0:1,0,0,1:0_2:0_3:0_4:0_5:0_6:0_7:0_8:0_9:0_10:0_11:0_12:0_13:0_14:0_15:0_16:0_17:0_18:0_19:0_20:0_21:0_22:0_23:0_24:0_25:0_26:0_27:0_28:0_29:0_30:0_31:0_32:0_33:0_34:0_35:0_36:0_37:0_38:0_39:0_40:0_41:0_42:0_43:0_44:0_45:0_46:0_47:0_48:0_49:0_50:0_51:0_52:0_53:0_54:0_55:0_56:0_57:0_58:0_59:0_60:0_61:0_62:0_63:0_64:0_65:0_66:0_67:0_68:0_69:0_70:0_71:0_72:0_73:0_74:0_75:0_76:0_77:0_78:0_79:0_80:0_81:0_82:0_83:0_84:0_85:0_86:0_87:0_88:0_89:0_90:0_91:0_92:0_93:0_94:0_95:0_96:0_97:0_98:0_99:0_100:0_101:0_102:0_103:0_104:0_105:0_106:0_107:0_108:0_109:0_110:0_111:0_112:0_113:0_114:0_115:0_116:0_117:0_118:0_119:0_120:0_121:0_122:0_123:0_124:0_125:0_126:0_127:0_128:0_129:0_130:0_131:0_132:0_133:0_134:0_135:0_136:0_137:0_138:0_139:0_140:0_141:0_142:0_143:0_144:0_145:0_146:0_147:0_148:0_149:0_150:0_151:0_152:0_153:0_154:0_155:0_156:0_157:0_158:0_159:0_160:0,0:1,0,0,0,0
1090020,,"42761010,42663010",1:0_2:0_3:0_4:0_5:0_6:0_7:0_8:0_9:0_10:0_11:0_12:0_13:0_14:0_15:0_16:0_17:0_18:0_19:0_20:0_21:0_22:0_23:0_24:0_25:0_26:0_27:0_28:0_29:0_30:0_31:0_32:0_33:0_34:0_35:0_36:0_37:0_38:0_39:0_40:0_41:0_42:0_43:0_44:0_45:0_46:0_47:0_48:0_49:0_50:0_51:0_52:0_53:0_54:0_55:0_56:0_57:0_58:0_59:0_60:0_61:0_62:0_63:0_64:0_65:0_66:0_67:0_68:0_69:0_70:0_71:0_72:0_73:0_74:0_75:0_76:0_77:0_78:0_79:0_80:0_81:0_82:0_83:0_84:0_85:0_86:0_87:0_88:0_89:0_90:0_91:0_92:0_93:0_94:0_95:0_96:0_97:0_98:0_99:0_100:0_101:0_102:0_103:0_104:0_105:0_106:0_107:0_108:0_109:0_110:0_111:0_112:0_113:0_114:0_115:0_116:0_117:0_118:0_119:0_120:0_121:0_122:0_123:0_124:0_125:0_126:0_127:0_128:0_129:0_130:0_131:0_132:0_133:0_134:0_135:0_136:0_137:0_138:0_139:0_140:0_141:0_142:0_143:0_144:0_145:0_146:0_147:0_148:0_149:0_150:0_151:0_152:0_153:0_154:0_155:0_156:0_157:0_158:0_159:0_160:0,0:1,0,0,1:0_2:0_3:0_4:0_5:0_6:0_7:0_8:0_9:0_10:0_11:0_12:0_13:0_14:0_15:0_16:0_17:0_18:0_19:0_20:0_21:0_22:0_23:0_24:0_25:0_26:0_27:0_28:0_29:0_30:0_31:0_32:0_33:0_34:0_35:0_36:0_37:0_38:0_39:0_40:0_41:0_42:0_43:0_44:0_45:0_46:0_47:0_48:0_49:0_50:0_51:0_52:0_53:0_54:0_55:0_56:0_57:0_58:0_59:0_60:0_61:0_62:0_63:0_64:0_65:0_66:0_67:0_68:0_69:0_70:0_71:0_72:0_73:0_74:0_75:0_76:0_77:0_78:0_79:0_80:0_81:0_82:0_83:0_84:0_85:0_86:0_87:0_88:0_89:0_90:0_91:0_92:0_93:0_94:0_95:0_96:0_97:0_98:0_99:0_100:0_101:0_102:0_103:0_104:0_105:0_106:0_107:0_108:0_109:0_110:0_111:0_112:0_113:0_114:0_115:0_116:0_117:0_118:0_119:0_120:0_121:0_122:0_123:0_124:0_125:0_126:0_127:0_128:0_129:0_130:0_131:0_132:0_133:0_134:0_135:0_136:0_137:0_138:0_139:0_140:0_141:0_142:0_143:0_144:0_145:0_146:0_147:0_148:0_149:0_150:0_151:0_152:0_153:0_154:0_155:0_156:0_157:0_158:0_159:0_160:0,0:1,0,0,0,0
1090010,,"42761010,42663010",1:0_2:0_3:0_4:0_5:0_6:0_7:0_8:0_9:0_10:0_11:0_12:0_13:0_14:0_15:0_16:0_17:0_18:0_19:0_20:0_21:0_22:0_23:0_24:0_25:0_26:0_27:0_28:0_29:0_30:0_31:0_32:0_33:0_34:0_35:0_36:0_37:0_38:0_39:0_40:0_41:0_42:0_43:0_44:0_45:0_46:0_47:0_48:0_49:0_50:0_51:0_52:0_53:0_54:0_55:0_56:0_57:0_58:0_59:0_60:0_61:0_62:0_63:0_64:0_65:0_66:0_67:0_68:0_69:0_70:0_71:0_72:0_73:0_74:0_75:0_76:0_77:0_78:0_79:0_80:0_81:0_82:0_83:0_84:0_85:0_86:0_87:0_88:0_89:0_90:0_91:0_92:0_93:0_94:0_95:0_96:0_97:0_98:0_99:0_100:0_101:0_102:0_103:0_104:0_105:0_106:0_107:0_108:0_109:0_110:0_111:0_112:0_113:0_114:0_115:0_116:0_117:0_118:0_119:0_120:0_121:0_122:0_123:0_124:0_125:0_126:0_127:0_128:0_129:0_130:0_131:0_132:0_133:0_134:0_135:0_136:0_137:0_138:0_139:0_140:0_141:0_142:0_143:0_144:0_145:0_146:0_147:0_148:0_149:0_150:0_151:0_152:0_153:0_154:0_155:0_156:0_157:0_158:0_159:0_160:0,0:1,0,0,1:0_2:0_3:0_4:0_5:0_6:0_7:0_8:0_9:0_10:0_11:0_12:0_13:0_14:0_15:0_16:0_17:0_18:0_19:0_20:0_21:0_22:0_23:0_24:0_25:0_26:0_27:0_28:0_29:0_30:0_31:0_32:0_33:0_34:0_35:0_36:0_37:0_38:0_39:0_40:0_41:0_42:0_43:0_44:0_45:0_46:0_47:0_48:0_49:0_50:0_51:0_52:0_53:0_54:0_55:0_56:0_57:0_58:0_59:0_60:0_61:0_62:0_63:0_64:0_65:0_66:0_67:0_68:0_69:0_70:0_71:0_72:0_73:0_74:0_75:0_76:0_77:0_78:0_79:0_80:0_81:0_82:0_83:0_84:0_85:0_86:0_87:0_88:0_89:0_90:0_91:0_92:0_93:0_94:0_95:0_96:0_97:0_98:0_99:0_100:0_101:0_102:0_103:0_104:0_105:0_106:0_107:0_108:0_109:0_110:0_111:0_112:0_113:0_114:0_115:0_116:0_117:0_118:0_119:0_120:0_121:0_122:0_123:0_124:0_125:0_126:0_127:0_128:0_129:0_130:0_131:0_132:0_133:0_134:0_135:0_136:0_137:0_138:0_139:0_140:0_141:0_142:0_143:0_144:0_145:0_146:0_147:0_148:0_149:0_150:0_151:0_152:0_153:0_154:0_155:0_156:0_157:0_158:0_159:0_160:0,0:1,0,0,0,0
1100020,,"42761010,42663010",1:0_2:0_3:0_4:0_5:0_6:0_7:0_8:0_9:0_10:0_11:0_12:0_13:0_14:0_15:0_16:0_17:0_18:0_19:0_20:0_21:0_22:0_23:0_24:0_25:0_26:0_27:0_28:0_29:0_30:0_31:0_32:0_33:0_34:0_35:0_36:0_37:0_38:0_39:0_40:0_41:0_42:0_43:0_44:0_45:0_46:0_47:0_48:0_49:0_50:0_51:0_52:0_53:0_54:0_55:0_56:0_57:0_58:0_59:0_60:0_61:0_62:0_63:0_64:0_65:0_66:0_67:0_68:0_69:0_70:0_71:0_72:0_73:0_74:0_75:0_76:0_77:0_78:0_79:0_80:0_81:0_82:0_83:0_84:0_85:0_86:0_87:0_88:0_89:0_90:0_91:0_92:0_93:0_94:0_95:0_96:0_97:0_98:0_99:0_100:0_101:0_102:0_103:0_104:0_105:0_106:0_107:0_108:0_109:0_110:0_111:0_112:0_113:0_114:0_115:0_116:0_117:0_118:0_119:0_120:0_121:0_122:0_123:0_124:0_125:0_126:0_127:0_128:0_129:0_130:0_131:0_132:0_133:0_134:0_135:0_136:0_137:0_138:0_139:0_140:0_141:0_142:0_143:0_144:0_145:0_146:0_147:0_148:0_149:0_150:0_151:0_152:0_153:0_154:0_155:0_156:0_157:0_158:0_159:0_160:0,0:1,0,0,1:0_2:0_3:0_4:0_5:0_6:0_7:0_8:0_9:0_10:0_11:0_12:0_13:0_14:0_15:0_16:0_17:0_18:0_19:0_20:0_21:0_22:0_23:0_24:0_25:0_26:0_27:0_28:0_29:0_30:0_31:0_32:0_33:0_34:0_35:0_36:0_37:0_38:0_39:0_40:0_41:0_42:0_43:0_44:0_45:0_46:0_47:0_48:0_49:0_50:0_51:0_52:0_53:0_54:0_55:0_56:0_57:0_58:0_59:0_60:0_61:0_62:0_63:0_64:0_65:0_66:0_67:0_68:0_69:0_70:0_71:0_72:0_73:0_74:0_75:0_76:0_77:0_78:0_79:0_80:0_81:0_82:0_83:0_84:0_85:0_86:0_87:0_88:0_89:0_90:0_91:0_92:0_93:0_94:0_95:0_96:0_97:0_98:0_99:0_100:0_101:0_102:0_103:0_104:0_105:0_106:0_107:0_108:0_109:0_110:0_111:0_112:0_113:0_114:0_115:0_116:0_117:0_118:0_119:0_120:0_121:0_122:0_123:0_124:0_125:0_126:0_127:0_128:0_129:0_130:0_131:0_132:0_133:0_134:0_135:0_136:0_137:0_138:0_139:0_140:0_141:0_142:0_143:0_144:0_145:0_146:0_147:0_148:0_149:0_150:0_151:0_152:0_153:0_154:0_155:0_156:0_157:0_158:0_159:0_160:0,0:1,0,0,0,0
1100010,,"42761010,42663010",1:0_2:0_3:0_4:0_5:0_6:0_7:0_8:0_9:0_10:0_11:0_12:0_13:0_14:0_15:0_16:0_17:0_18:0_19:0_20:0_21:0_22:0_23:0_24:0_25:0_26:0_27:0_28:0_29:0_30:0_31:0_32:0_33:0_34:0_35:0_36:0_37:0_38:0_39:0_40:0_41:0_42:0_43:0_44:0_45:0_46:0_47:0_48:0_49:0_50:0_51:0_52:0_53:0_54:0_55:0_56:0_57:0_58:0_59:0_60:0_61:0_62:0_63:0_64:0_65:0_66:0_67:0_68:0_69:0_70:0_71:0_72:0_73:0_74:0_75:0_76:0_77:0_78:0_79:0_80:0_81:0_82:0_83:0_84:0_85:0_86:0_87:0_88:0_89:0_90:0_91:0_92:0_93:0_94:0_95:0_96:0_97:0_98:0_99:0_100:0_101:0_102:0_103:0_104:0_105:0_106:0_107:0_108:0_109:0_110:0_111:0_112:0_113:0_114:0_115:0_116:0_117:0_118:0_119:0_120:0_121:0_122:0_123:0_124:0_125:0_126:0_127:0_128:0_129:0_130:0_131:0_132:0_133:0_134:0_135:0_136:0_137:0_138:0_139:0_140:0_141:0_142:0_143:0_144:0_145:0_146:0_147:0_148:0_149:0_150:0_151:0_152:0_153:0_154:0_155:0_156:0_157:0_158:0_159:0_160:0,0:1,0,0,1:0_2:0_3:0_4:0_5:0_6:0_7:0_8:0_9:0_10:0_11:0_12:0_13:0_14:0_15:0_16:0_17:0_18:0_19:0_20:0_21:0_22:0_23:0_24:0_25:0_26:0_27:0_28:0_29:0_30:0_31:0_32:0_33:0_34:0_35:0_36:0_37:0_38:0_39:0_40:0_41:0_42:0_43:0_44:0_45:0_46:0_47:0_48:0_49:0_50:0_51:0_52:0_53:0_54:0_55:0_56:0_57:0_58:0_59:0_60:0_61:0_62:0_63:0_64:0_65:0_66:0_67:0_68:0_69:0_70:0_71:0_72:0_73:0_74:0_75:0_76:0_77:0_78:0_79:0_80:0_81:0_82:0_83:0_84:0_85:0_86:0_87:0_88:0_89:0_90:0_91:0_92:0_93:0_94:0_95:0_96:0_97:0_98:0_99:0_100:0_101:0_102:0_103:0_104:0_105:0_106:0_107:0_108:0_109:0_110:0_111:0_112:0_113:0_114:0_115:0_116:0_117:0_118:0_119:0_120:0_121:0_122:0_123:0_124:0_125:0_126:0_127:0_128:0_129:0_130:0_131:0_132:0_133:0_134:0_135:0_136:0_137:0_138:0_139:0_140:0_141:0_142:0_143:0_144:0_145:0_146:0_147:0_148:0_149:0_150:0_151:0_152:0_153:0_154:0_155:0_156:0_157:0_158:0_159:0_160:0,0:1,0,0,0,0
1110020,,"42761010,42663010",1:0_2:0_3:0_4:0_5:0_6:0_7:0_8:0_9:0_10:0_11:0_12:0_13:0_14:0_15:0_16:0_17:0_18:0_19:0_20:0_21:0_22:0_23:0_24:0_25:0_26:0_27:0_28:0_29:0_30:0_31:0_32:0_33:0_34:0_35:0_36:0_37:0_38:0_39:0_40:0_41:0_42:0_43:0_44:0_45:0_46:0_47:0_48:0_49:0_50:0_51:0_52:0_53:0_54:0_55:0_56:0_57:0_58:0_59:0_60:0_61:0_62:0_63:0_64:0_65:0_66:0_67:0_68:0_69:0_70:0_71:0_72:0_73:0_74:0_75:0_76:0_77:0_78:0_79:0_80:0_81:0_82:0_83:0_84:0_85:0_86:0_87:0_88:0_89:0_90:0_91:0_92:0_93:0_94:0_95:0_96:0_97:0_98:0_99:0_100:0_101:0_102:0_103:0_104:0_105:0_106:0_107:0_108:0_109:0_110:0_111:0_112:0_113:0_114:0_115:0_116:0_117:0_118:0_119:0_120:0_121:0_122:0_123:0_124:0_125:0_126:0_127:0_128:0_129:0_130:0_131:0_132:0_133:0_134:0_135:0_136:0_137:0_138:0_139:0_140:0_141:0_142:0_143:0_144:0_145:0_146:0_147:0_148:0_149:0_150:0_151:0_152:0_153:0_154:0_155:0_156:0_157:0_158:0_159:0_160:0,0:1,0,0,1:0_2:0_3:0_4:0_5:0_6:0_7:0_8:0_9:0_10:0_11:0_12:0_13:0_14:0_15:0_16:0_17:0_18:0_19:0_20:0_21:0_22:0_23:0_24:0_25:0_26:0_27:0_28:0_29:0_30:0_31:0_32:0_33:0_34:0_35:0_36:0_37:0_38:0_39:0_40:0_41:0_42:0_43:0_44:0_45:0_46:0_47:0_48:0_49:0_50:0_51:0_52:0_53:0_54:0_55:0_56:0_57:0_58:0_59:0_60:0_61:0_62:0_63:0_64:0_65:0_66:0_67:0_68:0_69:0_70:0_71:0_72:0_73:0_74:0_75:0_76:0_77:0_78:0_79:0_80:0_81:0_82:0_83:0_84:0_85:0_86:0_87:0_88:0_89:0_90:0_91:0_92:0_93:0_94:0_95:0_96:0_97:0_98:0_99:0_100:0_101:0_102:0_103:0_104:0_105:0_106:0_107:0_108:0_109:0_110:0_111:0_112:0_113:0_114:0_115:0_116:0_117:0_118:0_119:0_120:0_121:0_122:0_123:0_124:0_125:0_126:0_127:0_128:0_129:0_130:0_131:0_132:0_133:0_134:0_135:0_136:0_137:0_138:0_139:0_140:0_141:0_142:0_143:0_144:0_145:0_146:0_147:0_148:0_149:0_150:0_151:0_152:0_153:0_154:0_155:0_156:0_157:0_158:0_159:0_160:0,0:1,0,0,0,0
1110010,,"42761010,42663010",1:0_2:0_3:0_4:0_5:0_6:0_7:0_8:0_9:0_10:0_11:0_12:0_13:0_14:0_15:0_16:0_17:0_18:0_19:0_20:0_21:0_22:0_23:0_24:0_25:0_26:0_27:0_28:0_29:0_30:0_31:0_32:0_33:0_34:0_35:0_36:0_37:0_38:0_39:0_40:0_41:0_42:0_43:0_44:0_45:0_46:0_47:0_48:0_49:0_50:0_51:0_52:0_53:0_54:0_55:0_56:0_57:0_58:0_59:0_60:0_61:0_62:0_63:0_64:0_65:0_66:0_67:0_68:0_69:0_70:0_71:0_72:0_73:0_74:0_75:0_76:0_77:0_78:0_79:0_80:0_81:0_82:0_83:0_84:0_85:0_86:0_87:0_88:0_89:0_90:0_91:0_92:0_93:0_94:0_95:0_96:0_97:0_98:0_99:0_100:0_101:0_102:0_103:0_104:0_105:0_106:0_107:0_108:0_109:0_110:0_111:0_112:0_113:0_114:0_115:0_116:0_117:0_118:0_119:0_120:0_121:0_122:0_123:0_124:0_125:0_126:0_127:0_128:0_129:0_130:0_131:0_132:0_133:0_134:0_135:0_136:0_137:0_138:0_139:0_140:0_141:0_142:0_143:0_144:0_145:0_146:0_147:0_148:0_149:0_150:0_151:0_152:0_153:0_154:0_155:0_156:0_157:0_158:0_159:0_160:0,0:1,0,0,1:0_2:0_3:0_4:0_5:0_6:0_7:0_8:0_9:0_10:0_11:0_12:0_13:0_14:0_15:0_16:0_17:0_18:0_19:0_20:0_21:0_22:0_23:0_24:0_25:0_26:0_27:0_28:0_29:0_30:0_31:0_32:0_33:0_34:0_35:0_36:0_37:0_38:0_39:0_40:0_41:0_42:0_43:0_44:0_45:0_46:0_47:0_48:0_49:0_50:0_51:0_52:0_53:0_54:0_55:0_56:0_57:0_58:0_59:0_60:0_61:0_62:0_63:0_64:0_65:0_66:0_67:0_68:0_69:0_70:0_71:0_72:0_73:0_74:0_75:0_76:0_77:0_78:0_79:0_80:0_81:0_82:0_83:0_84:0_85:0_86:0_87:0_88:0_89:0_90:0_91:0_92:0_93:0_94:0_95:0_96:0_97:0_98:0_99:0_100:0_101:0_102:0_103:0_104:0_105:0_106:0_107:0_108:0_109:0_110:0_111:0_112:0_113:0_114:0_115:0_116:0_117:0_118:0_119:0_120:0_121:0_122:0_123:0_124:0_125:0_126:0_127:0_128:0_129:0_130:0_131:0_132:0_133:0_134:0_135:0_136:0_137:0_138:0_139:0_140:0_141:0_142:0_143:0_144:0_145:0_146:0_147:0_148:0_149:0_150:0_151:0_152:0_153:0_154:0_155:0_156:0_157:0_158:0_159:0_160:0,0:1,0,0,0,0
1120020,,"42761010,42663010",1:0_2:0_3:0_4:0_5:0_6:0_7:0_8:0_9:0_10:0_11:0_12:0_13:0_14:0_15:0_16:0_17:0_18:0_19:0_20:0_21:0_22:0_23:0_24:0_25:0_26:0_27:0_28:0_29:0_30:0_31:0_32:0_33:0_34:0_35:0_36:0_37:0_38:0_39:0_40:0_41:0_42:0_43:0_44:0_45:0_46:0_47:0_48:0_49:0_50:0_51:0_52:0_53:0_54:0_55:0_56:0_57:0_58:0_59:0_60:0_61:0_62:0_63:0_64:0_65:0_66:0_67:0_68:0_69:0_70:0_71:0_72:0_73:0_74:0_75:0_76:0_77:0_78:0_79:0_80:0_81:0_82:0_83:0_84:0_85:0_86:0_87:0_88:0_89:0_90:0_91:0_92:0_93:0_94:0_95:0_96:0_97:0_98:0_99:0_100:0_101:0_102:0_103:0_104:0_105:0_106:0_107:0_108:0_109:0_110:0_111:0_112:0_113:0_114:0_115:0_116:0_117:0_118:0_119:0_120:0_121:0_122:0_123:0_124:0_125:0_126:0_127:0_128:0_129:0_130:0_131:0_132:0_133:0_134:0_135:0_136:0_137:0_138:0_139:0_140:0_141:0_142:0_143:0_144:0_145:0_146:0_147:0_148:0_149:0_150:0_151:0_152:0_153:0_154:0_155:0_156:0_157:0_158:0_159:0_160:0,0:1,0,0,1:0_2:0_3:0_4:0_5:0_6:0_7:0_8:0_9:0_10:0_11:0_12:0_13:0_14:0_15:0_16:0_17:0_18:0_19:0_20:0_21:0_22:0_23:0_24:0_25:0_26:0_27:0_28:0_29:0_30:0_31:0_32:0_33:0_34:0_35:0_36:0_37:0_38:0_39:0_40:0_41:0_42:0_43:0_44:0_45:0_46:0_47:0_48:0_49:0_50:0_51:0_52:0_53:0_54:0_55:0_56:0_57:0_58:0_59:0_60:0_61:0_62:0_63:0_64:0_65:0_66:0_67:0_68:0_69:0_70:0_71:0_72:0_73:0_74:0_75:0_76:0_77:0_78:0_79:0_80:0_81:0_82:0_83:0_84:0_85:0_86:0_87:0_88:0_89:0_90:0_91:0_92:0_93:0_94:0_95:0_96:0_97:0_98:0_99:0_100:0_101:0_102:0_103:0_104:0_105:0_106:0_107:0_108:0_109:0_110:0_111:0_112:0_113:0_114:0_115:0_116:0_117:0_118:0_119:0_120:0_121:0_122:0_123:0_124:0_125:0_126:0_127:0_128:0_129:0_130:0_131:0_132:0_133:0_134:0_135:0_136:0_137:0_138:0_139:0_140:0_141:0_142:0_143:0_144:0_145:0_146:0_147:0_148:0_149:0_150:0_151:0_152:0_153:0_154:0_155:0_156:0_157:0_158:0_159:0_160:0,0:1,0,0,0,0
1120010,,"42761010,42663010",1:0_2:0_3:0_4:0_5:0_6:0_7:0_8:0_9:0_10:0_11:0_12:0_13:0_14:0_15:0_16:0_17:0_18:0_19:0_20:0_21:0_22:0_23:0_24:0_25:0_26:0_27:0_28:0_29:0_30:0_31:0_32:0_33:0_34:0_35:0_36:0_37:0_38:0_39:0_40:0_41:0_42:0_43:0_44:0_45:0_46:0_47:0_48:0_49:0_50:0_51:0_52:0_53:0_54:0_55:0_56:0_57:0_58:0_59:0_60:0_61:0_62:0_63:0_64:0_65:0_66:0_67:0_68:0_69:0_70:0_71:0_72:0_73:0_74:0_75:0_76:0_77:0_78:0_79:0_80:0_81:0_82:0_83:0_84:0_85:0_86:0_87:0_88:0_89:0_90:0_91:0_92:0_93:0_94:0_95:0_96:0_97:0_98:0_99:0_100:0_101:0_102:0_103:0_104:0_105:0_106:0_107:0_108:0_109:0_110:0_111:0_112:0_113:0_114:0_115:0_116:0_117:0_118:0_119:0_120:0_121:0_122:0_123:0_124:0_125:0_126:0_127:0_128:0_129:0_130:0_131:0_132:0_133:0_134:0_135:0_136:0_137:0_138:0_139:0_140:0_141:0_142:0_143:0_144:0_145:0_146:0_147:0_148:0_149:0_150:0_151:0_152:0_153:0_154:0_155:0_156:0_157:0_158:0_159:0_160:0,0:1,0,0,1:0_2:0_3:0_4:0_5:0_6:0_7:0_8:0_9:0_10:0_11:0_12:0_13:0_14:0_15:0_16:0_17:0_18:0_19:0_20:0_21:0_22:0_23:0_24:0_25:0_26:0_27:0_28:0_29:0_30:0_31:0_32:0_33:0_34:0_35:0_36:0_37:0_38:0_39:0_40:0_41:0_42:0_43:0_44:0_45:0_46:0_47:0_48:0_49:0_50:0_51:0_52:0_53:0_54:0_55:0_56:0_57:0_58:0_59:0_60:0_61:0_62:0_63:0_64:0_65:0_66:0_67:0_68:0_69:0_70:0_71:0_72:0_73:0_74:0_75:0_76:0_77:0_78:0_79:0_80:0_81:0_82:0_83:0_84:0_85:0_86:0_87:0_88:0_89:0_90:0_91:0_92:0_93:0_94:0_95:0_96:0_97:0_98:0_99:0_100:0_101:0_102:0_103:0_104:0_105:0_106:0_107:0_108:0_109:0_110:0_111:0_112:0_113:0_114:0_115:0_116:0_117:0_118:0_119:0_120:0_121:0_122:0_123:0_124:0_125:0_126:0_127:0_128:0_129:0_130:0_131:0_132:0_133:0_134:0_135:0_136:0_137:0_138:0_139:0_140:0_141:0_142:0_143:0_144:0_145:0_146:0_147:0_148:0_149:0_150:0_151:0_152:0_153:0_154:0_155:0_156:0_157:0_158:0_159:0_160:0,0:1,0,0,0,0
1130020,,"42761010,42663010",1:0_2:0_3:0_4:0_5:0_6:0_7:0_8:0_9:0_10:0_11:0_12:0_13:0_14:0_15:0_16:0_17:0_18:0_19:0_20:0_21:0_22:0_23:0_24:0_25:0_26:0_27:0_28:0_29:0_30:0_31:0_32:0_33:0_34:0_35:0_36:0_37:0_38:0_39:0_40:0_41:0_42:0_43:0_44:0_45:0_46:0_47:0_48:0_49:0_50:0_51:0_52:0_53:0_54:0_55:0_56:0_57:0_58:0_59:0_60:0_61:0_62:0_63:0_64:0_65:0_66:0_67:0_68:0_69:0_70:0_71:0_72:0_73:0_74:0_75:0_76:0_77:0_78:0_79:0_80:0_81:0_82:0_83:0_84:0_85:0_86:0_87:0_88:0_89:0_90:0_91:0_92:0_93:0_94:0_95:0_96:0_97:0_98:0_99:0_100:0_101:0_102:0_103:0_104:0_105:0_106:0_107:0_108:0_109:0_110:0_111:0_112:0_113:0_114:0_115:0_116:0_117:0_118:0_119:0_120:0_121:0_122:0_123:0_124:0_125:0_126:0_127:0_128:0_129:0_130:0_131:0_132:0_133:0_134:0_135:0_136:0_137:0_138:0_139:0_140:0_141:0_142:0_143:0_144:0_145:0_146:0_147:0_148:0_149:0_150:0_151:0_152:0_153:0_154:0_155:0_156:0_157:0_158:0_159:0_160:0,0:1,0,0,1:0_2:0_3:0_4:0_5:0_6:0_7:0_8:0_9:0_10:0_11:0_12:0_13:0_14:0_15:0_16:0_17:0_18:0_19:0_20:0_21:0_22:0_23:0_24:0_25:0_26:0_27:0_28:0_29:0_30:0_31:0_32:0_33:0_34:0_35:0_36:0_37:0_38:0_39:0_40:0_41:0_42:0_43:0_44:0_45:0_46:0_47:0_48:0_49:0_50:0_51:0_52:0_53:0_54:0_55:0_56:0_57:0_58:0_59:0_60:0_61:0_62:0_63:0_64:0_65:0_66:0_67:0_68:0_69:0_70:0_71:0_72:0_73:0_74:0_75:0_76:0_77:0_78:0_79:0_80:0_81:0_82:0_83:0_84:0_85:0_86:0_87:0_88:0_89:0_90:0_91:0_92:0_93:0_94:0_95:0_96:0_97:0_98:0_99:0_100:0_101:0_102:0_103:0_104:0_105:0_106:0_107:0_108:0_109:0_110:0_111:0_112:0_113:0_114:0_115:0_116:0_117:0_118:0_119:0_120:0_121:0_122:0_123:0_124:0_125:0_126:0_127:0_128:0_129:0_130:0_131:0_132:0_133:0_134:0_135:0_136:0_137:0_138:0_139:0_140:0_141:0_142:0_143:0_144:0_145:0_146:0_147:0_148:0_149:0_150:0_151:0_152:0_153:0_154:0_155:0_156:0_157:0_158:0_159:0_160:0,0:1,0,0,0,0
1130010,,"42761010,42663010",1:0_2:0_3:0_4:0_5:0_6:0_7:0_8:0_9:0_10:0_11:0_12:0_13:0_14:0_15:0_16:0_17:0_18:0_19:0_20:0_21:0_22:0_23:0_24:0_25:0_26:0_27:0_28:0_29:0_30:0_31:0_32:0_33:0_34:0_35:0_36:0_37:0_38:0_39:0_40:0_41:0_42:0_43:0_44:0_45:0_46:0_47:0_48:0_49:0_50:0_51:0_52:0_53:0_54:0_55:0_56:0_57:0_58:0_59:0_60:0_61:0_62:0_63:0_64:0_65:0_66:0_67:0_68:0_69:0_70:0_71:0_72:0_73:0_74:0_75:0_76:0_77:0_78:0_79:0_80:0_81:0_82:0_83:0_84:0_85:0_86:0_87:0_88:0_89:0_90:0_91:0_92:0_93:0_94:0_95:0_96:0_97:0_98:0_99:0_100:0_101:0_102:0_103:0_104:0_105:0_106:0_107:0_108:0_109:0_110:0_111:0_112:0_113:0_114:0_115:0_116:0_117:0_118:0_119:0_120:0_121:0_122:0_123:0_124:0_125:0_126:0_127:0_128:0_129:0_130:0_131:0_132:0_133:0_134:0_135:0_136:0_137:0_138:0_139:0_140:0_141:0_142:0_143:0_144:0_145:0_146:0_147:0_148:0_149:0_150:0_151:0_152:0_153:0_154:0_155:0_156:0_157:0_158:0_159:0_160:0,0:1,0,0,1:0_2:0_3:0_4:0_5:0_6:0_7:0_8:0_9:0_10:0_11:0_12:0_13:0_14:0_15:0_16:0_17:0_18:0_19:0_20:0_21:0_22:0_23:0_24:0_25:0_26:0_27:0_28:0_29:0_30:0_31:0_32:0_33:0_34:0_35:0_36:0_37:0_38:0_39:0_40:0_41:0_42:0_43:0_44:0_45:0_46:0_47:0_48:0_49:0_50:0_51:0_52:0_53:0_54:0_55:0_56:0_57:0_58:0_59:0_60:0_61:0_62:0_63:0_64:0_65:0_66:0_67:0_68:0_69:0_70:0_71:0_72:0_73:0_74:0_75:0_76:0_77:0_78:0_79:0_80:0_81:0_82:0_83:0_84:0_85:0_86:0_87:0_88:0_89:0_90:0_91:0_92:0_93:0_94:0_95:0_96:0_97:0_98:0_99:0_100:0_101:0_102:0_103:0_104:0_105:0_106:0_107:0_108:0_109:0_110:0_111:0_112:0_113:0_114:0_115:0_116:0_117:0_118:0_119:0_120:0_121:0_122:0_123:0_124:0_125:0_126:0_127:0_128:0_129:0_130:0_131:0_132:0_133:0_134:0_135:0_136:0_137:0_138:0_139:0_140:0_141:0_142:0_143:0_144:0_145:0_146:0_147:0_148:0_149:0_150:0_151:0_152:0_153:0_154:0_155:0_156:0_157:0_158:0_159:0_160:0,0:1,0,0,0,0
1140020,,"42761010,42663010",1:0_2:0_3:0_4:0_5:0_6:0_7:0_8:0_9:0_10:0_11:0_12:0_13:0_14:0_15:0_16:0_17:0_18:0_19:0_20:0_21:0_22:0_23:0_24:0_25:0_26:0_27:0_28:0_29:0_30:0_31:0_32:0_33:0_34:0_35:0_36:0_37:0_38:0_39:0_40:0_41:0_42:0_43:0_44:0_45:0_46:0_47:0_48:0_49:0_50:0_51:0_52:0_53:0_54:0_55:0_56:0_57:0_58:0_59:0_60:0_61:0_62:0_63:0_64:0_65:0_66:0_67:0_68:0_69:0_70:0_71:0_72:0_73:0_74:0_75:0_76:0_77:0_78:0_79:0_80:0_81:0_82:0_83:0_84:0_85:0_86:0_87:0_88:0_89:0_90:0_91:0_92:0_93:0_94:0_95:0_96:0_97:0_98:0_99:0_100:0_101:0_102:0_103:0_104:0_105:0_106:0_107:0_108:0_109:0_110:0_111:0_112:0_113:0_114:0_115:0_116:0_117:0_118:0_119:0_120:0_121:0_122:0_123:0_124:0_125:0_126:0_127:0_128:0_129:0_130:0_131:0_132:0_133:0_134:0_135:0_136:0_137:0_138:0_139:0_140:0_141:0_142:0_143:0_144:0_145:0_146:0_147:0_148:0_149:0_150:0_151:0_152:0_153:0_154:0_155:0_156:0_157:0_158:0_159:0_160:0,0:1,0,0,1:0_2:0_3:0_4:0_5:0_6:0_7:0_8:0_9:0_10:0_11:0_12:0_13:0_14:0_15:0_16:0_17:0_18:0_19:0_20:0_21:0_22:0_23:0_24:0_25:0_26:0_27:0_28:0_29:0_30:0_31:0_32:0_33:0_34:0_35:0_36:0_37:0_38:0_39:0_40:0_41:0_42:0_43:0_44:0_45:0_46:0_47:0_48:0_49:0_50:0_51:0_52:0_53:0_54:0_55:0_56:0_57:0_58:0_59:0_60:0_61:0_62:0_63:0_64:0_65:0_66:0_67:0_68:0_69:0_70:0_71:0_72:0_73:0_74:0_75:0_76:0_77:0_78:0_79:0_80:0_81:0_82:0_83:0_84:0_85:0_86:0_87:0_88:0_89:0_90:0_91:0_92:0_93:0_94:0_95:0_96:0_97:0_98:0_99:0_100:0_101:0_102:0_103:0_104:0_105:0_106:0_107:0_108:0_109:0_110:0_111:0_112:0_113:0_114:0_115:0_116:0_117:0_118:0_119:0_120:0_121:0_122:0_123:0_124:0_125:0_126:0_127:0_128:0_129:0_130:0_131:0_132:0_133:0_134:0_135:0_136:0_137:0_138:0_139:0_140:0_141:0_142:0_143:0_144:0_145:0_146:0_147:0_148:0_149:0_150:0_151:0_152:0_153:0_154:0_155:0_156:0_157:0_158:0_159:0_160:0,0:1,0,0,0,0
1140010,,"42761010,42663010",1:0_2:0_3:0_4:0_5:0_6:0_7:0_8:0_9:0_10:0_11:0_12:0_13:0_14:0_15:0_16:0_17:0_18:0_19:0_20:0_21:0_22:0_23:0_24:0_25:0_26:0_27:0_28:0_29:0_30:0_31:0_32:0_33:0_34:0_35:0_36:0_37:0_38:0_39:0_40:0_41:0_42:0_43:0_44:0_45:0_46:0_47:0_48:0_49:0_50:0_51:0_52:0_53:0_54:0_55:0_56:0_57:0_58:0_59:0_60:0_61:0_62:0_63:0_64:0_65:0_66:0_67:0_68:0_69:0_70:0_71:0_72:0_73:0_74:0_75:0_76:0_77:0_78:0_79:0_80:0_81:0_82:0_83:0_84:0_85:0_86:0_87:0_88:0_89:0_90:0_91:0_92:0_93:0_94:0_95:0_96:0_97:0_98:0_99:0_100:0_101:0_102:0_103:0_104:0_105:0_106:0_107:0_108:0_109:0_110:0_111:0_112:0_113:0_114:0_115:0_116:0_117:0_118:0_119:0_120:0_121:0_122:0_123:0_124:0_125:0_126:0_127:0_128:0_129:0_130:0_131:0_132:0_133:0_134:0_135:0_136:0_137:0_138:0_139:0_140:0_141:0_142:0_143:0_144:0_145:0_146:0_147:0_148:0_149:0_150:0_151:0_152:0_153:0_154:0_155:0_156:0_157:0_158:0_159:0_160:0,0:1,0,0,1:0_2:0_3:0_4:0_5:0_6:0_7:0_8:0_9:0_10:0_11:0_12:0_13:0_14:0_15:0_16:0_17:0_18:0_19:0_20:0_21:0_22:0_23:0_24:0_25:0_26:0_27:0_28:0_29:0_30:0_31:0_32:0_33:0_34:0_35:0_36:0_37:0_38:0_39:0_40:0_41:0_42:0_43:0_44:0_45:0_46:0_47:0_48:0_49:0_50:0_51:0_52:0_53:0_54:0_55:0_56:0_57:0_58:0_59:0_60:0_61:0_62:0_63:0_64:0_65:0_66:0_67:0_68:0_69:0_70:0_71:0_72:0_73:0_74:0_75:0_76:0_77:0_78:0_79:0_80:0_81:0_82:0_83:0_84:0_85:0_86:0_87:0_88:0_89:0_90:0_91:0_92:0_93:0_94:0_95:0_96:0_97:0_98:0_99:0_100:0_101:0_102:0_103:0_104:0_105:0_106:0_107:0_108:0_109:0_110:0_111:0_112:0_113:0_114:0_115:0_116:0_117:0_118:0_119:0_120:0_121:0_122:0_123:0_124:0_125:0_126:0_127:0_128:0_129:0_130:0_131:0_132:0_133:0_134:0_135:0_136:0_137:0_138:0_139:0_140:0_141:0_142:0_143:0_144:0_145:0_146:0_147:0_148:0_149:0_150:0_151:0_152:0_153:0_154:0_155:0_156:0_157:0_158:0_159:0_160:0,0:1,0,0,0,0
1150020,,"42761010,42663010",1:0_2:0_3:0_4:0_5:0_6:0_7:0_8:0_9:0_10:0_11:0_12:0_13:0_14:0_15:0_16:0_17:0_18:0_19:0_20:0_21:0_22:0_23:0_24:0_25:0_26:0_27:0_28:0_29:0_30:0_31:0_32:0_33:0_34:0_35:0_36:0_37:0_38:0_39:0_40:0_41:0_42:0_43:0_44:0_45:0_46:0_47:0_48:0_49:0_50:0_51:0_52:0_53:0_54:0_55:0_56:0_57:0_58:0_59:0_60:0_61:0_62:0_63:0_64:0_65:0_66:0_67:0_68:0_69:0_70:0_71:0_72:0_73:0_74:0_75:0_76:0_77:0_78:0_79:0_80:0_81:0_82:0_83:0_84:0_85:0_86:0_87:0_88:0_89:0_90:0_91:0_92:0_93:0_94:0_95:0_96:0_97:0_98:0_99:0_100:0_101:0_102:0_103:0_104:0_105:0_106:0_107:0_108:0_109:0_110:0_111:0_112:0_113:0_114:0_115:0_116:0_117:0_118:0_119:0_120:0_121:0_122:0_123:0_124:0_125:0_126:0_127:0_128:0_129:0_130:0_131:0_132:0_133:0_134:0_135:0_136:0_137:0_138:0_139:0_140:0_141:0_142:0_143:0_144:0_145:0_146:0_147:0_148:0_149:0_150:0_151:0_152:0_153:0_154:0_155:0_156:0_157:0_158:0_159:0_160:0,0:1,0,0,1:0_2:0_3:0_4:0_5:0_6:0_7:0_8:0_9:0_10:0_11:0_12:0_13:0_14:0_15:0_16:0_17:0_18:0_19:0_20:0_21:0_22:0_23:0_24:0_25:0_26:0_27:0_28:0_29:0_30:0_31:0_32:0_33:0_34:0_35:0_36:0_37:0_38:0_39:0_40:0_41:0_42:0_43:0_44:0_45:0_46:0_47:0_48:0_49:0_50:0_51:0_52:0_53:0_54:0_55:0_56:0_57:0_58:0_59:0_60:0_61:0_62:0_63:0_64:0_65:0_66:0_67:0_68:0_69:0_70:0_71:0_72:0_73:0_74:0_75:0_76:0_77:0_78:0_79:0_80:0_81:0_82:0_83:0_84:0_85:0_86:0_87:0_88:0_89:0_90:0_91:0_92:0_93:0_94:0_95:0_96:0_97:0_98:0_99:0_100:0_101:0_102:0_103:0_104:0_105:0_106:0_107:0_108:0_109:0_110:0_111:0_112:0_113:0_114:0_115:0_116:0_117:0_118:0_119:0_120:0_121:0_122:0_123:0_124:0_125:0_126:0_127:0_128:0_129:0_130:0_131:0_132:0_133:0_134:0_135:0_136:0_137:0_138:0_139:0_140:0_141:0_142:0_143:0_144:0_145:0_146:0_147:0_148:0_149:0_150:0_151:0_152:0_153:0_154:0_155:0_156:0_157:0_158:0_159:0_160:0,0:1,0,0,0,0
1150010,,"42761010,42663010",1:0_2:0_3:0_4:0_5:0_6:0_7:0_8:0_9:0_10:0_11:0_12:0_13:0_14:0_15:0_16:0_17:0_18:0_19:0_20:0_21:0_22:0_23:0_24:0_25:0_26:0_27:0_28:0_29:0_30:0_31:0_32:0_33:0_34:0_35:0_36:0_37:0_38:0_39:0_40:0_41:0_42:0_43:0_44:0_45:0_46:0_47:0_48:0_49:0_50:0_51:0_52:0_53:0_54:0_55:0_56:0_57:0_58:0_59:0_60:0_61:0_62:0_63:0_64:0_65:0_66:0_67:0_68:0_69:0_70:0_71:0_72:0_73:0_74:0_75:0_76:0_77:0_78:0_79:0_80:0_81:0_82:0_83:0_84:0_85:0_86:0_87:0_88:0_89:0_90:0_91:0_92:0_93:0_94:0_95:0_96:0_97:0_98:0_99:0_100:0_101:0_102:0_103:0_104:0_105:0_106:0_107:0_108:0_109:0_110:0_111:0_112:0_113:0_114:0_115:0_116:0_117:0_118:0_119:0_120:0_121:0_122:0_123:0_124:0_125:0_126:0_127:0_128:0_129:0_130:0_131:0_132:0_133:0_134:0_135:0_136:0_137:0_138:0_139:0_140:0_141:0_142:0_143:0_144:0_145:0_146:0_147:0_148:0_149:0_150:0_151:0_152:0_153:0_154:0_155:0_156:0_157:0_158:0_159:0_160:0,0:1,0,0,1:0_2:0_3:0_4:0_5:0_6:0_7:0_8:0_9:0_10:0_11:0_12:0_13:0_14:0_15:0_16:0_17:0_18:0_19:0_20:0_21:0_22:0_23:0_24:0_25:0_26:0_27:0_28:0_29:0_30:0_31:0_32:0_33:0_34:0_35:0_36:0_37:0_38:0_39:0_40:0_41:0_42:0_43:0_44:0_45:0_46:0_47:0_48:0_49:0_50:0_51:0_52:0_53:0_54:0_55:0_56:0_57:0_58:0_59:0_60:0_61:0_62:0_63:0_64:0_65:0_66:0_67:0_68:0_69:0_70:0_71:0_72:0_73:0_74:0_75:0_76:0_77:0_78:0_79:0_80:0_81:0_82:0_83:0_84:0_85:0_86:0_87:0_88:0_89:0_90:0_91:0_92:0_93:0_94:0_95:0_96:0_97:0_98:0_99:0_100:0_101:0_102:0_103:0_104:0_105:0_106:0_107:0_108:0_109:0_110:0_111:0_112:0_113:0_114:0_115:0_116:0_117:0_118:0_119:0_120:0_121:0_122:0_123:0_124:0_125:0_126:0_127:0_128:0_129:0_130:0_131:0_132:0_133:0_134:0_135:0_136:0_137:0_138:0_139:0_140:0_141:0_142:0_143:0_144:0_145:0_146:0_147:0_148:0_149:0_150:0_151:0_152:0_153:0_154:0_155:0_156:0_157:0_158:0_159:0_160:0,0:1,0,0,0,0
1160020,,"42761010,42663010",1:0_2:0_3:0_4:0_5:0_6:0_7:0_8:0_9:0_10:0_11:0_12:0_13:0_14:0_15:0_16:0_17:0_18:0_19:0_20:0_21:0_22:0_23:0_24:0_25:0_26:0_27:0_28:0_29:0_30:0_31:0_32:0_33:0_34:0_35:0_36:0_37:0_38:0_39:0_40:0_41:0_42:0_43:0_44:0_45:0_46:0_47:0_48:0_49:0_50:0_51:0_52:0_53:0_54:0_55:0_56:0_57:0_58:0_59:0_60:0_61:0_62:0_63:0_64:0_65:0_66:0_67:0_68:0_69:0_70:0_71:0_72:0_73:0_74:0_75:0_76:0_77:0_78:0_79:0_80:0_81:0_82:0_83:0_84:0_85:0_86:0_87:0_88:0_89:0_90:0_91:0_92:0_93:0_94:0_95:0_96:0_97:0_98:0_99:0_100:0_101:0_102:0_103:0_104:0_105:0_106:0_107:0_108:0_109:0_110:0_111:0_112:0_113:0_114:0_115:0_116:0_117:0_118:0_119:0_120:0_121:0_122:0_123:0_124:0_125:0_126:0_127:0_128:0_129:0_130:0_131:0_132:0_133:0_134:0_135:0_136:0_137:0_138:0_139:0_140:0_141:0_142:0_143:0_144:0_145:0_146:0_147:0_148:0_149:0_150:0_151:0_152:0_153:0_154:0_155:0_156:0_157:0_158:0_159:0_160:0,0:1,0,0,1:0_2:0_3:0_4:0_5:0_6:0_7:0_8:0_9:0_10:0_11:0_12:0_13:0_14:0_15:0_16:0_17:0_18:0_19:0_20:0_21:0_22:0_23:0_24:0_25:0_26:0_27:0_28:0_29:0_30:0_31:0_32:0_33:0_34:0_35:0_36:0_37:0_38:0_39:0_40:0_41:0_42:0_43:0_44:0_45:0_46:0_47:0_48:0_49:0_50:0_51:0_52:0_53:0_54:0_55:0_56:0_57:0_58:0_59:0_60:0_61:0_62:0_63:0_64:0_65:0_66:0_67:0_68:0_69:0_70:0_71:0_72:0_73:0_74:0_75:0_76:0_77:0_78:0_79:0_80:0_81:0_82:0_83:0_84:0_85:0_86:0_87:0_88:0_89:0_90:0_91:0_92:0_93:0_94:0_95:0_96:0_97:0_98:0_99:0_100:0_101:0_102:0_103:0_104:0_105:0_106:0_107:0_108:0_109:0_110:0_111:0_112:0_113:0_114:0_115:0_116:0_117:0_118:0_119:0_120:0_121:0_122:0_123:0_124:0_125:0_126:0_127:0_128:0_129:0_130:0_131:0_132:0_133:0_134:0_135:0_136:0_137:0_138:0_139:0_140:0_141:0_142:0_143:0_144:0_145:0_146:0_147:0_148:0_149:0_150:0_151:0_152:0_153:0_154:0_155:0_156:0_157:0_158:0_159:0_160:0,0:1,0,0,0,0
1160010,,"42761010,42663010",1:0_2:0_3:0_4:0_5:0_6:0_7:0_8:0_9:0_10:0_11:0_12:0_13:0_14:0_15:0_16:0_17:0_18:0_19:0_20:0_21:0_22:0_23:0_24:0_25:0_26:0_27:0_28:0_29:0_30:0_31:0_32:0_33:0_34:0_35:0_36:0_37:0_38:0_39:0_40:0_41:0_42:0_43:0_44:0_45:0_46:0_47:0_48:0_49:0_50:0_51:0_52:0_53:0_54:0_55:0_56:0_57:0_58:0_59:0_60:0_61:0_62:0_63:0_64:0_65:0_66:0_67:0_68:0_69:0_70:0_71:0_72:0_73:0_74:0_75:0_76:0_77:0_78:0_79:0_80:0_81:0_82:0_83:0_84:0_85:0_86:0_87:0_88:0_89:0_90:0_91:0_92:0_93:0_94:0_95:0_96:0_97:0_98:0_99:0_100:0_101:0_102:0_103:0_104:0_105:0_106:0_107:0_108:0_109:0_110:0_111:0_112:0_113:0_114:0_115:0_116:0_117:0_118:0_119:0_120:0_121:0_122:0_123:0_124:0_125:0_126:0_127:0_128:0_129:0_130:0_131:0_132:0_133:0_134:0_135:0_136:0_137:0_138:0_139:0_140:0_141:0_142:0_143:0_144:0_145:0_146:0_147:0_148:0_149:0_150:0_151:0_152:0_153:0_154:0_155:0_156:0_157:0_158:0_159:0_160:0,0:1,0,0,1:0_2:0_3:0_4:0_5:0_6:0_7:0_8:0_9:0_10:0_11:0_12:0_13:0_14:0_15:0_16:0_17:0_18:0_19:0_20:0_21:0_22:0_23:0_24:0_25:0_26:0_27:0_28:0_29:0_30:0_31:0_32:0_33:0_34:0_35:0_36:0_37:0_38:0_39:0_40:0_41:0_42:0_43:0_44:0_45:0_46:0_47:0_48:0_49:0_50:0_51:0_52:0_53:0_54:0_55:0_56:0_57:0_58:0_59:0_60:0_61:0_62:0_63:0_64:0_65:0_66:0_67:0_68:0_69:0_70:0_71:0_72:0_73:0_74:0_75:0_76:0_77:0_78:0_79:0_80:0_81:0_82:0_83:0_84:0_85:0_86:0_87:0_88:0_89:0_90:0_91:0_92:0_93:0_94:0_95:0_96:0_97:0_98:0_99:0_100:0_101:0_102:0_103:0_104:0_105:0_106:0_107:0_108:0_109:0_110:0_111:0_112:0_113:0_114:0_115:0_116:0_117:0_118:0_119:0_120:0_121:0_122:0_123:0_124:0_125:0_126:0_127:0_128:0_129:0_130:0_131:0_132:0_133:0_134:0_135:0_136:0_137:0_138:0_139:0_140:0_141:0_142:0_143:0_144:0_145:0_146:0_147:0_148:0_149:0_150:0_151:0_152:0_153:0_154:0_155:0_156:0_157:0_158:0_159:0_160:0,0:1,0,0,0,0
1170020,,"42761010,42663010",1:0_2:0_3:0_4:0_5:0_6:0_7:0_8:0_9:0_10:0_11:0_12:0_13:0_14:0_15:0_16:0_17:0_18:0_19:0_20:0_21:0_22:0_23:0_24:0_25:0_26:0_27:0_28:0_29:0_30:0_31:0_32:0_33:0_34:0_35:0_36:0_37:0_38:0_39:0_40:0_41:0_42:0_43:0_44:0_45:0_46:0_47:0_48:0_49:0_50:0_51:0_52:0_53:0_54:0_55:0_56:0_57:0_58:0_59:0_60:0_61:0_62:0_63:0_64:0_65:0_66:0_67:0_68:0_69:0_70:0_71:0_72:0_73:0_74:0_75:0_76:0_77:0_78:0_79:0_80:0_81:0_82:0_83:0_84:0_85:0_86:0_87:0_88:0_89:0_90:0_91:0_92:0_93:0_94:0_95:0_96:0_97:0_98:0_99:0_100:0_101:0_102:0_103:0_104:0_105:0_106:0_107:0_108:0_109:0_110:0_111:0_112:0_113:0_114:0_115:0_116:0_117:0_118:0_119:0_120:0_121:0_122:0_123:0_124:0_125:0_126:0_127:0_128:0_129:0_130:0_131:0_132:0_133:0_134:0_135:0_136:0_137:0_138:0_139:0_140:0_141:0_142:0_143:0_144:0_145:0_146:0_147:0_148:0_149:0_150:0_151:0_152:0_153:0_154:0_155:0_156:0_157:0_158:0_159:0_160:0,0:1,0,0,1:0_2:0_3:0_4:0_5:0_6:0_7:0_8:0_9:0_10:0_11:0_12:0_13:0_14:0_15:0_16:0_17:0_18:0_19:0_20:0_21:0_22:0_23:0_24:0_25:0_26:0_27:0_28:0_29:0_30:0_31:0_32:0_33:0_34:0_35:0_36:0_37:0_38:0_39:0_40:0_41:0_42:0_43:0_44:0_45:0_46:0_47:0_48:0_49:0_50:0_51:0_52:0_53:0_54:0_55:0_56:0_57:0_58:0_59:0_60:0_61:0_62:0_63:0_64:0_65:0_66:0_67:0_68:0_69:0_70:0_71:0_72:0_73:0_74:0_75:0_76:0_77:0_78:0_79:0_80:0_81:0_82:0_83:0_84:0_85:0_86:0_87:0_88:0_89:0_90:0_91:0_92:0_93:0_94:0_95:0_96:0_97:0_98:0_99:0_100:0_101:0_102:0_103:0_104:0_105:0_106:0_107:0_108:0_109:0_110:0_111:0_112:0_113:0_114:0_115:0_116:0_117:0_118:0_119:0_120:0_121:0_122:0_123:0_124:0_125:0_126:0_127:0_128:0_129:0_130:0_131:0_132:0_133:0_134:0_135:0_136:0_137:0_138:0_139:0_140:0_141:0_142:0_143:0_144:0_145:0_146:0_147:0_148:0_149:0_150:0_151:0_152:0_153:0_154:0_155:0_156:0_157:0_158:0_159:0_160:0,0:1,0,0,0,0
1170010,,"42761010,42663010",1:0_2:0_3:0_4:0_5:0_6:0_7:0_8:0_9:0_10:0_11:0_12:0_13:0_14:0_15:0_16:0_17:0_18:0_19:0_20:0_21:0_22:0_23:0_24:0_25:0_26:0_27:0_28:0_29:0_30:0_31:0_32:0_33:0_34:0_35:0_36:0_37:0_38:0_39:0_40:0_41:0_42:0_43:0_44:0_45:0_46:0_47:0_48:0_49:0_50:0_51:0_52:0_53:0_54:0_55:0_56:0_57:0_58:0_59:0_60:0_61:0_62:0_63:0_64:0_65:0_66:0_67:0_68:0_69:0_70:0_71:0_72:0_73:0_74:0_75:0_76:0_77:0_78:0_79:0_80:0_81:0_82:0_83:0_84:0_85:0_86:0_87:0_88:0_89:0_90:0_91:0_92:0_93:0_94:0_95:0_96:0_97:0_98:0_99:0_100:0_101:0_102:0_103:0_104:0_105:0_106:0_107:0_108:0_109:0_110:0_111:0_112:0_113:0_114:0_115:0_116:0_117:0_118:0_119:0_120:0_121:0_122:0_123:0_124:0_125:0_126:0_127:0_128:0_129:0_130:0_131:0_132:0_133:0_134:0_135:0_136:0_137:0_138:0_139:0_140:0_141:0_142:0_143:0_144:0_145:0_146:0_147:0_148:0_149:0_150:0_151:0_152:0_153:0_154:0_155:0_156:0_157:0_158:0_159:0_160:0,0:1,0,0,1:0_2:0_3:0_4:0_5:0_6:0_7:0_8:0_9:0_10:0_11:0_12:0_13:0_14:0_15:0_16:0_17:0_18:0_19:0_20:0_21:0_22:0_23:0_24:0_25:0_26:0_27:0_28:0_29:0_30:0_31:0_32:0_33:0_34:0_35:0_36:0_37:0_38:0_39:0_40:0_41:0_42:0_43:0_44:0_45:0_46:0_47:0_48:0_49:0_50:0_51:0_52:0_53:0_54:0_55:0_56:0_57:0_58:0_59:0_60:0_61:0_62:0_63:0_64:0_65:0_66:0_67:0_68:0_69:0_70:0_71:0_72:0_73:0_74:0_75:0_76:0_77:0_78:0_79:0_80:0_81:0_82:0_83:0_84:0_85:0_86:0_87:0_88:0_89:0_90:0_91:0_92:0_93:0_94:0_95:0_96:0_97:0_98:0_99:0_100:0_101:0_102:0_103:0_104:0_105:0_106:0_107:0_108:0_109:0_110:0_111:0_112:0_113:0_114:0_115:0_116:0_117:0_118:0_119:0_120:0_121:0_122:0_123:0_124:0_125:0_126:0_127:0_128:0_129:0_130:0_131:0_132:0_133:0_134:0_135:0_136:0_137:0_138:0_139:0_140:0_141:0_142:0_143:0_144:0_145:0_146:0_147:0_148:0_149:0_150:0_151:0_152:0_153:0_154:0_155:0_156:0_157:0_158:0_159:0_160:0,0:1,0,0,0,0
1180020,,"42761010,42663010",1:0_2:0_3:0_4:0_5:0_6:0_7:0_8:0_9:0_10:0_11:0_12:0_13:0_14:0_15:0_16:0_17:0_18:0_19:0_20:0_21:0_22:0_23:0_24:0_25:0_26:0_27:0_28:0_29:0_30:0_31:0_32:0_33:0_34:0_35:0_36:0_37:0_38:0_39:0_40:0_41:0_42:0_43:0_44:0_45:0_46:0_47:0_48:0_49:0_50:0_51:0_52:0_53:0_54:0_55:0_56:0_57:0_58:0_59:0_60:0_61:0_62:0_63:0_64:0_65:0_66:0_67:0_68:0_69:0_70:0_71:0_72:0_73:0_74:0_75:0_76:0_77:0_78:0_79:0_80:0_81:0_82:0_83:0_84:0_85:0_86:0_87:0_88:0_89:0_90:0_91:0_92:0_93:0_94:0_95:0_96:0_97:0_98:0_99:0_100:0_101:0_102:0_103:0_104:0_105:0_106:0_107:0_108:0_109:0_110:0_111:0_112:0_113:0_114:0_115:0_116:0_117:0_118:0_119:0_120:0_121:0_122:0_123:0_124:0_125:0_126:0_127:0_128:0_129:0_130:0_131:0_132:0_133:0_134:0_135:0_136:0_137:0_138:0_139:0_140:0_141:0_142:0_143:0_144:0_145:0_146:0_147:0_148:0_149:0_150:0_151:0_152:0_153:0_154:0_155:0_156:0_157:0_158:0_159:0_160:0,0:1,0,0,1:0_2:0_3:0_4:0_5:0_6:0_7:0_8:0_9:0_10:0_11:0_12:0_13:0_14:0_15:0_16:0_17:0_18:0_19:0_20:0_21:0_22:0_23:0_24:0_25:0_26:0_27:0_28:0_29:0_30:0_31:0_32:0_33:0_34:0_35:0_36:0_37:0_38:0_39:0_40:0_41:0_42:0_43:0_44:0_45:0_46:0_47:0_48:0_49:0_50:0_51:0_52:0_53:0_54:0_55:0_56:0_57:0_58:0_59:0_60:0_61:0_62:0_63:0_64:0_65:0_66:0_67:0_68:0_69:0_70:0_71:0_72:0_73:0_74:0_75:0_76:0_77:0_78:0_79:0_80:0_81:0_82:0_83:0_84:0_85:0_86:0_87:0_88:0_89:0_90:0_91:0_92:0_93:0_94:0_95:0_96:0_97:0_98:0_99:0_100:0_101:0_102:0_103:0_104:0_105:0_106:0_107:0_108:0_109:0_110:0_111:0_112:0_113:0_114:0_115:0_116:0_117:0_118:0_119:0_120:0_121:0_122:0_123:0_124:0_125:0_126:0_127:0_128:0_129:0_130:0_131:0_132:0_133:0_134:0_135:0_136:0_137:0_138:0_139:0_140:0_141:0_142:0_143:0_144:0_145:0_146:0_147:0_148:0_149:0_150:0_151:0_152:0_153:0_154:0_155:0_156:0_157:0_158:0_159:0_160:0,0:1,0,0,0,0
1180010,,"42761010,42663010",1:0_2:0_3:0_4:0_5:0_6:0_7:0_8:0_9:0_10:0_11:0_12:0_13:0_14:0_15:0_16:0_17:0_18:0_19:0_20:0_21:0_22:0_23:0_24:0_25:0_26:0_27:0_28:0_29:0_30:0_31:0_32:0_33:0_34:0_35:0_36:0_37:0_38:0_39:0_40:0_41:0_42:0_43:0_44:0_45:0_46:0_47:0_48:0_49:0_50:0_51:0_52:0_53:0_54:0_55:0_56:0_57:0_58:0_59:0_60:0_61:0_62:0_63:0_64:0_65:0_66:0_67:0_68:0_69:0_70:0_71:0_72:0_73:0_74:0_75:0_76:0_77:0_78:0_79:0_80:0_81:0_82:0_83:0_84:0_85:0_86:0_87:0_88:0_89:0_90:0_91:0_92:0_93:0_94:0_95:0_96:0_97:0_98:0_99:0_100:0_101:0_102:0_103:0_104:0_105:0_106:0_107:0_108:0_109:0_110:0_111:0_112:0_113:0_114:0_115:0_116:0_117:0_118:0_119:0_120:0_121:0_122:0_123:0_124:0_125:0_126:0_127:0_128:0_129:0_130:0_131:0_132:0_133:0_134:0_135:0_136:0_137:0_138:0_139:0_140:0_141:0_142:0_143:0_144:0_145:0_146:0_147:0_148:0_149:0_150:0_151:0_152:0_153:0_154:0_155:0_156:0_157:0_158:0_159:0_160:0,0:1,0,0,1:0_2:0_3:0_4:0_5:0_6:0_7:0_8:0_9:0_10:0_11:0_12:0_13:0_14:0_15:0_16:0_17:0_18:0_19:0_20:0_21:0_22:0_23:0_24:0_25:0_26:0_27:0_28:0_29:0_30:0_31:0_32:0_33:0_34:0_35:0_36:0_37:0_38:0_39:0_40:0_41:0_42:0_43:0_44:0_45:0_46:0_47:0_48:0_49:0_50:0_51:0_52:0_53:0_54:0_55:0_56:0_57:0_58:0_59:0_60:0_61:0_62:0_63:0_64:0_65:0_66:0_67:0_68:0_69:0_70:0_71:0_72:0_73:0_74:0_75:0_76:0_77:0_78:0_79:0_80:0_81:0_82:0_83:0_84:0_85:0_86:0_87:0_88:0_89:0_90:0_91:0_92:0_93:0_94:0_95:0_96:0_97:0_98:0_99:0_100:0_101:0_102:0_103:0_104:0_105:0_106:0_107:0_108:0_109:0_110:0_111:0_112:0_113:0_114:0_115:0_116:0_117:0_118:0_119:0_120:0_121:0_122:0_123:0_124:0_125:0_126:0_127:0_128:0_129:0_130:0_131:0_132:0_133:0_134:0_135:0_136:0_137:0_138:0_139:0_140:0_141:0_142:0_143:0_144:0_145:0_146:0_147:0_148:0_149:0_150:0_151:0_152:0_153:0_154:0_155:0_156:0_157:0_158:0_159:0_160:0,0:1,0,0,0,0
1190020,,"42761010,42663010",1:0_2:0_3:0_4:0_5:0_6:0_7:0_8:0_9:0_10:0_11:0_12:0_13:0_14:0_15:0_16:0_17:0_18:0_19:0_20:0_21:0_22:0_23:0_24:0_25:0_26:0_27:0_28:0_29:0_30:0_31:0_32:0_33:0_34:0_35:0_36:0_37:0_38:0_39:0_40:0_41:0_42:0_43:0_44:0_45:0_46:0_47:0_48:0_49:0_50:0_51:0_52:0_53:0_54:0_55:0_56:0_57:0_58:0_59:0_60:0_61:0_62:0_63:0_64:0_65:0_66:0_67:0_68:0_69:0_70:0_71:0_72:0_73:0_74:0_75:0_76:0_77:0_78:0_79:0_80:0_81:0_82:0_83:0_84:0_85:0_86:0_87:0_88:0_89:0_90:0_91:0_92:0_93:0_94:0_95:0_96:0_97:0_98:0_99:0_100:0_101:0_102:0_103:0_104:0_105:0_106:0_107:0_108:0_109:0_110:0_111:0_112:0_113:0_114:0_115:0_116:0_117:0_118:0_119:0_120:0_121:0_122:0_123:0_124:0_125:0_126:0_127:0_128:0_129:0_130:0_131:0_132:0_133:0_134:0_135:0_136:0_137:0_138:0_139:0_140:0_141:0_142:0_143:0_144:0_145:0_146:0_147:0_148:0_149:0_150:0_151:0_152:0_153:0_154:0_155:0_156:0_157:0_158:0_159:0_160:0,0:1,0,0,1:0_2:0_3:0_4:0_5:0_6:0_7:0_8:0_9:0_10:0_11:0_12:0_13:0_14:0_15:0_16:0_17:0_18:0_19:0_20:0_21:0_22:0_23:0_24:0_25:0_26:0_27:0_28:0_29:0_30:0_31:0_32:0_33:0_34:0_35:0_36:0_37:0_38:0_39:0_40:0_41:0_42:0_43:0_44:0_45:0_46:0_47:0_48:0_49:0_50:0_51:0_52:0_53:0_54:0_55:0_56:0_57:0_58:0_59:0_60:0_61:0_62:0_63:0_64:0_65:0_66:0_67:0_68:0_69:0_70:0_71:0_72:0_73:0_74:0_75:0_76:0_77:0_78:0_79:0_80:0_81:0_82:0_83:0_84:0_85:0_86:0_87:0_88:0_89:0_90:0_91:0_92:0_93:0_94:0_95:0_96:0_97:0_98:0_99:0_100:0_101:0_102:0_103:0_104:0_105:0_106:0_107:0_108:0_109:0_110:0_111:0_112:0_113:0_114:0_115:0_116:0_117:0_118:0_119:0_120:0_121:0_122:0_123:0_124:0_125:0_126:0_127:0_128:0_129:0_130:0_131:0_132:0_133:0_134:0_135:0_136:0_137:0_138:0_139:0_140:0_141:0_142:0_143:0_144:0_145:0_146:0_147:0_148:0_149:0_150:0_151:0_152:0_153:0_154:0_155:0_156:0_157:0_158:0_159:0_160:0,0:1,0,0,0,0
1190010,,"42761010,42663010",1:0_2:0_3:0_4:0_5:0_6:0_7:0_8:0_9:0_10:0_11:0_12:0_13:0_14:0_15:0_16:0_17:0_18:0_19:0_20:0_21:0_22:0_23:0_24:0_25:0_26:0_27:0_28:0_29:0_30:0_31:0_32:0_33:0_34:0_35:0_36:0_37:0_38:0_39:0_40:0_41:0_42:0_43:0_44:0_45:0_46:0_47:0_48:0_49:0_50:0_51:0_52:0_53:0_54:0_55:0_56:0_57:0_58:0_59:0_60:0_61:0_62:0_63:0_64:0_65:0_66:0_67:0_68:0_69:0_70:0_71:0_72:0_73:0_74:0_75:0_76:0_77:0_78:0_79:0_80:0_81:0_82:0_83:0_84:0_85:0_86:0_87:0_88:0_89:0_90:0_91:0_92:0_93:0_94:0_95:0_96:0_97:0_98:0_99:0_100:0_101:0_102:0_103:0_104:0_105:0_106:0_107:0_108:0_109:0_110:0_111:0_112:0_113:0_114:0_115:0_116:0_117:0_118:0_119:0_120:0_121:0_122:0_123:0_124:0_125:0_126:0_127:0_128:0_129:0_130:0_131:0_132:0_133:0_134:0_135:0_136:0_137:0_138:0_139:0_140:0_141:0_142:0_143:0_144:0_145:0_146:0_147:0_148:0_149:0_150:0_151:0_152:0_153:0_154:0_155:0_156:0_157:0_158:0_159:0_160:0,0:1,0,0,1:0_2:0_3:0_4:0_5:0_6:0_7:0_8:0_9:0_10:0_11:0_12:0_13:0_14:0_15:0_16:0_17:0_18:0_19:0_20:0_21:0_22:0_23:0_24:0_25:0_26:0_27:0_28:0_29:0_30:0_31:0_32:0_33:0_34:0_35:0_36:0_37:0_38:0_39:0_40:0_41:0_42:0_43:0_44:0_45:0_46:0_47:0_48:0_49:0_50:0_51:0_52:0_53:0_54:0_55:0_56:0_57:0_58:0_59:0_60:0_61:0_62:0_63:0_64:0_65:0_66:0_67:0_68:0_69:0_70:0_71:0_72:0_73:0_74:0_75:0_76:0_77:0_78:0_79:0_80:0_81:0_82:0_83:0_84:0_85:0_86:0_87:0_88:0_89:0_90:0_91:0_92:0_93:0_94:0_95:0_96:0_97:0_98:0_99:0_100:0_101:0_102:0_103:0_104:0_105:0_106:0_107:0_108:0_109:0_110:0_111:0_112:0_113:0_114:0_115:0_116:0_117:0_118:0_119:0_120:0_121:0_122:0_123:0_124:0_125:0_126:0_127:0_128:0_129:0_130:0_131:0_132:0_133:0_134:0_135:0_136:0_137:0_138:0_139:0_140:0_141:0_142:0_143:0_144:0_145:0_146:0_147:0_148:0_149:0_150:0_151:0_152:0_153:0_154:0_155:0_156:0_157:0_158:0_159:0_160:0,0:1,0,0,0,0
1200020,,"42761010,42663010",1:0_2:0_3:0_4:0_5:0_6:0_7:0_8:0_9:0_10:0_11:0_12:0_13:0_14:0_15:0_16:0_17:0_18:0_19:0_20:0_21:0_22:0_23:0_24:0_25:0_26:0_27:0_28:0_29:0_30:0_31:0_32:0_33:0_34:0_35:0_36:0_37:0_38:0_39:0_40:0_41:0_42:0_43:0_44:0_45:0_46:0_47:0_48:0_49:0_50:0_51:0_52:0_53:0_54:0_55:0_56:0_57:0_58:0_59:0_60:0_61:0_62:0_63:0_64:0_65:0_66:0_67:0_68:0_69:0_70:0_71:0_72:0_73:0_74:0_75:0_76:0_77:0_78:0_79:0_80:0_81:0_82:0_83:0_84:0_85:0_86:0_87:0_88:0_89:0_90:0_91:0_92:0_93:0_94:0_95:0_96:0_97:0_98:0_99:0_100:0_101:0_102:0_103:0_104:0_105:0_106:0_107:0_108:0_109:0_110:0_111:0_112:0_113:0_114:0_115:0_116:0_117:0_118:0_119:0_120:0_121:0_122:0_123:0_124:0_125:0_126:0_127:0_128:0_129:0_130:0_131:0_132:0_133:0_134:0_135:0_136:0_137:0_138:0_139:0_140:0_141:0_142:0_143:0_144:0_145:0_146:0_147:0_148:0_149:0_150:0_151:0_152:0_153:0_154:0_155:0_156:0_157:0_158:0_159:0_160:0,0:1,0,0,1:0_2:0_3:0_4:0_5:0_6:0_7:0_8:0_9:0_10:0_11:0_12:0_13:0_14:0_15:0_16:0_17:0_18:0_19:0_20:0_21:0_22:0_23:0_24:0_25:0_26:0_27:0_28:0_29:0_30:0_31:0_32:0_33:0_34:0_35:0_36:0_37:0_38:0_39:0_40:0_41:0_42:0_43:0_44:0_45:0_46:0_47:0_48:0_49:0_50:0_51:0_52:0_53:0_54:0_55:0_56:0_57:0_58:0_59:0_60:0_61:0_62:0_63:0_64:0_65:0_66:0_67:0_68:0_69:0_70:0_71:0_72:0_73:0_74:0_75:0_76:0_77:0_78:0_79:0_80:0_81:0_82:0_83:0_84:0_85:0_86:0_87:0_88:0_89:0_90:0_91:0_92:0_93:0_94:0_95:0_96:0_97:0_98:0_99:0_100:0_101:0_102:0_103:0_104:0_105:0_106:0_107:0_108:0_109:0_110:0_111:0_112:0_113:0_114:0_115:0_116:0_117:0_118:0_119:0_120:0_121:0_122:0_123:0_124:0_125:0_126:0_127:0_128:0_129:0_130:0_131:0_132:0_133:0_134:0_135:0_136:0_137:0_138:0_139:0_140:0_141:0_142:0_143:0_144:0_145:0_146:0_147:0_148:0_149:0_150:0_151:0_152:0_153:0_154:0_155:0_156:0_157:0_158:0_159:0_160:0,0:1,0,0,0,0
1200010,,"42761010,42663010",1:0_2:0_3:0_4:0_5:0_6:0_7:0_8:0_9:0_10:0_11:0_12:0_13:0_14:0_15:0_16:0_17:0_18:0_19:0_20:0_21:0_22:0_23:0_24:0_25:0_26:0_27:0_28:0_29:0_30:0_31:0_32:0_33:0_34:0_35:0_36:0_37:0_38:0_39:0_40:0_41:0_42:0_43:0_44:0_45:0_46:0_47:0_48:0_49:0_50:0_51:0_52:0_53:0_54:0_55:0_56:0_57:0_58:0_59:0_60:0_61:0_62:0_63:0_64:0_65:0_66:0_67:0_68:0_69:0_70:0_71:0_72:0_73:0_74:0_75:0_76:0_77:0_78:0_79:0_80:0_81:0_82:0_83:0_84:0_85:0_86:0_87:0_88:0_89:0_90:0_91:0_92:0_93:0_94:0_95:0_96:0_97:0_98:0_99:0_100:0_101:0_102:0_103:0_104:0_105:0_106:0_107:0_108:0_109:0_110:0_111:0_112:0_113:0_114:0_115:0_116:0_117:0_118:0_119:0_120:0_121:0_122:0_123:0_124:0_125:0_126:0_127:0_128:0_129:0_130:0_131:0_132:0_133:0_134:0_135:0_136:0_137:0_138:0_139:0_140:0_141:0_142:0_143:0_144:0_145:0_146:0_147:0_148:0_149:0_150:0_151:0_152:0_153:0_154:0_155:0_156:0_157:0_158:0_159:0_160:0,0:1,0,0,1:0_2:0_3:0_4:0_5:0_6:0_7:0_8:0_9:0_10:0_11:0_12:0_13:0_14:0_15:0_16:0_17:0_18:0_19:0_20:0_21:0_22:0_23:0_24:0_25:0_26:0_27:0_28:0_29:0_30:0_31:0_32:0_33:0_34:0_35:0_36:0_37:0_38:0_39:0_40:0_41:0_42:0_43:0_44:0_45:0_46:0_47:0_48:0_49:0_50:0_51:0_52:0_53:0_54:0_55:0_56:0_57:0_58:0_59:0_60:0_61:0_62:0_63:0_64:0_65:0_66:0_67:0_68:0_69:0_70:0_71:0_72:0_73:0_74:0_75:0_76:0_77:0_78:0_79:0_80:0_81:0_82:0_83:0_84:0_85:0_86:0_87:0_88:0_89:0_90:0_91:0_92:0_93:0_94:0_95:0_96:0_97:0_98:0_99:0_100:0_101:0_102:0_103:0_104:0_105:0_106:0_107:0_108:0_109:0_110:0_111:0_112:0_113:0_114:0_115:0_116:0_117:0_118:0_119:0_120:0_121:0_122:0_123:0_124:0_125:0_126:0_127:0_128:0_129:0_130:0_131:0_132:0_133:0_134:0_135:0_136:0_137:0_138:0_139:0_140:0_141:0_142:0_143:0_144:0_145:0_146:0_147:0_148:0_149:0_150:0_151:0_152:0_153:0_154:0_155:0_156:0_157:0_158:0_159:0_160:0,0:1,0,0,0,0
1210020,,"42761010,42663010",1:0_2:0_3:0_4:0_5:0_6:0_7:0_8:0_9:0_10:0_11:0_12:0_13:0_14:0_15:0_16:0_17:0_18:0_19:0_20:0_21:0_22:0_23:0_24:0_25:0_26:0_27:0_28:0_29:0_30:0_31:0_32:0_33:0_34:0_35:0_36:0_37:0_38:0_39:0_40:0_41:0_42:0_43:0_44:0_45:0_46:0_47:0_48:0_49:0_50:0_51:0_52:0_53:0_54:0_55:0_56:0_57:0_58:0_59:0_60:0_61:0_62:0_63:0_64:0_65:0_66:0_67:0_68:0_69:0_70:0_71:0_72:0_73:0_74:0_75:0_76:0_77:0_78:0_79:0_80:0_81:0_82:0_83:0_84:0_85:0_86:0_87:0_88:0_89:0_90:0_91:0_92:0_93:0_94:0_95:0_96:0_97:0_98:0_99:0_100:0_101:0_102:0_103:0_104:0_105:0_106:0_107:0_108:0_109:0_110:0_111:0_112:0_113:0_114:0_115:0_116:0_117:0_118:0_119:0_120:0_121:0_122:0_123:0_124:0_125:0_126:0_127:0_128:0_129:0_130:0_131:0_132:0_133:0_134:0_135:0_136:0_137:0_138:0_139:0_140:0_141:0_142:0_143:0_144:0_145:0_146:0_147:0_148:0_149:0_150:0_151:0_152:0_153:0_154:0_155:0_156:0_157:0_158:0_159:0_160:0,0:1,0,0,1:0_2:0_3:0_4:0_5:0_6:0_7:0_8:0_9:0_10:0_11:0_12:0_13:0_14:0_15:0_16:0_17:0_18:0_19:0_20:0_21:0_22:0_23:0_24:0_25:0_26:0_27:0_28:0_29:0_30:0_31:0_32:0_33:0_34:0_35:0_36:0_37:0_38:0_39:0_40:0_41:0_42:0_43:0_44:0_45:0_46:0_47:0_48:0_49:0_50:0_51:0_52:0_53:0_54:0_55:0_56:0_57:0_58:0_59:0_60:0_61:0_62:0_63:0_64:0_65:0_66:0_67:0_68:0_69:0_70:0_71:0_72:0_73:0_74:0_75:0_76:0_77:0_78:0_79:0_80:0_81:0_82:0_83:0_84:0_85:0_86:0_87:0_88:0_89:0_90:0_91:0_92:0_93:0_94:0_95:0_96:0_97:0_98:0_99:0_100:0_101:0_102:0_103:0_104:0_105:0_106:0_107:0_108:0_109:0_110:0_111:0_112:0_113:0_114:0_115:0_116:0_117:0_118:0_119:0_120:0_121:0_122:0_123:0_124:0_125:0_126:0_127:0_128:0_129:0_130:0_131:0_132:0_133:0_134:0_135:0_136:0_137:0_138:0_139:0_140:0_141:0_142:0_143:0_144:0_145:0_146:0_147:0_148:0_149:0_150:0_151:0_152:0_153:0_154:0_155:0_156:0_157:0_158:0_159:0_160:0,0:1,0,0,0,0
1210010,,"42761010,42663010",1:0_2:0_3:0_4:0_5:0_6:0_7:0_8:0_9:0_10:0_11:0_12:0_13:0_14:0_15:0_16:0_17:0_18:0_19:0_20:0_21:0_22:0_23:0_24:0_25:0_26:0_27:0_28:0_29:0_30:0_31:0_32:0_33:0_34:0_35:0_36:0_37:0_38:0_39:0_40:0_41:0_42:0_43:0_44:0_45:0_46:0_47:0_48:0_49:0_50:0_51:0_52:0_53:0_54:0_55:0_56:0_57:0_58:0_59:0_60:0_61:0_62:0_63:0_64:0_65:0_66:0_67:0_68:0_69:0_70:0_71:0_72:0_73:0_74:0_75:0_76:0_77:0_78:0_79:0_80:0_81:0_82:0_83:0_84:0_85:0_86:0_87:0_88:0_89:0_90:0_91:0_92:0_93:0_94:0_95:0_96:0_97:0_98:0_99:0_100:0_101:0_102:0_103:0_104:0_105:0_106:0_107:0_108:0_109:0_110:0_111:0_112:0_113:0_114:0_115:0_116:0_117:0_118:0_119:0_120:0_121:0_122:0_123:0_124:0_125:0_126:0_127:0_128:0_129:0_130:0_131:0_132:0_133:0_134:0_135:0_136:0_137:0_138:0_139:0_140:0_141:0_142:0_143:0_144:0_145:0_146:0_147:0_148:0_149:0_150:0_151:0_152:0_153:0_154:0_155:0_156:0_157:0_158:0_159:0_160:0,0:1,0,0,1:0_2:0_3:0_4:0_5:0_6:0_7:0_8:0_9:0_10:0_11:0_12:0_13:0_14:0_15:0_16:0_17:0_18:0_19:0_20:0_21:0_22:0_23:0_24:0_25:0_26:0_27:0_28:0_29:0_30:0_31:0_32:0_33:0_34:0_35:0_36:0_37:0_38:0_39:0_40:0_41:0_42:0_43:0_44:0_45:0_46:0_47:0_48:0_49:0_50:0_51:0_52:0_53:0_54:0_55:0_56:0_57:0_58:0_59:0_60:0_61:0_62:0_63:0_64:0_65:0_66:0_67:0_68:0_69:0_70:0_71:0_72:0_73:0_74:0_75:0_76:0_77:0_78:0_79:0_80:0_81:0_82:0_83:0_84:0_85:0_86:0_87:0_88:0_89:0_90:0_91:0_92:0_93:0_94:0_95:0_96:0_97:0_98:0_99:0_100:0_101:0_102:0_103:0_104:0_105:0_106:0_107:0_108:0_109:0_110:0_111:0_112:0_113:0_114:0_115:0_116:0_117:0_118:0_119:0_120:0_121:0_122:0_123:0_124:0_125:0_126:0_127:0_128:0_129:0_130:0_131:0_132:0_133:0_134:0_135:0_136:0_137:0_138:0_139:0_140:0_141:0_142:0_143:0_144:0_145:0_146:0_147:0_148:0_149:0_150:0_151:0_152:0_153:0_154:0_155:0_156:0_157:0_158:0_159:0_160:0,0:1,0,0,0,0
1220020,,"42761010,42663010",1:0_2:0_3:0_4:0_5:0_6:0_7:0_8:0_9:0_10:0_11:0_12:0_13:0_14:0_15:0_16:0_17:0_18:0_19:0_20:0_21:0_22:0_23:0_24:0_25:0_26:0_27:0_28:0_29:0_30:0_31:0_32:0_33:0_34:0_35:0_36:0_37:0_38:0_39:0_40:0_41:0_42:0_43:0_44:0_45:0_46:0_47:0_48:0_49:0_50:0_51:0_52:0_53:0_54:0_55:0_56:0_57:0_58:0_59:0_60:0_61:0_62:0_63:0_64:0_65:0_66:0_67:0_68:0_69:0_70:0_71:0_72:0_73:0_74:0_75:0_76:0_77:0_78:0_79:0_80:0_81:0_82:0_83:0_84:0_85:0_86:0_87:0_88:0_89:0_90:0_91:0_92:0_93:0_94:0_95:0_96:0_97:0_98:0_99:0_100:0_101:0_102:0_103:0_104:0_105:0_106:0_107:0_108:0_109:0_110:0_111:0_112:0_113:0_114:0_115:0_116:0_117:0_118:0_119:0_120:0_121:0_122:0_123:0_124:0_125:0_126:0_127:0_128:0_129:0_130:0_131:0_132:0_133:0_134:0_135:0_136:0_137:0_138:0_139:0_140:0_141:0_142:0_143:0_144:0_145:0_146:0_147:0_148:0_149:0_150:0_151:0_152:0_153:0_154:0_155:0_156:0_157:0_158:0_159:0_160:0,0:1,0,0,1:0_2:0_3:0_4:0_5:0_6:0_7:0_8:0_9:0_10:0_11:0_12:0_13:0_14:0_15:0_16:0_17:0_18:0_19:0_20:0_21:0_22:0_23:0_24:0_25:0_26:0_27:0_28:0_29:0_30:0_31:0_32:0_33:0_34:0_35:0_36:0_37:0_38:0_39:0_40:0_41:0_42:0_43:0_44:0_45:0_46:0_47:0_48:0_49:0_50:0_51:0_52:0_53:0_54:0_55:0_56:0_57:0_58:0_59:0_60:0_61:0_62:0_63:0_64:0_65:0_66:0_67:0_68:0_69:0_70:0_71:0_72:0_73:0_74:0_75:0_76:0_77:0_78:0_79:0_80:0_81:0_82:0_83:0_84:0_85:0_86:0_87:0_88:0_89:0_90:0_91:0_92:0_93:0_94:0_95:0_96:0_97:0_98:0_99:0_100:0_101:0_102:0_103:0_104:0_105:0_106:0_107:0_108:0_109:0_110:0_111:0_112:0_113:0_114:0_115:0_116:0_117:0_118:0_119:0_120:0_121:0_122:0_123:0_124:0_125:0_126:0_127:0_128:0_129:0_130:0_131:0_132:0_133:0_134:0_135:0_136:0_137:0_138:0_139:0_140:0_141:0_142:0_143:0_144:0_145:0_146:0_147:0_148:0_149:0_150:0_151:0_152:0_153:0_154:0_155:0_156:0_157:0_158:0_159:0_160:0,0:1,0,0,0,0
1220010,,"42761010,42663010",1:0_2:0_3:0_4:0_5:0_6:0_7:0_8:0_9:0_10:0_11:0_12:0_13:0_14:0_15:0_16:0_17:0_18:0_19:0_20:0_21:0_22:0_23:0_24:0_25:0_26:0_27:0_28:0_29:0_30:0_31:0_32:0_33:0_34:0_35:0_36:0_37:0_38:0_39:0_40:0_41:0_42:0_43:0_44:0_45:0_46:0_47:0_48:0_49:0_50:0_51:0_52:0_53:0_54:0_55:0_56:0_57:0_58:0_59:0_60:0_61:0_62:0_63:0_64:0_65:0_66:0_67:0_68:0_69:0_70:0_71:0_72:0_73:0_74:0_75:0_76:0_77:0_78:0_79:0_80:0_81:0_82:0_83:0_84:0_85:0_86:0_87:0_88:0_89:0_90:0_91:0_92:0_93:0_94:0_95:0_96:0_97:0_98:0_99:0_100:0_101:0_102:0_103:0_104:0_105:0_106:0_107:0_108:0_109:0_110:0_111:0_112:0_113:0_114:0_115:0_116:0_117:0_118:0_119:0_120:0_121:0_122:0_123:0_124:0_125:0_126:0_127:0_128:0_129:0_130:0_131:0_132:0_133:0_134:0_135:0_136:0_137:0_138:0_139:0_140:0_141:0_142:0_143:0_144:0_145:0_146:0_147:0_148:0_149:0_150:0_151:0_152:0_153:0_154:0_155:0_156:0_157:0_158:0_159:0_160:0,0:1,0,0,1:0_2:0_3:0_4:0_5:0_6:0_7:0_8:0_9:0_10:0_11:0_12:0_13:0_14:0_15:0_16:0_17:0_18:0_19:0_20:0_21:0_22:0_23:0_24:0_25:0_26:0_27:0_28:0_29:0_30:0_31:0_32:0_33:0_34:0_35:0_36:0_37:0_38:0_39:0_40:0_41:0_42:0_43:0_44:0_45:0_46:0_47:0_48:0_49:0_50:0_51:0_52:0_53:0_54:0_55:0_56:0_57:0_58:0_59:0_60:0_61:0_62:0_63:0_64:0_65:0_66:0_67:0_68:0_69:0_70:0_71:0_72:0_73:0_74:0_75:0_76:0_77:0_78:0_79:0_80:0_81:0_82:0_83:0_84:0_85:0_86:0_87:0_88:0_89:0_90:0_91:0_92:0_93:0_94:0_95:0_96:0_97:0_98:0_99:0_100:0_101:0_102:0_103:0_104:0_105:0_106:0_107:0_108:0_109:0_110:0_111:0_112:0_113:0_114:0_115:0_116:0_117:0_118:0_119:0_120:0_121:0_122:0_123:0_124:0_125:0_126:0_127:0_128:0_129:0_130:0_131:0_132:0_133:0_134:0_135:0_136:0_137:0_138:0_139:0_140:0_141:0_142:0_143:0_144:0_145:0_146:0_147:0_148:0_149:0_150:0_151:0_152:0_153:0_154:0_155:0_156:0_157:0_158:0_159:0_160:0,0:1,0,0,0,0
1230020,,"42761010,42663010",1:0_2:0_3:0_4:0_5:0_6:0_7:0_8:0_9:0_10:0_11:0_12:0_13:0_14:0_15:0_16:0_17:0_18:0_19:0_20:0_21:0_22:0_23:0_24:0_25:0_26:0_27:0_28:0_29:0_30:0_31:0_32:0_33:0_34:0_35:0_36:0_37:0_38:0_39:0_40:0_41:0_42:0_43:0_44:0_45:0_46:0_47:0_48:0_49:0_50:0_51:0_52:0_53:0_54:0_55:0_56:0_57:0_58:0_59:0_60:0_61:0_62:0_63:0_64:0_65:0_66:0_67:0_68:0_69:0_70:0_71:0_72:0_73:0_74:0_75:0_76:0_77:0_78:0_79:0_80:0_81:0_82:0_83:0_84:0_85:0_86:0_87:0_88:0_89:0_90:0_91:0_92:0_93:0_94:0_95:0_96:0_97:0_98:0_99:0_100:0_101:0_102:0_103:0_104:0_105:0_106:0_107:0_108:0_109:0_110:0_111:0_112:0_113:0_114:0_115:0_116:0_117:0_118:0_119:0_120:0_121:0_122:0_123:0_124:0_125:0_126:0_127:0_128:0_129:0_130:0_131:0_132:0_133:0_134:0_135:0_136:0_137:0_138:0_139:0_140:0_141:0_142:0_143:0_144:0_145:0_146:0_147:0_148:0_149:0_150:0_151:0_152:0_153:0_154:0_155:0_156:0_157:0_158:0_159:0_160:0,0:1,0,0,1:0_2:0_3:0_4:0_5:0_6:0_7:0_8:0_9:0_10:0_11:0_12:0_13:0_14:0_15:0_16:0_17:0_18:0_19:0_20:0_21:0_22:0_23:0_24:0_25:0_26:0_27:0_28:0_29:0_30:0_31:0_32:0_33:0_34:0_35:0_36:0_37:0_38:0_39:0_40:0_41:0_42:0_43:0_44:0_45:0_46:0_47:0_48:0_49:0_50:0_51:0_52:0_53:0_54:0_55:0_56:0_57:0_58:0_59:0_60:0_61:0_62:0_63:0_64:0_65:0_66:0_67:0_68:0_69:0_70:0_71:0_72:0_73:0_74:0_75:0_76:0_77:0_78:0_79:0_80:0_81:0_82:0_83:0_84:0_85:0_86:0_87:0_88:0_89:0_90:0_91:0_92:0_93:0_94:0_95:0_96:0_97:0_98:0_99:0_100:0_101:0_102:0_103:0_104:0_105:0_106:0_107:0_108:0_109:0_110:0_111:0_112:0_113:0_114:0_115:0_116:0_117:0_118:0_119:0_120:0_121:0_122:0_123:0_124:0_125:0_126:0_127:0_128:0_129:0_130:0_131:0_132:0_133:0_134:0_135:0_136:0_137:0_138:0_139:0_140:0_141:0_142:0_143:0_144:0_145:0_146:0_147:0_148:0_149:0_150:0_151:0_152:0_153:0_154:0_155:0_156:0_157:0_158:0_159:0_160:0,0:1,0,0,0,0
1230010,,"42761010,42663010",1:0_2:0_3:0_4:0_5:0_6:0_7:0_8:0_9:0_10:0_11:0_12:0_13:0_14:0_15:0_16:0_17:0_18:0_19:0_20:0_21:0_22:0_23:0_24:0_25:0_26:0_27:0_28:0_29:0_30:0_31:0_32:0_33:0_34:0_35:0_36:0_37:0_38:0_39:0_40:0_41:0_42:0_43:0_44:0_45:0_46:0_47:0_48:0_49:0_50:0_51:0_52:0_53:0_54:0_55:0_56:0_57:0_58:0_59:0_60:0_61:0_62:0_63:0_64:0_65:0_66:0_67:0_68:0_69:0_70:0_71:0_72:0_73:0_74:0_75:0_76:0_77:0_78:0_79:0_80:0_81:0_82:0_83:0_84:0_85:0_86:0_87:0_88:0_89:0_90:0_91:0_92:0_93:0_94:0_95:0_96:0_97:0_98:0_99:0_100:0_101:0_102:0_103:0_104:0_105:0_106:0_107:0_108:0_109:0_110:0_111:0_112:0_113:0_114:0_115:0_116:0_117:0_118:0_119:0_120:0_121:0_122:0_123:0_124:0_125:0_126:0_127:0_128:0_129:0_130:0_131:0_132:0_133:0_134:0_135:0_136:0_137:0_138:0_139:0_140:0_141:0_142:0_143:0_144:0_145:0_146:0_147:0_148:0_149:0_150:0_151:0_152:0_153:0_154:0_155:0_156:0_157:0_158:0_159:0_160:0,0:1,0,0,1:0_2:0_3:0_4:0_5:0_6:0_7:0_8:0_9:0_10:0_11:0_12:0_13:0_14:0_15:0_16:0_17:0_18:0_19:0_20:0_21:0_22:0_23:0_24:0_25:0_26:0_27:0_28:0_29:0_30:0_31:0_32:0_33:0_34:0_35:0_36:0_37:0_38:0_39:0_40:0_41:0_42:0_43:0_44:0_45:0_46:0_47:0_48:0_49:0_50:0_51:0_52:0_53:0_54:0_55:0_56:0_57:0_58:0_59:0_60:0_61:0_62:0_63:0_64:0_65:0_66:0_67:0_68:0_69:0_70:0_71:0_72:0_73:0_74:0_75:0_76:0_77:0_78:0_79:0_80:0_81:0_82:0_83:0_84:0_85:0_86:0_87:0_88:0_89:0_90:0_91:0_92:0_93:0_94:0_95:0_96:0_97:0_98:0_99:0_100:0_101:0_102:0_103:0_104:0_105:0_106:0_107:0_108:0_109:0_110:0_111:0_112:0_113:0_114:0_115:0_116:0_117:0_118:0_119:0_120:0_121:0_122:0_123:0_124:0_125:0_126:0_127:0_128:0_129:0_130:0_131:0_132:0_133:0_134:0_135:0_136:0_137:0_138:0_139:0_140:0_141:0_142:0_143:0_144:0_145:0_146:0_147:0_148:0_149:0_150:0_151:0_152:0_153:0_154:0_155:0_156:0_157:0_158:0_159:0_160:0,0:1,0,0,0,0
1240020,,"42761010,42663010",1:0_2:0_3:0_4:0_5:0_6:0_7:0_8:0_9:0_10:0_11:0_12:0_13:0_14:0_15:0_16:0_17:0_18:0_19:0_20:0_21:0_22:0_23:0_24:0_25:0_26:0_27:0_28:0_29:0_30:0_31:0_32:0_33:0_34:0_35:0_36:0_37:0_38:0_39:0_40:0_41:0_42:0_43:0_44:0_45:0_46:0_47:0_48:0_49:0_50:0_51:0_52:0_53:0_54:0_55:0_56:0_57:0_58:0_59:0_60:0_61:0_62:0_63:0_64:0_65:0_66:0_67:0_68:0_69:0_70:0_71:0_72:0_73:0_74:0_75:0_76:0_77:0_78:0_79:0_80:0_81:0_82:0_83:0_84:0_85:0_86:0_87:0_88:0_89:0_90:0_91:0_92:0_93:0_94:0_95:0_96:0_97:0_98:0_99:0_100:0_101:0_102:0_103:0_104:0_105:0_106:0_107:0_108:0_109:0_110:0_111:0_112:0_113:0_114:0_115:0_116:0_117:0_118:0_119:0_120:0_121:0_122:0_123:0_124:0_125:0_126:0_127:0_128:0_129:0_130:0_131:0_132:0_133:0_134:0_135:0_136:0_137:0_138:0_139:0_140:0_141:0_142:0_143:0_144:0_145:0_146:0_147:0_148:0_149:0_150:0_151:0_152:0_153:0_154:0_155:0_156:0_157:0_158:0_159:0_160:0,0:1,0,0,1:0_2:0_3:0_4:0_5:0_6:0_7:0_8:0_9:0_10:0_11:0_12:0_13:0_14:0_15:0_16:0_17:0_18:0_19:0_20:0_21:0_22:0_23:0_24:0_25:0_26:0_27:0_28:0_29:0_30:0_31:0_32:0_33:0_34:0_35:0_36:0_37:0_38:0_39:0_40:0_41:0_42:0_43:0_44:0_45:0_46:0_47:0_48:0_49:0_50:0_51:0_52:0_53:0_54:0_55:0_56:0_57:0_58:0_59:0_60:0_61:0_62:0_63:0_64:0_65:0_66:0_67:0_68:0_69:0_70:0_71:0_72:0_73:0_74:0_75:0_76:0_77:0_78:0_79:0_80:0_81:0_82:0_83:0_84:0_85:0_86:0_87:0_88:0_89:0_90:0_91:0_92:0_93:0_94:0_95:0_96:0_97:0_98:0_99:0_100:0_101:0_102:0_103:0_104:0_105:0_106:0_107:0_108:0_109:0_110:0_111:0_112:0_113:0_114:0_115:0_116:0_117:0_118:0_119:0_120:0_121:0_122:0_123:0_124:0_125:0_126:0_127:0_128:0_129:0_130:0_131:0_132:0_133:0_134:0_135:0_136:0_137:0_138:0_139:0_140:0_141:0_142:0_143:0_144:0_145:0_146:0_147:0_148:0_149:0_150:0_151:0_152:0_153:0_154:0_155:0_156:0_157:0_158:0_159:0_160:0,0:1,0,0,0,0
1240010,,"42761010,42663010",1:0_2:0_3:0_4:0_5:0_6:0_7:0_8:0_9:0_10:0_11:0_12:0_13:0_14:0_15:0_16:0_17:0_18:0_19:0_20:0_21:0_22:0_23:0_24:0_25:0_26:0_27:0_28:0_29:0_30:0_31:0_32:0_33:0_34:0_35:0_36:0_37:0_38:0_39:0_40:0_41:0_42:0_43:0_44:0_45:0_46:0_47:0_48:0_49:0_50:0_51:0_52:0_53:0_54:0_55:0_56:0_57:0_58:0_59:0_60:0_61:0_62:0_63:0_64:0_65:0_66:0_67:0_68:0_69:0_70:0_71:0_72:0_73:0_74:0_75:0_76:0_77:0_78:0_79:0_80:0_81:0_82:0_83:0_84:0_85:0_86:0_87:0_88:0_89:0_90:0_91:0_92:0_93:0_94:0_95:0_96:0_97:0_98:0_99:0_100:0_101:0_102:0_103:0_104:0_105:0_106:0_107:0_108:0_109:0_110:0_111:0_112:0_113:0_114:0_115:0_116:0_117:0_118:0_119:0_120:0_121:0_122:0_123:0_124:0_125:0_126:0_127:0_128:0_129:0_130:0_131:0_132:0_133:0_134:0_135:0_136:0_137:0_138:0_139:0_140:0_141:0_142:0_143:0_144:0_145:0_146:0_147:0_148:0_149:0_150:0_151:0_152:0_153:0_154:0_155:0_156:0_157:0_158:0_159:0_160:0,0:1,0,0,1:0_2:0_3:0_4:0_5:0_6:0_7:0_8:0_9:0_10:0_11:0_12:0_13:0_14:0_15:0_16:0_17:0_18:0_19:0_20:0_21:0_22:0_23:0_24:0_25:0_26:0_27:0_28:0_29:0_30:0_31:0_32:0_33:0_34:0_35:0_36:0_37:0_38:0_39:0_40:0_41:0_42:0_43:0_44:0_45:0_46:0_47:0_48:0_49:0_50:0_51:0_52:0_53:0_54:0_55:0_56:0_57:0_58:0_59:0_60:0_61:0_62:0_63:0_64:0_65:0_66:0_67:0_68:0_69:0_70:0_71:0_72:0_73:0_74:0_75:0_76:0_77:0_78:0_79:0_80:0_81:0_82:0_83:0_84:0_85:0_86:0_87:0_88:0_89:0_90:0_91:0_92:0_93:0_94:0_95:0_96:0_97:0_98:0_99:0_100:0_101:0_102:0_103:0_104:0_105:0_106:0_107:0_108:0_109:0_110:0_111:0_112:0_113:0_114:0_115:0_116:0_117:0_118:0_119:0_120:0_121:0_122:0_123:0_124:0_125:0_126:0_127:0_128:0_129:0_130:0_131:0_132:0_133:0_134:0_135:0_136:0_137:0_138:0_139:0_140:0_141:0_142:0_143:0_144:0_145:0_146:0_147:0_148:0_149:0_150:0_151:0_152:0_153:0_154:0_155:0_156:0_157:0_158:0_159:0_160:0,0:1,0,0,0,0
1250020,,"42761010,42663010",1:0_2:0_3:0_4:0_5:0_6:0_7:0_8:0_9:0_10:0_11:0_12:0_13:0_14:0_15:0_16:0_17:0_18:0_19:0_20:0_21:0_22:0_23:0_24:0_25:0_26:0_27:0_28:0_29:0_30:0_31:0_32:0_33:0_34:0_35:0_36:0_37:0_38:0_39:0_40:0_41:0_42:0_43:0_44:0_45:0_46:0_47:0_48:0_49:0_50:0_51:0_52:0_53:0_54:0_55:0_56:0_57:0_58:0_59:0_60:0_61:0_62:0_63:0_64:0_65:0_66:0_67:0_68:0_69:0_70:0_71:0_72:0_73:0_74:0_75:0_76:0_77:0_78:0_79:0_80:0_81:0_82:0_83:0_84:0_85:0_86:0_87:0_88:0_89:0_90:0_91:0_92:0_93:0_94:0_95:0_96:0_97:0_98:0_99:0_100:0_101:0_102:0_103:0_104:0_105:0_106:0_107:0_108:0_109:0_110:0_111:0_112:0_113:0_114:0_115:0_116:0_117:0_118:0_119:0_120:0_121:0_122:0_123:0_124:0_125:0_126:0_127:0_128:0_129:0_130:0_131:0_132:0_133:0_134:0_135:0_136:0_137:0_138:0_139:0_140:0_141:0_142:0_143:0_144:0_145:0_146:0_147:0_148:0_149:0_150:0_151:0_152:0_153:0_154:0_155:0_156:0_157:0_158:0_159:0_160:0,0:1,0,0,1:0_2:0_3:0_4:0_5:0_6:0_7:0_8:0_9:0_10:0_11:0_12:0_13:0_14:0_15:0_16:0_17:0_18:0_19:0_20:0_21:0_22:0_23:0_24:0_25:0_26:0_27:0_28:0_29:0_30:0_31:0_32:0_33:0_34:0_35:0_36:0_37:0_38:0_39:0_40:0_41:0_42:0_43:0_44:0_45:0_46:0_47:0_48:0_49:0_50:0_51:0_52:0_53:0_54:0_55:0_56:0_57:0_58:0_59:0_60:0_61:0_62:0_63:0_64:0_65:0_66:0_67:0_68:0_69:0_70:0_71:0_72:0_73:0_74:0_75:0_76:0_77:0_78:0_79:0_80:0_81:0_82:0_83:0_84:0_85:0_86:0_87:0_88:0_89:0_90:0_91:0_92:0_93:0_94:0_95:0_96:0_97:0_98:0_99:0_100:0_101:0_102:0_103:0_104:0_105:0_106:0_107:0_108:0_109:0_110:0_111:0_112:0_113:0_114:0_115:0_116:0_117:0_118:0_119:0_120:0_121:0_122:0_123:0_124:0_125:0_126:0_127:0_128:0_129:0_130:0_131:0_132:0_133:0_134:0_135:0_136:0_137:0_138:0_139:0_140:0_141:0_142:0_143:0_144:0_145:0_146:0_147:0_148:0_149:0_150:0_151:0_152:0_153:0_154:0_155:0_156:0_157:0_158:0_159:0_160:0,0:1,0,0,0,0
1250010,,"42761010,42663010",1:0_2:0_3:0_4:0_5:0_6:0_7:0_8:0_9:0_10:0_11:0_12:0_13:0_14:0_15:0_16:0_17:0_18:0_19:0_20:0_21:0_22:0_23:0_24:0_25:0_26:0_27:0_28:0_29:0_30:0_31:0_32:0_33:0_34:0_35:0_36:0_37:0_38:0_39:0_40:0_41:0_42:0_43:0_44:0_45:0_46:0_47:0_48:0_49:0_50:0_51:0_52:0_53:0_54:0_55:0_56:0_57:0_58:0_59:0_60:0_61:0_62:0_63:0_64:0_65:0_66:0_67:0_68:0_69:0_70:0_71:0_72:0_73:0_74:0_75:0_76:0_77:0_78:0_79:0_80:0_81:0_82:0_83:0_84:0_85:0_86:0_87:0_88:0_89:0_90:0_91:0_92:0_93:0_94:0_95:0_96:0_97:0_98:0_99:0_100:0_101:0_102:0_103:0_104:0_105:0_106:0_107:0_108:0_109:0_110:0_111:0_112:0_113:0_114:0_115:0_116:0_117:0_118:0_119:0_120:0_121:0_122:0_123:0_124:0_125:0_126:0_127:0_128:0_129:0_130:0_131:0_132:0_133:0_134:0_135:0_136:0_137:0_138:0_139:0_140:0_141:0_142:0_143:0_144:0_145:0_146:0_147:0_148:0_149:0_150:0_151:0_152:0_153:0_154:0_155:0_156:0_157:0_158:0_159:0_160:0,0:1,0,0,1:0_2:0_3:0_4:0_5:0_6:0_7:0_8:0_9:0_10:0_11:0_12:0_13:0_14:0_15:0_16:0_17:0_18:0_19:0_20:0_21:0_22:0_23:0_24:0_25:0_26:0_27:0_28:0_29:0_30:0_31:0_32:0_33:0_34:0_35:0_36:0_37:0_38:0_39:0_40:0_41:0_42:0_43:0_44:0_45:0_46:0_47:0_48:0_49:0_50:0_51:0_52:0_53:0_54:0_55:0_56:0_57:0_58:0_59:0_60:0_61:0_62:0_63:0_64:0_65:0_66:0_67:0_68:0_69:0_70:0_71:0_72:0_73:0_74:0_75:0_76:0_77:0_78:0_79:0_80:0_81:0_82:0_83:0_84:0_85:0_86:0_87:0_88:0_89:0_90:0_91:0_92:0_93:0_94:0_95:0_96:0_97:0_98:0_99:0_100:0_101:0_102:0_103:0_104:0_105:0_106:0_107:0_108:0_109:0_110:0_111:0_112:0_113:0_114:0_115:0_116:0_117:0_118:0_119:0_120:0_121:0_122:0_123:0_124:0_125:0_126:0_127:0_128:0_129:0_130:0_131:0_132:0_133:0_134:0_135:0_136:0_137:0_138:0_139:0_140:0_141:0_142:0_143:0_144:0_145:0_146:0_147:0_148:0_149:0_150:0_151:0_152:0_153:0_154:0_155:0_156:0_157:0_158:0_159:0_160:0,0:1,0,0,0,0
1260020,,"42761010,42663010",1:0_2:0_3:0_4:0_5:0_6:0_7:0_8:0_9:0_10:0_11:0_12:0_13:0_14:0_15:0_16:0_17:0_18:0_19:0_20:0_21:0_22:0_23:0_24:0_25:0_26:0_27:0_28:0_29:0_30:0_31:0_32:0_33:0_34:0_35:0_36:0_37:0_38:0_39:0_40:0_41:0_42:0_43:0_44:0_45:0_46:0_47:0_48:0_49:0_50:0_51:0_52:0_53:0_54:0_55:0_56:0_57:0_58:0_59:0_60:0_61:0_62:0_63:0_64:0_65:0_66:0_67:0_68:0_69:0_70:0_71:0_72:0_73:0_74:0_75:0_76:0_77:0_78:0_79:0_80:0_81:0_82:0_83:0_84:0_85:0_86:0_87:0_88:0_89:0_90:0_91:0_92:0_93:0_94:0_95:0_96:0_97:0_98:0_99:0_100:0_101:0_102:0_103:0_104:0_105:0_106:0_107:0_108:0_109:0_110:0_111:0_112:0_113:0_114:0_115:0_116:0_117:0_118:0_119:0_120:0_121:0_122:0_123:0_124:0_125:0_126:0_127:0_128:0_129:0_130:0_131:0_132:0_133:0_134:0_135:0_136:0_137:0_138:0_139:0_140:0_141:0_142:0_143:0_144:0_145:0_146:0_147:0_148:0_149:0_150:0_151:0_152:0_153:0_154:0_155:0_156:0_157:0_158:0_159:0_160:0,0:1,0,0,1:0_2:0_3:0_4:0_5:0_6:0_7:0_8:0_9:0_10:0_11:0_12:0_13:0_14:0_15:0_16:0_17:0_18:0_19:0_20:0_21:0_22:0_23:0_24:0_25:0_26:0_27:0_28:0_29:0_30:0_31:0_32:0_33:0_34:0_35:0_36:0_37:0_38:0_39:0_40:0_41:0_42:0_43:0_44:0_45:0_46:0_47:0_48:0_49:0_50:0_51:0_52:0_53:0_54:0_55:0_56:0_57:0_58:0_59:0_60:0_61:0_62:0_63:0_64:0_65:0_66:0_67:0_68:0_69:0_70:0_71:0_72:0_73:0_74:0_75:0_76:0_77:0_78:0_79:0_80:0_81:0_82:0_83:0_84:0_85:0_86:0_87:0_88:0_89:0_90:0_91:0_92:0_93:0_94:0_95:0_96:0_97:0_98:0_99:0_100:0_101:0_102:0_103:0_104:0_105:0_106:0_107:0_108:0_109:0_110:0_111:0_112:0_113:0_114:0_115:0_116:0_117:0_118:0_119:0_120:0_121:0_122:0_123:0_124:0_125:0_126:0_127:0_128:0_129:0_130:0_131:0_132:0_133:0_134:0_135:0_136:0_137:0_138:0_139:0_140:0_141:0_142:0_143:0_144:0_145:0_146:0_147:0_148:0_149:0_150:0_151:0_152:0_153:0_154:0_155:0_156:0_157:0_158:0_159:0_160:0,0:1,0,0,0,0
1260010,,"42761010,42663010",1:0_2:0_3:0_4:0_5:0_6:0_7:0_8:0_9:0_10:0_11:0_12:0_13:0_14:0_15:0_16:0_17:0_18:0_19:0_20:0_21:0_22:0_23:0_24:0_25:0_26:0_27:0_28:0_29:0_30:0_31:0_32:0_33:0_34:0_35:0_36:0_37:0_38:0_39:0_40:0_41:0_42:0_43:0_44:0_45:0_46:0_47:0_48:0_49:0_50:0_51:0_52:0_53:0_54:0_55:0_56:0_57:0_58:0_59:0_60:0_61:0_62:0_63:0_64:0_65:0_66:0_67:0_68:0_69:0_70:0_71:0_72:0_73:0_74:0_75:0_76:0_77:0_78:0_79:0_80:0_81:0_82:0_83:0_84:0_85:0_86:0_87:0_88:0_89:0_90:0_91:0_92:0_93:0_94:0_95:0_96:0_97:0_98:0_99:0_100:0_101:0_102:0_103:0_104:0_105:0_106:0_107:0_108:0_109:0_110:0_111:0_112:0_113:0_114:0_115:0_116:0_117:0_118:0_119:0_120:0_121:0_122:0_123:0_124:0_125:0_126:0_127:0_128:0_129:0_130:0_131:0_132:0_133:0_134:0_135:0_136:0_137:0_138:0_139:0_140:0_141:0_142:0_143:0_144:0_145:0_146:0_147:0_148:0_149:0_150:0_151:0_152:0_153:0_154:0_155:0_156:0_157:0_158:0_159:0_160:0,0:1,0,0,1:0_2:0_3:0_4:0_5:0_6:0_7:0_8:0_9:0_10:0_11:0_12:0_13:0_14:0_15:0_16:0_17:0_18:0_19:0_20:0_21:0_22:0_23:0_24:0_25:0_26:0_27:0_28:0_29:0_30:0_31:0_32:0_33:0_34:0_35:0_36:0_37:0_38:0_39:0_40:0_41:0_42:0_43:0_44:0_45:0_46:0_47:0_48:0_49:0_50:0_51:0_52:0_53:0_54:0_55:0_56:0_57:0_58:0_59:0_60:0_61:0_62:0_63:0_64:0_65:0_66:0_67:0_68:0_69:0_70:0_71:0_72:0_73:0_74:0_75:0_76:0_77:0_78:0_79:0_80:0_81:0_82:0_83:0_84:0_85:0_86:0_87:0_88:0_89:0_90:0_91:0_92:0_93:0_94:0_95:0_96:0_97:0_98:0_99:0_100:0_101:0_102:0_103:0_104:0_105:0_106:0_107:0_108:0_109:0_110:0_111:0_112:0_113:0_114:0_115:0_116:0_117:0_118:0_119:0_120:0_121:0_122:0_123:0_124:0_125:0_126:0_127:0_128:0_129:0_130:0_131:0_132:0_133:0_134:0_135:0_136:0_137:0_138:0_139:0_140:0_141:0_142:0_143:0_144:0_145:0_146:0_147:0_148:0_149:0_150:0_151:0_152:0_153:0_154:0_155:0_156:0_157:0_158:0_159:0_160:0,0:1,0,0,0,0
1270020,,"42761010,42663010",1:0_2:0_3:0_4:0_5:0_6:0_7:0_8:0_9:0_10:0_11:0_12:0_13:0_14:0_15:0_16:0_17:0_18:0_19:0_20:0_21:0_22:0_23:0_24:0_25:0_26:0_27:0_28:0_29:0_30:0_31:0_32:0_33:0_34:0_35:0_36:0_37:0_38:0_39:0_40:0_41:0_42:0_43:0_44:0_45:0_46:0_47:0_48:0_49:0_50:0_51:0_52:0_53:0_54:0_55:0_56:0_57:0_58:0_59:0_60:0_61:0_62:0_63:0_64:0_65:0_66:0_67:0_68:0_69:0_70:0_71:0_72:0_73:0_74:0_75:0_76:0_77:0_78:0_79:0_80:0_81:0_82:0_83:0_84:0_85:0_86:0_87:0_88:0_89:0_90:0_91:0_92:0_93:0_94:0_95:0_96:0_97:0_98:0_99:0_100:0_101:0_102:0_103:0_104:0_105:0_106:0_107:0_108:0_109:0_110:0_111:0_112:0_113:0_114:0_115:0_116:0_117:0_118:0_119:0_120:0_121:0_122:0_123:0_124:0_125:0_126:0_127:0_128:0_129:0_130:0_131:0_132:0_133:0_134:0_135:0_136:0_137:0_138:0_139:0_140:0_141:0_142:0_143:0_144:0_145:0_146:0_147:0_148:0_149:0_150:0_151:0_152:0_153:0_154:0_155:0_156:0_157:0_158:0_159:0_160:0,0:1,0,0,1:0_2:0_3:0_4:0_5:0_6:0_7:0_8:0_9:0_10:0_11:0_12:0_13:0_14:0_15:0_16:0_17:0_18:0_19:0_20:0_21:0_22:0_23:0_24:0_25:0_26:0_27:0_28:0_29:0_30:0_31:0_32:0_33:0_34:0_35:0_36:0_37:0_38:0_39:0_40:0_41:0_42:0_43:0_44:0_45:0_46:0_47:0_48:0_49:0_50:0_51:0_52:0_53:0_54:0_55:0_56:0_57:0_58:0_59:0_60:0_61:0_62:0_63:0_64:0_65:0_66:0_67:0_68:0_69:0_70:0_71:0_72:0_73:0_74:0_75:0_76:0_77:0_78:0_79:0_80:0_81:0_82:0_83:0_84:0_85:0_86:0_87:0_88:0_89:0_90:0_91:0_92:0_93:0_94:0_95:0_96:0_97:0_98:0_99:0_100:0_101:0_102:0_103:0_104:0_105:0_106:0_107:0_108:0_109:0_110:0_111:0_112:0_113:0_114:0_115:0_116:0_117:0_118:0_119:0_120:0_121:0_122:0_123:0_124:0_125:0_126:0_127:0_128:0_129:0_130:0_131:0_132:0_133:0_134:0_135:0_136:0_137:0_138:0_139:0_140:0_141:0_142:0_143:0_144:0_145:0_146:0_147:0_148:0_149:0_150:0_151:0_152:0_153:0_154:0_155:0_156:0_157:0_158:0_159:0_160:0,0:1,0,0,0,0
1270010,,"42761010,42663010",1:0_2:0_3:0_4:0_5:0_6:0_7:0_8:0_9:0_10:0_11:0_12:0_13:0_14:0_15:0_16:0_17:0_18:0_19:0_20:0_21:0_22:0_23:0_24:0_25:0_26:0_27:0_28:0_29:0_30:0_31:0_32:0_33:0_34:0_35:0_36:0_37:0_38:0_39:0_40:0_41:0_42:0_43:0_44:0_45:0_46:0_47:0_48:0_49:0_50:0_51:0_52:0_53:0_54:0_55:0_56:0_57:0_58:0_59:0_60:0_61:0_62:0_63:0_64:0_65:0_66:0_67:0_68:0_69:0_70:0_71:0_72:0_73:0_74:0_75:0_76:0_77:0_78:0_79:0_80:0_81:0_82:0_83:0_84:0_85:0_86:0_87:0_88:0_89:0_90:0_91:0_92:0_93:0_94:0_95:0_96:0_97:0_98:0_99:0_100:0_101:0_102:0_103:0_104:0_105:0_106:0_107:0_108:0_109:0_110:0_111:0_112:0_113:0_114:0_115:0_116:0_117:0_118:0_119:0_120:0_121:0_122:0_123:0_124:0_125:0_126:0_127:0_128:0_129:0_130:0_131:0_132:0_133:0_134:0_135:0_136:0_137:0_138:0_139:0_140:0_141:0_142:0_143:0_144:0_145:0_146:0_147:0_148:0_149:0_150:0_151:0_152:0_153:0_154:0_155:0_156:0_157:0_158:0_159:0_160:0,0:1,0,0,1:0_2:0_3:0_4:0_5:0_6:0_7:0_8:0_9:0_10:0_11:0_12:0_13:0_14:0_15:0_16:0_17:0_18:0_19:0_20:0_21:0_22:0_23:0_24:0_25:0_26:0_27:0_28:0_29:0_30:0_31:0_32:0_33:0_34:0_35:0_36:0_37:0_38:0_39:0_40:0_41:0_42:0_43:0_44:0_45:0_46:0_47:0_48:0_49:0_50:0_51:0_52:0_53:0_54:0_55:0_56:0_57:0_58:0_59:0_60:0_61:0_62:0_63:0_64:0_65:0_66:0_67:0_68:0_69:0_70:0_71:0_72:0_73:0_74:0_75:0_76:0_77:0_78:0_79:0_80:0_81:0_82:0_83:0_84:0_85:0_86:0_87:0_88:0_89:0_90:0_91:0_92:0_93:0_94:0_95:0_96:0_97:0_98:0_99:0_100:0_101:0_102:0_103:0_104:0_105:0_106:0_107:0_108:0_109:0_110:0_111:0_112:0_113:0_114:0_115:0_116:0_117:0_118:0_119:0_120:0_121:0_122:0_123:0_124:0_125:0_126:0_127:0_128:0_129:0_130:0_131:0_132:0_133:0_134:0_135:0_136:0_137:0_138:0_139:0_140:0_141:0_142:0_143:0_144:0_145:0_146:0_147:0_148:0_149:0_150:0_151:0_152:0_153:0_154:0_155:0_156:0_157:0_158:0_159:0_160:0,0:1,0,0,0,0
1280020,,"42761010,42663010",1:0_2:0_3:0_4:0_5:0_6:0_7:0_8:0_9:0_10:0_11:0_12:0_13:0_14:0_15:0_16:0_17:0_18:0_19:0_20:0_21:0_22:0_23:0_24:0_25:0_26:0_27:0_28:0_29:0_30:0_31:0_32:0_33:0_34:0_35:0_36:0_37:0_38:0_39:0_40:0_41:0_42:0_43:0_44:0_45:0_46:0_47:0_48:0_49:0_50:0_51:0_52:0_53:0_54:0_55:0_56:0_57:0_58:0_59:0_60:0_61:0_62:0_63:0_64:0_65:0_66:0_67:0_68:0_69:0_70:0_71:0_72:0_73:0_74:0_75:0_76:0_77:0_78:0_79:0_80:0_81:0_82:0_83:0_84:0_85:0_86:0_87:0_88:0_89:0_90:0_91:0_92:0_93:0_94:0_95:0_96:0_97:0_98:0_99:0_100:0_101:0_102:0_103:0_104:0_105:0_106:0_107:0_108:0_109:0_110:0_111:0_112:0_113:0_114:0_115:0_116:0_117:0_118:0_119:0_120:0_121:0_122:0_123:0_124:0_125:0_126:0_127:0_128:0_129:0_130:0_131:0_132:0_133:0_134:0_135:0_136:0_137:0_138:0_139:0_140:0_141:0_142:0_143:0_144:0_145:0_146:0_147:0_148:0_149:0_150:0_151:0_152:0_153:0_154:0_155:0_156:0_157:0_158:0_159:0_160:0,0:1,0,0,1:0_2:0_3:0_4:0_5:0_6:0_7:0_8:0_9:0_10:0_11:0_12:0_13:0_14:0_15:0_16:0_17:0_18:0_19:0_20:0_21:0_22:0_23:0_24:0_25:0_26:0_27:0_28:0_29:0_30:0_31:0_32:0_33:0_34:0_35:0_36:0_37:0_38:0_39:0_40:0_41:0_42:0_43:0_44:0_45:0_46:0_47:0_48:0_49:0_50:0_51:0_52:0_53:0_54:0_55:0_56:0_57:0_58:0_59:0_60:0_61:0_62:0_63:0_64:0_65:0_66:0_67:0_68:0_69:0_70:0_71:0_72:0_73:0_74:0_75:0_76:0_77:0_78:0_79:0_80:0_81:0_82:0_83:0_84:0_85:0_86:0_87:0_88:0_89:0_90:0_91:0_92:0_93:0_94:0_95:0_96:0_97:0_98:0_99:0_100:0_101:0_102:0_103:0_104:0_105:0_106:0_107:0_108:0_109:0_110:0_111:0_112:0_113:0_114:0_115:0_116:0_117:0_118:0_119:0_120:0_121:0_122:0_123:0_124:0_125:0_126:0_127:0_128:0_129:0_130:0_131:0_132:0_133:0_134:0_135:0_136:0_137:0_138:0_139:0_140:0_141:0_142:0_143:0_144:0_145:0_146:0_147:0_148:0_149:0_150:0_151:0_152:0_153:0_154:0_155:0_156:0_157:0_158:0_159:0_160:0,0:1,0,0,0,0
1280010,,"42761010,42663010",1:0_2:0_3:0_4:0_5:0_6:0_7:0_8:0_9:0_10:0_11:0_12:0_13:0_14:0_15:0_16:0_17:0_18:0_19:0_20:0_21:0_22:0_23:0_24:0_25:0_26:0_27:0_28:0_29:0_30:0_31:0_32:0_33:0_34:0_35:0_36:0_37:0_38:0_39:0_40:0_41:0_42:0_43:0_44:0_45:0_46:0_47:0_48:0_49:0_50:0_51:0_52:0_53:0_54:0_55:0_56:0_57:0_58:0_59:0_60:0_61:0_62:0_63:0_64:0_65:0_66:0_67:0_68:0_69:0_70:0_71:0_72:0_73:0_74:0_75:0_76:0_77:0_78:0_79:0_80:0_81:0_82:0_83:0_84:0_85:0_86:0_87:0_88:0_89:0_90:0_91:0_92:0_93:0_94:0_95:0_96:0_97:0_98:0_99:0_100:0_101:0_102:0_103:0_104:0_105:0_106:0_107:0_108:0_109:0_110:0_111:0_112:0_113:0_114:0_115:0_116:0_117:0_118:0_119:0_120:0_121:0_122:0_123:0_124:0_125:0_126:0_127:0_128:0_129:0_130:0_131:0_132:0_133:0_134:0_135:0_136:0_137:0_138:0_139:0_140:0_141:0_142:0_143:0_144:0_145:0_146:0_147:0_148:0_149:0_150:0_151:0_152:0_153:0_154:0_155:0_156:0_157:0_158:0_159:0_160:0,0:1,0,0,1:0_2:0_3:0_4:0_5:0_6:0_7:0_8:0_9:0_10:0_11:0_12:0_13:0_14:0_15:0_16:0_17:0_18:0_19:0_20:0_21:0_22:0_23:0_24:0_25:0_26:0_27:0_28:0_29:0_30:0_31:0_32:0_33:0_34:0_35:0_36:0_37:0_38:0_39:0_40:0_41:0_42:0_43:0_44:0_45:0_46:0_47:0_48:0_49:0_50:0_51:0_52:0_53:0_54:0_55:0_56:0_57:0_58:0_59:0_60:0_61:0_62:0_63:0_64:0_65:0_66:0_67:0_68:0_69:0_70:0_71:0_72:0_73:0_74:0_75:0_76:0_77:0_78:0_79:0_80:0_81:0_82:0_83:0_84:0_85:0_86:0_87:0_88:0_89:0_90:0_91:0_92:0_93:0_94:0_95:0_96:0_97:0_98:0_99:0_100:0_101:0_102:0_103:0_104:0_105:0_106:0_107:0_108:0_109:0_110:0_111:0_112:0_113:0_114:0_115:0_116:0_117:0_118:0_119:0_120:0_121:0_122:0_123:0_124:0_125:0_126:0_127:0_128:0_129:0_130:0_131:0_132:0_133:0_134:0_135:0_136:0_137:0_138:0_139:0_140:0_141:0_142:0_143:0_144:0_145:0_146:0_147:0_148:0_149:0_150:0_151:0_152:0_153:0_154:0_155:0_156:0_157:0_158:0_159:0_160:0,0:1,0,0,0,0
1290020,,"42761010,42663010",1:0_2:0_3:0_4:0_5:0_6:0_7:0_8:0_9:0_10:0_11:0_12:0_13:0_14:0_15:0_16:0_17:0_18:0_19:0_20:0_21:0_22:0_23:0_24:0_25:0_26:0_27:0_28:0_29:0_30:0_31:0_32:0_33:0_34:0_35:0_36:0_37:0_38:0_39:0_40:0_41:0_42:0_43:0_44:0_45:0_46:0_47:0_48:0_49:0_50:0_51:0_52:0_53:0_54:0_55:0_56:0_57:0_58:0_59:0_60:0_61:0_62:0_63:0_64:0_65:0_66:0_67:0_68:0_69:0_70:0_71:0_72:0_73:0_74:0_75:0_76:0_77:0_78:0_79:0_80:0_81:0_82:0_83:0_84:0_85:0_86:0_87:0_88:0_89:0_90:0_91:0_92:0_93:0_94:0_95:0_96:0_97:0_98:0_99:0_100:0_101:0_102:0_103:0_104:0_105:0_106:0_107:0_108:0_109:0_110:0_111:0_112:0_113:0_114:0_115:0_116:0_117:0_118:0_119:0_120:0_121:0_122:0_123:0_124:0_125:0_126:0_127:0_128:0_129:0_130:0_131:0_132:0_133:0_134:0_135:0_136:0_137:0_138:0_139:0_140:0_141:0_142:0_143:0_144:0_145:0_146:0_147:0_148:0_149:0_150:0_151:0_152:0_153:0_154:0_155:0_156:0_157:0_158:0_159:0_160:0,0:1,0,0,1:0_2:0_3:0_4:0_5:0_6:0_7:0_8:0_9:0_10:0_11:0_12:0_13:0_14:0_15:0_16:0_17:0_18:0_19:0_20:0_21:0_22:0_23:0_24:0_25:0_26:0_27:0_28:0_29:0_30:0_31:0_32:0_33:0_34:0_35:0_36:0_37:0_38:0_39:0_40:0_41:0_42:0_43:0_44:0_45:0_46:0_47:0_48:0_49:0_50:0_51:0_52:0_53:0_54:0_55:0_56:0_57:0_58:0_59:0_60:0_61:0_62:0_63:0_64:0_65:0_66:0_67:0_68:0_69:0_70:0_71:0_72:0_73:0_74:0_75:0_76:0_77:0_78:0_79:0_80:0_81:0_82:0_83:0_84:0_85:0_86:0_87:0_88:0_89:0_90:0_91:0_92:0_93:0_94:0_95:0_96:0_97:0_98:0_99:0_100:0_101:0_102:0_103:0_104:0_105:0_106:0_107:0_108:0_109:0_110:0_111:0_112:0_113:0_114:0_115:0_116:0_117:0_118:0_119:0_120:0_121:0_122:0_123:0_124:0_125:0_126:0_127:0_128:0_129:0_130:0_131:0_132:0_133:0_134:0_135:0_136:0_137:0_138:0_139:0_140:0_141:0_142:0_143:0_144:0_145:0_146:0_147:0_148:0_149:0_150:0_151:0_152:0_153:0_154:0_155:0_156:0_157:0_158:0_159:0_160:0,0:1,0,0,0,0
1290010,,"42761010,42663010",1:0_2:0_3:0_4:0_5:0_6:0_7:0_8:0_9:0_10:0_11:0_12:0_13:0_14:0_15:0_16:0_17:0_18:0_19:0_20:0_21:0_22:0_23:0_24:0_25:0_26:0_27:0_28:0_29:0_30:0_31:0_32:0_33:0_34:0_35:0_36:0_37:0_38:0_39:0_40:0_41:0_42:0_43:0_44:0_45:0_46:0_47:0_48:0_49:0_50:0_51:0_52:0_53:0_54:0_55:0_56:0_57:0_58:0_59:0_60:0_61:0_62:0_63:0_64:0_65:0_66:0_67:0_68:0_69:0_70:0_71:0_72:0_73:0_74:0_75:0_76:0_77:0_78:0_79:0_80:0_81:0_82:0_83:0_84:0_85:0_86:0_87:0_88:0_89:0_90:0_91:0_92:0_93:0_94:0_95:0_96:0_97:0_98:0_99:0_100:0_101:0_102:0_103:0_104:0_105:0_106:0_107:0_108:0_109:0_110:0_111:0_112:0_113:0_114:0_115:0_116:0_117:0_118:0_119:0_120:0_121:0_122:0_123:0_124:0_125:0_126:0_127:0_128:0_129:0_130:0_131:0_132:0_133:0_134:0_135:0_136:0_137:0_138:0_139:0_140:0_141:0_142:0_143:0_144:0_145:0_146:0_147:0_148:0_149:0_150:0_151:0_152:0_153:0_154:0_155:0_156:0_157:0_158:0_159:0_160:0,0:1,0,0,1:0_2:0_3:0_4:0_5:0_6:0_7:0_8:0_9:0_10:0_11:0_12:0_13:0_14:0_15:0_16:0_17:0_18:0_19:0_20:0_21:0_22:0_23:0_24:0_25:0_26:0_27:0_28:0_29:0_30:0_31:0_32:0_33:0_34:0_35:0_36:0_37:0_38:0_39:0_40:0_41:0_42:0_43:0_44:0_45:0_46:0_47:0_48:0_49:0_50:0_51:0_52:0_53:0_54:0_55:0_56:0_57:0_58:0_59:0_60:0_61:0_62:0_63:0_64:0_65:0_66:0_67:0_68:0_69:0_70:0_71:0_72:0_73:0_74:0_75:0_76:0_77:0_78:0_79:0_80:0_81:0_82:0_83:0_84:0_85:0_86:0_87:0_88:0_89:0_90:0_91:0_92:0_93:0_94:0_95:0_96:0_97:0_98:0_99:0_100:0_101:0_102:0_103:0_104:0_105:0_106:0_107:0_108:0_109:0_110:0_111:0_112:0_113:0_114:0_115:0_116:0_117:0_118:0_119:0_120:0_121:0_122:0_123:0_124:0_125:0_126:0_127:0_128:0_129:0_130:0_131:0_132:0_133:0_134:0_135:0_136:0_137:0_138:0_139:0_140:0_141:0_142:0_143:0_144:0_145:0_146:0_147:0_148:0_149:0_150:0_151:0_152:0_153:0_154:0_155:0_156:0_157:0_158:0_159:0_160:0,0:1,0,0,0,0
1300020,,"42761010,42663010",1:0_2:0_3:0_4:0_5:0_6:0_7:0_8:0_9:0_10:0_11:0_12:0_13:0_14:0_15:0_16:0_17:0_18:0_19:0_20:0_21:0_22:0_23:0_24:0_25:0_26:0_27:0_28:0_29:0_30:0_31:0_32:0_33:0_34:0_35:0_36:0_37:0_38:0_39:0_40:0_41:0_42:0_43:0_44:0_45:0_46:0_47:0_48:0_49:0_50:0_51:0_52:0_53:0_54:0_55:0_56:0_57:0_58:0_59:0_60:0_61:0_62:0_63:0_64:0_65:0_66:0_67:0_68:0_69:0_70:0_71:0_72:0_73:0_74:0_75:0_76:0_77:0_78:0_79:0_80:0_81:0_82:0_83:0_84:0_85:0_86:0_87:0_88:0_89:0_90:0_91:0_92:0_93:0_94:0_95:0_96:0_97:0_98:0_99:0_100:0_101:0_102:0_103:0_104:0_105:0_106:0_107:0_108:0_109:0_110:0_111:0_112:0_113:0_114:0_115:0_116:0_117:0_118:0_119:0_120:0_121:0_122:0_123:0_124:0_125:0_126:0_127:0_128:0_129:0_130:0_131:0_132:0_133:0_134:0_135:0_136:0_137:0_138:0_139:0_140:0_141:0_142:0_143:0_144:0_145:0_146:0_147:0_148:0_149:0_150:0_151:0_152:0_153:0_154:0_155:0_156:0_157:0_158:0_159:0_160:0,0:1,0,0,1:0_2:0_3:0_4:0_5:0_6:0_7:0_8:0_9:0_10:0_11:0_12:0_13:0_14:0_15:0_16:0_17:0_18:0_19:0_20:0_21:0_22:0_23:0_24:0_25:0_26:0_27:0_28:0_29:0_30:0_31:0_32:0_33:0_34:0_35:0_36:0_37:0_38:0_39:0_40:0_41:0_42:0_43:0_44:0_45:0_46:0_47:0_48:0_49:0_50:0_51:0_52:0_53:0_54:0_55:0_56:0_57:0_58:0_59:0_60:0_61:0_62:0_63:0_64:0_65:0_66:0_67:0_68:0_69:0_70:0_71:0_72:0_73:0_74:0_75:0_76:0_77:0_78:0_79:0_80:0_81:0_82:0_83:0_84:0_85:0_86:0_87:0_88:0_89:0_90:0_91:0_92:0_93:0_94:0_95:0_96:0_97:0_98:0_99:0_100:0_101:0_102:0_103:0_104:0_105:0_106:0_107:0_108:0_109:0_110:0_111:0_112:0_113:0_114:0_115:0_116:0_117:0_118:0_119:0_120:0_121:0_122:0_123:0_124:0_125:0_126:0_127:0_128:0_129:0_130:0_131:0_132:0_133:0_134:0_135:0_136:0_137:0_138:0_139:0_140:0_141:0_142:0_143:0_144:0_145:0_146:0_147:0_148:0_149:0_150:0_151:0_152:0_153:0_154:0_155:0_156:0_157:0_158:0_159:0_160:0,0:1,0,0,0,0
1300010,,"42761010,42663010",1:0_2:0_3:0_4:0_5:0_6:0_7:0_8:0_9:0_10:0_11:0_12:0_13:0_14:0_15:0_16:0_17:0_18:0_19:0_20:0_21:0_22:0_23:0_24:0_25:0_26:0_27:0_28:0_29:0_30:0_31:0_32:0_33:0_34:0_35:0_36:0_37:0_38:0_39:0_40:0_41:0_42:0_43:0_44:0_45:0_46:0_47:0_48:0_49:0_50:0_51:0_52:0_53:0_54:0_55:0_56:0_57:0_58:0_59:0_60:0_61:0_62:0_63:0_64:0_65:0_66:0_67:0_68:0_69:0_70:0_71:0_72:0_73:0_74:0_75:0_76:0_77:0_78:0_79:0_80:0_81:0_82:0_83:0_84:0_85:0_86:0_87:0_88:0_89:0_90:0_91:0_92:0_93:0_94:0_95:0_96:0_97:0_98:0_99:0_100:0_101:0_102:0_103:0_104:0_105:0_106:0_107:0_108:0_109:0_110:0_111:0_112:0_113:0_114:0_115:0_116:0_117:0_118:0_119:0_120:0_121:0_122:0_123:0_124:0_125:0_126:0_127:0_128:0_129:0_130:0_131:0_132:0_133:0_134:0_135:0_136:0_137:0_138:0_139:0_140:0_141:0_142:0_143:0_144:0_145:0_146:0_147:0_148:0_149:0_150:0_151:0_152:0_153:0_154:0_155:0_156:0_157:0_158:0_159:0_160:0,0:1,0,0,1:0_2:0_3:0_4:0_5:0_6:0_7:0_8:0_9:0_10:0_11:0_12:0_13:0_14:0_15:0_16:0_17:0_18:0_19:0_20:0_21:0_22:0_23:0_24:0_25:0_26:0_27:0_28:0_29:0_30:0_31:0_32:0_33:0_34:0_35:0_36:0_37:0_38:0_39:0_40:0_41:0_42:0_43:0_44:0_45:0_46:0_47:0_48:0_49:0_50:0_51:0_52:0_53:0_54:0_55:0_56:0_57:0_58:0_59:0_60:0_61:0_62:0_63:0_64:0_65:0_66:0_67:0_68:0_69:0_70:0_71:0_72:0_73:0_74:0_75:0_76:0_77:0_78:0_79:0_80:0_81:0_82:0_83:0_84:0_85:0_86:0_87:0_88:0_89:0_90:0_91:0_92:0_93:0_94:0_95:0_96:0_97:0_98:0_99:0_100:0_101:0_102:0_103:0_104:0_105:0_106:0_107:0_108:0_109:0_110:0_111:0_112:0_113:0_114:0_115:0_116:0_117:0_118:0_119:0_120:0_121:0_122:0_123:0_124:0_125:0_126:0_127:0_128:0_129:0_130:0_131:0_132:0_133:0_134:0_135:0_136:0_137:0_138:0_139:0_140:0_141:0_142:0_143:0_144:0_145:0_146:0_147:0_148:0_149:0_150:0_151:0_152:0_153:0_154:0_155:0_156:0_157:0_158:0_159:0_160:0,0:1,0,0,0,0
1310020,,"42761010,42663010",1:0_2:0_3:0_4:0_5:0_6:0_7:0_8:0_9:0_10:0_11:0_12:0_13:0_14:0_15:0_16:0_17:0_18:0_19:0_20:0_21:0_22:0_23:0_24:0_25:0_26:0_27:0_28:0_29:0_30:0_31:0_32:0_33:0_34:0_35:0_36:0_37:0_38:0_39:0_40:0_41:0_42:0_43:0_44:0_45:0_46:0_47:0_48:0_49:0_50:0_51:0_52:0_53:0_54:0_55:0_56:0_57:0_58:0_59:0_60:0_61:0_62:0_63:0_64:0_65:0_66:0_67:0_68:0_69:0_70:0_71:0_72:0_73:0_74:0_75:0_76:0_77:0_78:0_79:0_80:0_81:0_82:0_83:0_84:0_85:0_86:0_87:0_88:0_89:0_90:0_91:0_92:0_93:0_94:0_95:0_96:0_97:0_98:0_99:0_100:0_101:0_102:0_103:0_104:0_105:0_106:0_107:0_108:0_109:0_110:0_111:0_112:0_113:0_114:0_115:0_116:0_117:0_118:0_119:0_120:0_121:0_122:0_123:0_124:0_125:0_126:0_127:0_128:0_129:0_130:0_131:0_132:0_133:0_134:0_135:0_136:0_137:0_138:0_139:0_140:0_141:0_142:0_143:0_144:0_145:0_146:0_147:0_148:0_149:0_150:0_151:0_152:0_153:0_154:0_155:0_156:0_157:0_158:0_159:0_160:0,0:1,0,0,1:0_2:0_3:0_4:0_5:0_6:0_7:0_8:0_9:0_10:0_11:0_12:0_13:0_14:0_15:0_16:0_17:0_18:0_19:0_20:0_21:0_22:0_23:0_24:0_25:0_26:0_27:0_28:0_29:0_30:0_31:0_32:0_33:0_34:0_35:0_36:0_37:0_38:0_39:0_40:0_41:0_42:0_43:0_44:0_45:0_46:0_47:0_48:0_49:0_50:0_51:0_52:0_53:0_54:0_55:0_56:0_57:0_58:0_59:0_60:0_61:0_62:0_63:0_64:0_65:0_66:0_67:0_68:0_69:0_70:0_71:0_72:0_73:0_74:0_75:0_76:0_77:0_78:0_79:0_80:0_81:0_82:0_83:0_84:0_85:0_86:0_87:0_88:0_89:0_90:0_91:0_92:0_93:0_94:0_95:0_96:0_97:0_98:0_99:0_100:0_101:0_102:0_103:0_104:0_105:0_106:0_107:0_108:0_109:0_110:0_111:0_112:0_113:0_114:0_115:0_116:0_117:0_118:0_119:0_120:0_121:0_122:0_123:0_124:0_125:0_126:0_127:0_128:0_129:0_130:0_131:0_132:0_133:0_134:0_135:0_136:0_137:0_138:0_139:0_140:0_141:0_142:0_143:0_144:0_145:0_146:0_147:0_148:0_149:0_150:0_151:0_152:0_153:0_154:0_155:0_156:0_157:0_158:0_159:0_160:0,0:1,0,0,0,0
1310010,,"42761010,42663010",1:0_2:0_3:0_4:0_5:0_6:0_7:0_8:0_9:0_10:0_11:0_12:0_13:0_14:0_15:0_16:0_17:0_18:0_19:0_20:0_21:0_22:0_23:0_24:0_25:0_26:0_27:0_28:0_29:0_30:0_31:0_32:0_33:0_34:0_35:0_36:0_37:0_38:0_39:0_40:0_41:0_42:0_43:0_44:0_45:0_46:0_47:0_48:0_49:0_50:0_51:0_52:0_53:0_54:0_55:0_56:0_57:0_58:0_59:0_60:0_61:0_62:0_63:0_64:0_65:0_66:0_67:0_68:0_69:0_70:0_71:0_72:0_73:0_74:0_75:0_76:0_77:0_78:0_79:0_80:0_81:0_82:0_83:0_84:0_85:0_86:0_87:0_88:0_89:0_90:0_91:0_92:0_93:0_94:0_95:0_96:0_97:0_98:0_99:0_100:0_101:0_102:0_103:0_104:0_105:0_106:0_107:0_108:0_109:0_110:0_111:0_112:0_113:0_114:0_115:0_116:0_117:0_118:0_119:0_120:0_121:0_122:0_123:0_124:0_125:0_126:0_127:0_128:0_129:0_130:0_131:0_132:0_133:0_134:0_135:0_136:0_137:0_138:0_139:0_140:0_141:0_142:0_143:0_144:0_145:0_146:0_147:0_148:0_149:0_150:0_151:0_152:0_153:0_154:0_155:0_156:0_157:0_158:0_159:0_160:0,0:1,0,0,1:0_2:0_3:0_4:0_5:0_6:0_7:0_8:0_9:0_10:0_11:0_12:0_13:0_14:0_15:0_16:0_17:0_18:0_19:0_20:0_21:0_22:0_23:0_24:0_25:0_26:0_27:0_28:0_29:0_30:0_31:0_32:0_33:0_34:0_35:0_36:0_37:0_38:0_39:0_40:0_41:0_42:0_43:0_44:0_45:0_46:0_47:0_48:0_49:0_50:0_51:0_52:0_53:0_54:0_55:0_56:0_57:0_58:0_59:0_60:0_61:0_62:0_63:0_64:0_65:0_66:0_67:0_68:0_69:0_70:0_71:0_72:0_73:0_74:0_75:0_76:0_77:0_78:0_79:0_80:0_81:0_82:0_83:0_84:0_85:0_86:0_87:0_88:0_89:0_90:0_91:0_92:0_93:0_94:0_95:0_96:0_97:0_98:0_99:0_100:0_101:0_102:0_103:0_104:0_105:0_106:0_107:0_108:0_109:0_110:0_111:0_112:0_113:0_114:0_115:0_116:0_117:0_118:0_119:0_120:0_121:0_122:0_123:0_124:0_125:0_126:0_127:0_128:0_129:0_130:0_131:0_132:0_133:0_134:0_135:0_136:0_137:0_138:0_139:0_140:0_141:0_142:0_143:0_144:0_145:0_146:0_147:0_148:0_149:0_150:0_151:0_152:0_153:0_154:0_155:0_156:0_157:0_158:0_159:0_160:0,0:1,0,0,0,0
1320020,,"42761010,42663010",1:0_2:0_3:0_4:0_5:0_6:0_7:0_8:0_9:0_10:0_11:0_12:0_13:0_14:0_15:0_16:0_17:0_18:0_19:0_20:0_21:0_22:0_23:0_24:0_25:0_26:0_27:0_28:0_29:0_30:0_31:0_32:0_33:0_34:0_35:0_36:0_37:0_38:0_39:0_40:0_41:0_42:0_43:0_44:0_45:0_46:0_47:0_48:0_49:0_50:0_51:0_52:0_53:0_54:0_55:0_56:0_57:0_58:0_59:0_60:0_61:0_62:0_63:0_64:0_65:0_66:0_67:0_68:0_69:0_70:0_71:0_72:0_73:0_74:0_75:0_76:0_77:0_78:0_79:0_80:0_81:0_82:0_83:0_84:0_85:0_86:0_87:0_88:0_89:0_90:0_91:0_92:0_93:0_94:0_95:0_96:0_97:0_98:0_99:0_100:0_101:0_102:0_103:0_104:0_105:0_106:0_107:0_108:0_109:0_110:0_111:0_112:0_113:0_114:0_115:0_116:0_117:0_118:0_119:0_120:0_121:0_122:0_123:0_124:0_125:0_126:0_127:0_128:0_129:0_130:0_131:0_132:0_133:0_134:0_135:0_136:0_137:0_138:0_139:0_140:0_141:0_142:0_143:0_144:0_145:0_146:0_147:0_148:0_149:0_150:0_151:0_152:0_153:0_154:0_155:0_156:0_157:0_158:0_159:0_160:0,0:1,0,0,1:0_2:0_3:0_4:0_5:0_6:0_7:0_8:0_9:0_10:0_11:0_12:0_13:0_14:0_15:0_16:0_17:0_18:0_19:0_20:0_21:0_22:0_23:0_24:0_25:0_26:0_27:0_28:0_29:0_30:0_31:0_32:0_33:0_34:0_35:0_36:0_37:0_38:0_39:0_40:0_41:0_42:0_43:0_44:0_45:0_46:0_47:0_48:0_49:0_50:0_51:0_52:0_53:0_54:0_55:0_56:0_57:0_58:0_59:0_60:0_61:0_62:0_63:0_64:0_65:0_66:0_67:0_68:0_69:0_70:0_71:0_72:0_73:0_74:0_75:0_76:0_77:0_78:0_79:0_80:0_81:0_82:0_83:0_84:0_85:0_86:0_87:0_88:0_89:0_90:0_91:0_92:0_93:0_94:0_95:0_96:0_97:0_98:0_99:0_100:0_101:0_102:0_103:0_104:0_105:0_106:0_107:0_108:0_109:0_110:0_111:0_112:0_113:0_114:0_115:0_116:0_117:0_118:0_119:0_120:0_121:0_122:0_123:0_124:0_125:0_126:0_127:0_128:0_129:0_130:0_131:0_132:0_133:0_134:0_135:0_136:0_137:0_138:0_139:0_140:0_141:0_142:0_143:0_144:0_145:0_146:0_147:0_148:0_149:0_150:0_151:0_152:0_153:0_154:0_155:0_156:0_157:0_158:0_159:0_160:0,0:1,0,0,0,0
1320010,,"42761010,42663010",1:0_2:0_3:0_4:0_5:0_6:0_7:0_8:0_9:0_10:0_11:0_12:0_13:0_14:0_15:0_16:0_17:0_18:0_19:0_20:0_21:0_22:0_23:0_24:0_25:0_26:0_27:0_28:0_29:0_30:0_31:0_32:0_33:0_34:0_35:0_36:0_37:0_38:0_39:0_40:0_41:0_42:0_43:0_44:0_45:0_46:0_47:0_48:0_49:0_50:0_51:0_52:0_53:0_54:0_55:0_56:0_57:0_58:0_59:0_60:0_61:0_62:0_63:0_64:0_65:0_66:0_67:0_68:0_69:0_70:0_71:0_72:0_73:0_74:0_75:0_76:0_77:0_78:0_79:0_80:0_81:0_82:0_83:0_84:0_85:0_86:0_87:0_88:0_89:0_90:0_91:0_92:0_93:0_94:0_95:0_96:0_97:0_98:0_99:0_100:0_101:0_102:0_103:0_104:0_105:0_106:0_107:0_108:0_109:0_110:0_111:0_112:0_113:0_114:0_115:0_116:0_117:0_118:0_119:0_120:0_121:0_122:0_123:0_124:0_125:0_126:0_127:0_128:0_129:0_130:0_131:0_132:0_133:0_134:0_135:0_136:0_137:0_138:0_139:0_140:0_141:0_142:0_143:0_144:0_145:0_146:0_147:0_148:0_149:0_150:0_151:0_152:0_153:0_154:0_155:0_156:0_157:0_158:0_159:0_160:0,0:1,0,0,1:0_2:0_3:0_4:0_5:0_6:0_7:0_8:0_9:0_10:0_11:0_12:0_13:0_14:0_15:0_16:0_17:0_18:0_19:0_20:0_21:0_22:0_23:0_24:0_25:0_26:0_27:0_28:0_29:0_30:0_31:0_32:0_33:0_34:0_35:0_36:0_37:0_38:0_39:0_40:0_41:0_42:0_43:0_44:0_45:0_46:0_47:0_48:0_49:0_50:0_51:0_52:0_53:0_54:0_55:0_56:0_57:0_58:0_59:0_60:0_61:0_62:0_63:0_64:0_65:0_66:0_67:0_68:0_69:0_70:0_71:0_72:0_73:0_74:0_75:0_76:0_77:0_78:0_79:0_80:0_81:0_82:0_83:0_84:0_85:0_86:0_87:0_88:0_89:0_90:0_91:0_92:0_93:0_94:0_95:0_96:0_97:0_98:0_99:0_100:0_101:0_102:0_103:0_104:0_105:0_106:0_107:0_108:0_109:0_110:0_111:0_112:0_113:0_114:0_115:0_116:0_117:0_118:0_119:0_120:0_121:0_122:0_123:0_124:0_125:0_126:0_127:0_128:0_129:0_130:0_131:0_132:0_133:0_134:0_135:0_136:0_137:0_138:0_139:0_140:0_141:0_142:0_143:0_144:0_145:0_146:0_147:0_148:0_149:0_150:0_151:0_152:0_153:0_154:0_155:0_156:0_157:0_158:0_159:0_160:0,0:1,0,0,0,0
1330020,,"42761010,42663010",1:0_2:0_3:0_4:0_5:0_6:0_7:0_8:0_9:0_10:0_11:0_12:0_13:0_14:0_15:0_16:0_17:0_18:0_19:0_20:0_21:0_22:0_23:0_24:0_25:0_26:0_27:0_28:0_29:0_30:0_31:0_32:0_33:0_34:0_35:0_36:0_37:0_38:0_39:0_40:0_41:0_42:0_43:0_44:0_45:0_46:0_47:0_48:0_49:0_50:0_51:0_52:0_53:0_54:0_55:0_56:0_57:0_58:0_59:0_60:0_61:0_62:0_63:0_64:0_65:0_66:0_67:0_68:0_69:0_70:0_71:0_72:0_73:0_74:0_75:0_76:0_77:0_78:0_79:0_80:0_81:0_82:0_83:0_84:0_85:0_86:0_87:0_88:0_89:0_90:0_91:0_92:0_93:0_94:0_95:0_96:0_97:0_98:0_99:0_100:0_101:0_102:0_103:0_104:0_105:0_106:0_107:0_108:0_109:0_110:0_111:0_112:0_113:0_114:0_115:0_116:0_117:0_118:0_119:0_120:0_121:0_122:0_123:0_124:0_125:0_126:0_127:0_128:0_129:0_130:0_131:0_132:0_133:0_134:0_135:0_136:0_137:0_138:0_139:0_140:0_141:0_142:0_143:0_144:0_145:0_146:0_147:0_148:0_149:0_150:0_151:0_152:0_153:0_154:0_155:0_156:0_157:0_158:0_159:0_160:0,0:1,0,0,1:0_2:0_3:0_4:0_5:0_6:0_7:0_8:0_9:0_10:0_11:0_12:0_13:0_14:0_15:0_16:0_17:0_18:0_19:0_20:0_21:0_22:0_23:0_24:0_25:0_26:0_27:0_28:0_29:0_30:0_31:0_32:0_33:0_34:0_35:0_36:0_37:0_38:0_39:0_40:0_41:0_42:0_43:0_44:0_45:0_46:0_47:0_48:0_49:0_50:0_51:0_52:0_53:0_54:0_55:0_56:0_57:0_58:0_59:0_60:0_61:0_62:0_63:0_64:0_65:0_66:0_67:0_68:0_69:0_70:0_71:0_72:0_73:0_74:0_75:0_76:0_77:0_78:0_79:0_80:0_81:0_82:0_83:0_84:0_85:0_86:0_87:0_88:0_89:0_90:0_91:0_92:0_93:0_94:0_95:0_96:0_97:0_98:0_99:0_100:0_101:0_102:0_103:0_104:0_105:0_106:0_107:0_108:0_109:0_110:0_111:0_112:0_113:0_114:0_115:0_116:0_117:0_118:0_119:0_120:0_121:0_122:0_123:0_124:0_125:0_126:0_127:0_128:0_129:0_130:0_131:0_132:0_133:0_134:0_135:0_136:0_137:0_138:0_139:0_140:0_141:0_142:0_143:0_144:0_145:0_146:0_147:0_148:0_149:0_150:0_151:0_152:0_153:0_154:0_155:0_156:0_157:0_158:0_159:0_160:0,0:1,0,0,0,0
1330010,,"42761010,42663010",1:0_2:0_3:0_4:0_5:0_6:0_7:0_8:0_9:0_10:0_11:0_12:0_13:0_14:0_15:0_16:0_17:0_18:0_19:0_20:0_21:0_22:0_23:0_24:0_25:0_26:0_27:0_28:0_29:0_30:0_31:0_32:0_33:0_34:0_35:0_36:0_37:0_38:0_39:0_40:0_41:0_42:0_43:0_44:0_45:0_46:0_47:0_48:0_49:0_50:0_51:0_52:0_53:0_54:0_55:0_56:0_57:0_58:0_59:0_60:0_61:0_62:0_63:0_64:0_65:0_66:0_67:0_68:0_69:0_70:0_71:0_72:0_73:0_74:0_75:0_76:0_77:0_78:0_79:0_80:0_81:0_82:0_83:0_84:0_85:0_86:0_87:0_88:0_89:0_90:0_91:0_92:0_93:0_94:0_95:0_96:0_97:0_98:0_99:0_100:0_101:0_102:0_103:0_104:0_105:0_106:0_107:0_108:0_109:0_110:0_111:0_112:0_113:0_114:0_115:0_116:0_117:0_118:0_119:0_120:0_121:0_122:0_123:0_124:0_125:0_126:0_127:0_128:0_129:0_130:0_131:0_132:0_133:0_134:0_135:0_136:0_137:0_138:0_139:0_140:0_141:0_142:0_143:0_144:0_145:0_146:0_147:0_148:0_149:0_150:0_151:0_152:0_153:0_154:0_155:0_156:0_157:0_158:0_159:0_160:0,0:1,0,0,1:0_2:0_3:0_4:0_5:0_6:0_7:0_8:0_9:0_10:0_11:0_12:0_13:0_14:0_15:0_16:0_17:0_18:0_19:0_20:0_21:0_22:0_23:0_24:0_25:0_26:0_27:0_28:0_29:0_30:0_31:0_32:0_33:0_34:0_35:0_36:0_37:0_38:0_39:0_40:0_41:0_42:0_43:0_44:0_45:0_46:0_47:0_48:0_49:0_50:0_51:0_52:0_53:0_54:0_55:0_56:0_57:0_58:0_59:0_60:0_61:0_62:0_63:0_64:0_65:0_66:0_67:0_68:0_69:0_70:0_71:0_72:0_73:0_74:0_75:0_76:0_77:0_78:0_79:0_80:0_81:0_82:0_83:0_84:0_85:0_86:0_87:0_88:0_89:0_90:0_91:0_92:0_93:0_94:0_95:0_96:0_97:0_98:0_99:0_100:0_101:0_102:0_103:0_104:0_105:0_106:0_107:0_108:0_109:0_110:0_111:0_112:0_113:0_114:0_115:0_116:0_117:0_118:0_119:0_120:0_121:0_122:0_123:0_124:0_125:0_126:0_127:0_128:0_129:0_130:0_131:0_132:0_133:0_134:0_135:0_136:0_137:0_138:0_139:0_140:0_141:0_142:0_143:0_144:0_145:0_146:0_147:0_148:0_149:0_150:0_151:0_152:0_153:0_154:0_155:0_156:0_157:0_158:0_159:0_160:0,0:1,0,0,0,0
1340020,,"42761010,42663010",1:0_2:0_3:0_4:0_5:0_6:0_7:0_8:0_9:0_10:0_11:0_12:0_13:0_14:0_15:0_16:0_17:0_18:0_19:0_20:0_21:0_22:0_23:0_24:0_25:0_26:0_27:0_28:0_29:0_30:0_31:0_32:0_33:0_34:0_35:0_36:0_37:0_38:0_39:0_40:0_41:0_42:0_43:0_44:0_45:0_46:0_47:0_48:0_49:0_50:0_51:0_52:0_53:0_54:0_55:0_56:0_57:0_58:0_59:0_60:0_61:0_62:0_63:0_64:0_65:0_66:0_67:0_68:0_69:0_70:0_71:0_72:0_73:0_74:0_75:0_76:0_77:0_78:0_79:0_80:0_81:0_82:0_83:0_84:0_85:0_86:0_87:0_88:0_89:0_90:0_91:0_92:0_93:0_94:0_95:0_96:0_97:0_98:0_99:0_100:0_101:0_102:0_103:0_104:0_105:0_106:0_107:0_108:0_109:0_110:0_111:0_112:0_113:0_114:0_115:0_116:0_117:0_118:0_119:0_120:0_121:0_122:0_123:0_124:0_125:0_126:0_127:0_128:0_129:0_130:0_131:0_132:0_133:0_134:0_135:0_136:0_137:0_138:0_139:0_140:0_141:0_142:0_143:0_144:0_145:0_146:0_147:0_148:0_149:0_150:0_151:0_152:0_153:0_154:0_155:0_156:0_157:0_158:0_159:0_160:0,0:1,0,0,1:0_2:0_3:0_4:0_5:0_6:0_7:0_8:0_9:0_10:0_11:0_12:0_13:0_14:0_15:0_16:0_17:0_18:0_19:0_20:0_21:0_22:0_23:0_24:0_25:0_26:0_27:0_28:0_29:0_30:0_31:0_32:0_33:0_34:0_35:0_36:0_37:0_38:0_39:0_40:0_41:0_42:0_43:0_44:0_45:0_46:0_47:0_48:0_49:0_50:0_51:0_52:0_53:0_54:0_55:0_56:0_57:0_58:0_59:0_60:0_61:0_62:0_63:0_64:0_65:0_66:0_67:0_68:0_69:0_70:0_71:0_72:0_73:0_74:0_75:0_76:0_77:0_78:0_79:0_80:0_81:0_82:0_83:0_84:0_85:0_86:0_87:0_88:0_89:0_90:0_91:0_92:0_93:0_94:0_95:0_96:0_97:0_98:0_99:0_100:0_101:0_102:0_103:0_104:0_105:0_106:0_107:0_108:0_109:0_110:0_111:0_112:0_113:0_114:0_115:0_116:0_117:0_118:0_119:0_120:0_121:0_122:0_123:0_124:0_125:0_126:0_127:0_128:0_129:0_130:0_131:0_132:0_133:0_134:0_135:0_136:0_137:0_138:0_139:0_140:0_141:0_142:0_143:0_144:0_145:0_146:0_147:0_148:0_149:0_150:0_151:0_152:0_153:0_154:0_155:0_156:0_157:0_158:0_159:0_160:0,0:1,0,0,0,0
1340010,,"42761010,42663010",1:0_2:0_3:0_4:0_5:0_6:0_7:0_8:0_9:0_10:0_11:0_12:0_13:0_14:0_15:0_16:0_17:0_18:0_19:0_20:0_21:0_22:0_23:0_24:0_25:0_26:0_27:0_28:0_29:0_30:0_31:0_32:0_33:0_34:0_35:0_36:0_37:0_38:0_39:0_40:0_41:0_42:0_43:0_44:0_45:0_46:0_47:0_48:0_49:0_50:0_51:0_52:0_53:0_54:0_55:0_56:0_57:0_58:0_59:0_60:0_61:0_62:0_63:0_64:0_65:0_66:0_67:0_68:0_69:0_70:0_71:0_72:0_73:0_74:0_75:0_76:0_77:0_78:0_79:0_80:0_81:0_82:0_83:0_84:0_85:0_86:0_87:0_88:0_89:0_90:0_91:0_92:0_93:0_94:0_95:0_96:0_97:0_98:0_99:0_100:0_101:0_102:0_103:0_104:0_105:0_106:0_107:0_108:0_109:0_110:0_111:0_112:0_113:0_114:0_115:0_116:0_117:0_118:0_119:0_120:0_121:0_122:0_123:0_124:0_125:0_126:0_127:0_128:0_129:0_130:0_131:0_132:0_133:0_134:0_135:0_136:0_137:0_138:0_139:0_140:0_141:0_142:0_143:0_144:0_145:0_146:0_147:0_148:0_149:0_150:0_151:0_152:0_153:0_154:0_155:0_156:0_157:0_158:0_159:0_160:0,0:1,0,0,1:0_2:0_3:0_4:0_5:0_6:0_7:0_8:0_9:0_10:0_11:0_12:0_13:0_14:0_15:0_16:0_17:0_18:0_19:0_20:0_21:0_22:0_23:0_24:0_25:0_26:0_27:0_28:0_29:0_30:0_31:0_32:0_33:0_34:0_35:0_36:0_37:0_38:0_39:0_40:0_41:0_42:0_43:0_44:0_45:0_46:0_47:0_48:0_49:0_50:0_51:0_52:0_53:0_54:0_55:0_56:0_57:0_58:0_59:0_60:0_61:0_62:0_63:0_64:0_65:0_66:0_67:0_68:0_69:0_70:0_71:0_72:0_73:0_74:0_75:0_76:0_77:0_78:0_79:0_80:0_81:0_82:0_83:0_84:0_85:0_86:0_87:0_88:0_89:0_90:0_91:0_92:0_93:0_94:0_95:0_96:0_97:0_98:0_99:0_100:0_101:0_102:0_103:0_104:0_105:0_106:0_107:0_108:0_109:0_110:0_111:0_112:0_113:0_114:0_115:0_116:0_117:0_118:0_119:0_120:0_121:0_122:0_123:0_124:0_125:0_126:0_127:0_128:0_129:0_130:0_131:0_132:0_133:0_134:0_135:0_136:0_137:0_138:0_139:0_140:0_141:0_142:0_143:0_144:0_145:0_146:0_147:0_148:0_149:0_150:0_151:0_152:0_153:0_154:0_155:0_156:0_157:0_158:0_159:0_160:0,0:1,0,0,0,0
1350020,,"42761010,42663010",1:0_2:0_3:0_4:0_5:0_6:0_7:0_8:0_9:0_10:0_11:0_12:0_13:0_14:0_15:0_16:0_17:0_18:0_19:0_20:0_21:0_22:0_23:0_24:0_25:0_26:0_27:0_28:0_29:0_30:0_31:0_32:0_33:0_34:0_35:0_36:0_37:0_38:0_39:0_40:0_41:0_42:0_43:0_44:0_45:0_46:0_47:0_48:0_49:0_50:0_51:0_52:0_53:0_54:0_55:0_56:0_57:0_58:0_59:0_60:0_61:0_62:0_63:0_64:0_65:0_66:0_67:0_68:0_69:0_70:0_71:0_72:0_73:0_74:0_75:0_76:0_77:0_78:0_79:0_80:0_81:0_82:0_83:0_84:0_85:0_86:0_87:0_88:0_89:0_90:0_91:0_92:0_93:0_94:0_95:0_96:0_97:0_98:0_99:0_100:0_101:0_102:0_103:0_104:0_105:0_106:0_107:0_108:0_109:0_110:0_111:0_112:0_113:0_114:0_115:0_116:0_117:0_118:0_119:0_120:0_121:0_122:0_123:0_124:0_125:0_126:0_127:0_128:0_129:0_130:0_131:0_132:0_133:0_134:0_135:0_136:0_137:0_138:0_139:0_140:0_141:0_142:0_143:0_144:0_145:0_146:0_147:0_148:0_149:0_150:0_151:0_152:0_153:0_154:0_155:0_156:0_157:0_158:0_159:0_160:0,0:1,0,0,1:0_2:0_3:0_4:0_5:0_6:0_7:0_8:0_9:0_10:0_11:0_12:0_13:0_14:0_15:0_16:0_17:0_18:0_19:0_20:0_21:0_22:0_23:0_24:0_25:0_26:0_27:0_28:0_29:0_30:0_31:0_32:0_33:0_34:0_35:0_36:0_37:0_38:0_39:0_40:0_41:0_42:0_43:0_44:0_45:0_46:0_47:0_48:0_49:0_50:0_51:0_52:0_53:0_54:0_55:0_56:0_57:0_58:0_59:0_60:0_61:0_62:0_63:0_64:0_65:0_66:0_67:0_68:0_69:0_70:0_71:0_72:0_73:0_74:0_75:0_76:0_77:0_78:0_79:0_80:0_81:0_82:0_83:0_84:0_85:0_86:0_87:0_88:0_89:0_90:0_91:0_92:0_93:0_94:0_95:0_96:0_97:0_98:0_99:0_100:0_101:0_102:0_103:0_104:0_105:0_106:0_107:0_108:0_109:0_110:0_111:0_112:0_113:0_114:0_115:0_116:0_117:0_118:0_119:0_120:0_121:0_122:0_123:0_124:0_125:0_126:0_127:0_128:0_129:0_130:0_131:0_132:0_133:0_134:0_135:0_136:0_137:0_138:0_139:0_140:0_141:0_142:0_143:0_144:0_145:0_146:0_147:0_148:0_149:0_150:0_151:0_152:0_153:0_154:0_155:0_156:0_157:0_158:0_159:0_160:0,0:1,0,0,0,0
1350010,,"42761010,42663010",1:0_2:0_3:0_4:0_5:0_6:0_7:0_8:0_9:0_10:0_11:0_12:0_13:0_14:0_15:0_16:0_17:0_18:0_19:0_20:0_21:0_22:0_23:0_24:0_25:0_26:0_27:0_28:0_29:0_30:0_31:0_32:0_33:0_34:0_35:0_36:0_37:0_38:0_39:0_40:0_41:0_42:0_43:0_44:0_45:0_46:0_47:0_48:0_49:0_50:0_51:0_52:0_53:0_54:0_55:0_56:0_57:0_58:0_59:0_60:0_61:0_62:0_63:0_64:0_65:0_66:0_67:0_68:0_69:0_70:0_71:0_72:0_73:0_74:0_75:0_76:0_77:0_78:0_79:0_80:0_81:0_82:0_83:0_84:0_85:0_86:0_87:0_88:0_89:0_90:0_91:0_92:0_93:0_94:0_95:0_96:0_97:0_98:0_99:0_100:0_101:0_102:0_103:0_104:0_105:0_106:0_107:0_108:0_109:0_110:0_111:0_112:0_113:0_114:0_115:0_116:0_117:0_118:0_119:0_120:0_121:0_122:0_123:0_124:0_125:0_126:0_127:0_128:0_129:0_130:0_131:0_132:0_133:0_134:0_135:0_136:0_137:0_138:0_139:0_140:0_141:0_142:0_143:0_144:0_145:0_146:0_147:0_148:0_149:0_150:0_151:0_152:0_153:0_154:0_155:0_156:0_157:0_158:0_159:0_160:0,0:1,0,0,1:0_2:0_3:0_4:0_5:0_6:0_7:0_8:0_9:0_10:0_11:0_12:0_13:0_14:0_15:0_16:0_17:0_18:0_19:0_20:0_21:0_22:0_23:0_24:0_25:0_26:0_27:0_28:0_29:0_30:0_31:0_32:0_33:0_34:0_35:0_36:0_37:0_38:0_39:0_40:0_41:0_42:0_43:0_44:0_45:0_46:0_47:0_48:0_49:0_50:0_51:0_52:0_53:0_54:0_55:0_56:0_57:0_58:0_59:0_60:0_61:0_62:0_63:0_64:0_65:0_66:0_67:0_68:0_69:0_70:0_71:0_72:0_73:0_74:0_75:0_76:0_77:0_78:0_79:0_80:0_81:0_82:0_83:0_84:0_85:0_86:0_87:0_88:0_89:0_90:0_91:0_92:0_93:0_94:0_95:0_96:0_97:0_98:0_99:0_100:0_101:0_102:0_103:0_104:0_105:0_106:0_107:0_108:0_109:0_110:0_111:0_112:0_113:0_114:0_115:0_116:0_117:0_118:0_119:0_120:0_121:0_122:0_123:0_124:0_125:0_126:0_127:0_128:0_129:0_130:0_131:0_132:0_133:0_134:0_135:0_136:0_137:0_138:0_139:0_140:0_141:0_142:0_143:0_144:0_145:0_146:0_147:0_148:0_149:0_150:0_151:0_152:0_153:0_154:0_155:0_156:0_157:0_158:0_159:0_160:0,0:1,0,0,0,0
1360020,,"42761010,42663010",1:0_2:0_3:0_4:0_5:0_6:0_7:0_8:0_9:0_10:0_11:0_12:0_13:0_14:0_15:0_16:0_17:0_18:0_19:0_20:0_21:0_22:0_23:0_24:0_25:0_26:0_27:0_28:0_29:0_30:0_31:0_32:0_33:0_34:0_35:0_36:0_37:0_38:0_39:0_40:0_41:0_42:0_43:0_44:0_45:0_46:0_47:0_48:0_49:0_50:0_51:0_52:0_53:0_54:0_55:0_56:0_57:0_58:0_59:0_60:0_61:0_62:0_63:0_64:0_65:0_66:0_67:0_68:0_69:0_70:0_71:0_72:0_73:0_74:0_75:0_76:0_77:0_78:0_79:0_80:0_81:0_82:0_83:0_84:0_85:0_86:0_87:0_88:0_89:0_90:0_91:0_92:0_93:0_94:0_95:0_96:0_97:0_98:0_99:0_100:0_101:0_102:0_103:0_104:0_105:0_106:0_107:0_108:0_109:0_110:0_111:0_112:0_113:0_114:0_115:0_116:0_117:0_118:0_119:0_120:0_121:0_122:0_123:0_124:0_125:0_126:0_127:0_128:0_129:0_130:0_131:0_132:0_133:0_134:0_135:0_136:0_137:0_138:0_139:0_140:0_141:0_142:0_143:0_144:0_145:0_146:0_147:0_148:0_149:0_150:0_151:0_152:0_153:0_154:0_155:0_156:0_157:0_158:0_159:0_160:0,0:1,0,0,1:0_2:0_3:0_4:0_5:0_6:0_7:0_8:0_9:0_10:0_11:0_12:0_13:0_14:0_15:0_16:0_17:0_18:0_19:0_20:0_21:0_22:0_23:0_24:0_25:0_26:0_27:0_28:0_29:0_30:0_31:0_32:0_33:0_34:0_35:0_36:0_37:0_38:0_39:0_40:0_41:0_42:0_43:0_44:0_45:0_46:0_47:0_48:0_49:0_50:0_51:0_52:0_53:0_54:0_55:0_56:0_57:0_58:0_59:0_60:0_61:0_62:0_63:0_64:0_65:0_66:0_67:0_68:0_69:0_70:0_71:0_72:0_73:0_74:0_75:0_76:0_77:0_78:0_79:0_80:0_81:0_82:0_83:0_84:0_85:0_86:0_87:0_88:0_89:0_90:0_91:0_92:0_93:0_94:0_95:0_96:0_97:0_98:0_99:0_100:0_101:0_102:0_103:0_104:0_105:0_106:0_107:0_108:0_109:0_110:0_111:0_112:0_113:0_114:0_115:0_116:0_117:0_118:0_119:0_120:0_121:0_122:0_123:0_124:0_125:0_126:0_127:0_128:0_129:0_130:0_131:0_132:0_133:0_134:0_135:0_136:0_137:0_138:0_139:0_140:0_141:0_142:0_143:0_144:0_145:0_146:0_147:0_148:0_149:0_150:0_151:0_152:0_153:0_154:0_155:0_156:0_157:0_158:0_159:0_160:0,0:1,0,0,0,0
1360010,,"42761010,42663010",1:0_2:0_3:0_4:0_5:0_6:0_7:0_8:0_9:0_10:0_11:0_12:0_13:0_14:0_15:0_16:0_17:0_18:0_19:0_20:0_21:0_22:0_23:0_24:0_25:0_26:0_27:0_28:0_29:0_30:0_31:0_32:0_33:0_34:0_35:0_36:0_37:0_38:0_39:0_40:0_41:0_42:0_43:0_44:0_45:0_46:0_47:0_48:0_49:0_50:0_51:0_52:0_53:0_54:0_55:0_56:0_57:0_58:0_59:0_60:0_61:0_62:0_63:0_64:0_65:0_66:0_67:0_68:0_69:0_70:0_71:0_72:0_73:0_74:0_75:0_76:0_77:0_78:0_79:0_80:0_81:0_82:0_83:0_84:0_85:0_86:0_87:0_88:0_89:0_90:0_91:0_92:0_93:0_94:0_95:0_96:0_97:0_98:0_99:0_100:0_101:0_102:0_103:0_104:0_105:0_106:0_107:0_108:0_109:0_110:0_111:0_112:0_113:0_114:0_115:0_116:0_117:0_118:0_119:0_120:0_121:0_122:0_123:0_124:0_125:0_126:0_127:0_128:0_129:0_130:0_131:0_132:0_133:0_134:0_135:0_136:0_137:0_138:0_139:0_140:0_141:0_142:0_143:0_144:0_145:0_146:0_147:0_148:0_149:0_150:0_151:0_152:0_153:0_154:0_155:0_156:0_157:0_158:0_159:0_160:0,0:1,0,0,1:0_2:0_3:0_4:0_5:0_6:0_7:0_8:0_9:0_10:0_11:0_12:0_13:0_14:0_15:0_16:0_17:0_18:0_19:0_20:0_21:0_22:0_23:0_24:0_25:0_26:0_27:0_28:0_29:0_30:0_31:0_32:0_33:0_34:0_35:0_36:0_37:0_38:0_39:0_40:0_41:0_42:0_43:0_44:0_45:0_46:0_47:0_48:0_49:0_50:0_51:0_52:0_53:0_54:0_55:0_56:0_57:0_58:0_59:0_60:0_61:0_62:0_63:0_64:0_65:0_66:0_67:0_68:0_69:0_70:0_71:0_72:0_73:0_74:0_75:0_76:0_77:0_78:0_79:0_80:0_81:0_82:0_83:0_84:0_85:0_86:0_87:0_88:0_89:0_90:0_91:0_92:0_93:0_94:0_95:0_96:0_97:0_98:0_99:0_100:0_101:0_102:0_103:0_104:0_105:0_106:0_107:0_108:0_109:0_110:0_111:0_112:0_113:0_114:0_115:0_116:0_117:0_118:0_119:0_120:0_121:0_122:0_123:0_124:0_125:0_126:0_127:0_128:0_129:0_130:0_131:0_132:0_133:0_134:0_135:0_136:0_137:0_138:0_139:0_140:0_141:0_142:0_143:0_144:0_145:0_146:0_147:0_148:0_149:0_150:0_151:0_152:0_153:0_154:0_155:0_156:0_157:0_158:0_159:0_160:0,0:1,0,0,0,0
1370020,,"42761010,42663010",1:0_2:0_3:0_4:0_5:0_6:0_7:0_8:0_9:0_10:0_11:0_12:0_13:0_14:0_15:0_16:0_17:0_18:0_19:0_20:0_21:0_22:0_23:0_24:0_25:0_26:0_27:0_28:0_29:0_30:0_31:0_32:0_33:0_34:0_35:0_36:0_37:0_38:0_39:0_40:0_41:0_42:0_43:0_44:0_45:0_46:0_47:0_48:0_49:0_50:0_51:0_52:0_53:0_54:0_55:0_56:0_57:0_58:0_59:0_60:0_61:0_62:0_63:0_64:0_65:0_66:0_67:0_68:0_69:0_70:0_71:0_72:0_73:0_74:0_75:0_76:0_77:0_78:0_79:0_80:0_81:0_82:0_83:0_84:0_85:0_86:0_87:0_88:0_89:0_90:0_91:0_92:0_93:0_94:0_95:0_96:0_97:0_98:0_99:0_100:0_101:0_102:0_103:0_104:0_105:0_106:0_107:0_108:0_109:0_110:0_111:0_112:0_113:0_114:0_115:0_116:0_117:0_118:0_119:0_120:0_121:0_122:0_123:0_124:0_125:0_126:0_127:0_128:0_129:0_130:0_131:0_132:0_133:0_134:0_135:0_136:0_137:0_138:0_139:0_140:0_141:0_142:0_143:0_144:0_145:0_146:0_147:0_148:0_149:0_150:0_151:0_152:0_153:0_154:0_155:0_156:0_157:0_158:0_159:0_160:0,0:1,0,0,1:0_2:0_3:0_4:0_5:0_6:0_7:0_8:0_9:0_10:0_11:0_12:0_13:0_14:0_15:0_16:0_17:0_18:0_19:0_20:0_21:0_22:0_23:0_24:0_25:0_26:0_27:0_28:0_29:0_30:0_31:0_32:0_33:0_34:0_35:0_36:0_37:0_38:0_39:0_40:0_41:0_42:0_43:0_44:0_45:0_46:0_47:0_48:0_49:0_50:0_51:0_52:0_53:0_54:0_55:0_56:0_57:0_58:0_59:0_60:0_61:0_62:0_63:0_64:0_65:0_66:0_67:0_68:0_69:0_70:0_71:0_72:0_73:0_74:0_75:0_76:0_77:0_78:0_79:0_80:0_81:0_82:0_83:0_84:0_85:0_86:0_87:0_88:0_89:0_90:0_91:0_92:0_93:0_94:0_95:0_96:0_97:0_98:0_99:0_100:0_101:0_102:0_103:0_104:0_105:0_106:0_107:0_108:0_109:0_110:0_111:0_112:0_113:0_114:0_115:0_116:0_117:0_118:0_119:0_120:0_121:0_122:0_123:0_124:0_125:0_126:0_127:0_128:0_129:0_130:0_131:0_132:0_133:0_134:0_135:0_136:0_137:0_138:0_139:0_140:0_141:0_142:0_143:0_144:0_145:0_146:0_147:0_148:0_149:0_150:0_151:0_152:0_153:0_154:0_155:0_156:0_157:0_158:0_159:0_160:0,0:1,0,0,0,0
1370010,,"42761010,42663010",1:0_2:0_3:0_4:0_5:0_6:0_7:0_8:0_9:0_10:0_11:0_12:0_13:0_14:0_15:0_16:0_17:0_18:0_19:0_20:0_21:0_22:0_23:0_24:0_25:0_26:0_27:0_28:0_29:0_30:0_31:0_32:0_33:0_34:0_35:0_36:0_37:0_38:0_39:0_40:0_41:0_42:0_43:0_44:0_45:0_46:0_47:0_48:0_49:0_50:0_51:0_52:0_53:0_54:0_55:0_56:0_57:0_58:0_59:0_60:0_61:0_62:0_63:0_64:0_65:0_66:0_67:0_68:0_69:0_70:0_71:0_72:0_73:0_74:0_75:0_76:0_77:0_78:0_79:0_80:0_81:0_82:0_83:0_84:0_85:0_86:0_87:0_88:0_89:0_90:0_91:0_92:0_93:0_94:0_95:0_96:0_97:0_98:0_99:0_100:0_101:0_102:0_103:0_104:0_105:0_106:0_107:0_108:0_109:0_110:0_111:0_112:0_113:0_114:0_115:0_116:0_117:0_118:0_119:0_120:0_121:0_122:0_123:0_124:0_125:0_126:0_127:0_128:0_129:0_130:0_131:0_132:0_133:0_134:0_135:0_136:0_137:0_138:0_139:0_140:0_141:0_142:0_143:0_144:0_145:0_146:0_147:0_148:0_149:0_150:0_151:0_152:0_153:0_154:0_155:0_156:0_157:0_158:0_159:0_160:0,0:1,0,0,1:0_2:0_3:0_4:0_5:0_6:0_7:0_8:0_9:0_10:0_11:0_12:0_13:0_14:0_15:0_16:0_17:0_18:0_19:0_20:0_21:0_22:0_23:0_24:0_25:0_26:0_27:0_28:0_29:0_30:0_31:0_32:0_33:0_34:0_35:0_36:0_37:0_38:0_39:0_40:0_41:0_42:0_43:0_44:0_45:0_46:0_47:0_48:0_49:0_50:0_51:0_52:0_53:0_54:0_55:0_56:0_57:0_58:0_59:0_60:0_61:0_62:0_63:0_64:0_65:0_66:0_67:0_68:0_69:0_70:0_71:0_72:0_73:0_74:0_75:0_76:0_77:0_78:0_79:0_80:0_81:0_82:0_83:0_84:0_85:0_86:0_87:0_88:0_89:0_90:0_91:0_92:0_93:0_94:0_95:0_96:0_97:0_98:0_99:0_100:0_101:0_102:0_103:0_104:0_105:0_106:0_107:0_108:0_109:0_110:0_111:0_112:0_113:0_114:0_115:0_116:0_117:0_118:0_119:0_120:0_121:0_122:0_123:0_124:0_125:0_126:0_127:0_128:0_129:0_130:0_131:0_132:0_133:0_134:0_135:0_136:0_137:0_138:0_139:0_140:0_141:0_142:0_143:0_144:0_145:0_146:0_147:0_148:0_149:0_150:0_151:0_152:0_153:0_154:0_155:0_156:0_157:0_158:0_159:0_160:0,0:1,0,0,0,0
1380020,,"42761010,42663010",1:0_2:0_3:0_4:0_5:0_6:0_7:0_8:0_9:0_10:0_11:0_12:0_13:0_14:0_15:0_16:0_17:0_18:0_19:0_20:0_21:0_22:0_23:0_24:0_25:0_26:0_27:0_28:0_29:0_30:0_31:0_32:0_33:0_34:0_35:0_36:0_37:0_38:0_39:0_40:0_41:0_42:0_43:0_44:0_45:0_46:0_47:0_48:0_49:0_50:0_51:0_52:0_53:0_54:0_55:0_56:0_57:0_58:0_59:0_60:0_61:0_62:0_63:0_64:0_65:0_66:0_67:0_68:0_69:0_70:0_71:0_72:0_73:0_74:0_75:0_76:0_77:0_78:0_79:0_80:0_81:0_82:0_83:0_84:0_85:0_86:0_87:0_88:0_89:0_90:0_91:0_92:0_93:0_94:0_95:0_96:0_97:0_98:0_99:0_100:0_101:0_102:0_103:0_104:0_105:0_106:0_107:0_108:0_109:0_110:0_111:0_112:0_113:0_114:0_115:0_116:0_117:0_118:0_119:0_120:0_121:0_122:0_123:0_124:0_125:0_126:0_127:0_128:0_129:0_130:0_131:0_132:0_133:0_134:0_135:0_136:0_137:0_138:0_139:0_140:0_141:0_142:0_143:0_144:0_145:0_146:0_147:0_148:0_149:0_150:0_151:0_152:0_153:0_154:0_155:0_156:0_157:0_158:0_159:0_160:0,0:1,0,0,1:0_2:0_3:0_4:0_5:0_6:0_7:0_8:0_9:0_10:0_11:0_12:0_13:0_14:0_15:0_16:0_17:0_18:0_19:0_20:0_21:0_22:0_23:0_24:0_25:0_26:0_27:0_28:0_29:0_30:0_31:0_32:0_33:0_34:0_35:0_36:0_37:0_38:0_39:0_40:0_41:0_42:0_43:0_44:0_45:0_46:0_47:0_48:0_49:0_50:0_51:0_52:0_53:0_54:0_55:0_56:0_57:0_58:0_59:0_60:0_61:0_62:0_63:0_64:0_65:0_66:0_67:0_68:0_69:0_70:0_71:0_72:0_73:0_74:0_75:0_76:0_77:0_78:0_79:0_80:0_81:0_82:0_83:0_84:0_85:0_86:0_87:0_88:0_89:0_90:0_91:0_92:0_93:0_94:0_95:0_96:0_97:0_98:0_99:0_100:0_101:0_102:0_103:0_104:0_105:0_106:0_107:0_108:0_109:0_110:0_111:0_112:0_113:0_114:0_115:0_116:0_117:0_118:0_119:0_120:0_121:0_122:0_123:0_124:0_125:0_126:0_127:0_128:0_129:0_130:0_131:0_132:0_133:0_134:0_135:0_136:0_137:0_138:0_139:0_140:0_141:0_142:0_143:0_144:0_145:0_146:0_147:0_148:0_149:0_150:0_151:0_152:0_153:0_154:0_155:0_156:0_157:0_158:0_159:0_160:0,0:1,0,0,0,0
1380010,,"42761010,42663010",1:0_2:0_3:0_4:0_5:0_6:0_7:0_8:0_9:0_10:0_11:0_12:0_13:0_14:0_15:0_16:0_17:0_18:0_19:0_20:0_21:0_22:0_23:0_24:0_25:0_26:0_27:0_28:0_29:0_30:0_31:0_32:0_33:0_34:0_35:0_36:0_37:0_38:0_39:0_40:0_41:0_42:0_43:0_44:0_45:0_46:0_47:0_48:0_49:0_50:0_51:0_52:0_53:0_54:0_55:0_56:0_57:0_58:0_59:0_60:0_61:0_62:0_63:0_64:0_65:0_66:0_67:0_68:0_69:0_70:0_71:0_72:0_73:0_74:0_75:0_76:0_77:0_78:0_79:0_80:0_81:0_82:0_83:0_84:0_85:0_86:0_87:0_88:0_89:0_90:0_91:0_92:0_93:0_94:0_95:0_96:0_97:0_98:0_99:0_100:0_101:0_102:0_103:0_104:0_105:0_106:0_107:0_108:0_109:0_110:0_111:0_112:0_113:0_114:0_115:0_116:0_117:0_118:0_119:0_120:0_121:0_122:0_123:0_124:0_125:0_126:0_127:0_128:0_129:0_130:0_131:0_132:0_133:0_134:0_135:0_136:0_137:0_138:0_139:0_140:0_141:0_142:0_143:0_144:0_145:0_146:0_147:0_148:0_149:0_150:0_151:0_152:0_153:0_154:0_155:0_156:0_157:0_158:0_159:0_160:0,0:1,0,0,1:0_2:0_3:0_4:0_5:0_6:0_7:0_8:0_9:0_10:0_11:0_12:0_13:0_14:0_15:0_16:0_17:0_18:0_19:0_20:0_21:0_22:0_23:0_24:0_25:0_26:0_27:0_28:0_29:0_30:0_31:0_32:0_33:0_34:0_35:0_36:0_37:0_38:0_39:0_40:0_41:0_42:0_43:0_44:0_45:0_46:0_47:0_48:0_49:0_50:0_51:0_52:0_53:0_54:0_55:0_56:0_57:0_58:0_59:0_60:0_61:0_62:0_63:0_64:0_65:0_66:0_67:0_68:0_69:0_70:0_71:0_72:0_73:0_74:0_75:0_76:0_77:0_78:0_79:0_80:0_81:0_82:0_83:0_84:0_85:0_86:0_87:0_88:0_89:0_90:0_91:0_92:0_93:0_94:0_95:0_96:0_97:0_98:0_99:0_100:0_101:0_102:0_103:0_104:0_105:0_106:0_107:0_108:0_109:0_110:0_111:0_112:0_113:0_114:0_115:0_116:0_117:0_118:0_119:0_120:0_121:0_122:0_123:0_124:0_125:0_126:0_127:0_128:0_129:0_130:0_131:0_132:0_133:0_134:0_135:0_136:0_137:0_138:0_139:0_140:0_141:0_142:0_143:0_144:0_145:0_146:0_147:0_148:0_149:0_150:0_151:0_152:0_153:0_154:0_155:0_156:0_157:0_158:0_159:0_160:0,0:1,0,0,0,0
1390020,,"42761010,42663010",1:0_2:0_3:0_4:0_5:0_6:0_7:0_8:0_9:0_10:0_11:0_12:0_13:0_14:0_15:0_16:0_17:0_18:0_19:0_20:0_21:0_22:0_23:0_24:0_25:0_26:0_27:0_28:0_29:0_30:0_31:0_32:0_33:0_34:0_35:0_36:0_37:0_38:0_39:0_40:0_41:0_42:0_43:0_44:0_45:0_46:0_47:0_48:0_49:0_50:0_51:0_52:0_53:0_54:0_55:0_56:0_57:0_58:0_59:0_60:0_61:0_62:0_63:0_64:0_65:0_66:0_67:0_68:0_69:0_70:0_71:0_72:0_73:0_74:0_75:0_76:0_77:0_78:0_79:0_80:0_81:0_82:0_83:0_84:0_85:0_86:0_87:0_88:0_89:0_90:0_91:0_92:0_93:0_94:0_95:0_96:0_97:0_98:0_99:0_100:0_101:0_102:0_103:0_104:0_105:0_106:0_107:0_108:0_109:0_110:0_111:0_112:0_113:0_114:0_115:0_116:0_117:0_118:0_119:0_120:0_121:0_122:0_123:0_124:0_125:0_126:0_127:0_128:0_129:0_130:0_131:0_132:0_133:0_134:0_135:0_136:0_137:0_138:0_139:0_140:0_141:0_142:0_143:0_144:0_145:0_146:0_147:0_148:0_149:0_150:0_151:0_152:0_153:0_154:0_155:0_156:0_157:0_158:0_159:0_160:0,0:1,0,0,1:0_2:0_3:0_4:0_5:0_6:0_7:0_8:0_9:0_10:0_11:0_12:0_13:0_14:0_15:0_16:0_17:0_18:0_19:0_20:0_21:0_22:0_23:0_24:0_25:0_26:0_27:0_28:0_29:0_30:0_31:0_32:0_33:0_34:0_35:0_36:0_37:0_38:0_39:0_40:0_41:0_42:0_43:0_44:0_45:0_46:0_47:0_48:0_49:0_50:0_51:0_52:0_53:0_54:0_55:0_56:0_57:0_58:0_59:0_60:0_61:0_62:0_63:0_64:0_65:0_66:0_67:0_68:0_69:0_70:0_71:0_72:0_73:0_74:0_75:0_76:0_77:0_78:0_79:0_80:0_81:0_82:0_83:0_84:0_85:0_86:0_87:0_88:0_89:0_90:0_91:0_92:0_93:0_94:0_95:0_96:0_97:0_98:0_99:0_100:0_101:0_102:0_103:0_104:0_105:0_106:0_107:0_108:0_109:0_110:0_111:0_112:0_113:0_114:0_115:0_116:0_117:0_118:0_119:0_120:0_121:0_122:0_123:0_124:0_125:0_126:0_127:0_128:0_129:0_130:0_131:0_132:0_133:0_134:0_135:0_136:0_137:0_138:0_139:0_140:0_141:0_142:0_143:0_144:0_145:0_146:0_147:0_148:0_149:0_150:0_151:0_152:0_153:0_154:0_155:0_156:0_157:0_158:0_159:0_160:0,0:1,0,0,0,0
1390010,,"42761010,42663010",1:0_2:0_3:0_4:0_5:0_6:0_7:0_8:0_9:0_10:0_11:0_12:0_13:0_14:0_15:0_16:0_17:0_18:0_19:0_20:0_21:0_22:0_23:0_24:0_25:0_26:0_27:0_28:0_29:0_30:0_31:0_32:0_33:0_34:0_35:0_36:0_37:0_38:0_39:0_40:0_41:0_42:0_43:0_44:0_45:0_46:0_47:0_48:0_49:0_50:0_51:0_52:0_53:0_54:0_55:0_56:0_57:0_58:0_59:0_60:0_61:0_62:0_63:0_64:0_65:0_66:0_67:0_68:0_69:0_70:0_71:0_72:0_73:0_74:0_75:0_76:0_77:0_78:0_79:0_80:0_81:0_82:0_83:0_84:0_85:0_86:0_87:0_88:0_89:0_90:0_91:0_92:0_93:0_94:0_95:0_96:0_97:0_98:0_99:0_100:0_101:0_102:0_103:0_104:0_105:0_106:0_107:0_108:0_109:0_110:0_111:0_112:0_113:0_114:0_115:0_116:0_117:0_118:0_119:0_120:0_121:0_122:0_123:0_124:0_125:0_126:0_127:0_128:0_129:0_130:0_131:0_132:0_133:0_134:0_135:0_136:0_137:0_138:0_139:0_140:0_141:0_142:0_143:0_144:0_145:0_146:0_147:0_148:0_149:0_150:0_151:0_152:0_153:0_154:0_155:0_156:0_157:0_158:0_159:0_160:0,0:1,0,0,1:0_2:0_3:0_4:0_5:0_6:0_7:0_8:0_9:0_10:0_11:0_12:0_13:0_14:0_15:0_16:0_17:0_18:0_19:0_20:0_21:0_22:0_23:0_24:0_25:0_26:0_27:0_28:0_29:0_30:0_31:0_32:0_33:0_34:0_35:0_36:0_37:0_38:0_39:0_40:0_41:0_42:0_43:0_44:0_45:0_46:0_47:0_48:0_49:0_50:0_51:0_52:0_53:0_54:0_55:0_56:0_57:0_58:0_59:0_60:0_61:0_62:0_63:0_64:0_65:0_66:0_67:0_68:0_69:0_70:0_71:0_72:0_73:0_74:0_75:0_76:0_77:0_78:0_79:0_80:0_81:0_82:0_83:0_84:0_85:0_86:0_87:0_88:0_89:0_90:0_91:0_92:0_93:0_94:0_95:0_96:0_97:0_98:0_99:0_100:0_101:0_102:0_103:0_104:0_105:0_106:0_107:0_108:0_109:0_110:0_111:0_112:0_113:0_114:0_115:0_116:0_117:0_118:0_119:0_120:0_121:0_122:0_123:0_124:0_125:0_126:0_127:0_128:0_129:0_130:0_131:0_132:0_133:0_134:0_135:0_136:0_137:0_138:0_139:0_140:0_141:0_142:0_143:0_144:0_145:0_146:0_147:0_148:0_149:0_150:0_151:0_152:0_153:0_154:0_155:0_156:0_157:0_158:0_159:0_160:0,0:1,0,0,0,0
1400020,,"42761010,42663010",1:0_2:0_3:0_4:0_5:0_6:0_7:0_8:0_9:0_10:0_11:0_12:0_13:0_14:0_15:0_16:0_17:0_18:0_19:0_20:0_21:0_22:0_23:0_24:0_25:0_26:0_27:0_28:0_29:0_30:0_31:0_32:0_33:0_34:0_35:0_36:0_37:0_38:0_39:0_40:0_41:0_42:0_43:0_44:0_45:0_46:0_47:0_48:0_49:0_50:0_51:0_52:0_53:0_54:0_55:0_56:0_57:0_58:0_59:0_60:0_61:0_62:0_63:0_64:0_65:0_66:0_67:0_68:0_69:0_70:0_71:0_72:0_73:0_74:0_75:0_76:0_77:0_78:0_79:0_80:0_81:0_82:0_83:0_84:0_85:0_86:0_87:0_88:0_89:0_90:0_91:0_92:0_93:0_94:0_95:0_96:0_97:0_98:0_99:0_100:0_101:0_102:0_103:0_104:0_105:0_106:0_107:0_108:0_109:0_110:0_111:0_112:0_113:0_114:0_115:0_116:0_117:0_118:0_119:0_120:0_121:0_122:0_123:0_124:0_125:0_126:0_127:0_128:0_129:0_130:0_131:0_132:0_133:0_134:0_135:0_136:0_137:0_138:0_139:0_140:0_141:0_142:0_143:0_144:0_145:0_146:0_147:0_148:0_149:0_150:0_151:0_152:0_153:0_154:0_155:0_156:0_157:0_158:0_159:0_160:0,0:1,0,0,1:0_2:0_3:0_4:0_5:0_6:0_7:0_8:0_9:0_10:0_11:0_12:0_13:0_14:0_15:0_16:0_17:0_18:0_19:0_20:0_21:0_22:0_23:0_24:0_25:0_26:0_27:0_28:0_29:0_30:0_31:0_32:0_33:0_34:0_35:0_36:0_37:0_38:0_39:0_40:0_41:0_42:0_43:0_44:0_45:0_46:0_47:0_48:0_49:0_50:0_51:0_52:0_53:0_54:0_55:0_56:0_57:0_58:0_59:0_60:0_61:0_62:0_63:0_64:0_65:0_66:0_67:0_68:0_69:0_70:0_71:0_72:0_73:0_74:0_75:0_76:0_77:0_78:0_79:0_80:0_81:0_82:0_83:0_84:0_85:0_86:0_87:0_88:0_89:0_90:0_91:0_92:0_93:0_94:0_95:0_96:0_97:0_98:0_99:0_100:0_101:0_102:0_103:0_104:0_105:0_106:0_107:0_108:0_109:0_110:0_111:0_112:0_113:0_114:0_115:0_116:0_117:0_118:0_119:0_120:0_121:0_122:0_123:0_124:0_125:0_126:0_127:0_128:0_129:0_130:0_131:0_132:0_133:0_134:0_135:0_136:0_137:0_138:0_139:0_140:0_141:0_142:0_143:0_144:0_145:0_146:0_147:0_148:0_149:0_150:0_151:0_152:0_153:0_154:0_155:0_156:0_157:0_158:0_159:0_160:0,0:1,0,0,0,0
1400010,,"42761010,42663010",1:0_2:0_3:0_4:0_5:0_6:0_7:0_8:0_9:0_10:0_11:0_12:0_13:0_14:0_15:0_16:0_17:0_18:0_19:0_20:0_21:0_22:0_23:0_24:0_25:0_26:0_27:0_28:0_29:0_30:0_31:0_32:0_33:0_34:0_35:0_36:0_37:0_38:0_39:0_40:0_41:0_42:0_43:0_44:0_45:0_46:0_47:0_48:0_49:0_50:0_51:0_52:0_53:0_54:0_55:0_56:0_57:0_58:0_59:0_60:0_61:0_62:0_63:0_64:0_65:0_66:0_67:0_68:0_69:0_70:0_71:0_72:0_73:0_74:0_75:0_76:0_77:0_78:0_79:0_80:0_81:0_82:0_83:0_84:0_85:0_86:0_87:0_88:0_89:0_90:0_91:0_92:0_93:0_94:0_95:0_96:0_97:0_98:0_99:0_100:0_101:0_102:0_103:0_104:0_105:0_106:0_107:0_108:0_109:0_110:0_111:0_112:0_113:0_114:0_115:0_116:0_117:0_118:0_119:0_120:0_121:0_122:0_123:0_124:0_125:0_126:0_127:0_128:0_129:0_130:0_131:0_132:0_133:0_134:0_135:0_136:0_137:0_138:0_139:0_140:0_141:0_142:0_143:0_144:0_145:0_146:0_147:0_148:0_149:0_150:0_151:0_152:0_153:0_154:0_155:0_156:0_157:0_158:0_159:0_160:0,0:1,0,0,1:0_2:0_3:0_4:0_5:0_6:0_7:0_8:0_9:0_10:0_11:0_12:0_13:0_14:0_15:0_16:0_17:0_18:0_19:0_20:0_21:0_22:0_23:0_24:0_25:0_26:0_27:0_28:0_29:0_30:0_31:0_32:0_33:0_34:0_35:0_36:0_37:0_38:0_39:0_40:0_41:0_42:0_43:0_44:0_45:0_46:0_47:0_48:0_49:0_50:0_51:0_52:0_53:0_54:0_55:0_56:0_57:0_58:0_59:0_60:0_61:0_62:0_63:0_64:0_65:0_66:0_67:0_68:0_69:0_70:0_71:0_72:0_73:0_74:0_75:0_76:0_77:0_78:0_79:0_80:0_81:0_82:0_83:0_84:0_85:0_86:0_87:0_88:0_89:0_90:0_91:0_92:0_93:0_94:0_95:0_96:0_97:0_98:0_99:0_100:0_101:0_102:0_103:0_104:0_105:0_106:0_107:0_108:0_109:0_110:0_111:0_112:0_113:0_114:0_115:0_116:0_117:0_118:0_119:0_120:0_121:0_122:0_123:0_124:0_125:0_126:0_127:0_128:0_129:0_130:0_131:0_132:0_133:0_134:0_135:0_136:0_137:0_138:0_139:0_140:0_141:0_142:0_143:0_144:0_145:0_146:0_147:0_148:0_149:0_150:0_151:0_152:0_153:0_154:0_155:0_156:0_157:0_158:0_159:0_160:0,0:1,0,0,0,0
1410020,,"42761010,42663010",1:0_2:0_3:0_4:0_5:0_6:0_7:0_8:0_9:0_10:0_11:0_12:0_13:0_14:0_15:0_16:0_17:0_18:0_19:0_20:0_21:0_22:0_23:0_24:0_25:0_26:0_27:0_28:0_29:0_30:0_31:0_32:0_33:0_34:0_35:0_36:0_37:0_38:0_39:0_40:0_41:0_42:0_43:0_44:0_45:0_46:0_47:0_48:0_49:0_50:0_51:0_52:0_53:0_54:0_55:0_56:0_57:0_58:0_59:0_60:0_61:0_62:0_63:0_64:0_65:0_66:0_67:0_68:0_69:0_70:0_71:0_72:0_73:0_74:0_75:0_76:0_77:0_78:0_79:0_80:0_81:0_82:0_83:0_84:0_85:0_86:0_87:0_88:0_89:0_90:0_91:0_92:0_93:0_94:0_95:0_96:0_97:0_98:0_99:0_100:0_101:0_102:0_103:0_104:0_105:0_106:0_107:0_108:0_109:0_110:0_111:0_112:0_113:0_114:0_115:0_116:0_117:0_118:0_119:0_120:0_121:0_122:0_123:0_124:0_125:0_126:0_127:0_128:0_129:0_130:0_131:0_132:0_133:0_134:0_135:0_136:0_137:0_138:0_139:0_140:0_141:0_142:0_143:0_144:0_145:0_146:0_147:0_148:0_149:0_150:0_151:0_152:0_153:0_154:0_155:0_156:0_157:0_158:0_159:0_160:0,0:1,0,0,1:0_2:0_3:0_4:0_5:0_6:0_7:0_8:0_9:0_10:0_11:0_12:0_13:0_14:0_15:0_16:0_17:0_18:0_19:0_20:0_21:0_22:0_23:0_24:0_25:0_26:0_27:0_28:0_29:0_30:0_31:0_32:0_33:0_34:0_35:0_36:0_37:0_38:0_39:0_40:0_41:0_42:0_43:0_44:0_45:0_46:0_47:0_48:0_49:0_50:0_51:0_52:0_53:0_54:0_55:0_56:0_57:0_58:0_59:0_60:0_61:0_62:0_63:0_64:0_65:0_66:0_67:0_68:0_69:0_70:0_71:0_72:0_73:0_74:0_75:0_76:0_77:0_78:0_79:0_80:0_81:0_82:0_83:0_84:0_85:0_86:0_87:0_88:0_89:0_90:0_91:0_92:0_93:0_94:0_95:0_96:0_97:0_98:0_99:0_100:0_101:0_102:0_103:0_104:0_105:0_106:0_107:0_108:0_109:0_110:0_111:0_112:0_113:0_114:0_115:0_116:0_117:0_118:0_119:0_120:0_121:0_122:0_123:0_124:0_125:0_126:0_127:0_128:0_129:0_130:0_131:0_132:0_133:0_134:0_135:0_136:0_137:0_138:0_139:0_140:0_141:0_142:0_143:0_144:0_145:0_146:0_147:0_148:0_149:0_150:0_151:0_152:0_153:0_154:0_155:0_156:0_157:0_158:0_159:0_160:0,0:1,0,0,0,0
1410010,,"42761010,42663010",1:0_2:0_3:0_4:0_5:0_6:0_7:0_8:0_9:0_10:0_11:0_12:0_13:0_14:0_15:0_16:0_17:0_18:0_19:0_20:0_21:0_22:0_23:0_24:0_25:0_26:0_27:0_28:0_29:0_30:0_31:0_32:0_33:0_34:0_35:0_36:0_37:0_38:0_39:0_40:0_41:0_42:0_43:0_44:0_45:0_46:0_47:0_48:0_49:0_50:0_51:0_52:0_53:0_54:0_55:0_56:0_57:0_58:0_59:0_60:0_61:0_62:0_63:0_64:0_65:0_66:0_67:0_68:0_69:0_70:0_71:0_72:0_73:0_74:0_75:0_76:0_77:0_78:0_79:0_80:0_81:0_82:0_83:0_84:0_85:0_86:0_87:0_88:0_89:0_90:0_91:0_92:0_93:0_94:0_95:0_96:0_97:0_98:0_99:0_100:0_101:0_102:0_103:0_104:0_105:0_106:0_107:0_108:0_109:0_110:0_111:0_112:0_113:0_114:0_115:0_116:0_117:0_118:0_119:0_120:0_121:0_122:0_123:0_124:0_125:0_126:0_127:0_128:0_129:0_130:0_131:0_132:0_133:0_134:0_135:0_136:0_137:0_138:0_139:0_140:0_141:0_142:0_143:0_144:0_145:0_146:0_147:0_148:0_149:0_150:0_151:0_152:0_153:0_154:0_155:0_156:0_157:0_158:0_159:0_160:0,0:1,0,0,1:0_2:0_3:0_4:0_5:0_6:0_7:0_8:0_9:0_10:0_11:0_12:0_13:0_14:0_15:0_16:0_17:0_18:0_19:0_20:0_21:0_22:0_23:0_24:0_25:0_26:0_27:0_28:0_29:0_30:0_31:0_32:0_33:0_34:0_35:0_36:0_37:0_38:0_39:0_40:0_41:0_42:0_43:0_44:0_45:0_46:0_47:0_48:0_49:0_50:0_51:0_52:0_53:0_54:0_55:0_56:0_57:0_58:0_59:0_60:0_61:0_62:0_63:0_64:0_65:0_66:0_67:0_68:0_69:0_70:0_71:0_72:0_73:0_74:0_75:0_76:0_77:0_78:0_79:0_80:0_81:0_82:0_83:0_84:0_85:0_86:0_87:0_88:0_89:0_90:0_91:0_92:0_93:0_94:0_95:0_96:0_97:0_98:0_99:0_100:0_101:0_102:0_103:0_104:0_105:0_106:0_107:0_108:0_109:0_110:0_111:0_112:0_113:0_114:0_115:0_116:0_117:0_118:0_119:0_120:0_121:0_122:0_123:0_124:0_125:0_126:0_127:0_128:0_129:0_130:0_131:0_132:0_133:0_134:0_135:0_136:0_137:0_138:0_139:0_140:0_141:0_142:0_143:0_144:0_145:0_146:0_147:0_148:0_149:0_150:0_151:0_152:0_153:0_154:0_155:0_156:0_157:0_158:0_159:0_160:0,0:1,0,0,0,0
1420020,,"42761010,42663010",1:0_2:0_3:0_4:0_5:0_6:0_7:0_8:0_9:0_10:0_11:0_12:0_13:0_14:0_15:0_16:0_17:0_18:0_19:0_20:0_21:0_22:0_23:0_24:0_25:0_26:0_27:0_28:0_29:0_30:0_31:0_32:0_33:0_34:0_35:0_36:0_37:0_38:0_39:0_40:0_41:0_42:0_43:0_44:0_45:0_46:0_47:0_48:0_49:0_50:0_51:0_52:0_53:0_54:0_55:0_56:0_57:0_58:0_59:0_60:0_61:0_62:0_63:0_64:0_65:0_66:0_67:0_68:0_69:0_70:0_71:0_72:0_73:0_74:0_75:0_76:0_77:0_78:0_79:0_80:0_81:0_82:0_83:0_84:0_85:0_86:0_87:0_88:0_89:0_90:0_91:0_92:0_93:0_94:0_95:0_96:0_97:0_98:0_99:0_100:0_101:0_102:0_103:0_104:0_105:0_106:0_107:0_108:0_109:0_110:0_111:0_112:0_113:0_114:0_115:0_116:0_117:0_118:0_119:0_120:0_121:0_122:0_123:0_124:0_125:0_126:0_127:0_128:0_129:0_130:0_131:0_132:0_133:0_134:0_135:0_136:0_137:0_138:0_139:0_140:0_141:0_142:0_143:0_144:0_145:0_146:0_147:0_148:0_149:0_150:0_151:0_152:0_153:0_154:0_155:0_156:0_157:0_158:0_159:0_160:0,0:1,0,0,1:0_2:0_3:0_4:0_5:0_6:0_7:0_8:0_9:0_10:0_11:0_12:0_13:0_14:0_15:0_16:0_17:0_18:0_19:0_20:0_21:0_22:0_23:0_24:0_25:0_26:0_27:0_28:0_29:0_30:0_31:0_32:0_33:0_34:0_35:0_36:0_37:0_38:0_39:0_40:0_41:0_42:0_43:0_44:0_45:0_46:0_47:0_48:0_49:0_50:0_51:0_52:0_53:0_54:0_55:0_56:0_57:0_58:0_59:0_60:0_61:0_62:0_63:0_64:0_65:0_66:0_67:0_68:0_69:0_70:0_71:0_72:0_73:0_74:0_75:0_76:0_77:0_78:0_79:0_80:0_81:0_82:0_83:0_84:0_85:0_86:0_87:0_88:0_89:0_90:0_91:0_92:0_93:0_94:0_95:0_96:0_97:0_98:0_99:0_100:0_101:0_102:0_103:0_104:0_105:0_106:0_107:0_108:0_109:0_110:0_111:0_112:0_113:0_114:0_115:0_116:0_117:0_118:0_119:0_120:0_121:0_122:0_123:0_124:0_125:0_126:0_127:0_128:0_129:0_130:0_131:0_132:0_133:0_134:0_135:0_136:0_137:0_138:0_139:0_140:0_141:0_142:0_143:0_144:0_145:0_146:0_147:0_148:0_149:0_150:0_151:0_152:0_153:0_154:0_155:0_156:0_157:0_158:0_159:0_160:0,0:1,0,0,0,0
1420010,,"42761010,42663010",1:0_2:0_3:0_4:0_5:0_6:0_7:0_8:0_9:0_10:0_11:0_12:0_13:0_14:0_15:0_16:0_17:0_18:0_19:0_20:0_21:0_22:0_23:0_24:0_25:0_26:0_27:0_28:0_29:0_30:0_31:0_32:0_33:0_34:0_35:0_36:0_37:0_38:0_39:0_40:0_41:0_42:0_43:0_44:0_45:0_46:0_47:0_48:0_49:0_50:0_51:0_52:0_53:0_54:0_55:0_56:0_57:0_58:0_59:0_60:0_61:0_62:0_63:0_64:0_65:0_66:0_67:0_68:0_69:0_70:0_71:0_72:0_73:0_74:0_75:0_76:0_77:0_78:0_79:0_80:0_81:0_82:0_83:0_84:0_85:0_86:0_87:0_88:0_89:0_90:0_91:0_92:0_93:0_94:0_95:0_96:0_97:0_98:0_99:0_100:0_101:0_102:0_103:0_104:0_105:0_106:0_107:0_108:0_109:0_110:0_111:0_112:0_113:0_114:0_115:0_116:0_117:0_118:0_119:0_120:0_121:0_122:0_123:0_124:0_125:0_126:0_127:0_128:0_129:0_130:0_131:0_132:0_133:0_134:0_135:0_136:0_137:0_138:0_139:0_140:0_141:0_142:0_143:0_144:0_145:0_146:0_147:0_148:0_149:0_150:0_151:0_152:0_153:0_154:0_155:0_156:0_157:0_158:0_159:0_160:0,0:1,0,0,1:0_2:0_3:0_4:0_5:0_6:0_7:0_8:0_9:0_10:0_11:0_12:0_13:0_14:0_15:0_16:0_17:0_18:0_19:0_20:0_21:0_22:0_23:0_24:0_25:0_26:0_27:0_28:0_29:0_30:0_31:0_32:0_33:0_34:0_35:0_36:0_37:0_38:0_39:0_40:0_41:0_42:0_43:0_44:0_45:0_46:0_47:0_48:0_49:0_50:0_51:0_52:0_53:0_54:0_55:0_56:0_57:0_58:0_59:0_60:0_61:0_62:0_63:0_64:0_65:0_66:0_67:0_68:0_69:0_70:0_71:0_72:0_73:0_74:0_75:0_76:0_77:0_78:0_79:0_80:0_81:0_82:0_83:0_84:0_85:0_86:0_87:0_88:0_89:0_90:0_91:0_92:0_93:0_94:0_95:0_96:0_97:0_98:0_99:0_100:0_101:0_102:0_103:0_104:0_105:0_106:0_107:0_108:0_109:0_110:0_111:0_112:0_113:0_114:0_115:0_116:0_117:0_118:0_119:0_120:0_121:0_122:0_123:0_124:0_125:0_126:0_127:0_128:0_129:0_130:0_131:0_132:0_133:0_134:0_135:0_136:0_137:0_138:0_139:0_140:0_141:0_142:0_143:0_144:0_145:0_146:0_147:0_148:0_149:0_150:0_151:0_152:0_153:0_154:0_155:0_156:0_157:0_158:0_159:0_160:0,0:1,0,0,0,0
1430020,,"42761010,42663010",1:0_2:0_3:0_4:0_5:0_6:0_7:0_8:0_9:0_10:0_11:0_12:0_13:0_14:0_15:0_16:0_17:0_18:0_19:0_20:0_21:0_22:0_23:0_24:0_25:0_26:0_27:0_28:0_29:0_30:0_31:0_32:0_33:0_34:0_35:0_36:0_37:0_38:0_39:0_40:0_41:0_42:0_43:0_44:0_45:0_46:0_47:0_48:0_49:0_50:0_51:0_52:0_53:0_54:0_55:0_56:0_57:0_58:0_59:0_60:0_61:0_62:0_63:0_64:0_65:0_66:0_67:0_68:0_69:0_70:0_71:0_72:0_73:0_74:0_75:0_76:0_77:0_78:0_79:0_80:0_81:0_82:0_83:0_84:0_85:0_86:0_87:0_88:0_89:0_90:0_91:0_92:0_93:0_94:0_95:0_96:0_97:0_98:0_99:0_100:0_101:0_102:0_103:0_104:0_105:0_106:0_107:0_108:0_109:0_110:0_111:0_112:0_113:0_114:0_115:0_116:0_117:0_118:0_119:0_120:0_121:0_122:0_123:0_124:0_125:0_126:0_127:0_128:0_129:0_130:0_131:0_132:0_133:0_134:0_135:0_136:0_137:0_138:0_139:0_140:0_141:0_142:0_143:0_144:0_145:0_146:0_147:0_148:0_149:0_150:0_151:0_152:0_153:0_154:0_155:0_156:0_157:0_158:0_159:0_160:0,0:1,0,0,1:0_2:0_3:0_4:0_5:0_6:0_7:0_8:0_9:0_10:0_11:0_12:0_13:0_14:0_15:0_16:0_17:0_18:0_19:0_20:0_21:0_22:0_23:0_24:0_25:0_26:0_27:0_28:0_29:0_30:0_31:0_32:0_33:0_34:0_35:0_36:0_37:0_38:0_39:0_40:0_41:0_42:0_43:0_44:0_45:0_46:0_47:0_48:0_49:0_50:0_51:0_52:0_53:0_54:0_55:0_56:0_57:0_58:0_59:0_60:0_61:0_62:0_63:0_64:0_65:0_66:0_67:0_68:0_69:0_70:0_71:0_72:0_73:0_74:0_75:0_76:0_77:0_78:0_79:0_80:0_81:0_82:0_83:0_84:0_85:0_86:0_87:0_88:0_89:0_90:0_91:0_92:0_93:0_94:0_95:0_96:0_97:0_98:0_99:0_100:0_101:0_102:0_103:0_104:0_105:0_106:0_107:0_108:0_109:0_110:0_111:0_112:0_113:0_114:0_115:0_116:0_117:0_118:0_119:0_120:0_121:0_122:0_123:0_124:0_125:0_126:0_127:0_128:0_129:0_130:0_131:0_132:0_133:0_134:0_135:0_136:0_137:0_138:0_139:0_140:0_141:0_142:0_143:0_144:0_145:0_146:0_147:0_148:0_149:0_150:0_151:0_152:0_153:0_154:0_155:0_156:0_157:0_158:0_159:0_160:0,0:1,0,0,0,0
1430010,,"42761010,42663010",1:0_2:0_3:0_4:0_5:0_6:0_7:0_8:0_9:0_10:0_11:0_12:0_13:0_14:0_15:0_16:0_17:0_18:0_19:0_20:0_21:0_22:0_23:0_24:0_25:0_26:0_27:0_28:0_29:0_30:0_31:0_32:0_33:0_34:0_35:0_36:0_37:0_38:0_39:0_40:0_41:0_42:0_43:0_44:0_45:0_46:0_47:0_48:0_49:0_50:0_51:0_52:0_53:0_54:0_55:0_56:0_57:0_58:0_59:0_60:0_61:0_62:0_63:0_64:0_65:0_66:0_67:0_68:0_69:0_70:0_71:0_72:0_73:0_74:0_75:0_76:0_77:0_78:0_79:0_80:0_81:0_82:0_83:0_84:0_85:0_86:0_87:0_88:0_89:0_90:0_91:0_92:0_93:0_94:0_95:0_96:0_97:0_98:0_99:0_100:0_101:0_102:0_103:0_104:0_105:0_106:0_107:0_108:0_109:0_110:0_111:0_112:0_113:0_114:0_115:0_116:0_117:0_118:0_119:0_120:0_121:0_122:0_123:0_124:0_125:0_126:0_127:0_128:0_129:0_130:0_131:0_132:0_133:0_134:0_135:0_136:0_137:0_138:0_139:0_140:0_141:0_142:0_143:0_144:0_145:0_146:0_147:0_148:0_149:0_150:0_151:0_152:0_153:0_154:0_155:0_156:0_157:0_158:0_159:0_160:0,0:1,0,0,1:0_2:0_3:0_4:0_5:0_6:0_7:0_8:0_9:0_10:0_11:0_12:0_13:0_14:0_15:0_16:0_17:0_18:0_19:0_20:0_21:0_22:0_23:0_24:0_25:0_26:0_27:0_28:0_29:0_30:0_31:0_32:0_33:0_34:0_35:0_36:0_37:0_38:0_39:0_40:0_41:0_42:0_43:0_44:0_45:0_46:0_47:0_48:0_49:0_50:0_51:0_52:0_53:0_54:0_55:0_56:0_57:0_58:0_59:0_60:0_61:0_62:0_63:0_64:0_65:0_66:0_67:0_68:0_69:0_70:0_71:0_72:0_73:0_74:0_75:0_76:0_77:0_78:0_79:0_80:0_81:0_82:0_83:0_84:0_85:0_86:0_87:0_88:0_89:0_90:0_91:0_92:0_93:0_94:0_95:0_96:0_97:0_98:0_99:0_100:0_101:0_102:0_103:0_104:0_105:0_106:0_107:0_108:0_109:0_110:0_111:0_112:0_113:0_114:0_115:0_116:0_117:0_118:0_119:0_120:0_121:0_122:0_123:0_124:0_125:0_126:0_127:0_128:0_129:0_130:0_131:0_132:0_133:0_134:0_135:0_136:0_137:0_138:0_139:0_140:0_141:0_142:0_143:0_144:0_145:0_146:0_147:0_148:0_149:0_150:0_151:0_152:0_153:0_154:0_155:0_156:0_157:0_158:0_159:0_160:0,0:1,0,0,0,0
1440020,,"42761010,42663010",1:0_2:0_3:0_4:0_5:0_6:0_7:0_8:0_9:0_10:0_11:0_12:0_13:0_14:0_15:0_16:0_17:0_18:0_19:0_20:0_21:0_22:0_23:0_24:0_25:0_26:0_27:0_28:0_29:0_30:0_31:0_32:0_33:0_34:0_35:0_36:0_37:0_38:0_39:0_40:0_41:0_42:0_43:0_44:0_45:0_46:0_47:0_48:0_49:0_50:0_51:0_52:0_53:0_54:0_55:0_56:0_57:0_58:0_59:0_60:0_61:0_62:0_63:0_64:0_65:0_66:0_67:0_68:0_69:0_70:0_71:0_72:0_73:0_74:0_75:0_76:0_77:0_78:0_79:0_80:0_81:0_82:0_83:0_84:0_85:0_86:0_87:0_88:0_89:0_90:0_91:0_92:0_93:0_94:0_95:0_96:0_97:0_98:0_99:0_100:0_101:0_102:0_103:0_104:0_105:0_106:0_107:0_108:0_109:0_110:0_111:0_112:0_113:0_114:0_115:0_116:0_117:0_118:0_119:0_120:0_121:0_122:0_123:0_124:0_125:0_126:0_127:0_128:0_129:0_130:0_131:0_132:0_133:0_134:0_135:0_136:0_137:0_138:0_139:0_140:0_141:0_142:0_143:0_144:0_145:0_146:0_147:0_148:0_149:0_150:0_151:0_152:0_153:0_154:0_155:0_156:0_157:0_158:0_159:0_160:0,0:1,0,0,1:0_2:0_3:0_4:0_5:0_6:0_7:0_8:0_9:0_10:0_11:0_12:0_13:0_14:0_15:0_16:0_17:0_18:0_19:0_20:0_21:0_22:0_23:0_24:0_25:0_26:0_27:0_28:0_29:0_30:0_31:0_32:0_33:0_34:0_35:0_36:0_37:0_38:0_39:0_40:0_41:0_42:0_43:0_44:0_45:0_46:0_47:0_48:0_49:0_50:0_51:0_52:0_53:0_54:0_55:0_56:0_57:0_58:0_59:0_60:0_61:0_62:0_63:0_64:0_65:0_66:0_67:0_68:0_69:0_70:0_71:0_72:0_73:0_74:0_75:0_76:0_77:0_78:0_79:0_80:0_81:0_82:0_83:0_84:0_85:0_86:0_87:0_88:0_89:0_90:0_91:0_92:0_93:0_94:0_95:0_96:0_97:0_98:0_99:0_100:0_101:0_102:0_103:0_104:0_105:0_106:0_107:0_108:0_109:0_110:0_111:0_112:0_113:0_114:0_115:0_116:0_117:0_118:0_119:0_120:0_121:0_122:0_123:0_124:0_125:0_126:0_127:0_128:0_129:0_130:0_131:0_132:0_133:0_134:0_135:0_136:0_137:0_138:0_139:0_140:0_141:0_142:0_143:0_144:0_145:0_146:0_147:0_148:0_149:0_150:0_151:0_152:0_153:0_154:0_155:0_156:0_157:0_158:0_159:0_160:0,0:1,0,0,0,0
1440010,,"42761010,42663010",1:0_2:0_3:0_4:0_5:0_6:0_7:0_8:0_9:0_10:0_11:0_12:0_13:0_14:0_15:0_16:0_17:0_18:0_19:0_20:0_21:0_22:0_23:0_24:0_25:0_26:0_27:0_28:0_29:0_30:0_31:0_32:0_33:0_34:0_35:0_36:0_37:0_38:0_39:0_40:0_41:0_42:0_43:0_44:0_45:0_46:0_47:0_48:0_49:0_50:0_51:0_52:0_53:0_54:0_55:0_56:0_57:0_58:0_59:0_60:0_61:0_62:0_63:0_64:0_65:0_66:0_67:0_68:0_69:0_70:0_71:0_72:0_73:0_74:0_75:0_76:0_77:0_78:0_79:0_80:0_81:0_82:0_83:0_84:0_85:0_86:0_87:0_88:0_89:0_90:0_91:0_92:0_93:0_94:0_95:0_96:0_97:0_98:0_99:0_100:0_101:0_102:0_103:0_104:0_105:0_106:0_107:0_108:0_109:0_110:0_111:0_112:0_113:0_114:0_115:0_116:0_117:0_118:0_119:0_120:0_121:0_122:0_123:0_124:0_125:0_126:0_127:0_128:0_129:0_130:0_131:0_132:0_133:0_134:0_135:0_136:0_137:0_138:0_139:0_140:0_141:0_142:0_143:0_144:0_145:0_146:0_147:0_148:0_149:0_150:0_151:0_152:0_153:0_154:0_155:0_156:0_157:0_158:0_159:0_160:0,0:1,0,0,1:0_2:0_3:0_4:0_5:0_6:0_7:0_8:0_9:0_10:0_11:0_12:0_13:0_14:0_15:0_16:0_17:0_18:0_19:0_20:0_21:0_22:0_23:0_24:0_25:0_26:0_27:0_28:0_29:0_30:0_31:0_32:0_33:0_34:0_35:0_36:0_37:0_38:0_39:0_40:0_41:0_42:0_43:0_44:0_45:0_46:0_47:0_48:0_49:0_50:0_51:0_52:0_53:0_54:0_55:0_56:0_57:0_58:0_59:0_60:0_61:0_62:0_63:0_64:0_65:0_66:0_67:0_68:0_69:0_70:0_71:0_72:0_73:0_74:0_75:0_76:0_77:0_78:0_79:0_80:0_81:0_82:0_83:0_84:0_85:0_86:0_87:0_88:0_89:0_90:0_91:0_92:0_93:0_94:0_95:0_96:0_97:0_98:0_99:0_100:0_101:0_102:0_103:0_104:0_105:0_106:0_107:0_108:0_109:0_110:0_111:0_112:0_113:0_114:0_115:0_116:0_117:0_118:0_119:0_120:0_121:0_122:0_123:0_124:0_125:0_126:0_127:0_128:0_129:0_130:0_131:0_132:0_133:0_134:0_135:0_136:0_137:0_138:0_139:0_140:0_141:0_142:0_143:0_144:0_145:0_146:0_147:0_148:0_149:0_150:0_151:0_152:0_153:0_154:0_155:0_156:0_157:0_158:0_159:0_160:0,0:1,0,0,0,0
1450020,,"42761010,42663010",1:0_2:0_3:0_4:0_5:0_6:0_7:0_8:0_9:0_10:0_11:0_12:0_13:0_14:0_15:0_16:0_17:0_18:0_19:0_20:0_21:0_22:0_23:0_24:0_25:0_26:0_27:0_28:0_29:0_30:0_31:0_32:0_33:0_34:0_35:0_36:0_37:0_38:0_39:0_40:0_41:0_42:0_43:0_44:0_45:0_46:0_47:0_48:0_49:0_50:0_51:0_52:0_53:0_54:0_55:0_56:0_57:0_58:0_59:0_60:0_61:0_62:0_63:0_64:0_65:0_66:0_67:0_68:0_69:0_70:0_71:0_72:0_73:0_74:0_75:0_76:0_77:0_78:0_79:0_80:0_81:0_82:0_83:0_84:0_85:0_86:0_87:0_88:0_89:0_90:0_91:0_92:0_93:0_94:0_95:0_96:0_97:0_98:0_99:0_100:0_101:0_102:0_103:0_104:0_105:0_106:0_107:0_108:0_109:0_110:0_111:0_112:0_113:0_114:0_115:0_116:0_117:0_118:0_119:0_120:0_121:0_122:0_123:0_124:0_125:0_126:0_127:0_128:0_129:0_130:0_131:0_132:0_133:0_134:0_135:0_136:0_137:0_138:0_139:0_140:0_141:0_142:0_143:0_144:0_145:0_146:0_147:0_148:0_149:0_150:0_151:0_152:0_153:0_154:0_155:0_156:0_157:0_158:0_159:0_160:0,0:1,0,0,1:0_2:0_3:0_4:0_5:0_6:0_7:0_8:0_9:0_10:0_11:0_12:0_13:0_14:0_15:0_16:0_17:0_18:0_19:0_20:0_21:0_22:0_23:0_24:0_25:0_26:0_27:0_28:0_29:0_30:0_31:0_32:0_33:0_34:0_35:0_36:0_37:0_38:0_39:0_40:0_41:0_42:0_43:0_44:0_45:0_46:0_47:0_48:0_49:0_50:0_51:0_52:0_53:0_54:0_55:0_56:0_57:0_58:0_59:0_60:0_61:0_62:0_63:0_64:0_65:0_66:0_67:0_68:0_69:0_70:0_71:0_72:0_73:0_74:0_75:0_76:0_77:0_78:0_79:0_80:0_81:0_82:0_83:0_84:0_85:0_86:0_87:0_88:0_89:0_90:0_91:0_92:0_93:0_94:0_95:0_96:0_97:0_98:0_99:0_100:0_101:0_102:0_103:0_104:0_105:0_106:0_107:0_108:0_109:0_110:0_111:0_112:0_113:0_114:0_115:0_116:0_117:0_118:0_119:0_120:0_121:0_122:0_123:0_124:0_125:0_126:0_127:0_128:0_129:0_130:0_131:0_132:0_133:0_134:0_135:0_136:0_137:0_138:0_139:0_140:0_141:0_142:0_143:0_144:0_145:0_146:0_147:0_148:0_149:0_150:0_151:0_152:0_153:0_154:0_155:0_156:0_157:0_158:0_159:0_160:0,0:1,0,0,0,0
1450010,,"42761010,42663010",1:0_2:0_3:0_4:0_5:0_6:0_7:0_8:0_9:0_10:0_11:0_12:0_13:0_14:0_15:0_16:0_17:0_18:0_19:0_20:0_21:0_22:0_23:0_24:0_25:0_26:0_27:0_28:0_29:0_30:0_31:0_32:0_33:0_34:0_35:0_36:0_37:0_38:0_39:0_40:0_41:0_42:0_43:0_44:0_45:0_46:0_47:0_48:0_49:0_50:0_51:0_52:0_53:0_54:0_55:0_56:0_57:0_58:0_59:0_60:0_61:0_62:0_63:0_64:0_65:0_66:0_67:0_68:0_69:0_70:0_71:0_72:0_73:0_74:0_75:0_76:0_77:0_78:0_79:0_80:0_81:0_82:0_83:0_84:0_85:0_86:0_87:0_88:0_89:0_90:0_91:0_92:0_93:0_94:0_95:0_96:0_97:0_98:0_99:0_100:0_101:0_102:0_103:0_104:0_105:0_106:0_107:0_108:0_109:0_110:0_111:0_112:0_113:0_114:0_115:0_116:0_117:0_118:0_119:0_120:0_121:0_122:0_123:0_124:0_125:0_126:0_127:0_128:0_129:0_130:0_131:0_132:0_133:0_134:0_135:0_136:0_137:0_138:0_139:0_140:0_141:0_142:0_143:0_144:0_145:0_146:0_147:0_148:0_149:0_150:0_151:0_152:0_153:0_154:0_155:0_156:0_157:0_158:0_159:0_160:0,0:1,0,0,1:0_2:0_3:0_4:0_5:0_6:0_7:0_8:0_9:0_10:0_11:0_12:0_13:0_14:0_15:0_16:0_17:0_18:0_19:0_20:0_21:0_22:0_23:0_24:0_25:0_26:0_27:0_28:0_29:0_30:0_31:0_32:0_33:0_34:0_35:0_36:0_37:0_38:0_39:0_40:0_41:0_42:0_43:0_44:0_45:0_46:0_47:0_48:0_49:0_50:0_51:0_52:0_53:0_54:0_55:0_56:0_57:0_58:0_59:0_60:0_61:0_62:0_63:0_64:0_65:0_66:0_67:0_68:0_69:0_70:0_71:0_72:0_73:0_74:0_75:0_76:0_77:0_78:0_79:0_80:0_81:0_82:0_83:0_84:0_85:0_86:0_87:0_88:0_89:0_90:0_91:0_92:0_93:0_94:0_95:0_96:0_97:0_98:0_99:0_100:0_101:0_102:0_103:0_104:0_105:0_106:0_107:0_108:0_109:0_110:0_111:0_112:0_113:0_114:0_115:0_116:0_117:0_118:0_119:0_120:0_121:0_122:0_123:0_124:0_125:0_126:0_127:0_128:0_129:0_130:0_131:0_132:0_133:0_134:0_135:0_136:0_137:0_138:0_139:0_140:0_141:0_142:0_143:0_144:0_145:0_146:0_147:0_148:0_149:0_150:0_151:0_152:0_153:0_154:0_155:0_156:0_157:0_158:0_159:0_160:0,0:1,0,0,0,0
1460020,,"42761010,42663010",1:0_2:0_3:0_4:0_5:0_6:0_7:0_8:0_9:0_10:0_11:0_12:0_13:0_14:0_15:0_16:0_17:0_18:0_19:0_20:0_21:0_22:0_23:0_24:0_25:0_26:0_27:0_28:0_29:0_30:0_31:0_32:0_33:0_34:0_35:0_36:0_37:0_38:0_39:0_40:0_41:0_42:0_43:0_44:0_45:0_46:0_47:0_48:0_49:0_50:0_51:0_52:0_53:0_54:0_55:0_56:0_57:0_58:0_59:0_60:0_61:0_62:0_63:0_64:0_65:0_66:0_67:0_68:0_69:0_70:0_71:0_72:0_73:0_74:0_75:0_76:0_77:0_78:0_79:0_80:0_81:0_82:0_83:0_84:0_85:0_86:0_87:0_88:0_89:0_90:0_91:0_92:0_93:0_94:0_95:0_96:0_97:0_98:0_99:0_100:0_101:0_102:0_103:0_104:0_105:0_106:0_107:0_108:0_109:0_110:0_111:0_112:0_113:0_114:0_115:0_116:0_117:0_118:0_119:0_120:0_121:0_122:0_123:0_124:0_125:0_126:0_127:0_128:0_129:0_130:0_131:0_132:0_133:0_134:0_135:0_136:0_137:0_138:0_139:0_140:0_141:0_142:0_143:0_144:0_145:0_146:0_147:0_148:0_149:0_150:0_151:0_152:0_153:0_154:0_155:0_156:0_157:0_158:0_159:0_160:0,0:1,0,0,1:0_2:0_3:0_4:0_5:0_6:0_7:0_8:0_9:0_10:0_11:0_12:0_13:0_14:0_15:0_16:0_17:0_18:0_19:0_20:0_21:0_22:0_23:0_24:0_25:0_26:0_27:0_28:0_29:0_30:0_31:0_32:0_33:0_34:0_35:0_36:0_37:0_38:0_39:0_40:0_41:0_42:0_43:0_44:0_45:0_46:0_47:0_48:0_49:0_50:0_51:0_52:0_53:0_54:0_55:0_56:0_57:0_58:0_59:0_60:0_61:0_62:0_63:0_64:0_65:0_66:0_67:0_68:0_69:0_70:0_71:0_72:0_73:0_74:0_75:0_76:0_77:0_78:0_79:0_80:0_81:0_82:0_83:0_84:0_85:0_86:0_87:0_88:0_89:0_90:0_91:0_92:0_93:0_94:0_95:0_96:0_97:0_98:0_99:0_100:0_101:0_102:0_103:0_104:0_105:0_106:0_107:0_108:0_109:0_110:0_111:0_112:0_113:0_114:0_115:0_116:0_117:0_118:0_119:0_120:0_121:0_122:0_123:0_124:0_125:0_126:0_127:0_128:0_129:0_130:0_131:0_132:0_133:0_134:0_135:0_136:0_137:0_138:0_139:0_140:0_141:0_142:0_143:0_144:0_145:0_146:0_147:0_148:0_149:0_150:0_151:0_152:0_153:0_154:0_155:0_156:0_157:0_158:0_159:0_160:0,0:1,0,0,0,0
1460010,,"42761010,42663010",1:0_2:0_3:0_4:0_5:0_6:0_7:0_8:0_9:0_10:0_11:0_12:0_13:0_14:0_15:0_16:0_17:0_18:0_19:0_20:0_21:0_22:0_23:0_24:0_25:0_26:0_27:0_28:0_29:0_30:0_31:0_32:0_33:0_34:0_35:0_36:0_37:0_38:0_39:0_40:0_41:0_42:0_43:0_44:0_45:0_46:0_47:0_48:0_49:0_50:0_51:0_52:0_53:0_54:0_55:0_56:0_57:0_58:0_59:0_60:0_61:0_62:0_63:0_64:0_65:0_66:0_67:0_68:0_69:0_70:0_71:0_72:0_73:0_74:0_75:0_76:0_77:0_78:0_79:0_80:0_81:0_82:0_83:0_84:0_85:0_86:0_87:0_88:0_89:0_90:0_91:0_92:0_93:0_94:0_95:0_96:0_97:0_98:0_99:0_100:0_101:0_102:0_103:0_104:0_105:0_106:0_107:0_108:0_109:0_110:0_111:0_112:0_113:0_114:0_115:0_116:0_117:0_118:0_119:0_120:0_121:0_122:0_123:0_124:0_125:0_126:0_127:0_128:0_129:0_130:0_131:0_132:0_133:0_134:0_135:0_136:0_137:0_138:0_139:0_140:0_141:0_142:0_143:0_144:0_145:0_146:0_147:0_148:0_149:0_150:0_151:0_152:0_153:0_154:0_155:0_156:0_157:0_158:0_159:0_160:0,0:1,0,0,1:0_2:0_3:0_4:0_5:0_6:0_7:0_8:0_9:0_10:0_11:0_12:0_13:0_14:0_15:0_16:0_17:0_18:0_19:0_20:0_21:0_22:0_23:0_24:0_25:0_26:0_27:0_28:0_29:0_30:0_31:0_32:0_33:0_34:0_35:0_36:0_37:0_38:0_39:0_40:0_41:0_42:0_43:0_44:0_45:0_46:0_47:0_48:0_49:0_50:0_51:0_52:0_53:0_54:0_55:0_56:0_57:0_58:0_59:0_60:0_61:0_62:0_63:0_64:0_65:0_66:0_67:0_68:0_69:0_70:0_71:0_72:0_73:0_74:0_75:0_76:0_77:0_78:0_79:0_80:0_81:0_82:0_83:0_84:0_85:0_86:0_87:0_88:0_89:0_90:0_91:0_92:0_93:0_94:0_95:0_96:0_97:0_98:0_99:0_100:0_101:0_102:0_103:0_104:0_105:0_106:0_107:0_108:0_109:0_110:0_111:0_112:0_113:0_114:0_115:0_116:0_117:0_118:0_119:0_120:0_121:0_122:0_123:0_124:0_125:0_126:0_127:0_128:0_129:0_130:0_131:0_132:0_133:0_134:0_135:0_136:0_137:0_138:0_139:0_140:0_141:0_142:0_143:0_144:0_145:0_146:0_147:0_148:0_149:0_150:0_151:0_152:0_153:0_154:0_155:0_156:0_157:0_158:0_159:0_160:0,0:1,0,0,0,0
1470020,,"42761010,42663010",1:0_2:0_3:0_4:0_5:0_6:0_7:0_8:0_9:0_10:0_11:0_12:0_13:0_14:0_15:0_16:0_17:0_18:0_19:0_20:0_21:0_22:0_23:0_24:0_25:0_26:0_27:0_28:0_29:0_30:0_31:0_32:0_33:0_34:0_35:0_36:0_37:0_38:0_39:0_40:0_41:0_42:0_43:0_44:0_45:0_46:0_47:0_48:0_49:0_50:0_51:0_52:0_53:0_54:0_55:0_56:0_57:0_58:0_59:0_60:0_61:0_62:0_63:0_64:0_65:0_66:0_67:0_68:0_69:0_70:0_71:0_72:0_73:0_74:0_75:0_76:0_77:0_78:0_79:0_80:0_81:0_82:0_83:0_84:0_85:0_86:0_87:0_88:0_89:0_90:0_91:0_92:0_93:0_94:0_95:0_96:0_97:0_98:0_99:0_100:0_101:0_102:0_103:0_104:0_105:0_106:0_107:0_108:0_109:0_110:0_111:0_112:0_113:0_114:0_115:0_116:0_117:0_118:0_119:0_120:0_121:0_122:0_123:0_124:0_125:0_126:0_127:0_128:0_129:0_130:0_131:0_132:0_133:0_134:0_135:0_136:0_137:0_138:0_139:0_140:0_141:0_142:0_143:0_144:0_145:0_146:0_147:0_148:0_149:0_150:0_151:0_152:0_153:0_154:0_155:0_156:0_157:0_158:0_159:0_160:0,0:1,0,0,1:0_2:0_3:0_4:0_5:0_6:0_7:0_8:0_9:0_10:0_11:0_12:0_13:0_14:0_15:0_16:0_17:0_18:0_19:0_20:0_21:0_22:0_23:0_24:0_25:0_26:0_27:0_28:0_29:0_30:0_31:0_32:0_33:0_34:0_35:0_36:0_37:0_38:0_39:0_40:0_41:0_42:0_43:0_44:0_45:0_46:0_47:0_48:0_49:0_50:0_51:0_52:0_53:0_54:0_55:0_56:0_57:0_58:0_59:0_60:0_61:0_62:0_63:0_64:0_65:0_66:0_67:0_68:0_69:0_70:0_71:0_72:0_73:0_74:0_75:0_76:0_77:0_78:0_79:0_80:0_81:0_82:0_83:0_84:0_85:0_86:0_87:0_88:0_89:0_90:0_91:0_92:0_93:0_94:0_95:0_96:0_97:0_98:0_99:0_100:0_101:0_102:0_103:0_104:0_105:0_106:0_107:0_108:0_109:0_110:0_111:0_112:0_113:0_114:0_115:0_116:0_117:0_118:0_119:0_120:0_121:0_122:0_123:0_124:0_125:0_126:0_127:0_128:0_129:0_130:0_131:0_132:0_133:0_134:0_135:0_136:0_137:0_138:0_139:0_140:0_141:0_142:0_143:0_144:0_145:0_146:0_147:0_148:0_149:0_150:0_151:0_152:0_153:0_154:0_155:0_156:0_157:0_158:0_159:0_160:0,0:1,0,0,0,0
1470010,,"42761010,42663010",1:0_2:0_3:0_4:0_5:0_6:0_7:0_8:0_9:0_10:0_11:0_12:0_13:0_14:0_15:0_16:0_17:0_18:0_19:0_20:0_21:0_22:0_23:0_24:0_25:0_26:0_27:0_28:0_29:0_30:0_31:0_32:0_33:0_34:0_35:0_36:0_37:0_38:0_39:0_40:0_41:0_42:0_43:0_44:0_45:0_46:0_47:0_48:0_49:0_50:0_51:0_52:0_53:0_54:0_55:0_56:0_57:0_58:0_59:0_60:0_61:0_62:0_63:0_64:0_65:0_66:0_67:0_68:0_69:0_70:0_71:0_72:0_73:0_74:0_75:0_76:0_77:0_78:0_79:0_80:0_81:0_82:0_83:0_84:0_85:0_86:0_87:0_88:0_89:0_90:0_91:0_92:0_93:0_94:0_95:0_96:0_97:0_98:0_99:0_100:0_101:0_102:0_103:0_104:0_105:0_106:0_107:0_108:0_109:0_110:0_111:0_112:0_113:0_114:0_115:0_116:0_117:0_118:0_119:0_120:0_121:0_122:0_123:0_124:0_125:0_126:0_127:0_128:0_129:0_130:0_131:0_132:0_133:0_134:0_135:0_136:0_137:0_138:0_139:0_140:0_141:0_142:0_143:0_144:0_145:0_146:0_147:0_148:0_149:0_150:0_151:0_152:0_153:0_154:0_155:0_156:0_157:0_158:0_159:0_160:0,0:1,0,0,1:0_2:0_3:0_4:0_5:0_6:0_7:0_8:0_9:0_10:0_11:0_12:0_13:0_14:0_15:0_16:0_17:0_18:0_19:0_20:0_21:0_22:0_23:0_24:0_25:0_26:0_27:0_28:0_29:0_30:0_31:0_32:0_33:0_34:0_35:0_36:0_37:0_38:0_39:0_40:0_41:0_42:0_43:0_44:0_45:0_46:0_47:0_48:0_49:0_50:0_51:0_52:0_53:0_54:0_55:0_56:0_57:0_58:0_59:0_60:0_61:0_62:0_63:0_64:0_65:0_66:0_67:0_68:0_69:0_70:0_71:0_72:0_73:0_74:0_75:0_76:0_77:0_78:0_79:0_80:0_81:0_82:0_83:0_84:0_85:0_86:0_87:0_88:0_89:0_90:0_91:0_92:0_93:0_94:0_95:0_96:0_97:0_98:0_99:0_100:0_101:0_102:0_103:0_104:0_105:0_106:0_107:0_108:0_109:0_110:0_111:0_112:0_113:0_114:0_115:0_116:0_117:0_118:0_119:0_120:0_121:0_122:0_123:0_124:0_125:0_126:0_127:0_128:0_129:0_130:0_131:0_132:0_133:0_134:0_135:0_136:0_137:0_138:0_139:0_140:0_141:0_142:0_143:0_144:0_145:0_146:0_147:0_148:0_149:0_150:0_151:0_152:0_153:0_154:0_155:0_156:0_157:0_158:0_159:0_160:0,0:1,0,0,0,0
1480020,,"42761010,42663010",1:0_2:0_3:0_4:0_5:0_6:0_7:0_8:0_9:0_10:0_11:0_12:0_13:0_14:0_15:0_16:0_17:0_18:0_19:0_20:0_21:0_22:0_23:0_24:0_25:0_26:0_27:0_28:0_29:0_30:0_31:0_32:0_33:0_34:0_35:0_36:0_37:0_38:0_39:0_40:0_41:0_42:0_43:0_44:0_45:0_46:0_47:0_48:0_49:0_50:0_51:0_52:0_53:0_54:0_55:0_56:0_57:0_58:0_59:0_60:0_61:0_62:0_63:0_64:0_65:0_66:0_67:0_68:0_69:0_70:0_71:0_72:0_73:0_74:0_75:0_76:0_77:0_78:0_79:0_80:0_81:0_82:0_83:0_84:0_85:0_86:0_87:0_88:0_89:0_90:0_91:0_92:0_93:0_94:0_95:0_96:0_97:0_98:0_99:0_100:0_101:0_102:0_103:0_104:0_105:0_106:0_107:0_108:0_109:0_110:0_111:0_112:0_113:0_114:0_115:0_116:0_117:0_118:0_119:0_120:0_121:0_122:0_123:0_124:0_125:0_126:0_127:0_128:0_129:0_130:0_131:0_132:0_133:0_134:0_135:0_136:0_137:0_138:0_139:0_140:0_141:0_142:0_143:0_144:0_145:0_146:0_147:0_148:0_149:0_150:0_151:0_152:0_153:0_154:0_155:0_156:0_157:0_158:0_159:0_160:0,0:1,0,0,1:0_2:0_3:0_4:0_5:0_6:0_7:0_8:0_9:0_10:0_11:0_12:0_13:0_14:0_15:0_16:0_17:0_18:0_19:0_20:0_21:0_22:0_23:0_24:0_25:0_26:0_27:0_28:0_29:0_30:0_31:0_32:0_33:0_34:0_35:0_36:0_37:0_38:0_39:0_40:0_41:0_42:0_43:0_44:0_45:0_46:0_47:0_48:0_49:0_50:0_51:0_52:0_53:0_54:0_55:0_56:0_57:0_58:0_59:0_60:0_61:0_62:0_63:0_64:0_65:0_66:0_67:0_68:0_69:0_70:0_71:0_72:0_73:0_74:0_75:0_76:0_77:0_78:0_79:0_80:0_81:0_82:0_83:0_84:0_85:0_86:0_87:0_88:0_89:0_90:0_91:0_92:0_93:0_94:0_95:0_96:0_97:0_98:0_99:0_100:0_101:0_102:0_103:0_104:0_105:0_106:0_107:0_108:0_109:0_110:0_111:0_112:0_113:0_114:0_115:0_116:0_117:0_118:0_119:0_120:0_121:0_122:0_123:0_124:0_125:0_126:0_127:0_128:0_129:0_130:0_131:0_132:0_133:0_134:0_135:0_136:0_137:0_138:0_139:0_140:0_141:0_142:0_143:0_144:0_145:0_146:0_147:0_148:0_149:0_150:0_151:0_152:0_153:0_154:0_155:0_156:0_157:0_158:0_159:0_160:0,0:1,0,0,0,0
1480010,,"42761010,42663010",1:0_2:0_3:0_4:0_5:0_6:0_7:0_8:0_9:0_10:0_11:0_12:0_13:0_14:0_15:0_16:0_17:0_18:0_19:0_20:0_21:0_22:0_23:0_24:0_25:0_26:0_27:0_28:0_29:0_30:0_31:0_32:0_33:0_34:0_35:0_36:0_37:0_38:0_39:0_40:0_41:0_42:0_43:0_44:0_45:0_46:0_47:0_48:0_49:0_50:0_51:0_52:0_53:0_54:0_55:0_56:0_57:0_58:0_59:0_60:0_61:0_62:0_63:0_64:0_65:0_66:0_67:0_68:0_69:0_70:0_71:0_72:0_73:0_74:0_75:0_76:0_77:0_78:0_79:0_80:0_81:0_82:0_83:0_84:0_85:0_86:0_87:0_88:0_89:0_90:0_91:0_92:0_93:0_94:0_95:0_96:0_97:0_98:0_99:0_100:0_101:0_102:0_103:0_104:0_105:0_106:0_107:0_108:0_109:0_110:0_111:0_112:0_113:0_114:0_115:0_116:0_117:0_118:0_119:0_120:0_121:0_122:0_123:0_124:0_125:0_126:0_127:0_128:0_129:0_130:0_131:0_132:0_133:0_134:0_135:0_136:0_137:0_138:0_139:0_140:0_141:0_142:0_143:0_144:0_145:0_146:0_147:0_148:0_149:0_150:0_151:0_152:0_153:0_154:0_155:0_156:0_157:0_158:0_159:0_160:0,0:1,0,0,1:0_2:0_3:0_4:0_5:0_6:0_7:0_8:0_9:0_10:0_11:0_12:0_13:0_14:0_15:0_16:0_17:0_18:0_19:0_20:0_21:0_22:0_23:0_24:0_25:0_26:0_27:0_28:0_29:0_30:0_31:0_32:0_33:0_34:0_35:0_36:0_37:0_38:0_39:0_40:0_41:0_42:0_43:0_44:0_45:0_46:0_47:0_48:0_49:0_50:0_51:0_52:0_53:0_54:0_55:0_56:0_57:0_58:0_59:0_60:0_61:0_62:0_63:0_64:0_65:0_66:0_67:0_68:0_69:0_70:0_71:0_72:0_73:0_74:0_75:0_76:0_77:0_78:0_79:0_80:0_81:0_82:0_83:0_84:0_85:0_86:0_87:0_88:0_89:0_90:0_91:0_92:0_93:0_94:0_95:0_96:0_97:0_98:0_99:0_100:0_101:0_102:0_103:0_104:0_105:0_106:0_107:0_108:0_109:0_110:0_111:0_112:0_113:0_114:0_115:0_116:0_117:0_118:0_119:0_120:0_121:0_122:0_123:0_124:0_125:0_126:0_127:0_128:0_129:0_130:0_131:0_132:0_133:0_134:0_135:0_136:0_137:0_138:0_139:0_140:0_141:0_142:0_143:0_144:0_145:0_146:0_147:0_148:0_149:0_150:0_151:0_152:0_153:0_154:0_155:0_156:0_157:0_158:0_159:0_160:0,0:1,0,0,0,0
1490020,,"42761010,42663010",1:0_2:0_3:0_4:0_5:0_6:0_7:0_8:0_9:0_10:0_11:0_12:0_13:0_14:0_15:0_16:0_17:0_18:0_19:0_20:0_21:0_22:0_23:0_24:0_25:0_26:0_27:0_28:0_29:0_30:0_31:0_32:0_33:0_34:0_35:0_36:0_37:0_38:0_39:0_40:0_41:0_42:0_43:0_44:0_45:0_46:0_47:0_48:0_49:0_50:0_51:0_52:0_53:0_54:0_55:0_56:0_57:0_58:0_59:0_60:0_61:0_62:0_63:0_64:0_65:0_66:0_67:0_68:0_69:0_70:0_71:0_72:0_73:0_74:0_75:0_76:0_77:0_78:0_79:0_80:0_81:0_82:0_83:0_84:0_85:0_86:0_87:0_88:0_89:0_90:0_91:0_92:0_93:0_94:0_95:0_96:0_97:0_98:0_99:0_100:0_101:0_102:0_103:0_104:0_105:0_106:0_107:0_108:0_109:0_110:0_111:0_112:0_113:0_114:0_115:0_116:0_117:0_118:0_119:0_120:0_121:0_122:0_123:0_124:0_125:0_126:0_127:0_128:0_129:0_130:0_131:0_132:0_133:0_134:0_135:0_136:0_137:0_138:0_139:0_140:0_141:0_142:0_143:0_144:0_145:0_146:0_147:0_148:0_149:0_150:0_151:0_152:0_153:0_154:0_155:0_156:0_157:0_158:0_159:0_160:0,0:1,0,0,1:0_2:0_3:0_4:0_5:0_6:0_7:0_8:0_9:0_10:0_11:0_12:0_13:0_14:0_15:0_16:0_17:0_18:0_19:0_20:0_21:0_22:0_23:0_24:0_25:0_26:0_27:0_28:0_29:0_30:0_31:0_32:0_33:0_34:0_35:0_36:0_37:0_38:0_39:0_40:0_41:0_42:0_43:0_44:0_45:0_46:0_47:0_48:0_49:0_50:0_51:0_52:0_53:0_54:0_55:0_56:0_57:0_58:0_59:0_60:0_61:0_62:0_63:0_64:0_65:0_66:0_67:0_68:0_69:0_70:0_71:0_72:0_73:0_74:0_75:0_76:0_77:0_78:0_79:0_80:0_81:0_82:0_83:0_84:0_85:0_86:0_87:0_88:0_89:0_90:0_91:0_92:0_93:0_94:0_95:0_96:0_97:0_98:0_99:0_100:0_101:0_102:0_103:0_104:0_105:0_106:0_107:0_108:0_109:0_110:0_111:0_112:0_113:0_114:0_115:0_116:0_117:0_118:0_119:0_120:0_121:0_122:0_123:0_124:0_125:0_126:0_127:0_128:0_129:0_130:0_131:0_132:0_133:0_134:0_135:0_136:0_137:0_138:0_139:0_140:0_141:0_142:0_143:0_144:0_145:0_146:0_147:0_148:0_149:0_150:0_151:0_152:0_153:0_154:0_155:0_156:0_157:0_158:0_159:0_160:0,0:1,0,0,0,0
1490010,,"42761010,42663010",1:0_2:0_3:0_4:0_5:0_6:0_7:0_8:0_9:0_10:0_11:0_12:0_13:0_14:0_15:0_16:0_17:0_18:0_19:0_20:0_21:0_22:0_23:0_24:0_25:0_26:0_27:0_28:0_29:0_30:0_31:0_32:0_33:0_34:0_35:0_36:0_37:0_38:0_39:0_40:0_41:0_42:0_43:0_44:0_45:0_46:0_47:0_48:0_49:0_50:0_51:0_52:0_53:0_54:0_55:0_56:0_57:0_58:0_59:0_60:0_61:0_62:0_63:0_64:0_65:0_66:0_67:0_68:0_69:0_70:0_71:0_72:0_73:0_74:0_75:0_76:0_77:0_78:0_79:0_80:0_81:0_82:0_83:0_84:0_85:0_86:0_87:0_88:0_89:0_90:0_91:0_92:0_93:0_94:0_95:0_96:0_97:0_98:0_99:0_100:0_101:0_102:0_103:0_104:0_105:0_106:0_107:0_108:0_109:0_110:0_111:0_112:0_113:0_114:0_115:0_116:0_117:0_118:0_119:0_120:0_121:0_122:0_123:0_124:0_125:0_126:0_127:0_128:0_129:0_130:0_131:0_132:0_133:0_134:0_135:0_136:0_137:0_138:0_139:0_140:0_141:0_142:0_143:0_144:0_145:0_146:0_147:0_148:0_149:0_150:0_151:0_152:0_153:0_154:0_155:0_156:0_157:0_158:0_159:0_160:0,0:1,0,0,1:0_2:0_3:0_4:0_5:0_6:0_7:0_8:0_9:0_10:0_11:0_12:0_13:0_14:0_15:0_16:0_17:0_18:0_19:0_20:0_21:0_22:0_23:0_24:0_25:0_26:0_27:0_28:0_29:0_30:0_31:0_32:0_33:0_34:0_35:0_36:0_37:0_38:0_39:0_40:0_41:0_42:0_43:0_44:0_45:0_46:0_47:0_48:0_49:0_50:0_51:0_52:0_53:0_54:0_55:0_56:0_57:0_58:0_59:0_60:0_61:0_62:0_63:0_64:0_65:0_66:0_67:0_68:0_69:0_70:0_71:0_72:0_73:0_74:0_75:0_76:0_77:0_78:0_79:0_80:0_81:0_82:0_83:0_84:0_85:0_86:0_87:0_88:0_89:0_90:0_91:0_92:0_93:0_94:0_95:0_96:0_97:0_98:0_99:0_100:0_101:0_102:0_103:0_104:0_105:0_106:0_107:0_108:0_109:0_110:0_111:0_112:0_113:0_114:0_115:0_116:0_117:0_118:0_119:0_120:0_121:0_122:0_123:0_124:0_125:0_126:0_127:0_128:0_129:0_130:0_131:0_132:0_133:0_134:0_135:0_136:0_137:0_138:0_139:0_140:0_141:0_142:0_143:0_144:0_145:0_146:0_147:0_148:0_149:0_150:0_151:0_152:0_153:0_154:0_155:0_156:0_157:0_158:0_159:0_160:0,0:1,0,0,0,0
1500020,,"42761010,42663010",1:0_2:0_3:0_4:0_5:0_6:0_7:0_8:0_9:0_10:0_11:0_12:0_13:0_14:0_15:0_16:0_17:0_18:0_19:0_20:0_21:0_22:0_23:0_24:0_25:0_26:0_27:0_28:0_29:0_30:0_31:0_32:0_33:0_34:0_35:0_36:0_37:0_38:0_39:0_40:0_41:0_42:0_43:0_44:0_45:0_46:0_47:0_48:0_49:0_50:0_51:0_52:0_53:0_54:0_55:0_56:0_57:0_58:0_59:0_60:0_61:0_62:0_63:0_64:0_65:0_66:0_67:0_68:0_69:0_70:0_71:0_72:0_73:0_74:0_75:0_76:0_77:0_78:0_79:0_80:0_81:0_82:0_83:0_84:0_85:0_86:0_87:0_88:0_89:0_90:0_91:0_92:0_93:0_94:0_95:0_96:0_97:0_98:0_99:0_100:0_101:0_102:0_103:0_104:0_105:0_106:0_107:0_108:0_109:0_110:0_111:0_112:0_113:0_114:0_115:0_116:0_117:0_118:0_119:0_120:0_121:0_122:0_123:0_124:0_125:0_126:0_127:0_128:0_129:0_130:0_131:0_132:0_133:0_134:0_135:0_136:0_137:0_138:0_139:0_140:0_141:0_142:0_143:0_144:0_145:0_146:0_147:0_148:0_149:0_150:0_151:0_152:0_153:0_154:0_155:0_156:0_157:0_158:0_159:0_160:0,0:1,0,0,1:0_2:0_3:0_4:0_5:0_6:0_7:0_8:0_9:0_10:0_11:0_12:0_13:0_14:0_15:0_16:0_17:0_18:0_19:0_20:0_21:0_22:0_23:0_24:0_25:0_26:0_27:0_28:0_29:0_30:0_31:0_32:0_33:0_34:0_35:0_36:0_37:0_38:0_39:0_40:0_41:0_42:0_43:0_44:0_45:0_46:0_47:0_48:0_49:0_50:0_51:0_52:0_53:0_54:0_55:0_56:0_57:0_58:0_59:0_60:0_61:0_62:0_63:0_64:0_65:0_66:0_67:0_68:0_69:0_70:0_71:0_72:0_73:0_74:0_75:0_76:0_77:0_78:0_79:0_80:0_81:0_82:0_83:0_84:0_85:0_86:0_87:0_88:0_89:0_90:0_91:0_92:0_93:0_94:0_95:0_96:0_97:0_98:0_99:0_100:0_101:0_102:0_103:0_104:0_105:0_106:0_107:0_108:0_109:0_110:0_111:0_112:0_113:0_114:0_115:0_116:0_117:0_118:0_119:0_120:0_121:0_122:0_123:0_124:0_125:0_126:0_127:0_128:0_129:0_130:0_131:0_132:0_133:0_134:0_135:0_136:0_137:0_138:0_139:0_140:0_141:0_142:0_143:0_144:0_145:0_146:0_147:0_148:0_149:0_150:0_151:0_152:0_153:0_154:0_155:0_156:0_157:0_158:0_159:0_160:0,0:1,0,0,0,0
1500010,,"42761010,42663010",1:0_2:0_3:0_4:0_5:0_6:0_7:0_8:0_9:0_10:0_11:0_12:0_13:0_14:0_15:0_16:0_17:0_18:0_19:0_20:0_21:0_22:0_23:0_24:0_25:0_26:0_27:0_28:0_29:0_30:0_31:0_32:0_33:0_34:0_35:0_36:0_37:0_38:0_39:0_40:0_41:0_42:0_43:0_44:0_45:0_46:0_47:0_48:0_49:0_50:0_51:0_52:0_53:0_54:0_55:0_56:0_57:0_58:0_59:0_60:0_61:0_62:0_63:0_64:0_65:0_66:0_67:0_68:0_69:0_70:0_71:0_72:0_73:0_74:0_75:0_76:0_77:0_78:0_79:0_80:0_81:0_82:0_83:0_84:0_85:0_86:0_87:0_88:0_89:0_90:0_91:0_92:0_93:0_94:0_95:0_96:0_97:0_98:0_99:0_100:0_101:0_102:0_103:0_104:0_105:0_106:0_107:0_108:0_109:0_110:0_111:0_112:0_113:0_114:0_115:0_116:0_117:0_118:0_119:0_120:0_121:0_122:0_123:0_124:0_125:0_126:0_127:0_128:0_129:0_130:0_131:0_132:0_133:0_134:0_135:0_136:0_137:0_138:0_139:0_140:0_141:0_142:0_143:0_144:0_145:0_146:0_147:0_148:0_149:0_150:0_151:0_152:0_153:0_154:0_155:0_156:0_157:0_158:0_159:0_160:0,0:1,0,0,1:0_2:0_3:0_4:0_5:0_6:0_7:0_8:0_9:0_10:0_11:0_12:0_13:0_14:0_15:0_16:0_17:0_18:0_19:0_20:0_21:0_22:0_23:0_24:0_25:0_26:0_27:0_28:0_29:0_30:0_31:0_32:0_33:0_34:0_35:0_36:0_37:0_38:0_39:0_40:0_41:0_42:0_43:0_44:0_45:0_46:0_47:0_48:0_49:0_50:0_51:0_52:0_53:0_54:0_55:0_56:0_57:0_58:0_59:0_60:0_61:0_62:0_63:0_64:0_65:0_66:0_67:0_68:0_69:0_70:0_71:0_72:0_73:0_74:0_75:0_76:0_77:0_78:0_79:0_80:0_81:0_82:0_83:0_84:0_85:0_86:0_87:0_88:0_89:0_90:0_91:0_92:0_93:0_94:0_95:0_96:0_97:0_98:0_99:0_100:0_101:0_102:0_103:0_104:0_105:0_106:0_107:0_108:0_109:0_110:0_111:0_112:0_113:0_114:0_115:0_116:0_117:0_118:0_119:0_120:0_121:0_122:0_123:0_124:0_125:0_126:0_127:0_128:0_129:0_130:0_131:0_132:0_133:0_134:0_135:0_136:0_137:0_138:0_139:0_140:0_141:0_142:0_143:0_144:0_145:0_146:0_147:0_148:0_149:0_150:0_151:0_152:0_153:0_154:0_155:0_156:0_157:0_158:0_159:0_160:0,0:1,0,0,0,0
1510020,,"42761010,42663010",1:0_2:0_3:0_4:0_5:0_6:0_7:0_8:0_9:0_10:0_11:0_12:0_13:0_14:0_15:0_16:0_17:0_18:0_19:0_20:0_21:0_22:0_23:0_24:0_25:0_26:0_27:0_28:0_29:0_30:0_31:0_32:0_33:0_34:0_35:0_36:0_37:0_38:0_39:0_40:0_41:0_42:0_43:0_44:0_45:0_46:0_47:0_48:0_49:0_50:0_51:0_52:0_53:0_54:0_55:0_56:0_57:0_58:0_59:0_60:0_61:0_62:0_63:0_64:0_65:0_66:0_67:0_68:0_69:0_70:0_71:0_72:0_73:0_74:0_75:0_76:0_77:0_78:0_79:0_80:0_81:0_82:0_83:0_84:0_85:0_86:0_87:0_88:0_89:0_90:0_91:0_92:0_93:0_94:0_95:0_96:0_97:0_98:0_99:0_100:0_101:0_102:0_103:0_104:0_105:0_106:0_107:0_108:0_109:0_110:0_111:0_112:0_113:0_114:0_115:0_116:0_117:0_118:0_119:0_120:0_121:0_122:0_123:0_124:0_125:0_126:0_127:0_128:0_129:0_130:0_131:0_132:0_133:0_134:0_135:0_136:0_137:0_138:0_139:0_140:0_141:0_142:0_143:0_144:0_145:0_146:0_147:0_148:0_149:0_150:0_151:0_152:0_153:0_154:0_155:0_156:0_157:0_158:0_159:0_160:0,0:1,0,0,1:0_2:0_3:0_4:0_5:0_6:0_7:0_8:0_9:0_10:0_11:0_12:0_13:0_14:0_15:0_16:0_17:0_18:0_19:0_20:0_21:0_22:0_23:0_24:0_25:0_26:0_27:0_28:0_29:0_30:0_31:0_32:0_33:0_34:0_35:0_36:0_37:0_38:0_39:0_40:0_41:0_42:0_43:0_44:0_45:0_46:0_47:0_48:0_49:0_50:0_51:0_52:0_53:0_54:0_55:0_56:0_57:0_58:0_59:0_60:0_61:0_62:0_63:0_64:0_65:0_66:0_67:0_68:0_69:0_70:0_71:0_72:0_73:0_74:0_75:0_76:0_77:0_78:0_79:0_80:0_81:0_82:0_83:0_84:0_85:0_86:0_87:0_88:0_89:0_90:0_91:0_92:0_93:0_94:0_95:0_96:0_97:0_98:0_99:0_100:0_101:0_102:0_103:0_104:0_105:0_106:0_107:0_108:0_109:0_110:0_111:0_112:0_113:0_114:0_115:0_116:0_117:0_118:0_119:0_120:0_121:0_122:0_123:0_124:0_125:0_126:0_127:0_128:0_129:0_130:0_131:0_132:0_133:0_134:0_135:0_136:0_137:0_138:0_139:0_140:0_141:0_142:0_143:0_144:0_145:0_146:0_147:0_148:0_149:0_150:0_151:0_152:0_153:0_154:0_155:0_156:0_157:0_158:0_159:0_160:0,0:1,0,0,0,0
1510010,,"42761010,42663010",1:0_2:0_3:0_4:0_5:0_6:0_7:0_8:0_9:0_10:0_11:0_12:0_13:0_14:0_15:0_16:0_17:0_18:0_19:0_20:0_21:0_22:0_23:0_24:0_25:0_26:0_27:0_28:0_29:0_30:0_31:0_32:0_33:0_34:0_35:0_36:0_37:0_38:0_39:0_40:0_41:0_42:0_43:0_44:0_45:0_46:0_47:0_48:0_49:0_50:0_51:0_52:0_53:0_54:0_55:0_56:0_57:0_58:0_59:0_60:0_61:0_62:0_63:0_64:0_65:0_66:0_67:0_68:0_69:0_70:0_71:0_72:0_73:0_74:0_75:0_76:0_77:0_78:0_79:0_80:0_81:0_82:0_83:0_84:0_85:0_86:0_87:0_88:0_89:0_90:0_91:0_92:0_93:0_94:0_95:0_96:0_97:0_98:0_99:0_100:0_101:0_102:0_103:0_104:0_105:0_106:0_107:0_108:0_109:0_110:0_111:0_112:0_113:0_114:0_115:0_116:0_117:0_118:0_119:0_120:0_121:0_122:0_123:0_124:0_125:0_126:0_127:0_128:0_129:0_130:0_131:0_132:0_133:0_134:0_135:0_136:0_137:0_138:0_139:0_140:0_141:0_142:0_143:0_144:0_145:0_146:0_147:0_148:0_149:0_150:0_151:0_152:0_153:0_154:0_155:0_156:0_157:0_158:0_159:0_160:0,0:1,0,0,1:0_2:0_3:0_4:0_5:0_6:0_7:0_8:0_9:0_10:0_11:0_12:0_13:0_14:0_15:0_16:0_17:0_18:0_19:0_20:0_21:0_22:0_23:0_24:0_25:0_26:0_27:0_28:0_29:0_30:0_31:0_32:0_33:0_34:0_35:0_36:0_37:0_38:0_39:0_40:0_41:0_42:0_43:0_44:0_45:0_46:0_47:0_48:0_49:0_50:0_51:0_52:0_53:0_54:0_55:0_56:0_57:0_58:0_59:0_60:0_61:0_62:0_63:0_64:0_65:0_66:0_67:0_68:0_69:0_70:0_71:0_72:0_73:0_74:0_75:0_76:0_77:0_78:0_79:0_80:0_81:0_82:0_83:0_84:0_85:0_86:0_87:0_88:0_89:0_90:0_91:0_92:0_93:0_94:0_95:0_96:0_97:0_98:0_99:0_100:0_101:0_102:0_103:0_104:0_105:0_106:0_107:0_108:0_109:0_110:0_111:0_112:0_113:0_114:0_115:0_116:0_117:0_118:0_119:0_120:0_121:0_122:0_123:0_124:0_125:0_126:0_127:0_128:0_129:0_130:0_131:0_132:0_133:0_134:0_135:0_136:0_137:0_138:0_139:0_140:0_141:0_142:0_143:0_144:0_145:0_146:0_147:0_148:0_149:0_150:0_151:0_152:0_153:0_154:0_155:0_156:0_157:0_158:0_159:0_160:0,0:1,0,0,0,0
1520020,,"42761010,42663010",1:0_2:0_3:0_4:0_5:0_6:0_7:0_8:0_9:0_10:0_11:0_12:0_13:0_14:0_15:0_16:0_17:0_18:0_19:0_20:0_21:0_22:0_23:0_24:0_25:0_26:0_27:0_28:0_29:0_30:0_31:0_32:0_33:0_34:0_35:0_36:0_37:0_38:0_39:0_40:0_41:0_42:0_43:0_44:0_45:0_46:0_47:0_48:0_49:0_50:0_51:0_52:0_53:0_54:0_55:0_56:0_57:0_58:0_59:0_60:0_61:0_62:0_63:0_64:0_65:0_66:0_67:0_68:0_69:0_70:0_71:0_72:0_73:0_74:0_75:0_76:0_77:0_78:0_79:0_80:0_81:0_82:0_83:0_84:0_85:0_86:0_87:0_88:0_89:0_90:0_91:0_92:0_93:0_94:0_95:0_96:0_97:0_98:0_99:0_100:0_101:0_102:0_103:0_104:0_105:0_106:0_107:0_108:0_109:0_110:0_111:0_112:0_113:0_114:0_115:0_116:0_117:0_118:0_119:0_120:0_121:0_122:0_123:0_124:0_125:0_126:0_127:0_128:0_129:0_130:0_131:0_132:0_133:0_134:0_135:0_136:0_137:0_138:0_139:0_140:0_141:0_142:0_143:0_144:0_145:0_146:0_147:0_148:0_149:0_150:0_151:0_152:0_153:0_154:0_155:0_156:0_157:0_158:0_159:0_160:0,0:1,0,0,1:0_2:0_3:0_4:0_5:0_6:0_7:0_8:0_9:0_10:0_11:0_12:0_13:0_14:0_15:0_16:0_17:0_18:0_19:0_20:0_21:0_22:0_23:0_24:0_25:0_26:0_27:0_28:0_29:0_30:0_31:0_32:0_33:0_34:0_35:0_36:0_37:0_38:0_39:0_40:0_41:0_42:0_43:0_44:0_45:0_46:0_47:0_48:0_49:0_50:0_51:0_52:0_53:0_54:0_55:0_56:0_57:0_58:0_59:0_60:0_61:0_62:0_63:0_64:0_65:0_66:0_67:0_68:0_69:0_70:0_71:0_72:0_73:0_74:0_75:0_76:0_77:0_78:0_79:0_80:0_81:0_82:0_83:0_84:0_85:0_86:0_87:0_88:0_89:0_90:0_91:0_92:0_93:0_94:0_95:0_96:0_97:0_98:0_99:0_100:0_101:0_102:0_103:0_104:0_105:0_106:0_107:0_108:0_109:0_110:0_111:0_112:0_113:0_114:0_115:0_116:0_117:0_118:0_119:0_120:0_121:0_122:0_123:0_124:0_125:0_126:0_127:0_128:0_129:0_130:0_131:0_132:0_133:0_134:0_135:0_136:0_137:0_138:0_139:0_140:0_141:0_142:0_143:0_144:0_145:0_146:0_147:0_148:0_149:0_150:0_151:0_152:0_153:0_154:0_155:0_156:0_157:0_158:0_159:0_160:0,0:1,0,0,0,0
1520010,,"42761010,42663010",1:0_2:0_3:0_4:0_5:0_6:0_7:0_8:0_9:0_10:0_11:0_12:0_13:0_14:0_15:0_16:0_17:0_18:0_19:0_20:0_21:0_22:0_23:0_24:0_25:0_26:0_27:0_28:0_29:0_30:0_31:0_32:0_33:0_34:0_35:0_36:0_37:0_38:0_39:0_40:0_41:0_42:0_43:0_44:0_45:0_46:0_47:0_48:0_49:0_50:0_51:0_52:0_53:0_54:0_55:0_56:0_57:0_58:0_59:0_60:0_61:0_62:0_63:0_64:0_65:0_66:0_67:0_68:0_69:0_70:0_71:0_72:0_73:0_74:0_75:0_76:0_77:0_78:0_79:0_80:0_81:0_82:0_83:0_84:0_85:0_86:0_87:0_88:0_89:0_90:0_91:0_92:0_93:0_94:0_95:0_96:0_97:0_98:0_99:0_100:0_101:0_102:0_103:0_104:0_105:0_106:0_107:0_108:0_109:0_110:0_111:0_112:0_113:0_114:0_115:0_116:0_117:0_118:0_119:0_120:0_121:0_122:0_123:0_124:0_125:0_126:0_127:0_128:0_129:0_130:0_131:0_132:0_133:0_134:0_135:0_136:0_137:0_138:0_139:0_140:0_141:0_142:0_143:0_144:0_145:0_146:0_147:0_148:0_149:0_150:0_151:0_152:0_153:0_154:0_155:0_156:0_157:0_158:0_159:0_160:0,0:1,0,0,1:0_2:0_3:0_4:0_5:0_6:0_7:0_8:0_9:0_10:0_11:0_12:0_13:0_14:0_15:0_16:0_17:0_18:0_19:0_20:0_21:0_22:0_23:0_24:0_25:0_26:0_27:0_28:0_29:0_30:0_31:0_32:0_33:0_34:0_35:0_36:0_37:0_38:0_39:0_40:0_41:0_42:0_43:0_44:0_45:0_46:0_47:0_48:0_49:0_50:0_51:0_52:0_53:0_54:0_55:0_56:0_57:0_58:0_59:0_60:0_61:0_62:0_63:0_64:0_65:0_66:0_67:0_68:0_69:0_70:0_71:0_72:0_73:0_74:0_75:0_76:0_77:0_78:0_79:0_80:0_81:0_82:0_83:0_84:0_85:0_86:0_87:0_88:0_89:0_90:0_91:0_92:0_93:0_94:0_95:0_96:0_97:0_98:0_99:0_100:0_101:0_102:0_103:0_104:0_105:0_106:0_107:0_108:0_109:0_110:0_111:0_112:0_113:0_114:0_115:0_116:0_117:0_118:0_119:0_120:0_121:0_122:0_123:0_124:0_125:0_126:0_127:0_128:0_129:0_130:0_131:0_132:0_133:0_134:0_135:0_136:0_137:0_138:0_139:0_140:0_141:0_142:0_143:0_144:0_145:0_146:0_147:0_148:0_149:0_150:0_151:0_152:0_153:0_154:0_155:0_156:0_157:0_158:0_159:0_160:0,0:1,0,0,0,0
1530020,,"42761010,42663010",1:0_2:0_3:0_4:0_5:0_6:0_7:0_8:0_9:0_10:0_11:0_12:0_13:0_14:0_15:0_16:0_17:0_18:0_19:0_20:0_21:0_22:0_23:0_24:0_25:0_26:0_27:0_28:0_29:0_30:0_31:0_32:0_33:0_34:0_35:0_36:0_37:0_38:0_39:0_40:0_41:0_42:0_43:0_44:0_45:0_46:0_47:0_48:0_49:0_50:0_51:0_52:0_53:0_54:0_55:0_56:0_57:0_58:0_59:0_60:0_61:0_62:0_63:0_64:0_65:0_66:0_67:0_68:0_69:0_70:0_71:0_72:0_73:0_74:0_75:0_76:0_77:0_78:0_79:0_80:0_81:0_82:0_83:0_84:0_85:0_86:0_87:0_88:0_89:0_90:0_91:0_92:0_93:0_94:0_95:0_96:0_97:0_98:0_99:0_100:0_101:0_102:0_103:0_104:0_105:0_106:0_107:0_108:0_109:0_110:0_111:0_112:0_113:0_114:0_115:0_116:0_117:0_118:0_119:0_120:0_121:0_122:0_123:0_124:0_125:0_126:0_127:0_128:0_129:0_130:0_131:0_132:0_133:0_134:0_135:0_136:0_137:0_138:0_139:0_140:0_141:0_142:0_143:0_144:0_145:0_146:0_147:0_148:0_149:0_150:0_151:0_152:0_153:0_154:0_155:0_156:0_157:0_158:0_159:0_160:0,0:1,0,0,1:0_2:0_3:0_4:0_5:0_6:0_7:0_8:0_9:0_10:0_11:0_12:0_13:0_14:0_15:0_16:0_17:0_18:0_19:0_20:0_21:0_22:0_23:0_24:0_25:0_26:0_27:0_28:0_29:0_30:0_31:0_32:0_33:0_34:0_35:0_36:0_37:0_38:0_39:0_40:0_41:0_42:0_43:0_44:0_45:0_46:0_47:0_48:0_49:0_50:0_51:0_52:0_53:0_54:0_55:0_56:0_57:0_58:0_59:0_60:0_61:0_62:0_63:0_64:0_65:0_66:0_67:0_68:0_69:0_70:0_71:0_72:0_73:0_74:0_75:0_76:0_77:0_78:0_79:0_80:0_81:0_82:0_83:0_84:0_85:0_86:0_87:0_88:0_89:0_90:0_91:0_92:0_93:0_94:0_95:0_96:0_97:0_98:0_99:0_100:0_101:0_102:0_103:0_104:0_105:0_106:0_107:0_108:0_109:0_110:0_111:0_112:0_113:0_114:0_115:0_116:0_117:0_118:0_119:0_120:0_121:0_122:0_123:0_124:0_125:0_126:0_127:0_128:0_129:0_130:0_131:0_132:0_133:0_134:0_135:0_136:0_137:0_138:0_139:0_140:0_141:0_142:0_143:0_144:0_145:0_146:0_147:0_148:0_149:0_150:0_151:0_152:0_153:0_154:0_155:0_156:0_157:0_158:0_159:0_160:0,0:1,0,0,0,0
1530010,,"42761010,42663010",1:0_2:0_3:0_4:0_5:0_6:0_7:0_8:0_9:0_10:0_11:0_12:0_13:0_14:0_15:0_16:0_17:0_18:0_19:0_20:0_21:0_22:0_23:0_24:0_25:0_26:0_27:0_28:0_29:0_30:0_31:0_32:0_33:0_34:0_35:0_36:0_37:0_38:0_39:0_40:0_41:0_42:0_43:0_44:0_45:0_46:0_47:0_48:0_49:0_50:0_51:0_52:0_53:0_54:0_55:0_56:0_57:0_58:0_59:0_60:0_61:0_62:0_63:0_64:0_65:0_66:0_67:0_68:0_69:0_70:0_71:0_72:0_73:0_74:0_75:0_76:0_77:0_78:0_79:0_80:0_81:0_82:0_83:0_84:0_85:0_86:0_87:0_88:0_89:0_90:0_91:0_92:0_93:0_94:0_95:0_96:0_97:0_98:0_99:0_100:0_101:0_102:0_103:0_104:0_105:0_106:0_107:0_108:0_109:0_110:0_111:0_112:0_113:0_114:0_115:0_116:0_117:0_118:0_119:0_120:0_121:0_122:0_123:0_124:0_125:0_126:0_127:0_128:0_129:0_130:0_131:0_132:0_133:0_134:0_135:0_136:0_137:0_138:0_139:0_140:0_141:0_142:0_143:0_144:0_145:0_146:0_147:0_148:0_149:0_150:0_151:0_152:0_153:0_154:0_155:0_156:0_157:0_158:0_159:0_160:0,0:1,0,0,1:0_2:0_3:0_4:0_5:0_6:0_7:0_8:0_9:0_10:0_11:0_12:0_13:0_14:0_15:0_16:0_17:0_18:0_19:0_20:0_21:0_22:0_23:0_24:0_25:0_26:0_27:0_28:0_29:0_30:0_31:0_32:0_33:0_34:0_35:0_36:0_37:0_38:0_39:0_40:0_41:0_42:0_43:0_44:0_45:0_46:0_47:0_48:0_49:0_50:0_51:0_52:0_53:0_54:0_55:0_56:0_57:0_58:0_59:0_60:0_61:0_62:0_63:0_64:0_65:0_66:0_67:0_68:0_69:0_70:0_71:0_72:0_73:0_74:0_75:0_76:0_77:0_78:0_79:0_80:0_81:0_82:0_83:0_84:0_85:0_86:0_87:0_88:0_89:0_90:0_91:0_92:0_93:0_94:0_95:0_96:0_97:0_98:0_99:0_100:0_101:0_102:0_103:0_104:0_105:0_106:0_107:0_108:0_109:0_110:0_111:0_112:0_113:0_114:0_115:0_116:0_117:0_118:0_119:0_120:0_121:0_122:0_123:0_124:0_125:0_126:0_127:0_128:0_129:0_130:0_131:0_132:0_133:0_134:0_135:0_136:0_137:0_138:0_139:0_140:0_141:0_142:0_143:0_144:0_145:0_146:0_147:0_148:0_149:0_150:0_151:0_152:0_153:0_154:0_155:0_156:0_157:0_158:0_159:0_160:0,0:1,0,0,0,0
1540020,,"42761010,42663010",1:0_2:0_3:0_4:0_5:0_6:0_7:0_8:0_9:0_10:0_11:0_12:0_13:0_14:0_15:0_16:0_17:0_18:0_19:0_20:0_21:0_22:0_23:0_24:0_25:0_26:0_27:0_28:0_29:0_30:0_31:0_32:0_33:0_34:0_35:0_36:0_37:0_38:0_39:0_40:0_41:0_42:0_43:0_44:0_45:0_46:0_47:0_48:0_49:0_50:0_51:0_52:0_53:0_54:0_55:0_56:0_57:0_58:0_59:0_60:0_61:0_62:0_63:0_64:0_65:0_66:0_67:0_68:0_69:0_70:0_71:0_72:0_73:0_74:0_75:0_76:0_77:0_78:0_79:0_80:0_81:0_82:0_83:0_84:0_85:0_86:0_87:0_88:0_89:0_90:0_91:0_92:0_93:0_94:0_95:0_96:0_97:0_98:0_99:0_100:0_101:0_102:0_103:0_104:0_105:0_106:0_107:0_108:0_109:0_110:0_111:0_112:0_113:0_114:0_115:0_116:0_117:0_118:0_119:0_120:0_121:0_122:0_123:0_124:0_125:0_126:0_127:0_128:0_129:0_130:0_131:0_132:0_133:0_134:0_135:0_136:0_137:0_138:0_139:0_140:0_141:0_142:0_143:0_144:0_145:0_146:0_147:0_148:0_149:0_150:0_151:0_152:0_153:0_154:0_155:0_156:0_157:0_158:0_159:0_160:0,0:1,0,0,1:0_2:0_3:0_4:0_5:0_6:0_7:0_8:0_9:0_10:0_11:0_12:0_13:0_14:0_15:0_16:0_17:0_18:0_19:0_20:0_21:0_22:0_23:0_24:0_25:0_26:0_27:0_28:0_29:0_30:0_31:0_32:0_33:0_34:0_35:0_36:0_37:0_38:0_39:0_40:0_41:0_42:0_43:0_44:0_45:0_46:0_47:0_48:0_49:0_50:0_51:0_52:0_53:0_54:0_55:0_56:0_57:0_58:0_59:0_60:0_61:0_62:0_63:0_64:0_65:0_66:0_67:0_68:0_69:0_70:0_71:0_72:0_73:0_74:0_75:0_76:0_77:0_78:0_79:0_80:0_81:0_82:0_83:0_84:0_85:0_86:0_87:0_88:0_89:0_90:0_91:0_92:0_93:0_94:0_95:0_96:0_97:0_98:0_99:0_100:0_101:0_102:0_103:0_104:0_105:0_106:0_107:0_108:0_109:0_110:0_111:0_112:0_113:0_114:0_115:0_116:0_117:0_118:0_119:0_120:0_121:0_122:0_123:0_124:0_125:0_126:0_127:0_128:0_129:0_130:0_131:0_132:0_133:0_134:0_135:0_136:0_137:0_138:0_139:0_140:0_141:0_142:0_143:0_144:0_145:0_146:0_147:0_148:0_149:0_150:0_151:0_152:0_153:0_154:0_155:0_156:0_157:0_158:0_159:0_160:0,0:1,0,0,0,0
1540010,,"42761010,42663010",1:0_2:0_3:0_4:0_5:0_6:0_7:0_8:0_9:0_10:0_11:0_12:0_13:0_14:0_15:0_16:0_17:0_18:0_19:0_20:0_21:0_22:0_23:0_24:0_25:0_26:0_27:0_28:0_29:0_30:0_31:0_32:0_33:0_34:0_35:0_36:0_37:0_38:0_39:0_40:0_41:0_42:0_43:0_44:0_45:0_46:0_47:0_48:0_49:0_50:0_51:0_52:0_53:0_54:0_55:0_56:0_57:0_58:0_59:0_60:0_61:0_62:0_63:0_64:0_65:0_66:0_67:0_68:0_69:0_70:0_71:0_72:0_73:0_74:0_75:0_76:0_77:0_78:0_79:0_80:0_81:0_82:0_83:0_84:0_85:0_86:0_87:0_88:0_89:0_90:0_91:0_92:0_93:0_94:0_95:0_96:0_97:0_98:0_99:0_100:0_101:0_102:0_103:0_104:0_105:0_106:0_107:0_108:0_109:0_110:0_111:0_112:0_113:0_114:0_115:0_116:0_117:0_118:0_119:0_120:0_121:0_122:0_123:0_124:0_125:0_126:0_127:0_128:0_129:0_130:0_131:0_132:0_133:0_134:0_135:0_136:0_137:0_138:0_139:0_140:0_141:0_142:0_143:0_144:0_145:0_146:0_147:0_148:0_149:0_150:0_151:0_152:0_153:0_154:0_155:0_156:0_157:0_158:0_159:0_160:0,0:1,0,0,1:0_2:0_3:0_4:0_5:0_6:0_7:0_8:0_9:0_10:0_11:0_12:0_13:0_14:0_15:0_16:0_17:0_18:0_19:0_20:0_21:0_22:0_23:0_24:0_25:0_26:0_27:0_28:0_29:0_30:0_31:0_32:0_33:0_34:0_35:0_36:0_37:0_38:0_39:0_40:0_41:0_42:0_43:0_44:0_45:0_46:0_47:0_48:0_49:0_50:0_51:0_52:0_53:0_54:0_55:0_56:0_57:0_58:0_59:0_60:0_61:0_62:0_63:0_64:0_65:0_66:0_67:0_68:0_69:0_70:0_71:0_72:0_73:0_74:0_75:0_76:0_77:0_78:0_79:0_80:0_81:0_82:0_83:0_84:0_85:0_86:0_87:0_88:0_89:0_90:0_91:0_92:0_93:0_94:0_95:0_96:0_97:0_98:0_99:0_100:0_101:0_102:0_103:0_104:0_105:0_106:0_107:0_108:0_109:0_110:0_111:0_112:0_113:0_114:0_115:0_116:0_117:0_118:0_119:0_120:0_121:0_122:0_123:0_124:0_125:0_126:0_127:0_128:0_129:0_130:0_131:0_132:0_133:0_134:0_135:0_136:0_137:0_138:0_139:0_140:0_141:0_142:0_143:0_144:0_145:0_146:0_147:0_148:0_149:0_150:0_151:0_152:0_153:0_154:0_155:0_156:0_157:0_158:0_159:0_160:0,0:1,0,0,0,0
1550020,,"42761010,42663010",1:0_2:0_3:0_4:0_5:0_6:0_7:0_8:0_9:0_10:0_11:0_12:0_13:0_14:0_15:0_16:0_17:0_18:0_19:0_20:0_21:0_22:0_23:0_24:0_25:0_26:0_27:0_28:0_29:0_30:0_31:0_32:0_33:0_34:0_35:0_36:0_37:0_38:0_39:0_40:0_41:0_42:0_43:0_44:0_45:0_46:0_47:0_48:0_49:0_50:0_51:0_52:0_53:0_54:0_55:0_56:0_57:0_58:0_59:0_60:0_61:0_62:0_63:0_64:0_65:0_66:0_67:0_68:0_69:0_70:0_71:0_72:0_73:0_74:0_75:0_76:0_77:0_78:0_79:0_80:0_81:0_82:0_83:0_84:0_85:0_86:0_87:0_88:0_89:0_90:0_91:0_92:0_93:0_94:0_95:0_96:0_97:0_98:0_99:0_100:0_101:0_102:0_103:0_104:0_105:0_106:0_107:0_108:0_109:0_110:0_111:0_112:0_113:0_114:0_115:0_116:0_117:0_118:0_119:0_120:0_121:0_122:0_123:0_124:0_125:0_126:0_127:0_128:0_129:0_130:0_131:0_132:0_133:0_134:0_135:0_136:0_137:0_138:0_139:0_140:0_141:0_142:0_143:0_144:0_145:0_146:0_147:0_148:0_149:0_150:0_151:0_152:0_153:0_154:0_155:0_156:0_157:0_158:0_159:0_160:0,0:1,0,0,1:0_2:0_3:0_4:0_5:0_6:0_7:0_8:0_9:0_10:0_11:0_12:0_13:0_14:0_15:0_16:0_17:0_18:0_19:0_20:0_21:0_22:0_23:0_24:0_25:0_26:0_27:0_28:0_29:0_30:0_31:0_32:0_33:0_34:0_35:0_36:0_37:0_38:0_39:0_40:0_41:0_42:0_43:0_44:0_45:0_46:0_47:0_48:0_49:0_50:0_51:0_52:0_53:0_54:0_55:0_56:0_57:0_58:0_59:0_60:0_61:0_62:0_63:0_64:0_65:0_66:0_67:0_68:0_69:0_70:0_71:0_72:0_73:0_74:0_75:0_76:0_77:0_78:0_79:0_80:0_81:0_82:0_83:0_84:0_85:0_86:0_87:0_88:0_89:0_90:0_91:0_92:0_93:0_94:0_95:0_96:0_97:0_98:0_99:0_100:0_101:0_102:0_103:0_104:0_105:0_106:0_107:0_108:0_109:0_110:0_111:0_112:0_113:0_114:0_115:0_116:0_117:0_118:0_119:0_120:0_121:0_122:0_123:0_124:0_125:0_126:0_127:0_128:0_129:0_130:0_131:0_132:0_133:0_134:0_135:0_136:0_137:0_138:0_139:0_140:0_141:0_142:0_143:0_144:0_145:0_146:0_147:0_148:0_149:0_150:0_151:0_152:0_153:0_154:0_155:0_156:0_157:0_158:0_159:0_160:0,0:1,0,0,0,0
1550010,,"42761010,42663010",1:0_2:0_3:0_4:0_5:0_6:0_7:0_8:0_9:0_10:0_11:0_12:0_13:0_14:0_15:0_16:0_17:0_18:0_19:0_20:0_21:0_22:0_23:0_24:0_25:0_26:0_27:0_28:0_29:0_30:0_31:0_32:0_33:0_34:0_35:0_36:0_37:0_38:0_39:0_40:0_41:0_42:0_43:0_44:0_45:0_46:0_47:0_48:0_49:0_50:0_51:0_52:0_53:0_54:0_55:0_56:0_57:0_58:0_59:0_60:0_61:0_62:0_63:0_64:0_65:0_66:0_67:0_68:0_69:0_70:0_71:0_72:0_73:0_74:0_75:0_76:0_77:0_78:0_79:0_80:0_81:0_82:0_83:0_84:0_85:0_86:0_87:0_88:0_89:0_90:0_91:0_92:0_93:0_94:0_95:0_96:0_97:0_98:0_99:0_100:0_101:0_102:0_103:0_104:0_105:0_106:0_107:0_108:0_109:0_110:0_111:0_112:0_113:0_114:0_115:0_116:0_117:0_118:0_119:0_120:0_121:0_122:0_123:0_124:0_125:0_126:0_127:0_128:0_129:0_130:0_131:0_132:0_133:0_134:0_135:0_136:0_137:0_138:0_139:0_140:0_141:0_142:0_143:0_144:0_145:0_146:0_147:0_148:0_149:0_150:0_151:0_152:0_153:0_154:0_155:0_156:0_157:0_158:0_159:0_160:0,0:1,0,0,1:0_2:0_3:0_4:0_5:0_6:0_7:0_8:0_9:0_10:0_11:0_12:0_13:0_14:0_15:0_16:0_17:0_18:0_19:0_20:0_21:0_22:0_23:0_24:0_25:0_26:0_27:0_28:0_29:0_30:0_31:0_32:0_33:0_34:0_35:0_36:0_37:0_38:0_39:0_40:0_41:0_42:0_43:0_44:0_45:0_46:0_47:0_48:0_49:0_50:0_51:0_52:0_53:0_54:0_55:0_56:0_57:0_58:0_59:0_60:0_61:0_62:0_63:0_64:0_65:0_66:0_67:0_68:0_69:0_70:0_71:0_72:0_73:0_74:0_75:0_76:0_77:0_78:0_79:0_80:0_81:0_82:0_83:0_84:0_85:0_86:0_87:0_88:0_89:0_90:0_91:0_92:0_93:0_94:0_95:0_96:0_97:0_98:0_99:0_100:0_101:0_102:0_103:0_104:0_105:0_106:0_107:0_108:0_109:0_110:0_111:0_112:0_113:0_114:0_115:0_116:0_117:0_118:0_119:0_120:0_121:0_122:0_123:0_124:0_125:0_126:0_127:0_128:0_129:0_130:0_131:0_132:0_133:0_134:0_135:0_136:0_137:0_138:0_139:0_140:0_141:0_142:0_143:0_144:0_145:0_146:0_147:0_148:0_149:0_150:0_151:0_152:0_153:0_154:0_155:0_156:0_157:0_158:0_159:0_160:0,0:1,0,0,0,0
1560020,,"42761010,42663010",1:0_2:0_3:0_4:0_5:0_6:0_7:0_8:0_9:0_10:0_11:0_12:0_13:0_14:0_15:0_16:0_17:0_18:0_19:0_20:0_21:0_22:0_23:0_24:0_25:0_26:0_27:0_28:0_29:0_30:0_31:0_32:0_33:0_34:0_35:0_36:0_37:0_38:0_39:0_40:0_41:0_42:0_43:0_44:0_45:0_46:0_47:0_48:0_49:0_50:0_51:0_52:0_53:0_54:0_55:0_56:0_57:0_58:0_59:0_60:0_61:0_62:0_63:0_64:0_65:0_66:0_67:0_68:0_69:0_70:0_71:0_72:0_73:0_74:0_75:0_76:0_77:0_78:0_79:0_80:0_81:0_82:0_83:0_84:0_85:0_86:0_87:0_88:0_89:0_90:0_91:0_92:0_93:0_94:0_95:0_96:0_97:0_98:0_99:0_100:0_101:0_102:0_103:0_104:0_105:0_106:0_107:0_108:0_109:0_110:0_111:0_112:0_113:0_114:0_115:0_116:0_117:0_118:0_119:0_120:0_121:0_122:0_123:0_124:0_125:0_126:0_127:0_128:0_129:0_130:0_131:0_132:0_133:0_134:0_135:0_136:0_137:0_138:0_139:0_140:0_141:0_142:0_143:0_144:0_145:0_146:0_147:0_148:0_149:0_150:0_151:0_152:0_153:0_154:0_155:0_156:0_157:0_158:0_159:0_160:0,0:1,0,0,1:0_2:0_3:0_4:0_5:0_6:0_7:0_8:0_9:0_10:0_11:0_12:0_13:0_14:0_15:0_16:0_17:0_18:0_19:0_20:0_21:0_22:0_23:0_24:0_25:0_26:0_27:0_28:0_29:0_30:0_31:0_32:0_33:0_34:0_35:0_36:0_37:0_38:0_39:0_40:0_41:0_42:0_43:0_44:0_45:0_46:0_47:0_48:0_49:0_50:0_51:0_52:0_53:0_54:0_55:0_56:0_57:0_58:0_59:0_60:0_61:0_62:0_63:0_64:0_65:0_66:0_67:0_68:0_69:0_70:0_71:0_72:0_73:0_74:0_75:0_76:0_77:0_78:0_79:0_80:0_81:0_82:0_83:0_84:0_85:0_86:0_87:0_88:0_89:0_90:0_91:0_92:0_93:0_94:0_95:0_96:0_97:0_98:0_99:0_100:0_101:0_102:0_103:0_104:0_105:0_106:0_107:0_108:0_109:0_110:0_111:0_112:0_113:0_114:0_115:0_116:0_117:0_118:0_119:0_120:0_121:0_122:0_123:0_124:0_125:0_126:0_127:0_128:0_129:0_130:0_131:0_132:0_133:0_134:0_135:0_136:0_137:0_138:0_139:0_140:0_141:0_142:0_143:0_144:0_145:0_146:0_147:0_148:0_149:0_150:0_151:0_152:0_153:0_154:0_155:0_156:0_157:0_158:0_159:0_160:0,0:1,0,0,0,0
1560010,,"42761010,42663010",1:0_2:0_3:0_4:0_5:0_6:0_7:0_8:0_9:0_10:0_11:0_12:0_13:0_14:0_15:0_16:0_17:0_18:0_19:0_20:0_21:0_22:0_23:0_24:0_25:0_26:0_27:0_28:0_29:0_30:0_31:0_32:0_33:0_34:0_35:0_36:0_37:0_38:0_39:0_40:0_41:0_42:0_43:0_44:0_45:0_46:0_47:0_48:0_49:0_50:0_51:0_52:0_53:0_54:0_55:0_56:0_57:0_58:0_59:0_60:0_61:0_62:0_63:0_64:0_65:0_66:0_67:0_68:0_69:0_70:0_71:0_72:0_73:0_74:0_75:0_76:0_77:0_78:0_79:0_80:0_81:0_82:0_83:0_84:0_85:0_86:0_87:0_88:0_89:0_90:0_91:0_92:0_93:0_94:0_95:0_96:0_97:0_98:0_99:0_100:0_101:0_102:0_103:0_104:0_105:0_106:0_107:0_108:0_109:0_110:0_111:0_112:0_113:0_114:0_115:0_116:0_117:0_118:0_119:0_120:0_121:0_122:0_123:0_124:0_125:0_126:0_127:0_128:0_129:0_130:0_131:0_132:0_133:0_134:0_135:0_136:0_137:0_138:0_139:0_140:0_141:0_142:0_143:0_144:0_145:0_146:0_147:0_148:0_149:0_150:0_151:0_152:0_153:0_154:0_155:0_156:0_157:0_158:0_159:0_160:0,0:1,0,0,1:0_2:0_3:0_4:0_5:0_6:0_7:0_8:0_9:0_10:0_11:0_12:0_13:0_14:0_15:0_16:0_17:0_18:0_19:0_20:0_21:0_22:0_23:0_24:0_25:0_26:0_27:0_28:0_29:0_30:0_31:0_32:0_33:0_34:0_35:0_36:0_37:0_38:0_39:0_40:0_41:0_42:0_43:0_44:0_45:0_46:0_47:0_48:0_49:0_50:0_51:0_52:0_53:0_54:0_55:0_56:0_57:0_58:0_59:0_60:0_61:0_62:0_63:0_64:0_65:0_66:0_67:0_68:0_69:0_70:0_71:0_72:0_73:0_74:0_75:0_76:0_77:0_78:0_79:0_80:0_81:0_82:0_83:0_84:0_85:0_86:0_87:0_88:0_89:0_90:0_91:0_92:0_93:0_94:0_95:0_96:0_97:0_98:0_99:0_100:0_101:0_102:0_103:0_104:0_105:0_106:0_107:0_108:0_109:0_110:0_111:0_112:0_113:0_114:0_115:0_116:0_117:0_118:0_119:0_120:0_121:0_122:0_123:0_124:0_125:0_126:0_127:0_128:0_129:0_130:0_131:0_132:0_133:0_134:0_135:0_136:0_137:0_138:0_139:0_140:0_141:0_142:0_143:0_144:0_145:0_146:0_147:0_148:0_149:0_150:0_151:0_152:0_153:0_154:0_155:0_156:0_157:0_158:0_159:0_160:0,0:1,0,0,0,0
1570020,,"42761010,42663010",1:0_2:0_3:0_4:0_5:0_6:0_7:0_8:0_9:0_10:0_11:0_12:0_13:0_14:0_15:0_16:0_17:0_18:0_19:0_20:0_21:0_22:0_23:0_24:0_25:0_26:0_27:0_28:0_29:0_30:0_31:0_32:0_33:0_34:0_35:0_36:0_37:0_38:0_39:0_40:0_41:0_42:0_43:0_44:0_45:0_46:0_47:0_48:0_49:0_50:0_51:0_52:0_53:0_54:0_55:0_56:0_57:0_58:0_59:0_60:0_61:0_62:0_63:0_64:0_65:0_66:0_67:0_68:0_69:0_70:0_71:0_72:0_73:0_74:0_75:0_76:0_77:0_78:0_79:0_80:0_81:0_82:0_83:0_84:0_85:0_86:0_87:0_88:0_89:0_90:0_91:0_92:0_93:0_94:0_95:0_96:0_97:0_98:0_99:0_100:0_101:0_102:0_103:0_104:0_105:0_106:0_107:0_108:0_109:0_110:0_111:0_112:0_113:0_114:0_115:0_116:0_117:0_118:0_119:0_120:0_121:0_122:0_123:0_124:0_125:0_126:0_127:0_128:0_129:0_130:0_131:0_132:0_133:0_134:0_135:0_136:0_137:0_138:0_139:0_140:0_141:0_142:0_143:0_144:0_145:0_146:0_147:0_148:0_149:0_150:0_151:0_152:0_153:0_154:0_155:0_156:0_157:0_158:0_159:0_160:0,0:1,0,0,1:0_2:0_3:0_4:0_5:0_6:0_7:0_8:0_9:0_10:0_11:0_12:0_13:0_14:0_15:0_16:0_17:0_18:0_19:0_20:0_21:0_22:0_23:0_24:0_25:0_26:0_27:0_28:0_29:0_30:0_31:0_32:0_33:0_34:0_35:0_36:0_37:0_38:0_39:0_40:0_41:0_42:0_43:0_44:0_45:0_46:0_47:0_48:0_49:0_50:0_51:0_52:0_53:0_54:0_55:0_56:0_57:0_58:0_59:0_60:0_61:0_62:0_63:0_64:0_65:0_66:0_67:0_68:0_69:0_70:0_71:0_72:0_73:0_74:0_75:0_76:0_77:0_78:0_79:0_80:0_81:0_82:0_83:0_84:0_85:0_86:0_87:0_88:0_89:0_90:0_91:0_92:0_93:0_94:0_95:0_96:0_97:0_98:0_99:0_100:0_101:0_102:0_103:0_104:0_105:0_106:0_107:0_108:0_109:0_110:0_111:0_112:0_113:0_114:0_115:0_116:0_117:0_118:0_119:0_120:0_121:0_122:0_123:0_124:0_125:0_126:0_127:0_128:0_129:0_130:0_131:0_132:0_133:0_134:0_135:0_136:0_137:0_138:0_139:0_140:0_141:0_142:0_143:0_144:0_145:0_146:0_147:0_148:0_149:0_150:0_151:0_152:0_153:0_154:0_155:0_156:0_157:0_158:0_159:0_160:0,0:1,0,0,0,0
1570010,,"42761010,42663010",1:0_2:0_3:0_4:0_5:0_6:0_7:0_8:0_9:0_10:0_11:0_12:0_13:0_14:0_15:0_16:0_17:0_18:0_19:0_20:0_21:0_22:0_23:0_24:0_25:0_26:0_27:0_28:0_29:0_30:0_31:0_32:0_33:0_34:0_35:0_36:0_37:0_38:0_39:0_40:0_41:0_42:0_43:0_44:0_45:0_46:0_47:0_48:0_49:0_50:0_51:0_52:0_53:0_54:0_55:0_56:0_57:0_58:0_59:0_60:0_61:0_62:0_63:0_64:0_65:0_66:0_67:0_68:0_69:0_70:0_71:0_72:0_73:0_74:0_75:0_76:0_77:0_78:0_79:0_80:0_81:0_82:0_83:0_84:0_85:0_86:0_87:0_88:0_89:0_90:0_91:0_92:0_93:0_94:0_95:0_96:0_97:0_98:0_99:0_100:0_101:0_102:0_103:0_104:0_105:0_106:0_107:0_108:0_109:0_110:0_111:0_112:0_113:0_114:0_115:0_116:0_117:0_118:0_119:0_120:0_121:0_122:0_123:0_124:0_125:0_126:0_127:0_128:0_129:0_130:0_131:0_132:0_133:0_134:0_135:0_136:0_137:0_138:0_139:0_140:0_141:0_142:0_143:0_144:0_145:0_146:0_147:0_148:0_149:0_150:0_151:0_152:0_153:0_154:0_155:0_156:0_157:0_158:0_159:0_160:0,0:1,0,0,1:0_2:0_3:0_4:0_5:0_6:0_7:0_8:0_9:0_10:0_11:0_12:0_13:0_14:0_15:0_16:0_17:0_18:0_19:0_20:0_21:0_22:0_23:0_24:0_25:0_26:0_27:0_28:0_29:0_30:0_31:0_32:0_33:0_34:0_35:0_36:0_37:0_38:0_39:0_40:0_41:0_42:0_43:0_44:0_45:0_46:0_47:0_48:0_49:0_50:0_51:0_52:0_53:0_54:0_55:0_56:0_57:0_58:0_59:0_60:0_61:0_62:0_63:0_64:0_65:0_66:0_67:0_68:0_69:0_70:0_71:0_72:0_73:0_74:0_75:0_76:0_77:0_78:0_79:0_80:0_81:0_82:0_83:0_84:0_85:0_86:0_87:0_88:0_89:0_90:0_91:0_92:0_93:0_94:0_95:0_96:0_97:0_98:0_99:0_100:0_101:0_102:0_103:0_104:0_105:0_106:0_107:0_108:0_109:0_110:0_111:0_112:0_113:0_114:0_115:0_116:0_117:0_118:0_119:0_120:0_121:0_122:0_123:0_124:0_125:0_126:0_127:0_128:0_129:0_130:0_131:0_132:0_133:0_134:0_135:0_136:0_137:0_138:0_139:0_140:0_141:0_142:0_143:0_144:0_145:0_146:0_147:0_148:0_149:0_150:0_151:0_152:0_153:0_154:0_155:0_156:0_157:0_158:0_159:0_160:0,0:1,0,0,0,0
1580020,,"42761010,42663010",1:0_2:0_3:0_4:0_5:0_6:0_7:0_8:0_9:0_10:0_11:0_12:0_13:0_14:0_15:0_16:0_17:0_18:0_19:0_20:0_21:0_22:0_23:0_24:0_25:0_26:0_27:0_28:0_29:0_30:0_31:0_32:0_33:0_34:0_35:0_36:0_37:0_38:0_39:0_40:0_41:0_42:0_43:0_44:0_45:0_46:0_47:0_48:0_49:0_50:0_51:0_52:0_53:0_54:0_55:0_56:0_57:0_58:0_59:0_60:0_61:0_62:0_63:0_64:0_65:0_66:0_67:0_68:0_69:0_70:0_71:0_72:0_73:0_74:0_75:0_76:0_77:0_78:0_79:0_80:0_81:0_82:0_83:0_84:0_85:0_86:0_87:0_88:0_89:0_90:0_91:0_92:0_93:0_94:0_95:0_96:0_97:0_98:0_99:0_100:0_101:0_102:0_103:0_104:0_105:0_106:0_107:0_108:0_109:0_110:0_111:0_112:0_113:0_114:0_115:0_116:0_117:0_118:0_119:0_120:0_121:0_122:0_123:0_124:0_125:0_126:0_127:0_128:0_129:0_130:0_131:0_132:0_133:0_134:0_135:0_136:0_137:0_138:0_139:0_140:0_141:0_142:0_143:0_144:0_145:0_146:0_147:0_148:0_149:0_150:0_151:0_152:0_153:0_154:0_155:0_156:0_157:0_158:0_159:0_160:0,0:1,0,0,1:0_2:0_3:0_4:0_5:0_6:0_7:0_8:0_9:0_10:0_11:0_12:0_13:0_14:0_15:0_16:0_17:0_18:0_19:0_20:0_21:0_22:0_23:0_24:0_25:0_26:0_27:0_28:0_29:0_30:0_31:0_32:0_33:0_34:0_35:0_36:0_37:0_38:0_39:0_40:0_41:0_42:0_43:0_44:0_45:0_46:0_47:0_48:0_49:0_50:0_51:0_52:0_53:0_54:0_55:0_56:0_57:0_58:0_59:0_60:0_61:0_62:0_63:0_64:0_65:0_66:0_67:0_68:0_69:0_70:0_71:0_72:0_73:0_74:0_75:0_76:0_77:0_78:0_79:0_80:0_81:0_82:0_83:0_84:0_85:0_86:0_87:0_88:0_89:0_90:0_91:0_92:0_93:0_94:0_95:0_96:0_97:0_98:0_99:0_100:0_101:0_102:0_103:0_104:0_105:0_106:0_107:0_108:0_109:0_110:0_111:0_112:0_113:0_114:0_115:0_116:0_117:0_118:0_119:0_120:0_121:0_122:0_123:0_124:0_125:0_126:0_127:0_128:0_129:0_130:0_131:0_132:0_133:0_134:0_135:0_136:0_137:0_138:0_139:0_140:0_141:0_142:0_143:0_144:0_145:0_146:0_147:0_148:0_149:0_150:0_151:0_152:0_153:0_154:0_155:0_156:0_157:0_158:0_159:0_160:0,0:1,0,0,0,0
1580010,,"42761010,42663010",1:0_2:0_3:0_4:0_5:0_6:0_7:0_8:0_9:0_10:0_11:0_12:0_13:0_14:0_15:0_16:0_17:0_18:0_19:0_20:0_21:0_22:0_23:0_24:0_25:0_26:0_27:0_28:0_29:0_30:0_31:0_32:0_33:0_34:0_35:0_36:0_37:0_38:0_39:0_40:0_41:0_42:0_43:0_44:0_45:0_46:0_47:0_48:0_49:0_50:0_51:0_52:0_53:0_54:0_55:0_56:0_57:0_58:0_59:0_60:0_61:0_62:0_63:0_64:0_65:0_66:0_67:0_68:0_69:0_70:0_71:0_72:0_73:0_74:0_75:0_76:0_77:0_78:0_79:0_80:0_81:0_82:0_83:0_84:0_85:0_86:0_87:0_88:0_89:0_90:0_91:0_92:0_93:0_94:0_95:0_96:0_97:0_98:0_99:0_100:0_101:0_102:0_103:0_104:0_105:0_106:0_107:0_108:0_109:0_110:0_111:0_112:0_113:0_114:0_115:0_116:0_117:0_118:0_119:0_120:0_121:0_122:0_123:0_124:0_125:0_126:0_127:0_128:0_129:0_130:0_131:0_132:0_133:0_134:0_135:0_136:0_137:0_138:0_139:0_140:0_141:0_142:0_143:0_144:0_145:0_146:0_147:0_148:0_149:0_150:0_151:0_152:0_153:0_154:0_155:0_156:0_157:0_158:0_159:0_160:0,0:1,0,0,1:0_2:0_3:0_4:0_5:0_6:0_7:0_8:0_9:0_10:0_11:0_12:0_13:0_14:0_15:0_16:0_17:0_18:0_19:0_20:0_21:0_22:0_23:0_24:0_25:0_26:0_27:0_28:0_29:0_30:0_31:0_32:0_33:0_34:0_35:0_36:0_37:0_38:0_39:0_40:0_41:0_42:0_43:0_44:0_45:0_46:0_47:0_48:0_49:0_50:0_51:0_52:0_53:0_54:0_55:0_56:0_57:0_58:0_59:0_60:0_61:0_62:0_63:0_64:0_65:0_66:0_67:0_68:0_69:0_70:0_71:0_72:0_73:0_74:0_75:0_76:0_77:0_78:0_79:0_80:0_81:0_82:0_83:0_84:0_85:0_86:0_87:0_88:0_89:0_90:0_91:0_92:0_93:0_94:0_95:0_96:0_97:0_98:0_99:0_100:0_101:0_102:0_103:0_104:0_105:0_106:0_107:0_108:0_109:0_110:0_111:0_112:0_113:0_114:0_115:0_116:0_117:0_118:0_119:0_120:0_121:0_122:0_123:0_124:0_125:0_126:0_127:0_128:0_129:0_130:0_131:0_132:0_133:0_134:0_135:0_136:0_137:0_138:0_139:0_140:0_141:0_142:0_143:0_144:0_145:0_146:0_147:0_148:0_149:0_150:0_151:0_152:0_153:0_154:0_155:0_156:0_157:0_158:0_159:0_160:0,0:1,0,0,0,0
1590020,,"42761010,42663010",1:0_2:0_3:0_4:0_5:0_6:0_7:0_8:0_9:0_10:0_11:0_12:0_13:0_14:0_15:0_16:0_17:0_18:0_19:0_20:0_21:0_22:0_23:0_24:0_25:0_26:0_27:0_28:0_29:0_30:0_31:0_32:0_33:0_34:0_35:0_36:0_37:0_38:0_39:0_40:0_41:0_42:0_43:0_44:0_45:0_46:0_47:0_48:0_49:0_50:0_51:0_52:0_53:0_54:0_55:0_56:0_57:0_58:0_59:0_60:0_61:0_62:0_63:0_64:0_65:0_66:0_67:0_68:0_69:0_70:0_71:0_72:0_73:0_74:0_75:0_76:0_77:0_78:0_79:0_80:0_81:0_82:0_83:0_84:0_85:0_86:0_87:0_88:0_89:0_90:0_91:0_92:0_93:0_94:0_95:0_96:0_97:0_98:0_99:0_100:0_101:0_102:0_103:0_104:0_105:0_106:0_107:0_108:0_109:0_110:0_111:0_112:0_113:0_114:0_115:0_116:0_117:0_118:0_119:0_120:0_121:0_122:0_123:0_124:0_125:0_126:0_127:0_128:0_129:0_130:0_131:0_132:0_133:0_134:0_135:0_136:0_137:0_138:0_139:0_140:0_141:0_142:0_143:0_144:0_145:0_146:0_147:0_148:0_149:0_150:0_151:0_152:0_153:0_154:0_155:0_156:0_157:0_158:0_159:0_160:0,0:1,0,0,1:0_2:0_3:0_4:0_5:0_6:0_7:0_8:0_9:0_10:0_11:0_12:0_13:0_14:0_15:0_16:0_17:0_18:0_19:0_20:0_21:0_22:0_23:0_24:0_25:0_26:0_27:0_28:0_29:0_30:0_31:0_32:0_33:0_34:0_35:0_36:0_37:0_38:0_39:0_40:0_41:0_42:0_43:0_44:0_45:0_46:0_47:0_48:0_49:0_50:0_51:0_52:0_53:0_54:0_55:0_56:0_57:0_58:0_59:0_60:0_61:0_62:0_63:0_64:0_65:0_66:0_67:0_68:0_69:0_70:0_71:0_72:0_73:0_74:0_75:0_76:0_77:0_78:0_79:0_80:0_81:0_82:0_83:0_84:0_85:0_86:0_87:0_88:0_89:0_90:0_91:0_92:0_93:0_94:0_95:0_96:0_97:0_98:0_99:0_100:0_101:0_102:0_103:0_104:0_105:0_106:0_107:0_108:0_109:0_110:0_111:0_112:0_113:0_114:0_115:0_116:0_117:0_118:0_119:0_120:0_121:0_122:0_123:0_124:0_125:0_126:0_127:0_128:0_129:0_130:0_131:0_132:0_133:0_134:0_135:0_136:0_137:0_138:0_139:0_140:0_141:0_142:0_143:0_144:0_145:0_146:0_147:0_148:0_149:0_150:0_151:0_152:0_153:0_154:0_155:0_156:0_157:0_158:0_159:0_160:0,0:1,0,0,0,0
1590010,,"42761010,42663010",1:0_2:0_3:0_4:0_5:0_6:0_7:0_8:0_9:0_10:0_11:0_12:0_13:0_14:0_15:0_16:0_17:0_18:0_19:0_20:0_21:0_22:0_23:0_24:0_25:0_26:0_27:0_28:0_29:0_30:0_31:0_32:0_33:0_34:0_35:0_36:0_37:0_38:0_39:0_40:0_41:0_42:0_43:0_44:0_45:0_46:0_47:0_48:0_49:0_50:0_51:0_52:0_53:0_54:0_55:0_56:0_57:0_58:0_59:0_60:0_61:0_62:0_63:0_64:0_65:0_66:0_67:0_68:0_69:0_70:0_71:0_72:0_73:0_74:0_75:0_76:0_77:0_78:0_79:0_80:0_81:0_82:0_83:0_84:0_85:0_86:0_87:0_88:0_89:0_90:0_91:0_92:0_93:0_94:0_95:0_96:0_97:0_98:0_99:0_100:0_101:0_102:0_103:0_104:0_105:0_106:0_107:0_108:0_109:0_110:0_111:0_112:0_113:0_114:0_115:0_116:0_117:0_118:0_119:0_120:0_121:0_122:0_123:0_124:0_125:0_126:0_127:0_128:0_129:0_130:0_131:0_132:0_133:0_134:0_135:0_136:0_137:0_138:0_139:0_140:0_141:0_142:0_143:0_144:0_145:0_146:0_147:0_148:0_149:0_150:0_151:0_152:0_153:0_154:0_155:0_156:0_157:0_158:0_159:0_160:0,0:1,0,0,1:0_2:0_3:0_4:0_5:0_6:0_7:0_8:0_9:0_10:0_11:0_12:0_13:0_14:0_15:0_16:0_17:0_18:0_19:0_20:0_21:0_22:0_23:0_24:0_25:0_26:0_27:0_28:0_29:0_30:0_31:0_32:0_33:0_34:0_35:0_36:0_37:0_38:0_39:0_40:0_41:0_42:0_43:0_44:0_45:0_46:0_47:0_48:0_49:0_50:0_51:0_52:0_53:0_54:0_55:0_56:0_57:0_58:0_59:0_60:0_61:0_62:0_63:0_64:0_65:0_66:0_67:0_68:0_69:0_70:0_71:0_72:0_73:0_74:0_75:0_76:0_77:0_78:0_79:0_80:0_81:0_82:0_83:0_84:0_85:0_86:0_87:0_88:0_89:0_90:0_91:0_92:0_93:0_94:0_95:0_96:0_97:0_98:0_99:0_100:0_101:0_102:0_103:0_104:0_105:0_106:0_107:0_108:0_109:0_110:0_111:0_112:0_113:0_114:0_115:0_116:0_117:0_118:0_119:0_120:0_121:0_122:0_123:0_124:0_125:0_126:0_127:0_128:0_129:0_130:0_131:0_132:0_133:0_134:0_135:0_136:0_137:0_138:0_139:0_140:0_141:0_142:0_143:0_144:0_145:0_146:0_147:0_148:0_149:0_150:0_151:0_152:0_153:0_154:0_155:0_156:0_157:0_158:0_159:0_160:0,0:1,0,0,0,0
1600020,,"42761010,42663010",1:0_2:0_3:0_4:0_5:0_6:0_7:0_8:0_9:0_10:0_11:0_12:0_13:0_14:0_15:0_16:0_17:0_18:0_19:0_20:0_21:0_22:0_23:0_24:0_25:0_26:0_27:0_28:0_29:0_30:0_31:0_32:0_33:0_34:0_35:0_36:0_37:0_38:0_39:0_40:0_41:0_42:0_43:0_44:0_45:0_46:0_47:0_48:0_49:0_50:0_51:0_52:0_53:0_54:0_55:0_56:0_57:0_58:0_59:0_60:0_61:0_62:0_63:0_64:0_65:0_66:0_67:0_68:0_69:0_70:0_71:0_72:0_73:0_74:0_75:0_76:0_77:0_78:0_79:0_80:0_81:0_82:0_83:0_84:0_85:0_86:0_87:0_88:0_89:0_90:0_91:0_92:0_93:0_94:0_95:0_96:0_97:0_98:0_99:0_100:0_101:0_102:0_103:0_104:0_105:0_106:0_107:0_108:0_109:0_110:0_111:0_112:0_113:0_114:0_115:0_116:0_117:0_118:0_119:0_120:0_121:0_122:0_123:0_124:0_125:0_126:0_127:0_128:0_129:0_130:0_131:0_132:0_133:0_134:0_135:0_136:0_137:0_138:0_139:0_140:0_141:0_142:0_143:0_144:0_145:0_146:0_147:0_148:0_149:0_150:0_151:0_152:0_153:0_154:0_155:0_156:0_157:0_158:0_159:0_160:0,0:1,0,0,1:0_2:0_3:0_4:0_5:0_6:0_7:0_8:0_9:0_10:0_11:0_12:0_13:0_14:0_15:0_16:0_17:0_18:0_19:0_20:0_21:0_22:0_23:0_24:0_25:0_26:0_27:0_28:0_29:0_30:0_31:0_32:0_33:0_34:0_35:0_36:0_37:0_38:0_39:0_40:0_41:0_42:0_43:0_44:0_45:0_46:0_47:0_48:0_49:0_50:0_51:0_52:0_53:0_54:0_55:0_56:0_57:0_58:0_59:0_60:0_61:0_62:0_63:0_64:0_65:0_66:0_67:0_68:0_69:0_70:0_71:0_72:0_73:0_74:0_75:0_76:0_77:0_78:0_79:0_80:0_81:0_82:0_83:0_84:0_85:0_86:0_87:0_88:0_89:0_90:0_91:0_92:0_93:0_94:0_95:0_96:0_97:0_98:0_99:0_100:0_101:0_102:0_103:0_104:0_105:0_106:0_107:0_108:0_109:0_110:0_111:0_112:0_113:0_114:0_115:0_116:0_117:0_118:0_119:0_120:0_121:0_122:0_123:0_124:0_125:0_126:0_127:0_128:0_129:0_130:0_131:0_132:0_133:0_134:0_135:0_136:0_137:0_138:0_139:0_140:0_141:0_142:0_143:0_144:0_145:0_146:0_147:0_148:0_149:0_150:0_151:0_152:0_153:0_154:0_155:0_156:0_157:0_158:0_159:0_160:0,0:1,0,0,0,0
1600010,,"42761010,42663010",1:0_2:0_3:0_4:0_5:0_6:0_7:0_8:0_9:0_10:0_11:0_12:0_13:0_14:0_15:0_16:0_17:0_18:0_19:0_20:0_21:0_22:0_23:0_24:0_25:0_26:0_27:0_28:0_29:0_30:0_31:0_32:0_33:0_34:0_35:0_36:0_37:0_38:0_39:0_40:0_41:0_42:0_43:0_44:0_45:0_46:0_47:0_48:0_49:0_50:0_51:0_52:0_53:0_54:0_55:0_56:0_57:0_58:0_59:0_60:0_61:0_62:0_63:0_64:0_65:0_66:0_67:0_68:0_69:0_70:0_71:0_72:0_73:0_74:0_75:0_76:0_77:0_78:0_79:0_80:0_81:0_82:0_83:0_84:0_85:0_86:0_87:0_88:0_89:0_90:0_91:0_92:0_93:0_94:0_95:0_96:0_97:0_98:0_99:0_100:0_101:0_102:0_103:0_104:0_105:0_106:0_107:0_108:0_109:0_110:0_111:0_112:0_113:0_114:0_115:0_116:0_117:0_118:0_119:0_120:0_121:0_122:0_123:0_124:0_125:0_126:0_127:0_128:0_129:0_130:0_131:0_132:0_133:0_134:0_135:0_136:0_137:0_138:0_139:0_140:0_141:0_142:0_143:0_144:0_145:0_146:0_147:0_148:0_149:0_150:0_151:0_152:0_153:0_154:0_155:0_156:0_157:0_158:0_159:0_160:0,0:1,0,0,1:0_2:0_3:0_4:0_5:0_6:0_7:0_8:0_9:0_10:0_11:0_12:0_13:0_14:0_15:0_16:0_17:0_18:0_19:0_20:0_21:0_22:0_23:0_24:0_25:0_26:0_27:0_28:0_29:0_30:0_31:0_32:0_33:0_34:0_35:0_36:0_37:0_38:0_39:0_40:0_41:0_42:0_43:0_44:0_45:0_46:0_47:0_48:0_49:0_50:0_51:0_52:0_53:0_54:0_55:0_56:0_57:0_58:0_59:0_60:0_61:0_62:0_63:0_64:0_65:0_66:0_67:0_68:0_69:0_70:0_71:0_72:0_73:0_74:0_75:0_76:0_77:0_78:0_79:0_80:0_81:0_82:0_83:0_84:0_85:0_86:0_87:0_88:0_89:0_90:0_91:0_92:0_93:0_94:0_95:0_96:0_97:0_98:0_99:0_100:0_101:0_102:0_103:0_104:0_105:0_106:0_107:0_108:0_109:0_110:0_111:0_112:0_113:0_114:0_115:0_116:0_117:0_118:0_119:0_120:0_121:0_122:0_123:0_124:0_125:0_126:0_127:0_128:0_129:0_130:0_131:0_132:0_133:0_134:0_135:0_136:0_137:0_138:0_139:0_140:0_141:0_142:0_143:0_144:0_145:0_146:0_147:0_148:0_149:0_150:0_151:0_152:0_153:0_154:0_155:0_156:0_157:0_158:0_159:0_160:0,0:1,0,0,0,0
